0,8.00,44.00,52.0,2.16,6.00,6.00,12.0,61.14,1,2.78,4309,0.86,3951,49,4,9.00,18.00,27.0,0.00,0.00,0.0,5.00,5060.00,34.2
1,0.00,264.00,264.0,1.65,0.00,0.00,0.0,61.14,0,2.78,4309,0.86,3951,49,4,0.00,0.00,0.0,0.00,0.00,0.0,0.00,4931.00,34.2
2,0.00,232.00,232.0,1.52,0.00,0.00,0.0,61.14,0,2.56,4309,0.86,3951,49,4,0.00,0.00,0.0,0.00,0.00,0.0,1.00,5277.00,34.2
3,0.00,24.00,24.0,1.65,4.00,12.00,16.0,61.14,1,2.56,4309,0.86,3951,49,4,0.00,0.00,0.0,4.00,4.00,8.0,0.00,5059.00,34.2
4,0.00,0.00,0.0,1.52,0.00,0.00,0.0,61.14,1,2.56,4309,0.86,3951,49,4,0.00,0.00,0.0,0.00,0.00,0.0,0.00,5049.00,34.1
5,0.00,48.00,48.0,1.54,0.00,0.00,0.0,61.14,0,2.56,4309,0.86,3951,49,4,0.00,0.00,0.0,0.00,0.00,0.0,0.00,5080.00,34.1
6,0.00,396.00,396.0,2.78,0.00,0.00,0.0,61.14,1,2.56,4309,0.86,3951,49,4,0.00,0.00,0.0,0.00,0.00,0.0,1.00,5281.00,34.3
7,0.00,1332.00,1332.0,2.16,0.00,0.00,0.0,61.15,1,2.35,4309,0.86,3951,49,4,0.00,0.00,0.0,0.00,0.00,0.0,1.00,5353.00,34.3
8,0.00,44.00,44.0,1.4,0.00,0.00,0.0,61.15,0,2.35,4309,0.86,3951,49,4,0.00,0.00,0.0,0.00,0.00,0.0,0.00,5017.00,34.4
9,0.00,552.00,552.0,1.27,0.00,0.00,0.0,61.15,2,2.35,4312,0.86,3951,49,4,0.00,0.00,0.0,0.00,0.00,0.0,3.00,5176.00,34.5
10,0.00,52.00,52.0,44.15,0.00,65.00,65.0,61.33,9,2.35,4309,0.86,3964,49,4,0.00,0.00,0.0,0.00,0.00,0.0,0.00,10154.00,80.9
11,0.00,28.00,28.0,89.92,0.00,60.00,60.0,61.52,9,2.35,4319,0.86,4008,49,4,0.00,0.00,0.0,0.00,0.00,0.0,10.00,20860.00,86.4
12,0.00,500.00,500.0,84.42,0.00,121.00,121.0,61.64,17,2.64,4329,0.86,4029,49,4,0.00,0.00,0.0,0.00,0.00,0.0,11.00,27798.00,86.3
13,0.00,28.00,28.0,88.07,0.00,209.00,209.0,61.58,20,2.64,4336,0.86,4029,49,4,0.00,0.00,0.0,0.00,0.00,0.0,7.00,31719.00,86.6
14,0.00,344.00,344.0,95.74,0.00,182.00,182.0,61.67,13,2.64,4336,0.86,4047,49,4,0.00,0.00,0.0,0.00,0.00,0.0,20.00,24199.00,86.8
15,0.00,196.00,196.0,94.33,1.00,183.00,184.0,61.76,7,2.64,4350,0.86,4052,49,4,0.00,0.00,0.0,0.00,0.00,0.0,14.00,21886.00,86.6
16,0.00,900.00,900.0,57.76,0.00,209.00,209.0,61.93,2,2.64,4361,0.86,4072,49,4,0.00,0.00,0.0,0.00,0.00,0.0,12.00,23191.00,66.2
17,0.00,1200.00,1200.0,24.78,0.00,13.00,13.0,61.95,12,2.75,4361,0.86,4076,49,4,0.00,0.00,0.0,0.00,0.00,0.0,1.00,8234.00,66.2
18,0.00,800.00,800.0,88.79,1.00,163.00,164.0,61.98,9,2.75,4365,0.86,4101,49,4,0.00,0.00,0.0,0.00,0.00,0.0,4.00,23259.00,88.2
19,0.00,28.00,28.0,84.2,0.00,271.00,271.0,62.1,12,2.75,4381,0.86,4157,49,4,0.00,0.00,0.0,0.00,0.00,0.0,16.00,33148.00,88.1
20,0.00,480.00,480.0,84.74,0.00,253.00,253.0,62.16,14,2.75,4383,0.86,4178,49,4,0.00,0.00,0.0,0.00,0.00,0.0,2.00,28888.00,88.2
21,0.00,24.00,24.0,93.49,1.00,101.00,102.0,62.2,12,2.75,4388,0.86,4192,49,4,0.00,0.00,0.0,0.00,0.00,0.0,6.00,18608.00,88.4
22,0.00,150.50,150.5,93.49,0.00,0.00,0.0,62.26,21,4.3,4391,0.86,4214,49,4,0.00,0.00,0.0,0.00,0.00,0.0,4.00,34310.00,88.3
23,0.00,248.00,248.0,94.6,3.96,11.88,15.84,62.14,25,4.3,4392,0.86,4223,49,4,0.00,0.00,0.0,4.00,4.00,8.0,1.00,44064.00,88.2
24,0.00,552.00,552.0,95.11,0.00,161.00,161.0,62.21,17,4.3,4394,0.86,4209,49,4,0.00,0.00,0.0,0.00,0.00,0.0,2.00,31208.00,88.0
25,0.00,48.00,48.0,86.7,9.00,169.00,178.0,62.38,12,4.3,4404,0.86,4249,50,4,9.00,11.00,20.0,0.00,0.00,0.0,10.00,29144.00,87.6
26,0.00,320.00,320.0,92.2,1.00,233.00,234.0,62.44,17,4.3,4409,0.86,4280,50,4,0.00,0.00,0.0,0.00,0.00,0.0,6.00,27200.00,87.6
27,0.00,104.00,104.0,85.93,3.00,224.00,227.0,62.56,14,4.91,4409,0.86,4286,49,4,3.00,3.00,6.0,0.00,0.00,0.0,3.00,34775.00,87.8
28,0.00,56.00,56.0,92.88,0.00,464.00,464.0,62.51,20,4.91,4413,0.86,4297,49,4,0.00,0.00,0.0,0.00,0.00,0.0,5.00,31139.00,81.4
29,0.00,1224.00,1224.0,83.61,0.00,387.00,387.0,62.57,7,4.91,4433,0.86,4350,49,4,0.00,0.00,0.0,0.00,0.00,0.0,20.00,32939.00,86.9
30,0.00,956.00,956.0,41.31,0.00,60.00,60.0,62.58,3,4.91,4432,0.86,4341,49,4,0.00,0.00,0.0,0.00,0.00,0.0,0.00,15534.00,73.2
31,0.00,1208.00,1208.0,67.79,0.00,87.00,87.0,62.55,5,4.91,4432,0.86,4333,49,4,0.00,0.00,0.0,0.00,0.00,0.0,1.00,13550.00,84.4
32,0.00,16268.00,16268.0,93.61,1.00,486.00,487.0,62.66,19,6.52,4432,0.86,4335,49,4,0.00,0.00,0.0,0.00,0.00,0.0,2.00,30016.00,84.3
33,0.00,236.00,236.0,94.12,4.00,636.00,640.0,62.72,18,6.52,4434,0.86,4350,49,4,0.00,0.00,0.0,4.00,4.00,8.0,3.00,39097.00,84.6
34,0.00,1168.00,1168.0,95.24,0.00,270.00,270.0,62.73,19,6.52,4443,0.86,4397,49,4,0.00,0.00,0.0,0.00,0.00,0.0,9.00,27388.00,84.9
35,0.00,460.00,460.0,92.03,0.00,254.00,254.0,62.79,8,6.52,4446,0.86,4408,49,4,0.00,0.00,0.0,0.00,0.00,0.0,4.00,32972.00,84.7
36,0.00,460.00,460.0,77.74,0.00,338.00,338.0,62.84,17,6.52,4454,0.86,4446,49,4,0.00,0.00,0.0,0.00,0.00,0.0,12.00,36675.00,89.8
37,0.00,908.00,908.0,64.79,4.00,4.00,8.0,62.94,1,6.32,4452,0.86,4423,50,5,0.00,4.00,4.0,1.00,1.00,2.0,1.00,9798.00,66.8
38,0.00,48.00,48.0,4.3,2.00,2.00,4.0,62.94,0,6.32,4452,0.86,4423,50,5,0.00,2.00,2.0,0.00,0.00,0.0,0.00,4961.00,35.5
39,0.00,1004.00,1004.0,1.27,2.00,3.00,5.0,62.93,0,6.32,4452,0.86,4423,50,5,0.00,2.00,2.0,0.00,0.00,0.0,9.00,5539.00,35.5
40,0.00,180.00,180.0,1.65,2.00,14.00,16.0,62.93,0,6.32,4452,0.86,4423,50,5,0.00,2.00,2.0,0.00,0.00,0.0,0.00,4870.00,35.3
41,0.00,152.00,152.0,7.1,1.00,71.00,72.0,62.9,5,6.32,4452,0.86,4431,50,4,0.00,1.00,1.0,0.00,0.00,0.0,0.00,6490.00,42.2
42,0.00,1236.00,1236.0,8.5,1.00,164.00,165.0,62.91,0,5.81,4453,0.86,4431,50,4,0.00,1.00,1.0,0.00,0.00,0.0,2.00,7806.00,35.9
43,0.00,2448.00,2448.0,3.41,6.00,103.00,109.0,62.91,1,5.81,4453,0.86,4431,50,4,0.00,2.00,2.0,4.00,4.00,8.0,0.00,5931.00,35.9
44,0.00,0.00,0.0,13.05,25.00,300.00,325.0,62.92,5,5.81,4452,0.86,4427,50,4,22.00,3.00,25.0,0.00,0.00,0.0,0.00,11717.00,46.9
45,0.00,52.00,52.0,3.18,2.00,160.00,162.0,62.92,0,5.81,4452,0.86,4427,50,4,1.00,2.00,3.0,0.00,0.00,0.0,0.00,5266.00,34.9
46,0.00,476.00,476.0,2.66,4.00,103.00,107.0,62.88,1,5.81,4451,0.86,4417,50,4,0.00,2.00,2.0,0.00,0.00,0.0,1.00,5919.00,35.0
47,0.00,100.00,100.0,9.26,23.00,264.00,287.0,62.89,2,5.51,4451,0.86,4417,50,4,18.00,2.00,20.0,0.00,0.00,0.0,1.00,9715.00,41.6
48,0.00,3188.00,3188.0,3.16,2.00,115.00,117.0,62.89,2,5.51,4451,0.86,4417,50,4,2.00,2.00,4.0,0.00,0.00,0.0,0.00,5710.00,41.0
49,0.00,708.00,708.0,2.79,2.00,135.00,137.0,62.9,2,5.51,4467,0.86,4415,49,4,0.00,1.00,1.0,0.00,0.00,0.0,16.00,6268.00,41.2
50,0.00,824.00,824.0,14.14,21.00,291.00,312.0,62.9,0,5.51,4467,0.86,4416,49,4,20.00,0.00,20.0,0.00,0.00,0.0,0.00,9121.00,41.7
51,0.00,232.00,232.0,2.79,0.00,123.00,123.0,62.91,0,5.51,4467,0.86,4416,49,4,0.00,0.00,0.0,0.00,0.00,0.0,0.00,5628.00,35.8
52,0.00,208.00,208.0,9.64,0.00,204.00,204.0,62.91,7,5.07,4467,0.86,4416,49,4,0.00,0.00,0.0,0.00,0.00,0.0,1.00,10875.00,56.3
53,0.00,2832.00,2832.0,86.58,24.00,1081.00,1105.0,62.97,19,5.07,4468,0.86,4428,49,4,20.00,0.00,20.0,4.00,4.00,8.0,1.00,56615.00,87.0
54,0.00,848.00,848.0,72.5,0.00,675.00,675.0,63.01,4,5.07,4470,0.86,4446,49,4,0.00,0.00,0.0,0.00,0.00,0.0,2.00,38071.00,80.9
55,0.00,1304.00,1304.0,59.54,0.00,27.00,27.0,63.09,17,5.07,4471,0.86,4455,49,4,0.00,0.00,0.0,0.00,0.00,0.0,1.00,11029.00,87.5
56,0.00,936.00,936.0,91.82,0.00,330.00,330.0,63.08,27,5.07,4473,0.86,4483,49,4,0.00,0.00,0.0,0.00,0.00,0.0,3.00,26709.00,87.6
57,0.00,104.00,104.0,94.74,0.00,350.00,350.0,63.14,22,7.46,4473,0.86,4507,49,4,0.00,0.00,0.0,0.00,0.00,0.0,1.00,42709.00,87.7
58,0.00,1928.00,1928.0,93.59,0.00,439.00,439.0,63.19,13,7.46,4475,0.86,4523,49,4,0.00,0.00,0.0,0.00,0.00,0.0,2.00,24927.00,88.0
59,0.00,800.00,800.0,91.71,0.00,0.00,0.0,63.34,24,7.46,4479,0.86,4581,49,4,0.00,0.00,0.0,0.00,0.00,0.0,4.00,27211.00,87.9
60,0.00,300.00,300.0,89.39,0.00,54.00,54.0,63.36,24,7.46,4484,0.86,4593,49,4,0.00,0.00,0.0,0.00,0.00,0.0,5.00,68573.00,87.9
61,0.00,300.00,300.0,92.61,0.00,262.00,262.0,63.42,28,7.46,4490,0.86,4599,49,4,0.00,0.00,0.0,0.00,0.00,0.0,6.00,53349.00,87.9
62,0.00,704.00,704.0,90.36,0.00,169.00,169.0,63.46,23,8.31,4490,0.86,4565,49,4,0.00,0.00,0.0,0.00,0.00,0.0,1.00,75927.00,87.8
63,0.00,16736.00,16736.0,92.56,0.00,576.00,576.0,63.46,13,8.31,4490,0.86,4554,49,4,0.00,0.00,0.0,0.00,0.00,0.0,1.00,29752.00,87.9
64,0.00,8.00,8.0,90.63,0.00,723.00,723.0,63.5,35,8.31,4490,0.86,4571,49,4,0.00,0.00,0.0,0.00,0.00,0.0,1.00,43540.00,87.9
65,0.00,60.00,60.0,88.53,0.00,773.00,773.0,63.48,22,8.31,4490,0.86,4568,49,4,0.00,0.00,0.0,0.00,0.00,0.0,0.00,45312.00,87.8
66,0.00,856.00,856.0,89.97,0.00,252.00,252.0,63.51,28,8.31,4491,0.86,4562,49,4,0.00,0.00,0.0,0.00,0.00,0.0,2.00,74924.00,87.8
67,0.00,112.00,112.0,87.92,0.00,192.00,192.0,63.56,26,9.96,4492,0.86,4596,49,4,0.00,0.00,0.0,0.00,0.00,0.0,2.00,60419.00,87.8
68,0.00,1452.00,1452.0,88.62,0.00,0.00,0.0,63.55,38,9.96,4491,0.86,4581,49,4,0.00,0.00,0.0,0.00,0.00,0.0,0.00,91738.00,87.7
69,0.00,3072.00,3072.0,88.36,0.00,56.00,56.0,63.58,47,9.96,4495,0.86,4596,49,4,0.00,0.00,0.0,0.00,0.00,0.0,8.00,78697.00,87.6
70,0.00,352.00,352.0,89.49,0.00,48.00,48.0,63.61,24,9.96,4494,0.86,4565,49,4,0.00,0.00,0.0,0.00,0.00,0.0,2.00,76648.00,87.7
71,0.00,292.00,292.0,89.49,0.00,108.00,108.0,63.64,40,9.96,4494,0.86,4555,49,4,0.00,0.00,0.0,0.00,0.00,0.0,0.00,86406.00,81.2
72,0.00,772.00,772.0,94.49,0.00,349.00,349.0,63.66,24,10.61,4494,0.86,4505,49,4,0.00,0.00,0.0,0.00,0.00,0.0,1.00,41335.00,87.0
73,0.00,1112.00,1112.0,92.12,5.00,338.00,343.0,63.67,29,10.61,4495,0.86,4533,49,4,0.00,0.00,0.0,4.00,4.00,8.0,1.00,62618.00,86.8
74,0.00,556.00,556.0,91.85,0.00,360.00,360.0,63.7,16,10.61,4495,0.86,4529,49,4,0.00,0.00,0.0,0.00,0.00,0.0,20.00,53375.00,86.7
75,0.00,352.00,352.0,93.01,0.00,477.00,477.0,63.71,33,10.61,4495,0.86,4535,49,4,0.00,0.00,0.0,0.00,0.00,0.0,1.00,48170.00,86.4
76,0.00,908.00,908.0,92.86,0.00,505.00,505.0,63.77,27,10.61,4498,0.86,4532,49,4,0.00,0.00,0.0,0.00,0.00,0.0,4.00,47838.00,86.3
77,0.00,988.00,988.0,93.0,8.00,498.00,506.0,63.83,42,13.92,4500,0.86,4548,50,4,7.00,7.00,14.0,0.00,0.00,0.0,4.00,55324.00,86.1
78,0.00,644.00,644.0,92.12,3.00,482.00,485.0,63.89,47,13.92,4500,0.86,4540,50,4,3.00,5.00,8.0,0.00,0.00,0.0,0.00,53917.00,86.0
79,0.00,816.00,816.0,91.99,3.00,482.00,485.0,63.93,73,13.92,4500,0.86,4559,49,4,3.00,3.00,6.0,0.00,0.00,0.0,2.00,50406.00,85.8
80,0.00,856.00,856.0,92.76,1.00,412.00,413.0,63.95,63,13.92,4499,0.86,4539,49,4,0.00,0.00,0.0,0.00,0.00,0.0,1.00,56172.00,85.7
81,0.00,584.00,584.0,93.62,0.00,569.00,569.0,63.99,58,13.92,4500,0.86,4536,49,4,0.00,0.00,0.0,0.00,0.00,0.0,2.00,47085.00,85.5
82,0.00,572.00,572.0,94.5,0.99,633.66,634.65,64.01,45,16.09,4501,0.86,4541,50,5,0.00,1.00,1.0,1.00,1.00,2.0,2.00,43408.00,85.4
83,0.00,5136.00,5136.0,94.62,5.00,590.00,595.0,64.03,39,16.09,4501,0.86,4540,50,5,0.00,1.00,1.0,4.00,4.00,8.0,0.00,37467.00,85.3
84,0.00,1192.00,1192.0,94.37,0.00,613.00,613.0,64.07,32,16.09,4500,0.86,4530,50,5,0.00,0.00,0.0,0.00,0.00,0.0,0.00,39982.00,85.3
85,0.00,328.00,328.0,94.5,0.00,511.00,511.0,64.08,17,16.09,4499,0.86,4524,50,5,0.00,0.00,0.0,0.00,0.00,0.0,0.00,33121.00,85.4
86,0.00,364.00,364.0,62.62,1.00,264.00,265.0,64.08,0,16.09,4496,0.86,4528,50,4,0.00,0.00,0.0,0.00,0.00,0.0,5.00,17845.00,57.1
87,0.00,212.00,212.0,2.17,0.00,120.00,120.0,64.06,2,14.8,4495,0.86,4528,50,4,0.00,0.00,0.0,0.00,0.00,0.0,1.00,5655.00,39.7
88,0.00,174.26,174.26,3.05,0.00,103.00,103.0,64.04,0,14.8,4495,0.86,4527,50,4,0.00,0.00,0.0,0.00,0.00,0.0,0.00,5891.00,39.7
89,0.00,5568.00,5568.0,13.13,21.00,340.00,361.0,64.0,1,14.8,4493,0.86,4512,50,4,20.00,0.00,20.0,0.00,0.00,0.0,0.00,10187.00,44.9
90,0.00,144.00,144.0,3.91,4.00,131.00,135.0,64.0,1,14.8,4493,0.86,4512,50,4,0.00,3.00,3.0,0.00,0.00,0.0,0.00,5136.00,35.5
91,0.00,144.00,144.0,3.68,0.00,122.00,122.0,64.01,0,14.8,4493,0.86,4512,50,4,0.00,0.00,0.0,0.00,0.00,0.0,0.00,5560.00,35.8
92,0.00,208.00,208.0,11.34,20.00,254.00,274.0,64.02,0,13.7,4491,0.86,4506,50,4,20.00,0.00,20.0,0.00,0.00,0.0,1.00,8409.00,45.1
93,0.00,28.00,28.0,2.92,7.00,132.00,139.0,64.02,0,13.7,4491,0.86,4506,50,4,0.00,3.00,3.0,4.00,4.00,8.0,0.00,5787.00,35.8
94,0.00,32900.00,32900.0,3.16,7.00,171.00,178.0,64.02,1,13.7,4491,0.86,4506,50,4,5.00,3.00,8.0,0.00,0.00,0.0,0.00,6338.00,35.8
95,0.00,60.00,60.0,4.57,17.00,233.00,250.0,64.02,1,13.7,4489,0.86,4498,50,4,16.00,1.00,17.0,0.00,0.00,0.0,0.00,6805.00,35.8
96,0.00,76.00,76.0,2.41,5.00,139.00,144.0,64.02,1,13.7,4489,0.86,4497,50,4,3.00,3.00,6.0,0.00,0.00,0.0,1.00,5278.00,35.7
97,0.00,568.00,568.0,23.08,11.00,524.00,535.0,64.03,1,13.08,4490,0.86,4495,50,4,9.00,2.00,11.0,0.00,0.00,0.0,2.00,25371.00,67.7
98,0.00,288.00,288.0,82.91,14.00,1344.00,1358.0,64.06,31,13.08,4492,0.86,4496,50,4,12.00,2.00,14.0,0.00,0.00,0.0,2.00,71856.00,82.2
99,0.00,3764.00,3764.0,89.61,1.00,686.00,687.0,64.07,32,13.08,4498,0.86,4516,50,4,0.00,1.00,1.0,0.00,0.00,0.0,6.00,72830.00,82.6
100,0.00,168.00,168.0,91.24,1.00,578.00,579.0,64.14,44,13.08,4498,0.86,4515,50,4,0.00,1.00,1.0,0.00,0.00,0.0,0.00,74252.00,82.9
101,0.00,44.00,44.0,91.01,2.00,544.00,546.0,64.13,38,13.08,4498,0.86,4525,50,4,0.00,2.00,2.0,0.00,0.00,0.0,0.00,73197.00,83.1
102,0.00,124.00,124.0,89.99,2.00,432.00,434.0,64.29,48,15.56,4498,0.86,4525,50,4,0.00,2.00,2.0,0.00,0.00,0.0,1.00,75568.00,83.3
103,0.00,644.00,644.0,92.0,2.00,698.00,700.0,64.34,32,15.56,4497,0.86,4510,50,4,0.00,1.00,1.0,0.00,0.00,0.0,0.00,66953.00,83.5
104,0.00,2320.00,2320.0,91.88,0.00,754.00,754.0,64.36,43,15.56,4498,0.86,4517,50,4,0.00,0.00,0.0,0.00,0.00,0.0,2.00,77192.00,83.8
105,0.00,64.00,64.0,88.38,0.00,284.00,284.0,64.38,38,15.56,4498,0.86,4535,50,4,0.00,0.00,0.0,0.00,0.00,0.0,0.00,97993.00,84.1
106,0.00,572.00,572.0,85.66,2.00,199.00,201.0,64.33,25,15.56,4498,0.86,4567,50,4,0.00,0.00,0.0,0.00,0.00,0.0,1.00,117024.00,84.3
107,0.00,96.00,96.0,85.73,0.00,295.00,295.0,64.36,35,16.15,4497,0.86,4549,50,4,0.00,0.00,0.0,0.00,0.00,0.0,1.00,111597.00,84.5
108,0.00,1224.00,1224.0,87.38,0.00,221.00,221.0,64.35,34,16.15,4498,0.86,4544,50,4,0.00,0.00,0.0,0.00,0.00,0.0,1.00,103163.00,84.6
109,0.00,4912.00,4912.0,88.4,1.00,364.00,365.0,64.38,43,16.15,4497,0.86,4526,50,4,0.00,0.00,0.0,0.00,0.00,0.0,1.00,87023.00,84.6
110,0.00,1228.00,1228.0,91.23,0.00,606.00,606.0,64.4,37,16.15,4499,0.86,4524,50,4,0.00,0.00,0.0,0.00,0.00,0.0,2.00,72922.00,84.6
111,0.00,44.00,44.0,91.12,0.00,501.00,501.0,64.42,41,16.15,4501,0.86,4536,50,4,0.00,0.00,0.0,0.00,0.00,0.0,2.00,76965.00,90.2
112,0.00,1024.00,1024.0,91.38,0.00,570.00,570.0,64.46,59,17.42,4502,0.86,4526,50,4,0.00,0.00,0.0,0.00,0.00,0.0,1.98,68096.04,89.8
113,0.00,88.00,88.0,91.75,5.00,693.00,698.0,64.49,55,17.42,4501,0.86,4525,49,4,0.00,1.00,1.0,4.00,4.00,8.0,0.00,68898.00,89.5
114,0.00,5404.00,5404.0,92.88,0.00,805.00,805.0,64.51,64,17.42,4499,0.86,4531,49,4,0.00,0.00,0.0,0.00,0.00,0.0,1.00,52067.00,82.6
115,0.00,1176.00,1176.0,91.11,0.00,573.00,573.0,64.52,58,17.42,4499,0.86,4525,49,4,0.00,0.00,0.0,0.00,0.00,0.0,0.00,63799.00,82.9
116,0.00,288.00,288.0,91.64,2.00,762.00,764.0,64.55,56,17.42,4500,0.86,4526,50,5,0.00,2.00,2.0,1.00,1.00,2.0,2.00,59929.00,83.2
117,0.00,420.00,420.0,94.74,0.00,752.00,752.0,64.59,43,19.47,4499,0.86,4517,50,5,0.00,0.00,0.0,0.00,0.00,0.0,1.00,45629.00,83.3
118,0.00,836.00,836.0,94.01,4.00,675.00,679.0,64.61,22,19.47,4499,0.86,4515,50,5,2.00,2.00,4.0,0.00,0.00,0.0,1.00,43761.00,83.7
119,0.00,304.00,304.0,82.29,0.00,234.00,234.0,64.58,3,19.47,4498,0.86,4516,50,5,0.00,0.00,0.0,0.00,0.00,0.0,0.00,22949.00,76.4
120,0.00,48.00,48.0,8.84,0.00,12.00,12.0,64.58,0,19.47,4496,0.86,4514,50,4,0.00,0.00,0.0,0.00,0.00,0.0,0.00,4983.00,40.0
121,0.00,32.00,32.0,3.3,0.00,145.00,145.0,64.58,1,19.47,4494,0.86,4512,50,4,0.00,0.00,0.0,0.00,0.00,0.0,0.00,5006.00,39.3
122,0.00,472.00,472.0,2.4,0.00,87.00,87.0,64.57,0,17.91,4494,0.86,4512,50,4,0.00,0.00,0.0,0.00,0.00,0.0,1.00,5660.00,38.9
123,0.00,32.00,32.0,6.07,6.00,192.00,198.0,64.56,5,17.91,4494,0.86,4508,50,4,2.00,0.00,2.0,4.00,4.00,8.0,0.00,8075.00,45.2
124,0.00,0.00,0.0,11.79,18.00,260.00,278.0,64.57,0,17.91,4491,0.86,4495,50,4,18.00,0.00,18.0,0.00,0.00,0.0,0.00,8421.00,38.7
125,0.00,32.00,32.0,2.29,0.00,110.00,110.0,64.57,0,17.91,4491,0.86,4495,50,4,0.00,0.00,0.0,0.00,0.00,0.0,0.00,5507.00,38.1
126,0.00,368.00,368.0,6.07,4.00,183.00,187.0,64.57,1,17.91,4490,0.86,4493,50,4,4.00,0.00,4.0,0.00,0.00,0.0,1.00,7541.00,38.6
127,0.00,116.00,116.0,4.2,16.00,220.00,236.0,64.57,0,16.48,4490,0.86,4493,50,4,16.00,0.00,16.0,0.00,0.00,0.0,1.00,6372.00,38.1
128,0.00,180.00,180.0,2.41,0.00,101.00,101.0,64.57,0,16.48,4489,0.86,4491,50,4,0.00,1.00,1.0,0.00,0.00,0.0,0.00,5225.00,37.8
129,0.00,44432.00,44432.0,6.41,5.00,218.00,223.0,64.57,2,16.48,4489,0.86,4490,50,4,4.00,1.00,5.0,0.00,0.00,0.0,0.00,9255.00,44.6
130,0.00,64.00,64.0,13.53,4.00,376.00,380.0,64.58,1,16.48,4492,0.86,4498,50,4,4.00,0.00,4.0,0.00,0.00,0.0,6.00,21336.00,54.6
131,0.00,36.00,36.0,43.12,0.00,319.00,319.0,64.64,2,16.48,4497,0.86,4514,50,4,0.00,0.00,0.0,0.00,0.00,0.0,5.00,33713.00,66.7
132,0.00,692.00,692.0,64.2,6.00,625.00,631.0,64.65,19,16.52,4498,0.86,4505,50,4,4.00,1.00,5.0,0.00,0.00,0.0,2.00,74914.00,84.4
133,0.00,48.00,48.0,88.17,21.00,1245.00,1266.0,64.65,30,16.52,4502,0.86,4521,51,4,21.00,11.00,32.0,0.00,0.00,0.0,4.00,81072.00,84.5
134,0.00,652.00,652.0,89.7,0.00,1009.00,1009.0,64.67,37,16.52,4505,0.86,4533,51,4,0.00,0.00,0.0,0.00,0.00,0.0,22.00,79055.00,84.6
135,0.00,3972.00,3972.0,87.75,4.00,749.00,753.0,64.69,41,16.52,4503,0.86,4527,50,4,3.00,3.00,6.0,0.00,0.00,0.0,2.00,91316.00,84.6
136,0.00,716.00,716.0,92.38,0.00,558.00,558.0,64.72,38,16.52,4506,0.86,4551,50,4,0.00,0.00,0.0,0.00,0.00,0.0,7.00,73383.00,84.8
137,0.00,536.00,536.0,90.49,0.00,455.00,455.0,64.76,39,17.52,4505,0.86,4542,50,4,0.00,0.00,0.0,0.00,0.00,0.0,1.00,76148.00,84.9
138,0.00,364.00,364.0,89.74,1.00,558.00,559.0,64.75,28,17.52,4506,0.86,4539,50,4,0.00,0.00,0.0,0.00,0.00,0.0,1.00,80590.00,84.9
139,0.00,300.00,300.0,87.62,2.00,663.00,665.0,64.78,18,17.52,4505,0.86,4553,50,4,0.00,2.00,2.0,0.00,0.00,0.0,0.00,105995.00,84.8
140,0.00,3280.00,3280.0,81.88,2.00,540.00,542.0,64.8,30,17.52,4502,0.86,4537,50,4,0.00,2.00,2.0,0.00,0.00,0.0,0.00,136517.00,84.8
141,0.00,236.00,236.0,85.95,4.00,394.00,398.0,64.82,31,17.52,4501,0.86,4549,50,4,2.00,2.00,4.0,0.00,0.00,0.0,0.00,124921.00,84.7
142,0.00,116.00,116.0,87.73,2.00,522.00,524.0,64.84,37,19.16,4503,0.86,4534,50,4,0.00,2.00,2.0,0.00,0.00,0.0,3.00,97925.00,84.6
143,0.00,284.00,284.0,90.62,6.00,532.00,538.0,64.96,40,19.16,4503,0.86,4528,50,4,0.00,2.00,2.0,4.00,4.00,8.0,1.00,81031.00,84.6
144,0.00,1032.00,1032.0,88.49,4.00,673.00,677.0,64.98,32,19.16,4504,0.86,4514,50,4,2.00,2.00,4.0,0.00,0.00,0.0,2.00,82036.00,84.6
145,0.00,11088.00,11088.0,91.14,2.00,946.00,948.0,64.98,40,19.16,4506,0.86,4521,50,4,0.00,2.00,2.0,0.00,0.00,0.0,2.00,71753.00,84.6
146,0.00,452.00,452.0,90.61,5.00,970.00,975.0,65.0,35,19.16,4504,0.86,4514,50,4,2.00,2.00,4.0,0.00,0.00,0.0,2.00,76685.00,84.6
147,0.00,164.00,164.0,91.26,1.00,819.00,820.0,65.02,38,20.67,4505,0.86,4517,50,4,0.00,1.00,1.0,0.00,0.00,0.0,2.00,70344.00,84.6
148,0.00,600.00,600.0,93.62,1.00,758.00,759.0,65.03,23,20.67,4504,0.86,4518,50,4,1.00,1.00,2.0,0.00,0.00,0.0,0.00,43181.00,84.6
149,0.00,820.00,820.0,94.37,4.00,681.00,685.0,65.07,16,20.67,4505,0.86,4521,50,4,4.00,0.00,4.0,0.00,0.00,0.0,1.00,39531.00,84.6
150,0.00,552.00,552.0,80.66,3.00,405.00,408.0,65.07,14,20.67,4507,0.86,4531,49,4,2.00,0.00,2.0,0.00,0.00,0.0,4.00,25398.00,84.1
151,0.00,4.00,4.0,33.97,7.00,346.00,353.0,65.02,1,20.67,4506,0.86,4532,50,5,6.00,1.00,7.0,1.00,1.00,2.0,0.00,28401.00,58.7
152,0.00,420.00,420.0,30.95,6.00,288.00,294.0,65.02,3,19.01,4507,0.86,4533,50,5,6.00,0.00,6.0,0.00,0.00,0.0,3.00,70775.00,58.7
153,0.00,12.00,12.0,14.65,12.00,221.00,233.0,65.02,1,19.01,4507,0.86,4531,50,5,8.00,0.00,8.0,4.00,4.00,8.0,1.00,27934.00,50.1
154,0.00,204.00,204.0,22.14,0.00,306.00,306.0,65.03,1,19.01,4508,0.86,4529,50,5,0.00,0.00,0.0,0.00,0.00,0.0,1.00,22816.00,50.5
155,0.00,104.00,104.0,10.38,1.00,191.00,192.0,65.03,0,19.01,4508,0.86,4538,50,4,0.00,0.00,0.0,0.00,0.00,0.0,0.00,11410.00,38.5
156,0.00,88.00,88.0,2.17,0.00,116.00,116.0,65.03,0,19.01,4508,0.86,4538,50,4,0.00,0.00,0.0,0.00,0.00,0.0,1.00,5443.00,38.0
157,0.00,384.00,384.0,3.66,5.00,156.00,161.0,65.02,0,17.49,4507,0.86,4538,50,4,2.00,0.00,2.0,0.00,0.00,0.0,1.00,6881.00,37.9
158,0.00,32.00,32.0,4.93,16.00,236.00,252.0,65.02,0,17.49,4507,0.86,4537,50,4,18.00,0.00,18.0,0.00,0.00,0.0,0.00,6696.00,37.9
159,0.00,44.00,44.0,1.91,0.00,104.00,104.0,65.02,0,17.49,4505,0.86,4529,50,4,0.00,0.00,0.0,0.00,0.00,0.0,0.00,5127.00,37.6
160,0.00,6212.00,6212.0,5.46,8.00,218.00,226.0,65.02,4,17.49,4500,0.86,4518,50,4,8.00,0.00,8.0,0.00,0.00,0.0,1.00,10432.00,45.8
161,0.00,28.00,28.0,33.38,15.00,779.00,794.0,65.03,13,17.49,4499,0.86,4510,50,4,12.00,3.00,15.0,0.00,0.00,0.0,2.00,39768.00,68.3
162,0.00,124.00,124.0,80.05,0.00,670.00,670.0,65.05,4,16.81,4502,0.86,4503,50,4,0.00,0.00,0.0,0.00,0.00,0.0,7.00,79835.00,76.5
163,0.00,648.00,648.0,60.25,16.00,1109.00,1125.0,65.06,25,16.81,4502,0.86,4511,50,4,12.00,0.00,12.0,4.00,4.00,8.0,1.00,99586.00,76.7
164,0.00,176.00,176.0,85.55,5.00,942.00,947.0,65.09,44,16.81,4502,0.86,4519,50,5,2.00,0.00,2.0,2.00,2.00,4.0,2.00,124851.00,84.1
165,0.00,49376.00,49376.0,86.16,1.00,831.00,832.0,65.11,33,16.81,4503,0.86,4507,50,5,0.00,0.00,0.0,0.00,0.00,0.0,1.00,108942.00,84.2
166,0.00,1280.00,1280.0,84.26,0.00,956.00,956.0,65.13,28,16.81,4505,0.86,4507,50,5,0.00,0.00,0.0,0.00,0.00,0.0,2.97,120546.53,84.3
167,0.00,96.00,96.0,86.77,3.00,1150.00,1153.0,65.16,37,17.39,4506,0.86,4507,50,5,2.00,0.00,2.0,0.00,0.00,0.0,4.00,108070.00,84.3
168,0.00,872.00,872.0,85.23,0.00,770.00,770.0,65.23,24,17.39,4509,0.86,4520,50,5,0.00,0.00,0.0,0.00,0.00,0.0,4.00,112840.00,84.4
169,0.00,1924.00,1924.0,85.45,2.00,697.00,699.0,65.3,36,17.39,4510,0.86,4529,50,4,0.00,0.00,0.0,2.00,2.00,4.0,2.00,125662.00,84.4
170,0.00,6560.00,6560.0,87.7,0.00,547.00,547.0,65.28,33,17.39,4510,0.86,4532,50,4,0.00,0.00,0.0,0.00,0.00,0.0,0.00,105451.00,84.5
171,0.00,496.00,496.0,88.0,4.00,680.00,684.0,65.31,19,17.39,4509,0.86,4523,50,4,0.00,1.00,1.0,2.00,0.00,2.0,0.00,93818.00,84.4
172,0.00,1000.00,1000.0,78.59,2.00,855.00,857.0,65.32,16,17.11,4509,0.86,4516,50,4,2.00,0.00,2.0,0.00,0.00,0.0,2.00,93764.00,84.1
173,0.00,76.00,76.0,81.25,2.00,1096.00,1098.0,65.48,20,17.11,4509,0.86,4521,50,4,2.00,0.00,2.0,0.00,0.00,0.0,2.00,97133.00,84.1
174,0.00,752.00,752.0,89.85,2.00,1143.00,1145.0,65.48,19,17.11,4508,0.86,4522,50,4,2.00,0.00,2.0,0.00,0.00,0.0,2.00,66749.00,84.2
175,0.00,332.00,332.0,72.87,2.00,880.00,882.0,65.52,3,17.11,4508,0.86,4526,50,4,2.00,0.00,2.0,0.00,0.00,0.0,0.00,49240.00,71.1
176,0.00,14748.00,14748.0,6.9,11.00,182.00,193.0,65.52,0,17.11,4506,0.86,4524,50,4,11.00,5.00,16.0,0.00,0.00,0.0,1.00,6347.00,34.6
177,0.00,40.00,40.0,3.31,4.00,140.00,144.0,65.51,0,15.74,4503,0.86,4523,50,4,4.00,0.00,4.0,0.00,0.00,0.0,1.00,6391.00,34.6
178,0.00,412.00,412.0,4.18,12.00,239.00,251.0,65.52,0,15.74,4501,0.86,4516,50,4,10.00,2.00,12.0,0.00,0.00,0.0,0.00,8199.00,43.1
179,0.00,52.00,52.0,2.91,7.00,148.00,155.0,65.46,0,15.74,4501,0.86,4516,50,4,6.00,1.00,7.0,0.00,0.00,0.0,0.00,5737.00,35.3
180,0.00,24.00,24.0,6.05,6.00,287.00,293.0,65.44,0,15.74,4502,0.86,4513,50,4,4.00,2.00,6.0,0.00,0.00,0.0,2.00,14549.00,41.1
181,0.00,1464.00,1464.0,18.03,14.00,507.00,521.0,65.44,2,15.74,4504,0.86,4524,50,4,12.00,2.00,14.0,0.00,0.00,0.0,4.00,42566.00,57.1
182,0.00,844.00,844.0,36.36,5.00,622.00,627.0,65.46,0,15.36,4505,0.86,4521,50,4,4.00,1.00,5.0,0.00,0.00,0.0,2.00,76315.00,66.5
183,0.00,44.00,44.0,46.55,8.00,733.00,741.0,65.47,0,15.36,4503,0.86,4525,50,4,2.00,2.00,4.0,4.00,4.00,8.0,0.00,76179.00,67.0
184,0.00,16.00,16.0,64.35,12.00,734.00,746.0,65.5,7,15.36,4505,0.86,4522,50,4,12.00,0.00,12.0,0.00,0.00,0.0,4.00,94922.00,79.0
185,0.00,552.00,552.0,59.42,1.00,829.00,830.0,65.5,5,15.36,4506,0.86,4526,50,4,0.00,0.00,0.0,0.00,0.00,0.0,2.00,97139.00,78.4
186,0.00,648.00,648.0,61.65,6.00,1072.00,1078.0,65.53,17,15.36,4508,0.86,4531,50,5,4.00,2.00,6.0,1.00,1.00,2.0,3.00,81010.00,78.7
187,0.00,352.00,352.0,78.75,18.00,1508.00,1526.0,65.55,22,15.57,4511,0.86,4520,51,5,17.00,12.00,29.0,0.00,0.00,0.0,4.00,122639.00,79.2
188,0.00,352.00,352.0,86.59,2.00,1016.00,1018.0,65.55,56,15.57,4511,0.86,4524,51,5,0.00,2.00,2.0,0.00,0.00,0.0,0.00,105302.00,84.9
189,0.00,824.00,824.0,82.65,3.00,851.00,854.0,65.52,26,15.57,4510,0.86,4528,50,5,3.00,3.00,6.0,0.00,0.00,0.0,5.00,117586.00,84.7
190,0.00,712.87,712.87,81.52,1.00,1019.00,1020.0,65.6,19,15.57,4510,0.86,4545,50,4,0.00,0.00,0.0,0.00,0.00,0.0,3.00,121285.00,84.6
191,0.00,7728.00,7728.0,83.59,2.00,519.00,521.0,65.75,15,15.57,4509,0.86,4549,50,4,0.00,2.00,2.0,0.00,0.00,0.0,1.00,133015.00,84.5
192,0.00,1012.00,1012.0,56.69,1.00,952.00,953.0,65.75,8,14.49,4508,0.86,4534,50,4,0.00,1.00,1.0,0.00,0.00,0.0,3.00,116019.00,71.1
193,0.00,560.00,560.0,67.64,11.00,1219.00,1230.0,65.77,18,14.49,4508,0.86,4527,49,4,4.00,1.00,5.0,4.00,4.00,8.0,0.00,101436.00,82.2
194,0.00,72.00,72.0,91.1,0.00,1132.00,1132.0,65.87,23,14.49,4514,0.86,4530,49,4,0.00,0.00,0.0,0.00,0.00,0.0,18.00,56156.00,82.5
195,0.00,620.00,620.0,68.6,4.00,657.00,661.0,65.84,2,14.49,4504,0.86,4530,49,4,4.00,0.00,4.0,0.00,0.00,0.0,1.00,36442.00,60.4
196,0.00,53564.00,53564.0,3.67,8.00,183.00,191.0,65.83,0,14.49,4502,0.86,4522,49,4,6.00,0.00,6.0,1.00,1.00,2.0,5.00,6364.00,41.1
197,0.00,772.00,772.0,2.79,2.00,146.00,148.0,65.77,0,13.49,4502,0.86,4517,49,4,2.00,0.00,2.0,0.00,0.00,0.0,2.00,6338.00,40.4
198,0.00,20.00,20.0,3.31,10.00,207.00,217.0,65.77,0,13.49,4502,0.86,4513,49,4,10.00,0.00,10.0,0.00,0.00,0.0,0.00,7461.00,40.3
199,0.00,52.00,52.0,8.01,8.00,167.00,175.0,65.8,0,13.49,4500,0.86,4505,49,4,8.00,0.00,8.0,0.00,0.00,0.0,0.00,6192.00,40.7
200,0.00,44.00,44.0,3.04,2.00,130.00,132.0,65.77,0,13.49,4499,0.86,4503,49,4,2.00,0.00,2.0,0.00,0.00,0.0,0.00,5616.00,40.2
201,0.00,4656.00,4656.0,5.19,12.00,295.00,307.0,65.77,0,13.49,4497,0.86,4496,49,4,12.00,0.00,12.0,0.00,0.00,0.0,1.00,13412.00,40.1
202,0.00,352.00,352.0,19.82,6.00,745.00,751.0,65.76,0,12.41,4502,0.86,4510,49,4,6.00,0.00,6.0,0.00,0.00,0.0,9.00,58615.00,57.8
203,0.00,36.00,36.0,59.23,2.00,827.00,829.0,65.89,15,12.41,4503,0.86,4506,49,4,2.00,0.00,2.0,0.00,0.00,0.0,1.00,89771.00,77.8
204,0.00,1192.00,1192.0,57.77,8.00,808.00,816.0,65.93,12,12.41,4503,0.86,4509,49,4,8.00,0.00,8.0,0.00,0.00,0.0,1.00,138267.00,77.4
205,0.00,332.00,332.0,40.72,5.00,1033.00,1038.0,65.9,9,12.41,4507,0.86,4527,49,4,4.00,0.00,4.0,0.00,0.00,0.0,4.00,108296.00,67.0
206,0.00,1188.00,1188.0,63.54,3.00,1346.00,1349.0,65.93,10,12.41,4510,0.86,4525,49,4,2.00,0.00,2.0,0.00,0.00,0.0,4.00,135857.00,80.0
207,0.00,472.00,472.0,81.61,8.00,1498.00,1506.0,65.9,17,12.13,4511,0.86,4520,49,4,8.00,0.00,8.0,0.00,0.00,0.0,4.00,122864.00,80.4
208,0.00,84.00,84.0,83.69,1.00,1208.00,1209.0,65.94,27,12.13,4511,0.86,4515,49,4,0.00,0.00,0.0,0.00,0.00,0.0,0.00,123809.00,80.9
209,0.00,1008.00,1008.0,78.25,0.00,1180.00,1180.0,65.97,10,12.13,4510,0.86,4514,49,4,0.00,0.00,0.0,0.00,0.00,0.0,0.00,131087.00,81.0
210,0.00,196.00,196.0,76.36,3.00,947.00,950.0,65.98,20,12.13,4511,0.86,4528,49,4,2.00,0.00,2.0,0.00,0.00,0.0,1.00,148303.00,81.3
211,0.00,72.00,72.0,74.94,4.00,863.00,867.0,66.06,9,12.13,4509,0.86,4508,49,4,4.00,0.00,4.0,0.00,0.00,0.0,0.00,118548.00,81.2
212,0.00,10068.00,10068.0,55.31,0.00,1044.00,1044.0,66.07,17,11.24,4505,0.86,4508,49,4,0.00,0.00,0.0,0.00,0.00,0.0,2.00,91083.00,74.1
213,0.00,276.00,276.0,46.8,8.00,1297.00,1305.0,66.07,8,11.24,4508,0.86,4519,49,4,4.00,0.00,4.0,4.00,4.00,8.0,3.00,72047.00,73.5
214,0.00,212.00,212.0,24.94,6.00,508.00,514.0,66.1,1,11.24,4508,0.86,4526,49,4,6.00,0.00,6.0,0.00,0.00,0.0,0.00,26574.00,46.0
215,0.00,52.00,52.0,2.91,0.00,120.00,120.0,66.09,1,11.24,4507,0.86,4526,49,4,0.00,0.00,0.0,0.00,0.00,0.0,0.00,5143.00,40.0
216,0.00,124.00,124.0,3.18,8.00,179.00,187.0,66.05,0,11.24,4507,0.86,4525,49,4,8.00,0.00,8.0,0.00,0.00,0.0,1.00,7223.00,39.7
217,0.00,12500.00,12500.0,4.68,12.00,240.00,252.0,66.05,0,10.34,4504,0.86,4509,49,4,12.00,0.00,12.0,0.00,0.00,0.0,1.00,7239.00,39.3
218,0.00,40.00,40.0,1.92,0.00,131.00,131.0,66.06,0,10.34,4502,0.86,4505,49,4,0.00,0.00,0.0,0.00,0.00,0.0,0.00,5703.00,39.0
219,0.00,56.00,56.0,10.69,12.00,594.00,606.0,66.04,5,10.34,4504,0.86,4506,49,4,11.00,1.00,12.0,0.00,0.00,0.0,2.00,30514.00,51.8
220,0.00,344.00,344.0,38.41,12.00,953.00,965.0,66.05,4,10.34,4504,0.86,4518,50,5,10.00,2.00,12.0,1.00,1.00,2.0,4.00,90260.00,61.8
221,0.00,28.00,28.0,38.31,6.00,624.00,630.0,66.09,9,10.34,4504,0.86,4522,50,5,4.00,2.00,6.0,0.00,0.00,0.0,2.00,113229.00,71.4
222,0.00,11180.00,11180.0,50.76,5.00,681.00,686.0,66.18,1,9.67,4506,0.86,4532,50,5,4.00,0.00,4.0,0.00,0.00,0.0,3.00,101179.00,61.5
223,0.00,540.00,540.0,30.81,4.00,887.00,891.0,66.19,12,9.67,4509,0.86,4530,50,5,0.00,0.00,0.0,4.00,4.00,8.0,4.00,87362.00,67.9
224,0.00,284.00,284.0,66.41,2.00,982.00,984.0,66.21,4,9.67,4512,0.86,4536,50,4,0.00,2.00,2.0,0.00,0.00,0.0,3.00,80725.00,75.6
225,0.00,384.00,384.0,31.33,3.00,460.00,463.0,66.22,1,9.67,4512,0.86,4536,50,4,0.00,1.00,1.0,0.00,0.00,0.0,0.00,41694.00,51.9
226,0.00,560.00,560.0,13.96,2.00,583.00,585.0,66.14,1,9.67,4512,0.86,4535,50,4,0.00,2.00,2.0,0.00,0.00,0.0,1.00,29410.00,44.6
227,4.00,12352.00,12356.0,29.69,16.00,1126.00,1142.0,66.15,17,9.46,4511,0.86,4533,50,4,14.00,2.00,16.0,0.00,0.00,0.0,1.00,72893.00,71.5
228,0.00,316.00,316.0,30.25,5.00,1064.00,1069.0,66.17,4,9.46,4510,0.86,4538,50,4,4.00,1.00,5.0,0.00,0.00,0.0,0.00,96406.00,55.9
229,0.00,1400.00,1400.0,72.47,0.00,622.00,622.0,66.19,14,9.46,4509,0.86,4519,50,4,0.00,0.00,0.0,0.00,0.00,0.0,0.00,168297.00,85.2
230,0.00,808.00,808.0,67.04,8.00,1054.00,1062.0,66.21,14,9.46,4508,0.86,4510,50,4,8.00,0.00,8.0,0.00,0.00,0.0,2.00,84945.00,84.5
231,0.00,868.00,868.0,86.57,5.00,927.00,932.0,66.25,26,9.46,4511,0.86,4512,50,4,4.00,1.00,5.0,0.00,0.00,0.0,2.00,111687.00,84.5
232,0.00,36664.00,36664.0,87.04,0.00,1272.00,1272.0,66.48,21,10.06,4512,0.86,4520,50,4,0.00,0.00,0.0,0.00,0.00,0.0,2.00,96817.00,84.3
233,0.00,64.00,64.0,58.84,4.00,748.00,752.0,66.44,1,10.06,4510,0.86,4532,50,4,4.00,0.00,4.0,0.00,0.00,0.0,1.00,95160.00,63.5
234,0.00,20.00,20.0,17.37,6.00,487.00,493.0,66.44,5,10.06,4511,0.86,4536,50,4,4.00,2.00,6.0,0.00,0.00,0.0,2.00,52514.00,63.8
235,0.00,96.00,96.0,34.26,4.00,756.00,760.0,66.46,2,10.06,4511,0.86,4532,50,4,2.00,2.00,4.0,0.00,0.00,0.0,0.00,38236.00,56.5
236,0.00,872.00,872.0,20.43,10.00,518.00,528.0,66.28,3,10.06,4511,0.86,4532,50,4,10.00,0.00,10.0,0.00,0.00,0.0,2.00,26033.00,56.7
237,0.00,14904.00,14904.0,37.06,4.00,873.00,877.0,66.38,17,9.5,4510,0.86,4528,50,4,3.96,0.00,3.96,0.00,0.00,0.0,1.00,70130.00,71.5
238,0.00,76.00,76.0,48.16,5.00,901.00,906.0,66.41,5,9.5,4510,0.86,4535,50,4,4.00,1.00,5.0,0.00,0.00,0.0,1.00,107070.00,71.2
239,0.00,844.00,844.0,42.25,10.00,866.00,876.0,66.43,1,9.5,4509,0.86,4536,50,4,9.00,2.00,11.0,0.00,0.00,0.0,0.00,148298.00,70.7
240,0.00,568.00,568.0,36.21,11.00,878.00,889.0,66.39,10,9.5,4513,0.86,4544,51,4,11.00,11.00,22.0,0.00,0.00,0.0,4.00,107046.00,70.9
241,0.00,92.00,92.0,36.16,2.00,1121.00,1123.0,66.41,2,9.5,4513,0.86,4542,51,4,2.00,0.00,2.0,0.00,0.00,0.0,0.00,71276.00,54.3
242,0.00,6624.00,6624.0,18.19,12.00,574.00,586.0,66.42,1,9.06,4512,0.86,4542,50,4,11.00,4.00,15.0,0.00,0.00,0.0,2.00,43302.00,44.5
243,0.00,244.00,244.0,7.54,7.00,355.00,362.0,66.43,1,9.06,4512,0.86,4544,50,4,2.00,1.00,3.0,4.00,4.00,8.0,0.00,17973.00,44.2
244,0.00,0.00,0.0,5.17,9.00,301.00,310.0,66.42,1,9.06,4511,0.86,4539,50,4,6.00,1.00,7.0,0.00,0.00,0.0,1.00,12511.00,44.1
245,0.00,128.00,128.0,29.15,12.00,808.00,820.0,66.52,5,9.06,4510,0.86,4531,50,4,12.00,2.00,14.0,0.00,0.00,0.0,1.00,56509.00,66.8
246,0.00,376.00,376.0,48.28,3.00,1081.00,1084.0,66.63,17,9.06,4510,0.86,4515,49,4,2.00,0.00,2.0,0.00,0.00,0.0,2.00,124766.00,75.5
247,0.00,368.32,368.32,74.59,8.00,948.00,956.0,66.65,16,9.77,4509,0.86,4513,49,4,8.00,0.00,8.0,0.00,0.00,0.0,1.98,96867.33,82.0
248,0.00,80.00,80.0,79.47,3.00,895.00,898.0,66.66,15,9.77,4509,0.86,4510,49,4,2.00,0.00,2.0,0.00,0.00,0.0,2.00,144860.00,82.1
249,0.00,560.00,560.0,59.92,2.00,1283.00,1285.0,66.69,8,9.77,4510,0.86,4514,49,4,2.00,0.00,2.0,0.00,0.00,0.0,3.00,96892.00,75.9
250,0.00,772.00,772.0,75.75,0.00,993.00,993.0,66.58,6,9.77,4510,0.86,4514,49,4,0.00,0.00,0.0,0.00,0.00,0.0,5.00,137357.00,76.2
251,0.00,424.00,424.0,44.74,0.99,1114.85,1115.84,66.59,7,9.77,4510,0.86,4527,49,4,0.00,0.00,0.0,0.00,0.00,0.0,0.00,76022.00,69.5
252,0.00,600.00,600.0,30.06,0.00,729.00,729.0,66.6,0,9.07,4510,0.86,4525,49,4,0.00,0.00,0.0,0.00,0.00,0.0,2.00,47177.00,54.0
253,0.00,15920.00,15920.0,11.85,10.00,630.00,640.0,66.61,1,9.07,4510,0.86,4524,49,4,6.00,0.00,6.0,4.00,4.00,8.0,0.00,34386.00,44.3
254,0.00,20.00,20.0,28.61,12.00,951.00,963.0,66.62,5,9.07,4512,0.86,4539,50,5,6.00,3.00,9.0,1.00,1.00,2.0,2.00,81416.00,75.9
255,0.00,516.00,516.0,47.62,2.00,793.00,795.0,66.64,7,9.07,4512,0.86,4525,50,5,4.00,0.00,4.0,0.00,0.00,0.0,19.00,121435.00,75.3
256,0.00,180.00,180.0,39.41,6.00,818.00,824.0,66.69,6,9.07,4512,0.86,4531,50,5,6.00,0.00,6.0,0.00,0.00,0.0,1.00,131620.00,59.4
257,0.00,960.00,960.0,39.59,2.00,815.00,817.0,66.7,8,8.74,4511,0.86,4534,50,5,0.00,2.00,2.0,0.00,0.00,0.0,2.00,100046.00,67.1
258,4.00,22992.00,22996.0,32.02,2.00,1064.00,1066.0,66.71,2,8.74,4511,0.86,4532,50,4,0.00,2.00,2.0,0.00,0.00,0.0,0.00,75287.00,56.0
259,0.00,300.00,300.0,12.59,2.00,496.00,498.0,66.67,2,8.74,4511,0.86,4532,50,4,0.00,2.00,2.0,0.00,0.00,0.0,0.00,36791.00,47.0
260,0.00,80.00,80.0,7.35,1.00,348.00,349.0,66.67,1,8.74,4511,0.86,4532,50,4,0.00,1.00,1.0,0.00,0.00,0.0,0.00,17431.00,38.2
261,0.00,412.00,412.0,3.69,18.00,253.00,271.0,66.68,0,8.74,4510,0.86,4529,50,4,16.00,2.00,18.0,0.00,0.00,0.0,0.00,7783.00,38.0
262,0.00,148.00,148.0,2.41,3.00,138.00,141.0,66.68,0,8.04,4509,0.86,4529,50,4,2.00,1.00,3.0,0.00,0.00,0.0,1.00,5428.00,37.7
263,0.00,26476.00,26476.0,2.17,6.00,134.00,140.0,66.68,0,8.04,4509,0.86,4528,50,4,2.00,0.00,2.0,4.00,4.00,8.0,0.00,5673.00,37.5
264,0.00,416.00,416.0,6.52,18.00,342.00,360.0,66.68,2,8.04,4506,0.86,4519,50,4,16.00,0.00,16.0,0.00,0.00,0.0,1.00,13843.00,37.9
265,0.00,296.00,296.0,10.01,2.00,406.00,408.0,66.69,1,8.04,4507,0.86,4525,50,4,2.00,2.00,4.0,0.00,0.00,0.0,4.00,39677.00,44.2
266,0.00,152.00,152.0,18.81,7.00,405.00,412.0,66.69,7,8.04,4506,0.86,4524,50,4,4.00,2.00,6.0,0.00,0.00,0.0,1.00,63769.00,58.7
267,0.00,128.00,128.0,32.95,15.00,1245.00,1260.0,66.7,12,8.12,4507,0.86,4516,50,4,14.00,1.00,15.0,0.00,0.00,0.0,2.00,81076.00,58.9
268,0.00,11292.00,11292.0,48.72,2.00,1629.00,1631.0,66.73,2,8.12,4510,0.86,4529,50,4,2.00,0.00,2.0,0.00,0.00,0.0,3.00,151954.00,73.2
269,0.00,672.00,672.0,64.08,2.00,1091.00,1093.0,66.75,11,8.12,4510,0.86,4522,50,4,2.00,0.00,2.0,0.00,0.00,0.0,1.00,175991.00,81.7
270,0.00,700.00,700.0,60.7,5.00,1409.00,1414.0,66.77,23,8.12,4510,0.86,4526,50,4,4.00,1.00,5.0,0.00,0.00,0.0,0.00,152113.00,81.4
271,0.00,508.00,508.0,66.75,2.00,1934.00,1936.0,66.8,11,8.12,4512,0.86,4525,50,4,2.00,0.00,2.0,0.00,0.00,0.0,2.00,151864.00,81.1
272,0.00,248.00,248.0,77.02,0.00,1695.00,1695.0,66.82,21,8.83,4512,0.86,4521,50,4,0.00,0.00,0.0,0.00,0.00,0.0,1.00,148033.00,81.4
273,0.00,14980.00,14980.0,61.08,3.00,901.00,904.0,66.84,1,8.83,4512,0.86,4529,50,4,2.00,1.00,3.0,0.00,0.00,0.0,1.00,116267.00,69.2
274,0.00,56.00,56.0,46.47,3.00,903.00,906.0,66.86,3,8.83,4511,0.86,4527,50,4,0.00,2.00,2.0,0.00,0.00,0.0,1.00,120435.00,69.6
275,0.00,604.00,604.0,31.85,5.00,1132.00,1137.0,66.91,2,8.83,4511,0.86,4526,50,4,4.00,0.00,4.0,0.00,0.00,0.0,0.00,67904.00,64.5
276,0.00,328.00,328.0,36.43,8.00,642.00,650.0,67.0,3,8.83,4508,0.86,4520,50,4,8.00,0.00,8.0,0.00,0.00,0.0,1.00,28433.00,63.9
277,0.00,452.00,452.0,6.19,5.00,192.00,197.0,66.98,0,8.12,4507,0.86,4520,50,4,0.00,2.00,2.0,0.00,0.00,0.0,1.00,10796.00,40.0
278,0.00,56.00,56.0,2.9,7.00,190.00,197.0,66.98,1,8.12,4505,0.86,4517,49,4,8.00,0.00,8.0,0.00,0.00,0.0,0.00,6562.00,39.6
279,0.00,60.00,60.0,3.92,10.00,202.00,212.0,66.96,2,8.12,4504,0.86,4516,49,4,10.00,0.00,10.0,0.00,0.00,0.0,0.00,6520.00,39.2
280,0.00,312.00,312.0,3.17,5.00,143.00,148.0,66.9,1,8.12,4500,0.86,4497,49,4,4.00,0.00,4.0,0.00,0.00,0.0,0.00,6277.00,38.7
281,0.00,32.00,32.0,6.3,6.00,322.00,328.0,66.9,1,8.12,4501,0.86,4498,49,4,6.00,0.00,6.0,0.00,0.00,0.0,2.00,16181.00,39.1
282,0.00,164.00,164.0,11.67,10.00,490.00,500.0,66.91,1,7.47,4505,0.86,4516,49,4,10.00,0.00,10.0,0.00,0.00,0.0,5.00,41910.00,45.2
283,4.00,6652.00,6656.0,28.48,10.00,445.00,455.0,66.91,4,7.47,4504,0.86,4511,49,4,4.00,0.00,4.0,4.00,4.00,8.0,1.00,71434.00,63.3
284,0.00,560.00,560.0,28.66,8.00,946.00,954.0,66.93,23,7.47,4506,0.86,4517,49,4,9.00,1.00,10.0,0.00,0.00,0.0,3.00,72991.00,63.7
285,0.00,520.00,520.0,59.36,8.00,1522.00,1530.0,66.95,9,7.47,4510,0.86,4516,49,4,8.00,0.00,8.0,0.00,0.00,0.0,4.00,137894.00,78.5
286,0.00,380.00,380.0,40.05,0.00,1351.00,1351.0,66.97,2,7.47,4511,0.86,4528,49,4,0.00,0.00,0.0,0.00,0.00,0.0,2.00,154384.00,66.7
287,0.00,1184.00,1184.0,68.66,4.00,1137.00,1141.0,66.99,12,8.0,4511,0.86,4515,49,4,4.00,0.00,4.0,0.00,0.00,0.0,3.00,171747.00,82.8
288,4.00,24012.00,24016.0,77.76,4.00,1527.00,1531.0,67.16,9,8.0,4511,0.86,4514,49,4,4.00,0.00,4.0,0.00,0.00,0.0,0.00,131435.00,82.3
289,0.00,2044.00,2044.0,65.66,3.00,1659.00,1662.0,67.18,23,8.0,4511,0.86,4523,50,5,2.00,1.00,3.0,1.00,1.00,2.0,1.00,148884.00,82.5
290,0.00,1192.00,1192.0,76.37,2.00,1225.00,1227.0,67.29,9,8.0,4509,0.86,4525,50,5,0.00,2.00,2.0,0.00,0.00,0.0,0.00,133592.00,82.2
291,0.00,1048.00,1048.0,45.11,12.00,840.00,852.0,67.25,4,8.0,4511,0.86,4530,51,5,9.00,13.00,22.0,0.00,0.00,0.0,4.00,132441.00,66.3
292,0.00,1136.00,1136.0,29.11,0.00,1112.00,1112.0,67.27,9,7.6,4513,0.86,4527,51,5,0.00,0.00,0.0,0.00,0.00,0.0,2.00,86924.00,57.7
293,0.00,284.00,284.0,21.94,4.00,881.00,885.0,67.21,0,7.6,4513,0.86,4539,51,4,0.00,0.00,0.0,4.00,4.00,8.0,0.00,40581.00,46.9
294,0.00,4124.00,4124.0,5.87,3.00,196.00,199.0,67.21,1,7.6,4510,0.86,4539,50,4,3.00,3.00,6.0,0.00,0.00,0.0,0.00,11165.00,40.8
295,0.00,64.00,64.0,3.04,0.00,153.00,153.0,67.21,2,7.6,4510,0.86,4535,50,4,0.00,0.00,0.0,0.00,0.00,0.0,0.00,6184.00,40.3
296,0.00,644.00,644.0,4.43,18.00,261.00,279.0,67.2,0,7.6,4509,0.86,4529,50,4,18.00,0.00,18.0,0.00,0.00,0.0,1.00,7769.00,39.8
297,0.00,128.00,128.0,2.93,2.00,135.00,137.0,67.2,0,6.99,4504,0.86,4510,50,4,2.00,0.00,2.0,0.00,0.00,0.0,1.00,6105.00,39.3
298,0.00,56.00,56.0,3.65,6.00,168.00,174.0,67.2,1,6.99,4502,0.86,4504,50,4,4.00,2.00,6.0,0.00,0.00,0.0,0.00,6912.00,39.1
299,0.00,46044.00,46044.0,3.87,16.00,211.00,227.0,67.2,1,6.99,4501,0.86,4500,50,4,14.00,2.00,16.0,0.00,0.00,0.0,0.00,6537.00,38.8
300,0.00,60.00,60.0,1.78,3.00,110.00,113.0,67.2,0,6.99,4498,0.86,4490,50,4,2.00,1.00,3.0,0.00,0.00,0.0,0.00,5274.00,38.4
301,0.00,32.00,32.0,4.81,12.00,299.00,311.0,67.2,1,6.99,4497,0.86,4487,50,4,10.00,2.00,12.0,0.00,0.00,0.0,1.00,13264.00,38.8
302,0.00,536.00,536.0,16.46,10.00,448.00,458.0,67.24,2,6.51,4503,0.86,4509,50,4,8.00,2.00,10.0,0.00,0.00,0.0,8.00,38591.00,52.4
303,0.00,256.00,256.0,14.0,3.00,315.00,318.0,67.24,1,6.51,4504,0.86,4509,50,4,2.00,1.00,3.0,0.00,0.00,0.0,1.00,62140.00,44.9
304,0.00,12100.00,12100.0,15.99,12.00,1009.00,1021.0,67.22,1,6.51,4504,0.86,4507,50,4,10.00,2.00,12.0,0.00,0.00,0.0,1.00,62906.00,57.8
305,0.00,104.00,104.0,74.18,11.00,1759.00,1770.0,67.24,22,6.51,4507,0.86,4500,50,4,6.00,2.00,8.0,0.00,0.00,0.0,3.00,140600.00,82.9
306,0.00,784.16,784.16,73.14,2.00,1997.00,1999.0,67.26,12,6.51,4508,0.86,4510,50,4,2.00,2.00,4.0,0.00,0.00,0.0,7.00,152447.00,82.7
307,0.00,532.00,532.0,71.46,2.00,1192.00,1194.0,67.27,28,7.59,4508,0.86,4532,50,4,0.00,1.00,1.0,0.00,0.00,0.0,4.00,195544.00,82.8
308,0.00,396.00,396.0,69.42,0.00,1039.00,1039.0,67.31,22,7.59,4509,0.86,4523,50,4,0.00,0.00,0.0,0.00,0.00,0.0,1.00,203816.00,82.2
309,0.00,1932.00,1932.0,68.26,1.00,1521.00,1522.0,67.35,17,7.59,4510,0.86,4528,50,4,1.00,1.00,2.0,0.00,0.00,0.0,1.00,127525.00,82.3
310,0.00,1168.00,1168.0,78.34,2.00,1932.00,1934.0,67.46,8,7.59,4510,0.86,4519,50,4,0.00,1.00,1.0,0.00,0.00,0.0,4.00,124981.00,82.0
311,0.00,548.00,548.0,55.41,2.00,1788.00,1790.0,67.47,5,7.59,4510,0.86,4531,50,4,2.00,1.00,3.0,0.00,0.00,0.0,1.00,80397.00,71.4
312,0.00,556.00,556.0,11.21,2.00,237.00,239.0,67.48,1,7.14,4509,0.86,4533,50,4,2.00,0.00,2.0,0.00,0.00,0.0,1.00,12734.00,37.6
313,0.00,28.00,28.0,1.9,8.00,113.00,121.0,67.48,1,7.14,4509,0.86,4530,49,4,1.00,2.00,3.0,4.00,4.00,8.0,0.00,5643.00,37.3
314,0.00,6448.00,6448.0,3.53,12.00,260.00,272.0,67.44,1,7.14,4509,0.86,4521,49,4,10.00,0.00,10.0,0.00,0.00,0.0,0.00,8077.00,37.3
315,0.00,376.00,376.0,4.31,8.00,193.00,201.0,67.44,1,7.14,4508,0.86,4519,49,4,10.00,0.00,10.0,0.00,0.00,0.0,16.00,10115.00,37.2
316,0.00,168.00,168.0,2.92,0.00,121.00,121.0,67.44,1,7.14,4507,0.86,4519,49,4,0.00,0.00,0.0,0.00,0.00,0.0,1.00,5433.00,36.9
317,0.00,440.00,440.0,3.57,12.00,193.00,205.0,67.44,1,6.57,4501,0.86,4499,49,4,12.00,0.00,12.0,0.00,0.00,0.0,1.00,7135.00,36.9
318,0.00,316.00,316.0,5.21,8.00,315.00,323.0,67.44,1,6.57,4501,0.86,4494,49,4,8.00,0.00,8.0,0.00,0.00,0.0,2.00,14813.00,37.5
319,0.00,13260.00,13260.0,12.29,2.00,400.00,402.0,67.45,1,6.57,4506,0.86,4510,49,4,2.00,0.00,2.0,0.00,0.00,0.0,7.00,40113.00,43.7
320,0.00,72.00,72.0,11.4,10.00,366.00,376.0,67.45,1,6.57,4505,0.86,4512,49,4,8.00,0.00,8.0,0.00,0.00,0.0,1.00,63608.00,43.8
321,0.00,572.00,572.0,6.94,6.00,331.00,337.0,67.45,1,6.57,4506,0.86,4518,49,4,8.00,0.00,8.0,0.00,0.00,0.0,2.00,24540.00,43.7
322,0.00,384.00,384.0,16.06,4.00,730.00,734.0,67.46,3,6.2,4509,0.86,4519,49,4,4.00,0.00,4.0,0.00,0.00,0.0,5.00,46399.00,54.2
323,0.00,60.00,60.0,38.49,16.00,1784.00,1800.0,67.48,11,6.2,4510,0.86,4513,50,5,10.00,2.00,12.0,5.00,5.00,10.0,1.00,116789.00,69.4
324,0.00,13108.00,13108.0,69.69,6.00,1887.00,1893.0,67.46,19,6.2,4510,0.86,4513,50,5,4.00,2.00,6.0,0.00,0.00,0.0,0.99,176208.91,81.7
325,0.00,804.00,804.0,77.15,2.00,1062.00,1064.0,67.56,22,6.2,4511,0.86,4512,50,5,0.00,2.00,2.0,0.00,0.00,0.0,2.00,163421.00,81.9
326,0.00,432.00,432.0,77.79,3.00,965.00,968.0,67.59,28,6.2,4510,0.86,4521,50,5,0.00,2.00,2.0,0.00,0.00,0.0,1.00,178038.00,82.1
327,0.00,516.00,516.0,76.94,2.00,1209.00,1211.0,67.61,23,6.83,4510,0.86,4507,50,4,0.00,2.00,2.0,0.00,0.00,0.0,3.00,164944.00,82.1
328,0.00,144.00,144.0,82.24,2.00,1451.00,1453.0,67.64,8,6.83,4509,0.86,4506,50,4,0.00,2.00,2.0,0.00,0.00,0.0,1.00,116655.00,82.0
329,0.00,2016.00,2016.0,59.31,2.00,2107.00,2109.0,67.57,5,6.83,4510,0.86,4512,50,4,0.00,2.00,2.0,0.00,0.00,0.0,2.00,124458.00,81.7
330,0.00,696.00,696.0,43.59,4.00,1059.00,1063.0,67.62,1,6.83,4510,0.86,4518,50,4,2.00,2.00,4.0,0.00,0.00,0.0,0.00,46250.00,57.8
331,0.00,36.00,36.0,3.03,4.00,144.00,148.0,67.62,1,6.83,4510,0.86,4517,50,4,2.00,2.00,4.0,0.00,0.00,0.0,0.00,5398.00,35.5
332,0.00,140.00,140.0,3.16,6.00,182.00,188.0,67.62,1,6.28,4510,0.86,4513,50,4,2.00,2.00,4.0,0.00,0.00,0.0,1.00,7071.00,35.5
333,0.00,32.00,32.0,3.17,16.00,242.00,258.0,67.63,1,6.28,4510,0.86,4509,50,4,16.00,2.00,18.0,0.00,0.00,0.0,0.00,7331.00,35.5
334,0.00,0.00,0.0,2.81,3.00,136.00,139.0,67.59,1,6.28,4504,0.86,4497,50,4,2.00,1.00,3.0,0.00,0.00,0.0,0.00,5312.00,35.5
335,0.00,50776.00,50776.0,2.04,9.00,157.00,166.0,67.59,3,6.28,4502,0.86,4490,49,4,6.00,1.00,7.0,0.00,0.00,0.0,0.00,6234.00,35.6
336,0.00,172.00,172.0,4.2,14.85,186.14,200.98999999999998,67.6,1,6.28,4501,0.86,4486,49,4,13.00,1.00,14.0,0.00,0.00,0.0,1.00,6560.00,35.6
337,0.00,432.00,432.0,2.03,2.00,122.00,124.0,67.6,1,5.94,4497,0.86,4478,49,4,2.00,0.00,2.0,0.00,0.00,0.0,1.00,5606.00,35.7
338,0.00,64.00,64.0,2.66,8.00,166.00,174.0,67.6,1,5.94,4495,0.86,4474,49,4,8.00,0.00,8.0,0.00,0.00,0.0,0.00,6115.00,35.7
339,0.00,48.00,48.0,4.41,11.00,306.00,317.0,67.6,1,5.94,4494,0.86,4467,49,4,10.00,0.00,10.0,0.00,0.00,0.0,1.00,13786.00,36.1
340,0.00,17312.00,17312.0,13.06,2.00,534.00,536.0,67.6,2,5.94,4502,0.86,4492,49,4,2.00,0.00,2.0,0.00,0.00,0.0,8.00,45027.00,55.6
341,0.00,56.00,56.0,32.48,8.00,1406.00,1414.0,67.68,9,5.94,4503,0.86,4490,49,4,8.00,0.00,8.0,0.00,0.00,0.0,1.00,124614.00,67.0
342,0.00,156.00,156.0,80.13,17.00,1644.00,1661.0,67.7,24,6.18,4506,0.86,4490,50,4,17.00,11.00,28.0,0.00,0.00,0.0,4.00,119426.00,82.8
343,0.00,356.00,356.0,80.1,5.00,1582.00,1587.0,67.67,23,6.18,4510,0.86,4504,50,4,0.00,0.00,0.0,4.00,4.00,8.0,4.00,158825.00,82.7
344,0.00,576.00,576.0,72.61,3.00,1528.00,1531.0,67.68,13,6.18,4511,0.86,4507,49,4,3.00,3.00,6.0,0.00,0.00,0.0,3.00,202653.00,82.6
345,0.00,3804.00,3804.0,62.98,1.00,1371.00,1372.0,67.72,7,6.18,4512,0.86,4521,49,4,0.00,0.00,0.0,0.00,0.00,0.0,1.00,199949.00,75.5
346,0.00,896.00,896.0,66.45,0.00,1685.00,1685.0,67.74,15,6.18,4512,0.86,4513,49,4,0.00,0.00,0.0,0.00,0.00,0.0,1.00,138940.00,75.9
347,0.00,988.00,988.0,57.68,0.00,2311.00,2311.0,67.77,2,6.25,4512,0.86,4517,49,4,0.00,0.00,0.0,0.00,0.00,0.0,1.00,121773.00,75.8
348,0.00,240.00,240.0,29.84,2.00,990.00,992.0,67.76,0,6.25,4512,0.86,4530,49,4,2.00,0.00,2.0,0.00,0.00,0.0,0.00,44605.00,47.3
349,0.00,612.00,612.0,2.28,2.00,136.00,138.0,67.77,0,6.25,4510,0.86,4527,49,4,2.00,0.00,2.0,0.00,0.00,0.0,0.00,5888.00,41.0
350,0.00,9904.00,9904.0,3.81,2.00,168.00,170.0,67.77,0,6.25,4506,0.86,4518,49,4,2.00,0.00,2.0,0.00,0.00,0.0,0.00,7476.00,40.6
351,0.00,196.00,196.0,3.04,17.00,264.00,281.0,67.77,0,6.25,4505,0.86,4505,49,4,17.00,1.00,18.0,0.00,0.00,0.0,0.00,6996.00,40.1
352,0.00,660.00,660.0,2.65,2.00,125.00,127.0,67.77,0,5.75,4504,0.86,4497,49,4,2.00,0.00,2.0,0.00,0.00,0.0,1.00,5992.00,39.5
353,0.00,32.00,32.0,3.3,10.00,179.00,189.0,67.77,0,5.75,4500,0.86,4487,49,4,6.00,0.00,6.0,4.00,4.00,8.0,0.00,7007.00,39.1
354,0.00,0.00,0.0,3.64,12.00,201.00,213.0,67.77,0,5.75,4498,0.86,4483,49,4,12.00,0.00,12.0,0.00,0.00,0.0,0.00,6289.00,38.6
355,0.00,23940.00,23940.0,2.03,2.00,123.00,125.0,67.77,0,5.75,4493,0.86,4463,49,4,2.00,0.00,2.0,0.00,0.00,0.0,0.00,5150.00,38.2
356,0.00,176.00,176.0,3.82,10.00,266.00,276.0,67.77,0,5.75,4494,0.86,4464,49,4,10.00,0.00,10.0,0.00,0.00,0.0,2.00,12230.00,38.2
357,0.00,848.00,848.0,9.87,11.00,398.00,409.0,67.78,0,5.37,4502,0.86,4494,50,5,8.00,3.00,11.0,1.00,1.00,2.0,9.00,39206.00,44.5
358,0.00,68.00,68.0,13.33,4.00,521.00,525.0,67.78,1,5.37,4503,0.86,4498,50,5,2.00,2.00,4.0,0.00,0.00,0.0,1.00,56555.00,55.2
359,0.00,792.00,792.0,29.16,13.00,1479.00,1492.0,67.8,4,5.37,4504,0.86,4491,50,5,10.00,2.00,12.0,0.00,0.00,0.0,1.00,119476.00,67.3
360,0.00,4012.00,4012.0,60.76,6.00,2001.00,2007.0,67.81,17,5.37,4507,0.86,4502,50,5,4.00,2.00,6.0,0.00,0.00,0.0,3.00,182025.00,74.7
361,0.00,592.00,592.0,63.31,2.00,1680.00,1682.0,67.84,16,5.37,4509,0.86,4512,50,4,0.00,2.00,2.0,0.00,0.00,0.0,2.00,198920.00,80.3
362,0.00,636.00,636.0,66.5,2.00,1154.00,1156.0,67.87,4,5.66,4511,0.86,4513,50,4,0.00,2.00,2.0,0.00,0.00,0.0,5.00,204852.00,80.0
363,0.00,1360.00,1360.0,50.25,7.00,1755.00,1762.0,67.91,22,5.66,4511,0.86,4507,50,4,1.00,3.00,4.0,4.00,4.00,8.0,0.00,141411.00,79.5
364,0.00,848.00,848.0,56.05,4.00,2224.00,2228.0,67.93,8,5.66,4512,0.86,4518,50,4,2.00,2.00,4.0,0.00,0.00,0.0,1.00,120151.00,73.6
365,0.00,544.00,544.0,56.27,4.00,1297.00,1301.0,67.95,3,5.66,4512,0.86,4525,50,4,2.00,2.00,4.0,0.00,0.00,0.0,0.00,74919.00,65.0
366,0.00,320.00,320.0,23.58,3.00,294.00,297.0,67.95,1,5.66,4511,0.86,4527,50,4,0.00,2.00,2.0,0.00,0.00,0.0,1.00,61315.00,52.8
367,0.00,512.00,512.0,10.42,6.00,358.00,364.0,67.94,0,5.29,4511,0.86,4518,50,4,4.00,2.00,6.0,0.00,0.00,0.0,1.00,23574.00,46.3
368,0.00,396.04,396.04,9.9,16.00,626.00,642.0,67.94,0,5.29,4511,0.86,4512,49,4,14.00,1.00,15.0,0.00,0.00,0.0,0.00,33198.00,45.8
369,0.00,272.00,272.0,4.69,1.00,211.00,212.0,67.95,0,5.29,4510,0.86,4516,49,4,0.00,0.00,0.0,0.00,0.00,0.0,0.00,11074.00,37.3
370,0.00,548.00,548.0,2.52,2.00,150.00,152.0,67.95,0,5.29,4509,0.86,4516,49,4,2.00,0.00,2.0,0.00,0.00,0.0,3.00,6272.00,37.2
371,0.00,55284.00,55284.0,2.92,8.00,209.00,217.0,67.95,0,5.29,4508,0.86,4514,49,4,8.00,0.00,8.0,0.00,0.00,0.0,0.00,6816.00,37.2
372,0.00,716.00,716.0,2.55,5.00,161.00,166.0,67.96,0,4.86,4504,0.86,4493,49,4,4.00,0.00,4.0,0.00,0.00,0.0,1.00,6842.00,37.0
373,0.00,96.00,96.0,3.03,12.00,254.00,266.0,67.96,0,4.86,4504,0.86,4490,49,4,8.00,0.00,8.0,4.00,4.00,8.0,1.00,10983.00,37.3
374,0.00,112.00,112.0,16.16,10.00,453.00,463.0,67.96,2,4.86,4508,0.86,4508,49,4,10.00,0.00,10.0,0.00,0.00,0.0,4.00,38096.00,49.0
375,0.00,384.00,384.0,10.27,4.00,418.00,422.0,67.97,0,4.86,4507,0.86,4509,49,4,4.00,0.00,4.0,0.00,0.00,0.0,17.00,57135.00,48.5
376,4.00,14572.00,14576.0,25.77,6.00,963.00,969.0,67.97,14,4.86,4507,0.86,4505,49,4,6.00,0.00,6.0,0.00,0.00,0.0,2.00,86127.00,58.9
377,0.00,980.00,980.0,53.92,8.00,2050.00,2058.0,67.99,17,5.35,4507,0.86,4498,49,4,8.00,0.00,8.0,0.00,0.00,0.0,3.00,155300.00,80.9
378,0.00,824.00,824.0,73.33,2.00,1744.00,1746.0,68.1,12,5.35,4509,0.86,4506,49,4,2.00,0.00,2.0,0.00,0.00,0.0,2.00,182031.00,80.8
379,0.00,176.00,176.0,59.67,0.00,1304.00,1304.0,68.12,27,5.35,4509,0.86,4507,49,4,0.00,0.00,0.0,0.00,0.00,0.0,2.00,211572.00,80.7
380,0.00,112.00,112.0,71.68,0.00,1308.00,1308.0,68.15,8,5.35,4511,0.86,4509,49,4,0.00,0.00,0.0,0.00,0.00,0.0,1.00,155149.00,80.2
381,0.00,3452.00,3452.0,59.34,4.00,2160.00,2164.0,68.18,16,5.35,4512,0.86,4508,49,4,4.00,0.00,4.0,0.00,0.00,0.0,1.00,118960.00,80.0
382,0.00,476.00,476.0,46.73,0.00,1854.00,1854.0,68.27,0,5.16,4511,0.86,4512,49,4,0.00,0.00,0.0,0.00,0.00,0.0,1.00,95522.00,64.7
383,0.00,260.00,260.0,17.79,4.00,641.00,645.0,68.28,0,5.16,4511,0.86,4536,49,4,0.00,0.00,0.0,4.00,4.00,8.0,1.00,81648.00,42.9
384,0.00,12.00,12.0,7.71,4.00,343.00,347.0,68.29,0,5.16,4511,0.86,4530,49,4,4.00,0.00,4.0,0.00,0.00,0.0,0.00,27569.00,42.8
385,0.00,696.00,696.0,9.2,6.00,559.00,565.0,68.24,2,5.16,4511,0.86,4523,49,4,6.00,0.00,6.0,0.00,0.00,0.0,0.00,25722.00,42.8
386,0.00,13716.00,13716.0,4.46,9.00,231.00,240.0,68.25,1,5.16,4510,0.86,4520,49,4,8.00,0.00,8.0,0.00,0.00,0.0,1.00,8578.00,36.4
387,0.00,148.00,148.0,3.19,6.00,163.00,169.0,68.25,0,4.75,4510,0.86,4520,49,4,6.00,0.00,6.0,0.00,0.00,0.0,1.00,6457.00,36.4
388,0.00,68.00,68.0,3.05,6.00,163.00,169.0,68.25,0,4.75,4509,0.86,4515,49,4,6.00,0.00,6.0,0.00,0.00,0.0,0.00,6287.00,36.3
389,0.00,36.00,36.0,3.81,11.00,284.00,295.0,68.25,0,4.75,4506,0.86,4500,49,4,10.00,0.00,10.0,0.00,0.00,0.0,1.00,12967.00,36.5
390,0.00,768.00,768.0,10.0,7.00,440.00,447.0,68.26,0,4.75,4508,0.86,4510,49,4,6.00,0.00,6.0,0.00,0.00,0.0,5.00,40268.00,43.8
391,0.00,23420.00,23420.0,11.61,7.00,337.00,344.0,68.26,0,4.75,4508,0.86,4515,50,5,4.00,3.00,7.0,1.00,1.00,2.0,1.00,61578.00,43.9
392,0.00,524.00,524.0,7.15,10.00,318.00,328.0,68.27,2,4.45,4506,0.86,4507,50,5,8.00,2.00,10.0,0.00,0.00,0.0,2.00,28395.00,43.9
393,0.00,296.00,296.0,25.93,23.00,1101.00,1124.0,68.28,6,4.45,4511,0.86,4516,51,5,17.00,13.00,30.0,4.00,4.00,8.0,6.00,82064.00,62.2
394,0.00,220.00,220.0,45.83,2.00,1286.00,1288.0,68.36,4,4.45,4512,0.86,4517,51,5,0.00,2.00,2.0,0.00,0.00,0.0,2.00,115955.00,72.4
395,0.00,260.00,260.0,43.77,5.00,775.00,780.0,68.37,2,4.45,4511,0.86,4519,50,4,3.00,4.00,7.0,0.00,0.00,0.0,2.00,186709.00,72.0
396,0.00,1348.00,1348.0,28.02,3.00,844.00,847.0,68.38,8,4.45,4511,0.86,4521,50,4,0.00,2.00,2.0,0.00,0.00,0.0,1.00,95354.00,55.1
397,0.00,928.00,928.0,25.61,2.00,1424.00,1426.0,68.4,8,4.33,4511,0.86,4524,50,4,0.00,2.00,2.0,0.00,0.00,0.0,2.00,84742.00,61.6
398,0.00,100.00,100.0,17.76,14.00,1098.00,1112.0,68.41,0,4.33,4512,0.86,4526,50,4,12.00,1.00,13.0,0.00,0.00,0.0,0.00,52708.00,46.4
399,0.00,260.00,260.0,31.51,2.00,1257.00,1259.0,68.4,1,4.33,4512,0.86,4526,50,4,0.00,2.00,2.0,0.00,0.00,0.0,0.00,117870.00,58.3
400,0.00,480.00,480.0,43.82,4.00,761.00,765.0,68.41,22,4.33,4511,0.86,4529,50,4,2.00,2.00,4.0,0.00,0.00,0.0,1.00,148818.00,76.1
401,0.00,76.00,76.0,37.42,13.00,1057.00,1070.0,68.43,10,4.33,4511,0.86,4511,50,4,10.00,2.00,12.0,0.00,0.00,0.0,0.00,108267.00,58.7
402,0.00,1072.00,1072.0,33.97,2.00,1411.00,1413.0,68.45,18,4.71,4511,0.86,4516,50,4,0.00,2.00,2.0,0.00,0.00,0.0,1.00,114011.00,66.8
403,0.00,236.00,236.0,31.27,9.00,1311.00,1320.0,68.47,1,4.71,4509,0.86,4523,50,4,4.00,2.00,6.0,4.00,4.00,8.0,1.00,102606.00,49.2
404,0.00,320.00,320.0,8.94,9.00,426.00,435.0,68.48,7,4.71,4510,0.86,4526,49,4,8.00,0.00,8.0,0.00,0.00,0.0,1.00,33627.00,43.7
405,0.00,116.00,116.0,9.05,0.00,432.00,432.0,68.48,0,4.71,4510,0.86,4524,49,4,0.00,0.00,0.0,0.00,0.00,0.0,0.00,20648.00,43.6
406,0.00,344.00,344.0,3.82,11.00,208.00,219.0,68.48,0,4.71,4510,0.86,4521,49,4,10.00,0.00,10.0,0.00,0.00,0.0,1.00,7333.00,37.2
407,0.00,59464.00,59464.0,4.82,8.00,394.00,402.0,68.48,2,4.65,4510,0.86,4520,49,4,8.00,0.00,8.0,0.00,0.00,0.0,1.00,21746.00,42.6
408,0.00,560.00,560.0,9.04,0.00,443.00,443.0,68.49,0,4.65,4510,0.86,4520,49,4,0.00,0.00,0.0,0.00,0.00,0.0,1.00,36695.00,42.8
409,0.00,492.00,492.0,28.37,14.00,846.00,860.0,68.5,1,4.65,4510,0.86,4514,49,4,14.00,0.00,14.0,0.00,0.00,0.0,0.00,96466.00,61.2
410,0.00,1576.00,1576.0,51.01,4.00,1140.00,1144.0,68.54,5,4.65,4511,0.86,4508,49,4,4.00,0.00,4.0,0.00,0.00,0.0,1.00,107572.00,75.9
411,0.00,676.00,676.0,40.49,0.00,1307.00,1307.0,68.55,5,4.65,4512,0.86,4518,49,4,0.00,0.00,0.0,0.00,0.00,0.0,1.00,175638.00,75.3
412,0.00,10880.00,10880.0,65.81,8.00,818.00,826.0,68.58,5,4.65,4512,0.86,4514,49,4,8.00,0.00,8.0,0.00,0.00,0.0,0.00,116489.00,75.4
413,0.00,296.00,296.0,24.94,6.00,1225.00,1231.0,68.61,13,5.48,4512,0.86,4518,49,4,2.00,0.00,2.0,4.00,4.00,8.0,2.00,87518.00,56.2
414,0.00,388.00,388.0,16.75,4.00,1098.00,1102.0,68.58,0,5.48,4512,0.86,4522,49,4,4.00,0.00,4.0,0.00,0.00,0.0,0.00,61762.00,46.0
415,0.00,112.00,112.0,14.74,8.00,1088.00,1096.0,68.59,1,5.48,4511,0.86,4522,49,4,6.00,0.00,6.0,0.00,0.00,0.0,0.00,75523.00,54.3
416,0.00,108.00,108.0,37.93,0.00,1109.00,1109.0,68.6,8,5.48,4510,0.86,4525,49,4,2.00,0.00,2.0,0.00,0.00,0.0,5.00,120533.00,64.4
417,0.00,13660.00,13660.0,41.72,10.00,1081.00,1091.0,68.62,16,5.48,4510,0.86,4521,49,4,10.00,0.00,10.0,0.00,0.00,0.0,1.00,166037.00,65.0
418,0.00,128.00,128.0,39.9,3.00,1161.00,1164.0,68.64,10,5.68,4511,0.86,4511,49,4,3.00,1.00,4.0,0.00,0.00,0.0,2.00,128776.00,64.5
419,0.00,584.00,584.0,43.11,7.00,1463.00,1470.0,68.63,1,5.68,4513,0.86,4511,50,4,6.00,7.00,13.0,0.00,0.00,0.0,3.00,121853.00,71.1
420,0.00,724.00,724.0,31.27,10.00,841.00,851.0,68.63,1,5.68,4511,0.86,4520,50,4,10.00,3.00,13.0,0.00,0.00,0.0,0.00,51481.00,55.1
421,0.00,276.00,276.0,8.07,3.00,482.00,485.0,68.64,0,5.68,4511,0.86,4518,50,4,2.00,0.00,2.0,1.00,1.00,2.0,0.00,22105.00,38.5
422,0.00,11964.00,11964.0,4.81,6.00,219.00,225.0,68.64,0,5.68,4509,0.86,4515,49,4,5.00,3.00,8.0,1.00,1.00,2.0,0.00,11409.00,38.7
423,0.00,624.00,624.0,4.57,16.00,379.00,395.0,68.64,0,5.23,4507,0.86,4511,49,4,16.00,1.00,17.0,0.00,0.00,0.0,1.00,16442.00,39.3
424,0.00,8.00,8.0,19.77,3.00,439.00,442.0,68.65,0,5.23,4509,0.86,4519,49,4,2.00,0.00,2.0,0.00,0.00,0.0,2.00,37133.00,48.9
425,0.00,48.00,48.0,12.55,10.00,632.00,642.0,68.65,0,5.23,4509,0.86,4515,50,5,8.00,2.00,10.0,1.00,1.00,2.0,1.00,80960.00,48.5
426,0.00,328.00,328.0,26.95,10.00,1097.00,1107.0,68.67,4,5.23,4510,0.86,4508,50,5,8.00,2.00,10.0,0.00,0.00,0.0,2.00,106059.00,59.8
427,0.00,13868.00,13868.0,38.5,4.00,1295.00,1299.0,68.67,7,5.23,4512,0.86,4523,50,5,2.00,0.00,2.0,0.00,0.00,0.0,2.00,125846.00,72.1
428,0.00,540.00,540.0,30.72,3.00,818.00,821.0,68.69,4,6.09,4511,0.86,4521,50,5,4.00,0.00,4.0,0.00,0.00,0.0,2.00,127280.00,53.4
429,0.00,284.00,284.0,34.29,2.00,933.00,935.0,68.71,7,6.09,4511,0.86,4523,50,4,0.00,2.00,2.0,0.00,0.00,0.0,1.00,116868.00,67.1
430,0.00,932.00,932.0,36.9,3.00,1253.00,1256.0,68.72,2,6.09,4512,0.86,4531,50,4,2.00,1.00,3.0,0.00,0.00,0.0,4.00,68240.00,57.1
431,0.00,240.00,240.0,6.08,1.00,442.00,443.0,68.73,0,6.09,4511,0.86,4533,50,4,0.00,1.00,1.0,0.00,0.00,0.0,0.00,20425.00,41.3
432,0.00,7936.00,7936.0,2.67,0.00,161.00,161.0,68.73,1,6.09,4510,0.86,4531,50,4,0.00,0.00,0.0,0.00,0.00,0.0,0.00,8145.00,40.8
433,0.00,152.00,152.0,6.56,20.00,507.00,527.0,68.74,3,5.76,4510,0.86,4529,50,4,16.00,0.00,16.0,4.00,4.00,8.0,1.00,29933.00,40.9
434,0.00,4.00,4.0,7.59,3.00,372.00,375.0,68.74,1,5.76,4510,0.86,4528,50,4,2.00,1.00,3.0,0.00,0.00,0.0,0.00,37558.00,41.0
435,0.00,376.00,376.0,12.06,8.00,425.00,433.0,68.75,2,5.76,4511,0.86,4521,50,4,6.00,2.00,8.0,0.00,0.00,0.0,17.00,68219.00,41.5
436,0.00,156.00,156.0,25.16,12.00,1448.00,1460.0,68.76,8,5.76,4511,0.86,4514,50,4,12.00,0.00,12.0,0.00,0.00,0.0,1.00,108292.00,60.9
437,0.00,9548.00,9548.0,32.22,2.00,1404.00,1406.0,68.77,4,5.76,4511,0.86,4519,50,4,2.00,0.00,2.0,0.00,0.00,0.0,1.00,142681.00,60.9
438,0.00,612.00,612.0,55.47,5.00,696.00,701.0,68.79,4,5.94,4511,0.86,4519,50,4,2.00,3.00,5.0,0.00,0.00,0.0,1.00,153133.00,74.3
439,0.00,96.00,96.0,43.31,6.00,977.00,983.0,68.81,12,5.94,4511,0.86,4525,50,4,6.00,0.00,6.0,0.00,0.00,0.0,1.00,85226.00,68.5
440,0.00,116.00,116.0,33.59,2.00,1475.00,1477.0,68.83,2,5.94,4512,0.86,4526,50,4,2.00,0.00,2.0,0.00,0.00,0.0,1.00,66103.00,67.9
441,0.00,476.00,476.0,26.14,7.00,648.00,655.0,68.83,4,5.94,4512,0.86,4531,50,4,4.00,3.00,7.0,0.00,0.00,0.0,0.00,38839.00,59.8
442,0.00,100.00,100.0,24.75,6.00,891.00,897.0,68.84,2,5.94,4512,0.86,4528,50,4,6.00,0.00,6.0,0.00,0.00,0.0,1.00,82070.00,60.0
443,4.00,49336.00,49340.0,29.83,8.00,1241.00,1249.0,68.86,5,5.87,4511,0.86,4525,50,4,4.00,0.00,4.0,4.00,4.00,8.0,1.00,159117.00,59.7
444,0.00,40.00,40.0,47.77,8.00,1175.00,1183.0,68.88,9,5.87,4512,0.86,4523,50,4,8.00,0.00,8.0,0.00,0.00,0.0,1.00,163583.00,74.3
445,0.00,1912.00,1912.0,38.12,9.00,1257.00,1266.0,68.9,6,5.87,4515,0.86,4526,51,4,9.00,11.00,20.0,0.00,0.00,0.0,3.00,125939.00,73.8
446,0.00,208.00,208.0,33.71,10.00,1256.00,1266.0,68.91,0,5.87,4513,0.86,4515,50,4,7.00,3.00,10.0,0.00,0.00,0.0,1.00,78837.00,61.5
447,0.00,188.00,188.0,15.32,4.00,819.00,823.0,68.92,2,5.87,4513,0.86,4529,50,4,6.00,0.00,6.0,0.00,0.00,0.0,0.00,46133.00,45.4
448,4.00,15708.00,15712.0,11.28,3.00,246.00,249.0,68.93,2,6.04,4513,0.86,4530,50,4,0.00,3.00,3.0,0.00,0.00,0.0,1.00,12942.00,52.8
449,0.00,48.00,48.0,10.58,14.00,386.00,400.0,68.94,0,6.04,4513,0.86,4526,50,4,14.00,0.00,14.0,0.00,0.00,0.0,0.00,16754.00,44.2
450,0.00,608.00,608.0,7.75,5.00,454.00,459.0,68.94,0,6.04,4512,0.86,4522,50,4,4.00,0.00,4.0,0.00,0.00,0.0,0.00,39255.00,39.0
451,0.00,8.00,8.0,10.08,9.00,419.00,428.0,68.94,0,6.04,4512,0.86,4518,50,4,6.00,3.00,9.0,0.00,0.00,0.0,0.00,71613.00,44.9
452,0.00,132.00,132.0,20.13,8.00,1017.00,1025.0,68.95,2,6.04,4512,0.86,4515,50,4,8.00,0.00,8.0,0.00,0.00,0.0,0.00,75889.00,61.6
453,0.00,8240.00,8240.0,44.08,8.00,1544.00,1552.0,68.97,4,5.71,4513,0.86,4519,50,4,4.00,0.00,4.0,4.00,4.00,8.0,2.00,142789.00,67.4
454,0.00,20.00,20.0,57.29,7.00,824.00,831.0,68.99,5,5.71,4512,0.86,4529,50,4,4.00,2.00,6.0,0.00,0.00,0.0,0.00,147979.00,68.0
455,0.00,372.00,372.0,26.28,3.00,914.00,917.0,69.0,5,5.71,4511,0.86,4520,49,4,2.00,0.00,2.0,0.00,0.00,0.0,0.00,96716.00,55.1
456,0.00,480.00,480.0,26.14,5.00,1360.00,1365.0,69.02,1,5.71,4512,0.86,4524,49,4,4.00,0.00,4.0,0.00,0.00,0.0,2.00,92969.00,54.7
457,0.00,520.00,520.0,18.02,10.00,1106.00,1116.0,69.03,2,5.71,4512,0.86,4529,49,4,9.00,1.00,10.0,0.00,0.00,0.0,0.00,54578.00,54.7
458,0.00,11884.00,11884.0,12.5,0.00,739.00,739.0,69.04,5,5.5,4511,0.86,4526,49,4,0.00,0.00,0.0,0.00,0.00,0.0,1.00,76417.00,54.6
459,0.00,64.00,64.0,46.51,8.00,1036.00,1044.0,69.05,3,5.5,4511,0.86,4525,49,4,8.00,0.00,8.0,0.00,0.00,0.0,1.00,139793.00,64.2
460,0.00,620.00,620.0,30.24,7.00,1279.00,1286.0,69.07,3,5.5,4512,0.86,4532,50,5,4.00,2.00,6.0,1.00,1.00,2.0,2.00,118337.00,63.9
461,0.00,404.00,404.0,33.46,1.00,1233.00,1234.0,69.09,5,5.5,4513,0.86,4525,50,5,0.00,1.00,1.0,0.00,0.00,0.0,1.00,168614.00,64.0
462,0.00,532.00,532.0,22.61,5.00,844.00,849.0,69.1,3,5.5,4513,0.86,4522,50,5,3.00,3.00,6.0,0.00,0.00,0.0,0.00,87926.00,56.6
463,0.00,9404.00,9404.0,29.42,0.00,1022.00,1022.0,69.12,1,5.62,4513,0.86,4519,50,5,0.00,0.00,0.0,0.00,0.00,0.0,1.00,59741.00,50.7
464,0.00,516.00,516.0,7.37,2.00,431.00,433.0,69.13,0,5.62,4513,0.86,4531,50,5,0.00,0.00,0.0,2.00,2.00,4.0,1.00,19120.00,36.2
465,0.00,40.00,40.0,1.89,0.00,104.00,104.0,69.13,0,5.62,4511,0.86,4527,50,5,0.00,0.00,0.0,0.00,0.00,0.0,0.00,5063.00,36.5
466,0.00,92.00,92.0,3.45,5.00,169.00,174.0,69.13,0,5.62,4510,0.86,4525,50,5,4.00,0.00,4.0,0.00,0.00,0.0,1.00,7041.00,36.6
467,0.00,68.00,68.0,3.57,16.00,249.00,265.0,69.14,0,5.62,4510,0.86,4516,50,5,16.00,0.00,16.0,0.00,0.00,0.0,0.00,6761.00,36.5
468,0.00,18704.00,18704.0,1.9,1.00,114.00,115.0,69.14,0,5.17,4510,0.86,4516,50,5,0.00,0.00,0.0,0.00,0.00,0.0,1.00,5858.00,36.4
469,0.00,408.00,408.0,5.21,19.00,382.00,401.0,69.14,0,5.17,4505,0.86,4499,50,4,18.00,8.00,26.0,2.00,2.00,4.0,1.00,17748.00,36.8
470,0.00,1192.00,1192.0,12.99,10.00,706.00,716.0,69.14,0,5.17,4506,0.86,4507,50,4,10.00,0.00,10.0,0.00,0.00,0.0,4.00,69137.00,48.3
471,0.00,280.00,280.0,16.28,0.00,522.00,522.0,69.15,5,5.17,4505,0.86,4509,50,4,0.00,0.00,0.0,0.00,0.00,0.0,1.00,105877.00,48.5
472,0.00,556.00,556.0,12.93,18.00,756.00,774.0,69.16,0,5.17,4506,0.86,4504,49,5,12.00,1.00,13.0,3.00,0.00,3.0,1.00,56535.00,48.5
473,0.00,960.00,960.0,29.69,8.00,1470.00,1478.0,69.18,11,4.99,4510,0.86,4523,49,5,4.00,0.00,4.0,4.00,4.00,8.0,6.00,113688.00,62.1
474,4.00,38608.00,38612.0,37.59,0.00,1200.00,1200.0,69.19,10,4.99,4513,0.86,4548,49,5,0.00,0.00,0.0,0.00,0.00,0.0,2.00,120358.00,62.3
475,0.00,72.00,72.0,33.63,8.00,1422.00,1430.0,69.22,4,4.99,4513,0.86,4538,49,5,8.00,0.00,8.0,0.00,0.00,0.0,0.00,124543.00,62.8
476,0.00,428.00,428.0,60.23,2.00,1896.00,1898.0,69.24,3,4.99,4513,0.86,4516,49,5,2.00,0.00,2.0,0.00,0.00,0.0,1.00,157236.00,76.4
477,0.00,872.00,872.0,64.59,4.00,1906.00,1910.0,69.26,11,4.99,4512,0.86,4523,50,4,4.00,1.00,5.0,0.00,0.00,0.0,0.00,188611.00,76.6
478,0.00,516.00,516.0,34.65,0.00,1019.00,1019.0,69.28,1,6.52,4513,0.86,4531,50,4,0.00,0.00,0.0,0.00,0.00,0.0,2.00,135256.00,63.3
479,0.00,14724.00,14724.0,30.61,1.00,1538.00,1539.0,69.3,4,6.52,4511,0.86,4525,50,4,0.00,0.00,0.0,0.00,0.00,0.0,1.00,122000.00,63.0
480,0.00,1032.00,1032.0,23.18,8.00,1367.00,1375.0,69.32,2,6.52,4512,0.86,4529,49,5,6.00,0.00,6.0,1.00,0.00,1.0,1.00,60557.00,53.9
481,0.00,108.00,108.0,5.45,4.00,183.00,187.0,69.32,0,6.52,4512,0.86,4532,49,5,4.00,0.00,4.0,0.00,0.00,0.0,0.00,6506.00,35.0
482,0.00,124.00,124.0,2.68,0.00,117.00,117.0,69.32,2,6.52,4512,0.86,4529,49,5,0.00,0.00,0.0,0.00,0.00,0.0,0.00,5394.00,35.0
483,0.00,436.00,436.0,3.66,20.00,274.00,294.0,69.32,0,5.99,4511,0.86,4524,49,5,16.00,0.00,16.0,4.00,4.00,8.0,0.99,8612.87,35.4
484,0.00,11452.00,11452.0,2.65,5.00,146.00,151.0,69.32,0,5.99,4510,0.86,4522,49,5,4.00,0.00,4.0,0.00,0.00,0.0,0.00,5239.00,35.4
485,0.00,44.00,44.0,1.79,2.00,109.00,111.0,69.32,1,5.99,4505,0.86,4506,49,5,0.00,1.00,1.0,1.00,0.00,1.0,0.00,5474.00,35.4
486,0.00,120.00,120.0,11.31,20.00,639.00,659.0,69.33,0,5.99,4507,0.86,4506,49,5,20.00,0.00,20.0,0.00,0.00,0.0,4.00,30424.00,46.6
487,0.00,456.00,456.0,12.87,1.00,681.00,682.0,69.33,0,5.99,4509,0.86,4512,49,5,0.00,0.00,0.0,0.00,0.00,0.0,3.00,71620.00,46.4
488,0.00,36.00,36.0,17.19,2.00,461.00,463.0,69.35,1,5.75,4507,0.86,4510,49,5,2.00,0.00,2.0,0.00,0.00,0.0,4.00,119997.00,46.7
489,0.00,7048.00,7048.0,21.09,12.00,1133.00,1145.0,69.36,7,5.75,4510,0.86,4511,49,5,12.00,0.00,12.0,0.00,0.00,0.0,4.00,75676.00,58.7
490,0.00,652.00,652.0,51.53,3.00,1540.00,1543.0,69.38,2,5.75,4512,0.86,4507,50,4,0.00,3.00,3.0,0.00,0.00,0.0,7.00,112358.00,74.1
491,0.00,536.00,536.0,47.61,4.00,898.00,902.0,69.39,7,5.75,4513,0.86,4522,50,4,2.00,3.00,5.0,0.00,0.00,0.0,1.00,159114.00,74.0
492,0.00,384.00,384.0,59.1,3.00,1452.00,1455.0,69.41,20,5.75,4513,0.86,4511,50,4,2.00,1.00,3.0,0.00,0.00,0.0,1.00,119875.00,74.3
493,0.00,484.00,484.0,69.43,5.00,1898.00,1903.0,69.43,20,5.53,4513,0.86,4508,50,4,0.00,1.00,1.0,4.00,4.00,8.0,2.00,140552.00,82.2
494,0.00,7036.00,7036.0,75.92,7.00,1438.00,1445.0,69.46,15,5.53,4512,0.86,4496,50,5,4.00,0.00,4.0,1.00,1.00,2.0,0.00,141067.00,82.1
495,0.00,532.00,532.0,77.07,0.00,691.00,691.0,69.49,12,5.53,4511,0.86,4507,50,5,0.00,2.00,2.0,0.00,0.00,0.0,21.00,154543.00,81.9
496,0.00,592.00,592.0,38.74,2.00,1191.00,1193.0,69.5,9,5.53,4513,0.86,4513,50,5,0.00,2.00,2.0,0.00,0.00,0.0,3.00,99788.00,65.7
497,0.00,692.00,692.0,30.14,1.00,1490.00,1491.0,69.51,0,5.53,4512,0.86,4517,50,5,0.00,1.00,1.0,0.00,0.00,0.0,0.00,90639.00,52.1
498,0.00,248.00,248.0,14.36,6.00,546.00,552.0,69.52,2,5.25,4512,0.86,4533,51,4,1.00,2.00,3.0,0.00,0.00,0.0,3.00,26486.00,52.0
499,0.00,4028.00,4028.0,7.93,5.00,122.00,127.0,69.51,0,5.25,4513,0.86,4533,50,4,8.00,10.00,18.0,0.00,0.00,0.0,0.00,5200.00,43.1
500,0.00,48.00,48.0,2.17,7.00,187.00,194.0,69.51,4,5.25,4510,0.86,4525,49,4,7.00,3.00,10.0,0.00,0.00,0.0,0.00,7184.00,36.7
501,0.00,372.00,372.0,3.8,16.00,249.00,265.0,69.52,0,5.25,4507,0.86,4515,49,4,16.00,0.00,16.0,0.00,0.00,0.0,0.00,7142.00,36.5
502,0.00,132.00,132.0,2.17,0.00,104.00,104.0,69.52,0,5.25,4504,0.86,4495,49,4,0.00,0.00,0.0,0.00,0.00,0.0,0.00,5476.00,36.3
503,0.00,20.00,20.0,2.54,14.00,199.00,213.0,69.52,0,4.83,4502,0.86,4489,49,4,6.00,0.00,6.0,4.00,4.00,8.0,1.00,7162.00,36.2
504,0.00,47768.00,47768.0,3.04,10.00,201.00,211.0,69.52,0,4.83,4499,0.86,4481,49,4,14.00,0.00,14.0,0.00,0.00,0.0,0.00,6106.00,36.1
505,0.00,7472.00,7472.0,1.4,0.00,105.00,105.0,69.52,0,4.83,4498,0.86,4479,49,4,0.00,0.00,0.0,0.00,0.00,0.0,0.00,5243.00,36.0
506,0.00,196.00,196.0,5.46,11.00,454.00,465.0,69.52,0,4.83,4496,0.86,4473,49,4,10.00,0.00,10.0,0.00,0.00,0.0,2.00,19603.00,36.5
507,0.00,104.00,104.0,15.48,11.00,713.00,724.0,69.53,0,4.83,4503,0.86,4497,49,4,10.00,0.00,10.0,0.00,0.00,0.0,7.00,67903.00,47.8
508,0.00,340.00,340.0,16.11,0.00,496.00,496.0,69.54,1,4.44,4504,0.86,4505,49,4,0.00,0.00,0.0,0.00,0.00,0.0,2.00,108606.00,48.3
509,0.00,72.00,72.0,22.97,12.00,1277.00,1289.0,69.55,8,4.44,4507,0.86,4508,49,4,12.00,0.00,12.0,0.00,0.00,0.0,3.00,80820.00,62.5
510,0.00,21992.00,21992.0,61.14,5.00,2374.00,2379.0,69.58,9,4.44,4511,0.86,4525,49,4,5.00,1.00,6.0,0.00,0.00,0.0,4.00,173210.00,77.1
511,0.00,336.00,336.0,50.57,1.00,2277.00,2278.0,69.6,12,4.44,4513,0.86,4542,49,4,1.00,0.00,1.0,0.00,0.00,0.0,2.00,214878.00,76.8
512,0.00,172.00,172.0,56.48,0.00,1237.00,1237.0,69.64,7,4.44,4513,0.86,4543,49,4,0.00,0.00,0.0,0.00,0.00,0.0,1.00,227407.00,71.1
513,0.00,104.00,104.0,52.98,1.00,1700.00,1701.0,69.67,2,4.73,4513,0.86,4531,49,4,0.00,0.00,0.0,0.00,0.00,0.0,1.00,132076.00,76.5
514,0.00,796.00,796.0,45.63,4.00,2797.00,2801.0,69.7,2,4.73,4513,0.86,4541,49,4,4.00,0.00,4.0,0.00,0.00,0.0,0.00,114376.00,66.8
515,0.00,2384.00,2384.0,15.28,0.00,554.00,554.0,69.7,1,4.73,4513,0.86,4553,49,4,0.00,0.00,0.0,0.00,0.00,0.0,0.00,32358.00,42.2
516,0.00,128.00,128.0,2.04,1.00,129.00,130.0,69.71,0,4.73,4512,0.86,4550,49,4,0.00,0.00,0.0,0.00,0.00,0.0,1.00,5433.00,35.5
517,0.00,88.00,88.0,3.05,8.00,159.00,167.0,69.71,0,4.73,4509,0.86,4537,49,4,8.00,0.00,8.0,0.00,0.00,0.0,0.00,6126.00,35.6
518,0.00,372.00,372.0,3.88,12.00,252.00,264.0,69.71,0,4.43,4508,0.86,4525,49,4,12.00,0.00,12.0,0.00,0.00,0.0,1.00,7753.00,35.7
519,0.00,52.00,52.0,2.28,1.00,122.00,123.0,69.71,0,4.43,4505,0.86,4517,49,4,0.00,0.00,0.0,0.00,0.00,0.0,0.00,5773.00,35.7
520,0.00,14936.00,14936.0,2.79,8.00,173.00,181.0,69.71,0,4.43,4501,0.86,4505,49,4,8.00,0.00,8.0,0.00,0.00,0.0,0.00,6200.00,35.7
521,0.00,28.00,28.0,3.16,14.00,196.00,210.0,69.71,0,4.43,4499,0.86,4501,49,4,14.00,1.00,15.0,0.00,0.00,0.0,0.00,6703.00,35.7
522,0.00,136.00,136.0,2.55,2.00,172.00,174.0,69.71,0,4.43,4494,0.86,4476,49,4,2.00,0.00,2.0,0.00,0.00,0.0,0.00,8319.00,35.8
523,0.00,32.00,32.0,31.69,12.00,704.00,716.0,69.71,11,4.95,4503,0.86,4498,49,4,8.00,0.00,8.0,4.00,4.00,8.0,10.00,43923.00,69.7
524,0.00,428.00,428.0,29.48,10.00,661.00,671.0,69.73,3,4.95,4503,0.86,4507,49,4,10.00,0.00,10.0,0.00,0.00,0.0,0.00,66028.00,52.7
525,0.00,10848.00,10848.0,21.33,3.00,700.00,703.0,69.74,2,4.95,4505,0.86,4528,49,4,2.00,0.00,2.0,0.00,0.00,0.0,2.00,112644.00,58.1
526,0.00,160.00,160.0,27.69,8.00,1438.00,1446.0,69.75,0,4.95,4510,0.86,4530,49,4,8.00,0.00,8.0,0.00,0.00,0.0,10.00,116999.00,58.0
527,0.00,760.40,760.4,57.49,6.00,2235.00,2241.0,69.78,26,4.95,4512,0.86,4519,49,4,6.00,0.00,6.0,0.00,0.00,0.0,2.00,170419.00,78.7
528,0.00,812.00,812.0,58.66,2.00,1781.00,1783.0,69.8,2,5.12,4512,0.86,4540,50,5,1.00,2.00,3.0,1.00,1.00,2.0,2.00,175850.00,73.3
529,0.00,400.00,400.0,52.86,0.00,1483.00,1483.0,69.83,16,5.12,4512,0.86,4530,50,5,0.00,1.00,1.0,0.00,0.00,0.0,0.00,235324.00,73.1
530,0.00,9556.00,9556.0,35.14,0.00,1579.00,1579.0,69.86,7,5.12,4512,0.86,4527,50,5,0.00,0.00,0.0,0.00,0.00,0.0,0.00,136319.00,64.4
531,0.00,1728.00,1728.0,32.95,1.00,2208.00,2209.0,69.88,2,5.12,4512,0.86,4538,50,5,0.00,2.00,2.0,0.00,0.00,0.0,0.00,122624.00,64.1
532,0.00,284.00,284.0,17.24,0.00,945.00,945.0,69.89,0,5.12,4511,0.86,4552,50,4,0.00,0.00,0.0,0.00,0.00,0.0,0.00,41931.00,40.8
533,0.00,752.00,752.0,2.03,4.00,147.00,151.0,69.89,0,4.71,4509,0.86,4548,50,4,0.00,0.00,0.0,2.00,2.00,4.0,1.00,5919.00,40.6
534,0.00,0.00,0.0,1.78,0.00,94.00,94.0,69.89,0,4.71,4509,0.86,4547,50,4,0.00,0.00,0.0,2.00,2.00,4.0,0.00,5149.00,35.2
535,0.00,628.00,628.0,3.05,20.00,328.00,348.0,69.9,0,4.71,4507,0.86,4531,50,4,20.00,1.00,21.0,0.00,0.00,0.0,0.00,8866.00,35.3
536,0.00,136.00,136.0,2.8,0.00,128.00,128.0,69.9,0,4.71,4502,0.86,4519,50,4,0.00,0.00,0.0,0.00,0.00,0.0,1.00,5659.00,35.2
537,0.00,100.00,100.0,2.28,4.00,142.00,146.0,69.9,0,4.71,4501,0.86,4517,50,4,4.00,0.00,4.0,0.00,0.00,0.0,0.00,6347.00,35.3
538,0.00,504.00,504.0,4.29,16.00,256.00,272.0,69.9,0,4.33,4494,0.86,4481,50,4,16.00,0.00,16.0,0.00,0.00,0.0,1.00,7431.00,35.6
539,0.00,56.00,56.0,1.52,1.00,105.00,106.0,69.9,0,4.33,4494,0.86,4481,50,4,0.00,0.00,0.0,0.00,0.00,0.0,0.00,5089.00,35.4
540,4.00,56196.00,56200.0,2.15,6.00,157.00,163.0,69.9,0,4.33,4494,0.86,4481,50,4,6.00,0.00,6.0,0.00,0.00,0.0,0.00,6906.00,35.6
541,0.00,40.00,40.0,3.3,14.00,215.00,229.0,69.9,0,4.33,4494,0.86,4481,50,4,14.00,1.00,15.0,0.00,0.00,0.0,0.00,6577.00,35.7
542,0.00,144.00,144.0,2.15,0.00,109.00,109.0,69.91,0,4.33,4494,0.86,4481,50,4,0.00,0.00,0.0,0.00,0.00,0.0,0.00,5091.00,35.6
543,0.00,532.00,532.0,12.33,11.00,824.00,835.0,69.91,5,3.98,4495,0.86,4475,50,4,10.00,1.00,11.0,0.00,0.00,0.0,2.00,39197.00,56.2
544,0.00,336.00,336.0,59.72,12.00,2298.00,2310.0,69.93,19,3.98,4503,0.86,4510,49,5,9.90,0.00,9.9,1.00,0.00,1.0,8.00,158342.00,77.8
545,0.00,20964.00,20964.0,57.65,0.00,2266.00,2266.0,69.97,13,3.98,4504,0.86,4521,49,5,0.00,0.00,0.0,0.00,0.00,0.0,1.00,182266.00,77.7
546,0.00,152.00,152.0,68.54,1.00,932.00,933.0,70.01,13,3.98,4505,0.86,4533,49,5,0.00,0.00,0.0,0.00,0.00,0.0,2.00,238153.00,78.2
547,0.00,764.00,764.0,58.93,0.00,1710.00,1710.0,70.04,11,3.98,4509,0.86,4541,49,5,0.00,0.00,0.0,0.00,0.00,0.0,5.00,152374.00,78.0
548,0.00,476.00,476.0,73.23,1.00,2246.00,2247.0,70.08,15,4.31,4512,0.86,4550,49,5,1.00,1.00,2.0,0.00,0.00,0.0,3.00,159925.00,78.4
549,0.00,432.00,432.0,61.07,3.00,2875.00,2878.0,70.12,2,4.31,4512,0.86,4561,49,5,0.00,1.00,1.0,1.00,0.00,1.0,1.00,105094.00,78.0
550,0.00,356.00,356.0,29.81,0.00,409.00,409.0,70.13,1,4.31,4512,0.86,4573,49,5,0.00,0.00,0.0,0.00,0.00,0.0,0.00,20418.00,54.9
551,0.00,1620.00,1620.0,4.94,0.00,99.00,99.0,70.15,0,4.31,4512,0.86,4573,49,5,0.00,0.00,0.0,0.00,0.00,0.0,0.00,5367.00,39.3
552,0.00,148.00,148.0,2.54,2.00,181.00,183.0,70.16,1,4.31,4511,0.86,4569,49,5,2.00,0.00,2.0,0.00,0.00,0.0,0.00,7133.00,38.9
553,0.00,292.00,292.0,2.79,25.00,282.00,307.0,70.14,0,3.96,4511,0.86,4565,50,5,25.00,11.00,36.0,0.00,0.00,0.0,3.00,8349.00,38.6
554,0.00,0.00,0.0,1.78,6.00,124.00,130.0,70.14,0,3.96,4505,0.86,4525,50,5,0.00,1.00,1.0,5.00,4.00,9.0,0.00,5506.00,38.1
555,0.00,56.00,56.0,2.67,9.00,165.00,174.0,70.13,0,3.96,4502,0.86,4513,49,5,9.00,3.00,12.0,0.00,0.00,0.0,8.00,7594.00,38.1
556,0.00,20688.00,20688.0,5.46,14.00,221.00,235.0,70.13,0,3.96,4501,0.86,4505,49,5,14.00,0.00,14.0,0.00,0.00,0.0,11.00,9920.00,38.0
557,0.00,432.00,432.0,1.91,0.00,104.00,104.0,70.13,0,3.96,4498,0.86,4491,49,5,0.00,0.00,0.0,0.00,0.00,0.0,0.00,5446.00,37.8
558,0.00,320.00,320.0,3.16,6.00,195.00,201.0,70.14,0,3.88,4496,0.86,4486,49,5,6.00,0.00,6.0,0.00,0.00,0.0,1.00,7827.00,37.7
559,0.00,56.00,56.0,2.79,14.00,181.00,195.0,70.14,0,3.88,4494,0.86,4481,49,5,14.00,0.00,14.0,0.00,0.00,0.0,0.00,5763.00,37.3
560,0.00,56.00,56.0,2.16,6.00,200.00,206.0,70.14,1,3.88,4497,0.86,4485,51,4,6.00,6.00,12.0,0.00,0.00,0.0,3.00,10142.00,37.2
561,0.00,14544.00,14544.0,21.49,17.00,1301.00,1318.0,70.15,4,3.88,4505,0.86,4503,51,4,17.00,4.00,21.0,0.00,0.00,0.0,8.00,72668.00,63.0
562,0.00,356.00,356.0,67.04,7.92,2117.82,2125.7400000000002,70.18,23,3.88,4505,0.86,4515,51,4,8.00,3.00,11.0,0.00,0.00,0.0,0.00,169642.00,78.4
563,0.00,56.00,56.0,73.24,0.00,1889.00,1889.0,70.21,14,5.41,4506,0.86,4509,51,4,0.00,0.00,0.0,0.00,0.00,0.0,2.00,189624.00,78.8
564,0.00,304.00,304.0,83.25,4.00,1035.00,1039.0,70.25,23,5.41,4509,0.86,4578,51,4,0.00,1.00,1.0,4.00,4.00,8.0,2.97,114188.12,79.4
565,0.00,532.00,532.0,70.75,5.00,1627.00,1632.0,70.31,8,5.41,4510,0.86,4533,50,4,5.00,4.00,9.0,0.00,0.00,0.0,4.00,136409.00,79.3
566,0.00,1244.00,1244.0,56.69,2.00,2449.00,2451.0,70.35,15,5.41,4510,0.86,4543,50,5,0.00,0.00,0.0,1.00,1.00,2.0,4.00,170339.00,78.8
567,0.00,704.00,704.0,50.57,0.00,2776.00,2776.0,70.37,6,5.41,4510,0.86,4542,50,5,0.00,0.00,0.0,0.00,0.00,0.0,0.00,103219.00,65.0
568,0.00,152.00,152.0,6.08,0.00,151.00,151.0,70.38,0,5.14,4510,0.86,4549,50,5,0.00,0.00,0.0,0.00,0.00,0.0,1.00,9542.00,39.6
569,0.00,60.00,60.0,1.53,0.00,0.00,0.0,70.35,0,5.14,4510,0.86,4549,50,5,0.00,0.00,0.0,0.00,0.00,0.0,0.00,4887.00,34.3
570,0.00,56.00,56.0,1.66,0.00,42.00,42.0,70.35,0,5.14,4508,0.86,4555,50,4,0.00,1.00,1.0,0.00,0.00,0.0,0.00,5049.00,34.4
571,0.00,3248.00,3248.0,2.53,2.00,151.00,153.0,70.36,0,5.14,4505,0.86,4528,50,4,0.00,2.00,2.0,0.00,0.00,0.0,0.00,5419.00,34.4
572,0.00,156.00,156.0,2.28,2.00,92.00,94.0,70.36,0,5.14,4505,0.86,4528,50,4,0.00,2.00,2.0,0.00,0.00,0.0,0.00,5204.00,34.5
573,0.00,28.00,28.0,3.06,19.00,313.00,332.0,70.36,0,4.73,4504,0.86,4510,50,4,14.00,2.00,16.0,0.00,0.00,0.0,1.00,9488.00,34.6
574,0.00,0.00,0.0,2.17,10.00,162.00,172.0,70.36,0,4.73,4501,0.86,4498,50,4,6.00,2.00,8.0,4.00,4.00,8.0,0.00,5018.00,34.6
575,0.00,60.00,60.0,1.79,3.00,103.00,106.0,70.36,0,4.73,4499,0.86,4492,50,4,0.00,2.00,2.0,0.00,0.00,0.0,0.00,4829.00,34.5
576,4.00,57844.00,57848.0,3.05,19.00,240.00,259.0,70.36,0,4.73,4494,0.86,4478,50,4,16.00,0.00,16.0,0.00,0.00,0.0,1.00,7504.00,34.9
577,0.00,104.00,104.0,2.16,2.00,129.00,131.0,70.37,0,4.73,4494,0.86,4478,50,4,4.00,0.00,4.0,0.00,0.00,0.0,0.00,5171.00,34.9
578,0.00,620.00,620.0,1.4,2.00,103.00,105.0,70.37,0,4.35,4494,0.86,4477,50,4,0.00,2.00,2.0,0.00,0.00,0.0,1.00,5614.00,35.1
579,0.00,60.00,60.0,2.93,21.00,246.00,267.0,70.37,0,4.35,4494,0.86,4478,50,4,18.00,1.00,19.0,0.00,0.00,0.0,0.00,7396.00,35.2
580,0.00,56.00,56.0,2.29,3.00,140.00,143.0,70.37,0,4.35,4494,0.86,4477,49,4,2.00,1.00,3.0,0.00,0.00,0.0,0.00,5010.00,35.3
581,0.00,15724.00,15724.0,4.68,2.00,419.00,421.0,70.37,2,4.35,4495,0.86,4475,49,4,2.00,0.00,2.0,0.00,0.00,0.0,1.00,20298.00,35.9
582,0.00,544.00,544.0,39.77,18.00,2000.00,2018.0,70.4,20,4.35,4503,0.86,4504,49,4,18.00,0.00,18.0,0.00,0.00,0.0,8.00,121223.00,75.8
583,0.00,64.00,64.0,64.89,0.00,2290.00,2290.0,70.43,12,5.44,4504,0.86,4511,49,4,0.00,0.00,0.0,0.00,0.00,0.0,2.00,202687.00,75.6
584,0.00,376.00,376.0,62.92,0.00,1490.00,1490.0,70.44,17,5.44,4505,0.86,4541,49,4,0.00,0.00,0.0,0.00,0.00,0.0,1.00,206930.00,76.2
585,0.00,300.00,300.0,62.74,0.00,1531.00,1531.0,70.48,4,5.44,4510,0.86,4537,49,4,0.00,0.00,0.0,0.00,0.00,0.0,5.00,147993.00,75.7
586,0.00,1932.00,1932.0,52.03,0.00,2535.00,2535.0,70.53,10,5.44,4512,0.86,4534,49,4,0.00,0.00,0.0,0.00,0.00,0.0,3.00,178992.00,76.0
587,0.00,704.00,704.0,60.0,0.00,2919.00,2919.0,70.56,2,5.44,4513,0.86,4547,49,4,0.00,0.00,0.0,0.00,0.00,0.0,1.00,100535.00,70.8
588,0.00,472.00,472.0,12.2,0.00,492.00,492.0,70.56,0,5.73,4513,0.86,4555,49,4,0.00,0.00,0.0,0.00,0.00,0.0,1.00,27388.00,41.9
589,0.00,60.00,60.0,1.92,0.00,120.00,120.0,70.56,0,5.73,4513,0.86,4554,49,4,0.00,0.00,0.0,0.00,0.00,0.0,0.00,5637.00,36.4
590,0.00,236.00,236.0,3.04,8.00,230.00,238.0,70.57,0,5.73,4512,0.86,4548,49,4,8.00,0.00,8.0,0.00,0.00,0.0,0.00,8134.00,36.4
591,0.00,920.00,920.0,2.53,13.00,199.00,212.0,70.57,0,5.73,4509,0.86,4541,49,4,12.00,0.00,12.0,0.00,0.00,0.0,0.00,6675.00,36.4
592,0.00,19604.00,19604.0,1.79,2.00,115.00,117.0,70.57,0,5.73,4502,0.86,4503,49,4,2.00,0.00,2.0,0.00,0.00,0.0,0.00,5480.00,36.2
593,0.00,748.00,748.0,3.27,10.00,203.00,213.0,70.57,0,5.35,4501,0.86,4495,49,4,10.00,0.00,10.0,0.00,0.00,0.0,1.00,7611.00,36.3
594,0.00,136.00,136.0,2.53,12.00,170.00,182.0,70.57,1,5.35,4500,0.86,4493,49,4,8.00,0.00,8.0,4.00,4.00,8.0,0.00,6097.00,36.2
595,0.00,60.00,60.0,1.9,3.00,115.00,118.0,70.57,0,5.35,4496,0.86,4477,49,4,3.00,1.00,4.0,0.00,0.00,0.0,0.00,5280.00,36.0
596,0.00,152.00,152.0,4.07,14.00,232.00,246.0,70.57,1,5.35,4496,0.86,4477,49,4,14.00,0.00,14.0,0.00,0.00,0.0,1.00,7855.00,36.1
597,0.00,17920.00,17920.0,2.41,4.00,149.00,153.0,70.58,0,5.35,4494,0.86,4473,49,4,4.00,0.00,4.0,0.00,0.00,0.0,0.00,5326.00,36.0
598,0.00,788.00,788.0,3.94,2.00,306.00,308.0,70.58,4,4.92,4495,0.86,4472,49,4,2.00,0.00,2.0,0.00,0.00,0.0,2.00,18109.00,36.5
599,0.00,80.00,80.0,34.01,18.00,1974.00,1992.0,70.59,13,4.92,4503,0.86,4490,49,4,18.00,0.00,18.0,0.00,0.00,0.0,8.00,118119.00,72.4
600,0.00,92.00,92.0,68.03,0.00,2251.00,2251.0,70.62,10,4.92,4504,0.86,4510,49,4,0.00,0.00,0.0,0.00,0.00,0.0,1.00,209019.00,72.9
601,0.00,672.00,672.0,64.19,0.00,1652.00,1652.0,70.65,20,4.92,4505,0.86,4522,49,4,0.00,0.00,0.0,0.00,0.00,0.0,1.00,231567.00,82.0
602,0.00,3580.00,3580.0,65.17,0.00,1461.00,1461.0,70.7,8,4.92,4510,0.86,4526,49,4,0.00,0.00,0.0,0.00,0.00,0.0,5.00,208584.00,76.4
603,0.00,888.00,888.0,54.49,1.00,2427.00,2428.0,70.73,16,4.77,4512,0.86,4526,49,4,0.00,0.00,0.0,0.00,0.00,0.0,3.00,149493.00,76.3
604,0.00,1320.00,1320.0,60.98,6.00,2820.00,2826.0,70.79,6,4.77,4512,0.86,4532,50,5,0.00,1.00,1.0,5.00,5.00,10.0,1.00,122300.00,76.0
605,0.00,184.00,184.0,20.73,2.00,686.00,688.0,70.79,0,4.77,4512,0.86,4537,50,5,0.00,2.00,2.0,0.00,0.00,0.0,0.00,36311.00,48.6
606,0.00,156.00,156.0,2.28,10.00,10.00,20.0,70.79,0,4.77,4514,0.86,4541,51,5,9.00,11.00,20.0,0.00,0.00,0.0,3.00,5052.00,35.2
607,0.00,5800.00,5800.0,1.66,0.00,0.00,0.0,70.79,0,4.77,4513,0.86,4541,51,5,0.00,0.00,0.0,0.00,0.00,0.0,0.00,5111.00,35.1
608,0.00,56.00,56.0,3.39,5.00,129.00,134.0,70.79,0,4.38,4508,0.86,4543,50,4,3.00,5.00,8.0,0.00,0.00,0.0,1.00,5440.00,35.3
609,0.00,60.00,60.0,2.17,1.00,122.00,123.0,70.79,0,4.38,4502,0.86,4507,50,4,0.00,0.00,0.0,0.00,0.00,0.0,0.00,5299.00,35.2
610,0.00,284.00,284.0,2.16,0.00,158.00,158.0,70.79,0,4.38,4501,0.86,4501,50,4,0.00,0.00,0.0,0.00,0.00,0.0,0.00,6686.00,35.3
611,0.00,180.00,180.0,3.92,12.00,287.00,299.0,70.8,0,4.38,4500,0.86,4491,50,4,12.00,0.00,12.0,0.00,0.00,0.0,0.00,8055.00,35.4
612,0.00,19384.00,19384.0,2.04,0.00,110.00,110.0,70.8,0,4.38,4496,0.86,4479,50,4,0.00,0.00,0.0,0.00,0.00,0.0,0.00,5952.00,35.4
613,0.00,436.00,436.0,2.89,0.00,140.00,140.0,70.8,1,4.03,4496,0.86,4479,50,4,0.00,0.00,0.0,0.00,0.00,0.0,1.00,6796.00,35.5
614,0.00,0.00,0.0,3.05,20.00,231.00,251.0,70.8,0,4.03,4494,0.86,4475,50,4,18.00,0.00,18.0,0.00,0.00,0.0,0.00,6758.00,35.5
615,0.00,64.00,64.0,1.64,0.00,116.00,116.0,70.8,0,4.03,4494,0.86,4475,50,4,2.00,0.00,2.0,0.00,0.00,0.0,0.00,5076.00,35.6
616,0.00,380.00,380.0,4.05,6.00,188.00,194.0,70.8,0,4.03,4494,0.86,4475,50,4,6.00,0.00,6.0,0.00,0.00,0.0,17.00,10217.00,35.7
617,0.00,51656.00,51656.0,3.15,14.00,194.00,208.0,70.81,0,4.03,4494,0.86,4475,50,4,14.00,0.00,14.0,0.00,0.00,0.0,0.00,5965.00,35.8
618,0.00,824.00,824.0,1.9,0.00,103.00,103.0,70.81,3,3.79,4494,0.86,4475,50,4,0.00,0.99,0.99,0.00,0.00,0.0,1.00,5993.00,35.9
619,0.00,32.00,32.0,9.83,10.00,1013.00,1023.0,70.81,1,3.79,4496,0.86,4471,50,4,10.10,0.00,10.1,0.00,0.00,0.0,2.00,50326.00,48.7
620,0.00,192.00,192.0,54.06,10.00,2512.00,2522.0,70.83,30,3.79,4503,0.86,4494,50,4,9.90,0.00,9.9,0.00,0.00,0.0,7.00,183965.00,77.3
621,0.00,536.00,536.0,78.7,2.00,1581.00,1583.0,70.86,14,3.79,4504,0.86,4494,50,4,0.00,2.00,2.0,0.00,0.00,0.0,1.00,170570.00,83.4
622,0.00,900.00,900.0,71.23,2.00,1212.00,1214.0,70.89,35,3.79,4505,0.86,4532,50,4,0.00,2.00,2.0,0.00,0.00,0.0,1.00,219096.00,83.2
623,0.00,492.00,492.0,71.08,2.00,1617.00,1619.0,70.92,3,6.45,4508,0.86,4517,50,4,0.00,2.00,2.0,0.00,0.00,0.0,4.00,153003.00,82.8
624,0.00,432.00,432.0,68.99,6.00,2576.00,2582.0,70.96,3,6.45,4512,0.86,4527,50,4,0.00,2.00,2.0,4.00,4.00,8.0,4.00,156609.00,82.2
625,0.00,636.00,636.0,57.07,2.00,2756.00,2758.0,71.0,1,6.45,4512,0.86,4539,50,4,0.00,2.00,2.0,0.00,0.00,0.0,1.00,104936.00,73.5
626,0.00,656.00,656.0,14.25,3.00,428.00,431.0,71.0,0,6.45,4512,0.86,4549,50,4,0.00,2.00,2.0,0.00,0.00,0.0,1.00,23937.00,41.3
627,0.00,132.00,132.0,1.79,2.00,106.00,108.0,71.01,0,6.45,4512,0.86,4549,50,4,0.00,2.00,2.0,0.00,0.00,0.0,0.00,5371.00,35.5
628,0.00,260.00,260.0,4.53,14.00,262.00,276.0,71.01,1,5.93,4512,0.86,4542,50,4,12.00,2.00,14.0,0.00,0.00,0.0,1.00,8116.00,35.9
629,0.00,188.00,188.0,2.66,10.00,211.00,221.0,71.01,0,5.93,4509,0.86,4535,50,4,8.00,1.00,9.0,0.00,0.00,0.0,0.00,6438.00,35.8
630,0.00,91.09,91.09,1.79,0.00,115.00,115.0,71.01,0,5.93,4503,0.86,4507,50,4,0.00,0.00,0.0,0.00,0.00,0.0,0.00,5510.00,35.7
631,0.00,428.00,428.0,3.16,12.00,195.00,207.0,71.01,1,5.93,4502,0.86,4503,50,4,12.00,0.00,12.0,0.00,0.00,0.0,0.00,7010.00,42.3
632,0.00,27248.00,27248.0,10.83,10.00,170.00,180.0,71.04,0,5.93,4501,0.86,4500,49,4,8.00,1.00,9.0,0.00,0.00,0.0,0.00,5685.00,42.4
633,0.00,28.00,28.0,2.04,1.00,114.00,115.0,71.03,0,5.46,4498,0.86,4488,49,4,0.00,0.00,0.0,0.00,0.00,0.0,1.00,6271.00,35.6
634,0.00,0.00,0.0,3.18,20.00,247.00,267.0,71.03,0,5.46,4495,0.86,4476,49,4,16.00,0.00,16.0,4.00,4.00,8.0,0.00,7223.00,35.6
635,0.00,68.00,68.0,2.15,4.00,144.00,148.0,71.03,0,5.46,4494,0.86,4474,49,4,4.00,0.00,4.0,0.00,0.00,0.0,0.00,5303.00,35.5
636,0.00,388.00,388.0,4.77,3.00,280.00,283.0,71.03,0,5.46,4495,0.86,4473,49,4,2.00,0.00,2.0,0.00,0.00,0.0,6.00,14129.00,35.9
637,0.00,144.00,144.0,26.61,18.00,2074.00,2092.0,71.04,17,5.46,4503,0.86,4496,49,4,18.00,0.00,18.0,0.00,0.00,0.0,8.00,116791.00,67.3
638,4.00,20816.00,20820.0,62.72,0.00,2443.00,2443.0,71.07,5,6.3,4504,0.86,4513,49,4,0.00,0.00,0.0,0.00,0.00,0.0,2.00,209281.00,74.6
639,0.00,64.00,64.0,66.83,1.00,1272.00,1273.0,71.09,22,6.3,4505,0.86,4527,49,4,0.00,0.00,0.0,0.00,0.00,0.0,1.00,218361.00,82.5
640,0.00,316.00,316.0,66.16,0.00,1300.00,1300.0,71.12,11,6.3,4509,0.86,4513,49,4,0.00,0.00,0.0,0.00,0.00,0.0,5.00,209137.00,76.7
641,0.00,832.00,832.0,46.81,0.00,2308.00,2308.0,71.16,20,6.3,4511,0.86,4519,49,4,0.00,0.00,0.0,0.00,0.00,0.0,1.00,167837.00,76.1
642,0.00,736.00,736.0,57.4,3.00,3174.00,3177.0,71.2,8,6.3,4512,0.86,4524,50,5,0.00,3.00,3.0,1.00,1.00,2.0,2.00,131072.00,76.0
643,0.00,6864.00,6864.0,24.11,2.00,733.00,735.0,71.22,0,5.88,4512,0.86,4534,50,5,0.00,1.00,1.0,0.00,0.00,0.0,1.00,35832.00,49.8
644,0.00,172.00,172.0,1.52,0.00,0.00,0.0,71.22,1,5.88,4512,0.86,4534,50,5,0.00,0.00,0.0,0.00,0.00,0.0,0.00,5295.00,35.3
645,0.00,72.00,72.0,2.03,0.00,0.00,0.0,71.22,0,5.88,4511,0.86,4534,50,5,0.00,0.00,0.0,0.00,0.00,0.0,0.00,4906.00,35.2
646,0.00,172.00,172.0,3.7,1.00,125.00,126.0,71.22,0,5.88,4510,0.86,4538,50,4,0.00,1.00,1.0,0.00,0.00,0.0,1.00,5435.00,35.2
647,0.00,132.00,132.0,2.28,0.00,111.00,111.0,71.22,0,5.88,4504,0.86,4512,50,4,0.00,0.00,0.0,0.00,0.00,0.0,0.00,5050.00,35.1
648,0.00,1720.00,1720.0,1.93,0.00,132.00,132.0,71.21,0,5.41,4503,0.86,4508,50,4,0.00,0.00,0.0,0.00,0.00,0.0,1.00,7229.00,35.4
649,0.00,56.00,56.0,4.04,21.00,324.00,345.0,71.21,0,5.41,4502,0.86,4496,50,4,20.00,1.00,21.0,0.00,0.00,0.0,0.00,7490.10,35.4
650,0.00,276.00,276.0,1.52,2.00,115.00,117.0,71.21,0,5.41,4499,0.86,4486,50,4,0.00,2.00,2.0,0.00,0.00,0.0,0.00,5379.00,35.4
651,0.00,896.00,896.0,2.27,8.00,175.00,183.0,71.21,0,5.41,4497,0.86,4482,50,4,8.00,0.00,8.0,0.00,0.00,0.0,0.00,7067.00,35.6
652,0.00,200.00,200.0,3.42,12.00,214.00,226.0,71.22,0,5.41,4494,0.86,4476,50,4,12.00,0.00,12.0,0.00,0.00,0.0,0.00,6262.00,35.6
653,0.00,58844.00,58844.0,2.16,0.00,106.00,106.0,71.21,0,4.97,4494,0.86,4476,50,4,0.00,0.00,0.0,0.00,0.00,0.0,1.00,5736.00,35.7
654,0.00,736.00,736.0,2.79,14.00,214.00,228.0,71.21,0,4.97,4494,0.86,4475,50,4,10.00,0.00,10.0,4.00,4.00,8.0,0.00,8438.00,35.8
655,0.00,72.00,72.0,2.16,10.00,185.00,195.0,71.21,0,4.97,4494,0.86,4476,50,4,10.00,0.00,10.0,0.00,0.00,0.0,0.00,5246.00,35.8
656,0.00,176.00,176.0,2.3,0.00,104.00,104.0,71.21,0,4.97,4494,0.86,4476,50,4,0.00,0.00,0.0,0.00,0.00,0.0,1.00,6914.00,36.2
657,0.00,140.00,140.0,20.81,14.00,1324.00,1338.0,71.22,4,4.97,4499,0.86,4492,50,4,12.00,0.00,12.0,0.00,0.00,0.0,9.00,70569.00,57.8
658,0.00,8116.00,8116.0,52.3,15.00,2640.00,2655.0,71.25,10,4.65,4505,0.86,4503,51,4,17.00,11.00,28.0,0.00,0.00,0.0,3.00,196355.00,74.3
659,0.00,84.00,84.0,67.6,1.00,1756.00,1757.0,71.28,20,4.65,4506,0.86,4517,51,4,0.00,0.00,0.0,0.00,0.00,0.0,1.00,205046.00,82.5
660,0.00,344.00,344.0,76.34,3.00,1115.00,1118.0,71.31,14,4.65,4506,0.86,4521,50,4,3.00,4.00,7.0,0.00,0.00,0.0,3.00,164159.00,82.4
661,0.00,1000.00,1000.0,58.98,3.00,2077.00,2080.0,71.34,12,4.65,4511,0.86,4528,50,4,0.00,3.00,3.0,0.00,0.00,0.0,4.00,141540.00,74.1
662,0.00,992.00,992.0,57.09,3.00,2921.00,2924.0,71.38,16,4.65,4513,0.86,4536,50,4,0.00,2.00,2.0,0.00,0.00,0.0,2.00,154991.00,74.1
663,0.00,324.00,324.0,37.64,2.00,1794.00,1796.0,71.4,2,5.72,4512,0.86,4551,50,4,0.00,2.00,2.0,0.00,0.00,0.0,1.00,72209.00,61.6
664,0.00,360.00,360.0,1.9,7.00,156.00,163.0,71.4,1,5.72,4512,0.86,4551,50,4,1.00,3.00,4.0,4.00,4.00,8.0,0.00,5376.00,35.6
665,0.00,72.00,72.0,2.3,7.00,145.00,152.0,71.4,1,5.72,4512,0.86,4549,50,4,4.00,2.00,6.0,0.00,0.00,0.0,0.00,6066.00,35.6
666,0.00,176.00,176.0,3.44,14.00,282.00,296.0,71.41,1,5.72,4511,0.86,4541,50,4,12.00,2.00,14.0,0.00,0.00,0.0,1.00,8232.00,35.7
667,0.00,420.00,420.0,2.15,6.00,138.00,144.0,71.41,1,5.72,4507,0.86,4515,50,4,4.00,2.00,6.0,0.00,0.00,0.0,0.00,5544.00,35.6
668,0.00,64.00,64.0,2.41,6.00,134.00,140.0,71.41,1,5.27,4504,0.86,4508,49,4,4.00,0.00,4.0,0.00,0.00,0.0,1.00,6120.00,35.7
669,4.00,26068.00,26072.0,2.91,10.00,213.00,223.0,71.41,1,5.27,4503,0.86,4502,49,4,10.00,0.00,10.0,0.00,0.00,0.0,0.00,6995.00,35.8
670,0.00,356.00,356.0,2.16,0.00,125.00,125.0,71.41,1,5.27,4501,0.86,4490,49,4,0.00,0.00,0.0,0.00,0.00,0.0,0.00,5221.00,35.7
671,0.00,236.00,236.0,1.91,0.00,129.00,129.0,71.41,2,5.27,4497,0.86,4480,49,4,0.00,0.00,0.0,0.00,0.00,0.0,0.00,6319.00,35.6
672,0.00,112.00,112.0,3.05,8.00,212.00,220.0,71.41,2,5.27,4495,0.86,4474,49,4,8.00,0.00,8.0,0.00,0.00,0.0,0.00,7457.00,35.7
673,4.00,292.00,296.0,2.04,4.00,143.00,147.0,71.41,1,4.84,4494,0.86,4474,49,4,4.00,0.00,4.0,0.00,0.00,0.0,1.00,6153.00,35.7
674,0.00,20580.00,20580.0,7.98,8.00,507.00,515.0,71.42,2,4.84,4496,0.86,4475,49,4,4.00,0.00,4.0,4.00,4.00,8.0,2.00,27782.00,45.2
675,0.00,96.00,96.0,31.8,16.00,2024.00,2040.0,71.44,16,4.84,4503,0.86,4486,49,4,16.00,0.00,16.0,0.00,0.00,0.0,7.00,131390.00,65.1
676,0.00,908.00,908.0,74.4,0.00,1936.00,1936.0,71.5,21,4.84,4504,0.86,4523,49,4,0.00,0.00,0.0,0.00,0.00,0.0,20.00,124837.00,82.3
677,0.00,284.00,284.0,65.8,0.00,1769.00,1769.0,71.53,13,4.84,4505,0.86,4510,49,4,0.00,0.00,0.0,0.00,0.00,0.0,1.00,199941.00,82.0
678,0.00,1028.00,1028.0,57.5,0.00,1699.01,1699.01,71.56,2,5.42,4510,0.86,4526,49,4,0.00,0.00,0.0,0.00,0.00,0.0,6.00,219826.00,73.6
679,0.00,1952.48,1952.48,44.42,0.00,2712.00,2712.0,71.58,10,5.42,4512,0.86,4532,49,4,0.00,0.00,0.0,0.00,0.00,0.0,3.00,170071.00,73.5
680,0.00,532.00,532.0,43.04,1.00,2751.00,2752.0,71.6,8,5.42,4513,0.86,4545,50,5,0.00,1.00,1.0,1.00,1.00,2.0,1.00,101567.00,61.9
681,0.00,300.00,300.0,8.01,1.00,299.00,300.0,71.6,2,5.42,4513,0.86,4551,50,5,0.00,1.00,1.0,0.00,0.00,0.0,0.00,21472.00,36.1
682,0.00,140.00,140.0,2.02,2.00,2.00,4.0,71.6,3,5.42,4513,0.86,4551,50,5,0.00,2.00,2.0,0.00,0.00,0.0,0.00,5244.00,36.5
683,0.00,32.00,32.0,1.52,2.00,2.00,4.0,71.6,1,4.98,4513,0.86,4551,50,5,0.00,2.00,2.0,0.00,0.00,0.0,1.00,5404.00,36.2
