0,8.00,56.00,64.0,4.57,7.00,7.00,14.0,56.99,1,1.02,4225,0.57,3934,49,4,9.00,18.00,27.0,0.00,0.00,0.0,5.00,12470.00,
1,0.00,284.00,284.0,2.3,0.00,0.00,0.0,56.99,0,1.02,4225,0.57,3934,49,4,0.00,0.00,0.0,0.00,0.00,0.0,0.00,11344.00,36.5
2,0.00,28.00,28.0,1.54,0.00,0.00,0.0,56.99,1,1.02,4225,0.57,3934,49,4,0.00,0.00,0.0,0.00,0.00,0.0,0.00,12015.00,36.5
3,0.00,72.00,72.0,2.27,0.00,0.00,0.0,56.99,1,0.94,4225,0.57,3934,49,4,0.00,0.00,0.0,0.00,0.00,0.0,0.00,12128.00,36.4
4,0.00,340.00,340.0,2.29,0.00,0.00,0.0,57.0,0,0.94,4225,0.57,3934,49,4,0.00,0.00,0.0,0.00,0.00,0.0,0.00,11601.00,36.4
5,0.00,284.00,284.0,2.93,0.00,0.00,0.0,57.0,1,0.94,4225,0.57,3934,49,4,0.00,0.00,0.0,0.00,0.00,0.0,1.00,11945.00,36.5
6,4.00,216.00,220.0,4.83,0.00,0.00,0.0,57.0,0,0.94,4225,0.57,3934,49,4,0.00,0.00,0.0,0.00,0.00,0.0,17.00,13505.00,36.6
7,0.00,76.00,76.0,3.02,0.00,0.00,0.0,57.0,1,0.94,4225,0.57,3934,49,4,0.00,0.00,0.0,0.00,0.00,0.0,0.00,12079.00,36.6
8,0.00,96.00,96.0,3.03,0.00,0.00,0.0,57.0,0,0.86,4225,0.57,3934,49,4,0.00,0.00,0.0,0.00,0.00,0.0,0.00,12040.00,36.6
9,0.00,416.00,416.0,14.72,0.00,5.00,5.0,57.04,5,0.86,4225,0.57,3936,49,4,0.00,0.00,0.0,0.00,0.00,0.0,0.00,12380.00,36.5
10,0.00,64.00,64.0,75.91,0.00,110.00,110.0,57.19,16,0.86,4264,0.57,4036,49,4,0.00,0.00,0.0,0.00,0.00,0.0,40.00,32732.00,79.9
11,0.00,4.00,4.0,89.3,0.00,307.00,307.0,57.3,23,0.86,4294,0.57,4064,49,4,0.00,0.00,0.0,0.00,0.00,0.0,30.00,40314.00,87.9
12,0.00,28.00,28.0,93.11,5.00,251.00,256.0,57.39,13,0.86,4330,0.57,4115,49,4,1.00,1.00,2.0,4.00,4.00,8.0,36.00,32401.00,87.9
13,0.00,80.00,80.0,90.49,0.00,286.00,286.0,57.48,16,2.07,4345,0.57,4121,49,4,0.00,0.00,0.0,0.00,0.00,0.0,15.00,43855.00,87.8
14,0.00,316.00,316.0,92.22,0.00,317.00,317.0,57.57,15,2.07,4355,0.57,4166,49,4,0.00,0.00,0.0,0.00,0.00,0.0,10.00,43977.00,87.7
15,0.00,12104.00,12104.0,88.23,0.00,362.00,362.0,57.57,17,2.07,4390,0.57,4183,49,4,0.00,0.00,0.0,0.00,0.00,0.0,36.00,42438.00,87.6
16,0.00,680.00,680.0,63.13,0.00,430.00,430.0,57.66,2,2.07,4410,0.57,4223,49,4,0.00,0.00,0.0,0.00,0.00,0.0,20.00,39096.00,87.4
17,0.00,1160.00,1160.0,14.7,1.00,1.00,2.0,57.71,2,2.07,4410,0.57,4223,49,4,0.00,0.00,0.0,0.00,0.00,0.0,0.00,10336.00,62.1
18,0.00,1356.00,1356.0,54.83,0.00,13.00,13.0,57.81,13,2.71,4410,0.57,4229,49,4,0.00,0.00,0.0,0.00,0.00,0.0,0.00,16537.00,62.5
19,0.00,1400.00,1400.0,92.12,0.00,30.00,30.0,57.82,11,2.71,4411,0.57,4231,49,4,0.00,0.00,0.0,0.00,0.00,0.0,1.00,15801.00,90.8
20,0.00,812.00,812.0,93.12,1.00,386.00,387.0,57.88,36,2.71,4420,0.57,4284,49,4,0.00,0.00,0.0,0.00,0.00,0.0,10.00,40277.00,90.6
21,0.00,284.00,284.0,93.87,0.00,572.00,572.0,57.92,21,2.71,4432,0.57,4275,49,4,0.00,0.00,0.0,0.00,0.00,0.0,13.00,46816.00,90.2
22,0.00,132.00,132.0,92.48,4.00,439.00,443.0,57.97,14,2.71,4447,0.57,4289,49,4,0.00,0.00,0.0,4.00,4.00,8.0,15.00,42486.00,89.9
23,0.00,76.00,76.0,91.1,1.00,193.00,194.0,57.99,10,3.05,4470,0.57,4316,49,4,0.00,0.00,0.0,0.00,0.00,0.0,23.00,29140.00,89.8
24,0.00,320.79,320.79,91.17,0.00,8.00,8.0,58.07,19,3.05,4502,0.57,4436,49,4,0.00,0.00,0.0,0.00,0.00,0.0,32.00,40819.00,89.7
25,0.00,56.00,56.0,88.78,0.00,0.00,0.0,58.1,20,3.05,4503,0.57,4407,49,4,0.00,0.00,0.0,0.00,0.00,0.0,2.00,68651.00,89.4
26,0.00,24.00,24.0,91.11,0.00,28.00,28.0,58.17,33,3.05,4508,0.57,4423,49,4,0.00,0.00,0.0,0.00,0.00,0.0,5.00,67590.00,89.2
27,0.00,828.00,828.0,91.57,0.00,366.00,366.0,58.2,14,3.05,4518,0.57,4402,49,4,0.00,0.00,0.0,0.00,0.00,0.0,10.00,42172.00,88.9
28,0.00,360.00,360.0,80.15,0.00,240.00,240.0,58.32,18,4.01,4550,0.57,4503,49,4,0.00,0.00,0.0,0.00,0.00,0.0,32.00,54124.00,88.6
29,0.00,752.00,752.0,92.61,0.00,496.00,496.0,58.37,14,4.01,4562,0.57,4444,49,4,0.00,0.00,0.0,0.00,0.00,0.0,13.00,40358.00,88.6
30,0.00,56.00,56.0,90.93,0.00,441.00,441.0,58.47,12,4.01,4574,0.57,4455,49,4,0.00,0.00,0.0,0.00,0.00,0.0,13.00,45026.00,88.5
31,0.00,0.00,0.0,85.62,0.00,134.00,134.0,58.56,26,4.01,4599,0.57,4484,49,4,0.00,0.00,0.0,0.00,0.00,0.0,26.00,48098.00,88.2
32,0.00,40.00,40.0,91.96,0.00,849.00,849.0,58.55,10,4.01,4609,0.57,4514,49,4,0.00,0.00,0.0,0.00,0.00,0.0,10.00,47150.00,88.0
33,0.00,480.00,480.0,87.96,0.00,600.00,600.0,58.63,18,4.09,4639,0.57,4573,49,4,0.00,0.00,0.0,0.00,0.00,0.0,30.00,41596.00,88.0
34,0.00,996.00,996.0,71.73,0.00,120.00,120.0,58.69,5,4.09,4658,0.57,4607,49,4,0.00,0.00,0.0,0.00,0.00,0.0,21.00,30315.00,88.0
35,0.00,1080.00,1080.0,7.14,0.00,4.00,4.0,58.66,6,4.09,4657,0.57,4597,49,4,0.00,0.00,0.0,0.00,0.00,0.0,1.00,12362.00,56.2
36,0.00,1420.00,1420.0,66.58,1.00,78.00,79.0,58.74,14,4.09,4669,0.57,4594,49,4,0.00,0.00,0.0,0.00,0.00,0.0,20.00,19563.00,68.0
37,0.00,1472.00,1472.0,83.94,0.00,82.00,82.0,58.79,22,4.09,4657,0.57,4592,49,4,0.00,0.00,0.0,0.00,0.00,0.0,1.00,18948.00,89.5
38,0.00,956.00,956.0,93.75,0.00,743.00,743.0,58.79,50,5.76,4657,0.57,4601,49,4,0.00,0.00,0.0,0.00,0.00,0.0,1.00,47108.00,89.4
39,0.00,236.00,236.0,92.26,0.00,748.00,748.0,58.83,32,5.76,4659,0.57,4629,49,4,0.00,0.00,0.0,0.00,0.00,0.0,2.00,43501.00,89.3
40,0.00,1032.00,1032.0,92.0,1.00,779.00,780.0,58.9,43,5.76,4661,0.57,4660,49,4,0.00,0.00,0.0,0.00,0.00,0.0,4.00,57166.00,89.1
41,0.00,440.00,440.0,92.61,6.00,598.00,604.0,58.94,28,5.76,4668,0.57,4672,50,4,6.00,7.00,13.0,0.00,0.00,0.0,8.00,46959.00,88.8
42,0.00,424.00,424.0,90.88,8.00,645.00,653.0,58.97,20,5.76,4679,0.57,4704,50,4,4.00,3.00,7.0,4.00,4.00,8.0,12.00,57856.00,88.5
43,0.00,252.00,252.0,88.47,1.00,421.00,422.0,59.07,4,6.34,4695,0.57,4767,50,4,1.00,1.00,2.0,0.00,0.00,0.0,26.00,44157.00,88.3
44,0.00,252.00,252.0,87.45,3.00,272.00,275.0,59.17,4,6.34,4715,0.57,4760,51,5,0.00,2.97,2.97,1.00,1.00,2.0,10.00,29618.00,88.3
45,4.00,0.00,4.0,12.11,8.00,48.00,56.0,59.17,1,6.34,4713,0.57,4756,50,5,5.00,6.00,11.0,0.00,0.00,0.0,1.00,12508.00,63.0
46,0.00,18316.00,18316.0,2.41,2.00,2.00,4.0,59.08,1,6.34,4712,0.57,4752,50,5,0.00,1.00,1.0,0.00,0.00,0.0,0.00,11223.00,37.3
47,0.00,68.00,68.0,3.69,2.00,2.00,4.0,59.08,1,6.34,4712,0.57,4752,50,5,0.00,2.00,2.0,0.00,0.00,0.0,0.00,13556.00,37.2
48,0.00,100.00,100.0,2.16,1.00,23.00,24.0,59.07,1,6.0,4712,0.57,4770,50,4,0.00,1.00,1.0,0.00,0.00,0.0,0.00,11575.00,37.2
49,0.00,432.00,432.0,16.23,1.00,336.00,337.0,59.07,1,6.0,4712,0.57,4770,50,4,0.00,0.00,0.0,0.00,0.00,0.0,0.00,13968.00,46.4
50,0.00,32.00,32.0,4.44,0.00,168.00,168.0,59.07,1,6.0,4711,0.57,4762,50,4,0.00,0.00,0.0,0.00,0.00,0.0,1.00,12058.00,37.0
51,0.00,4704.00,4704.0,10.18,2.00,219.00,221.0,59.08,3,6.0,4711,0.57,4762,50,4,0.00,0.00,0.0,0.00,0.00,0.0,0.00,14685.00,37.0
52,0.00,424.00,424.0,28.34,46.00,645.00,691.0,59.1,3,6.0,4711,0.57,4762,50,4,40.00,2.00,42.0,4.00,4.00,8.0,0.00,19761.00,58.6
53,0.00,188.00,188.0,18.8,2.00,235.00,237.0,59.1,2,5.6,4710,0.57,4758,50,4,0.00,2.00,2.0,0.00,0.00,0.0,0.00,10717.00,59.1
54,0.00,80.00,80.0,9.84,3.00,257.00,260.0,59.1,2,5.6,4710,0.57,4758,50,4,2.00,1.00,3.0,0.00,0.00,0.0,3.00,13023.00,46.7
55,0.00,336.00,336.0,20.78,38.00,487.00,525.0,59.12,1,5.6,4710,0.57,4758,50,4,38.00,0.00,38.0,0.00,0.00,0.0,1.00,15270.00,60.6
56,0.00,3316.00,3316.0,4.53,0.00,240.00,240.0,59.11,1,5.6,4710,0.57,4758,50,4,0.00,0.00,0.0,0.00,0.00,0.0,0.00,12707.00,44.0
57,0.00,72.00,72.0,7.1,8.00,311.00,319.0,59.12,4,5.6,4710,0.57,4758,50,4,6.00,0.00,6.0,0.00,0.00,0.0,0.00,12530.00,37.6
58,0.00,100.00,100.0,21.64,30.00,443.00,473.0,59.12,3,5.39,4710,0.57,4758,50,4,32.00,0.00,32.0,0.00,0.00,0.0,0.00,14273.00,58.4
59,0.00,652.00,652.0,4.34,2.00,303.00,305.0,59.12,1,5.39,4710,0.57,4758,50,4,2.00,0.00,2.0,0.00,0.00,0.0,0.00,13013.00,44.8
60,0.00,88.00,88.0,34.52,12.00,728.00,740.0,59.14,13,5.39,4711,0.57,4760,50,4,12.00,0.00,12.0,0.00,0.00,0.0,2.00,35989.00,45.0
61,0.00,3924.00,3924.0,85.7,31.00,1643.00,1674.0,59.19,15,5.39,4712,0.57,4773,50,4,28.00,3.00,31.0,0.00,0.00,0.0,1.00,84522.00,86.3
62,0.00,1268.00,1268.0,87.78,1.00,1480.00,1481.0,59.23,22,5.39,4714,0.57,4800,50,4,0.00,0.00,0.0,0.00,0.00,0.0,2.00,75444.00,86.4
63,0.00,668.00,668.0,90.2,0.00,746.00,746.0,59.31,7,6.72,4724,0.57,4837,50,4,0.00,0.00,0.0,0.00,0.00,0.0,10.00,44992.00,86.6
64,0.00,620.00,620.0,91.33,1.00,141.00,142.0,59.4,24,6.72,4729,0.57,4879,50,4,0.00,1.00,1.0,0.00,0.00,0.0,5.00,37126.00,87.1
65,0.00,280.00,280.0,96.12,0.00,90.00,90.0,59.47,12,6.72,4738,0.57,4891,50,4,0.00,0.00,0.0,0.00,0.00,0.0,11.00,25553.00,87.3
66,0.00,2588.00,2588.0,92.61,0.00,423.00,423.0,59.52,27,6.72,4738,0.57,4898,50,4,0.00,0.00,0.0,0.00,0.00,0.0,0.00,54396.00,87.4
67,4.00,424.00,428.0,93.73,0.00,601.00,601.0,59.64,24,6.72,4748,0.57,4886,50,4,0.00,0.00,0.0,0.00,0.00,0.0,30.00,37072.00,87.6
68,0.00,112.00,112.0,92.04,1.00,457.00,458.0,59.77,23,7.06,4761,0.57,4973,50,4,0.00,0.00,0.0,0.00,0.00,0.0,13.00,41047.00,87.9
69,0.00,76.00,76.0,90.83,1.00,23.00,24.0,59.79,32,7.06,4787,0.57,5024,50,4,1.00,1.00,2.0,0.00,0.00,0.0,26.00,46283.00,88.1
70,0.00,508.00,508.0,88.99,1.00,88.00,89.0,59.79,39,7.06,4791,0.57,5021,50,4,1.00,1.00,2.0,0.00,0.00,0.0,4.95,90155.45,88.1
71,0.00,2444.00,2444.0,90.61,2.00,190.00,192.0,59.74,23,7.06,4790,0.57,4959,50,4,0.00,2.00,2.0,0.00,0.00,0.0,0.00,72724.00,87.8
72,0.00,16.00,16.0,91.36,6.00,398.00,404.0,59.75,39,7.06,4793,0.57,5045,50,4,0.00,2.00,2.0,4.00,4.00,8.0,3.00,70339.00,87.7
73,0.00,56.00,56.0,87.97,2.00,11.00,13.0,59.75,35,8.42,4795,0.57,5005,50,4,0.00,2.00,2.0,0.00,0.00,0.0,2.00,92867.00,87.6
74,0.00,368.00,368.0,92.88,0.00,405.00,405.0,59.81,21,8.42,4798,0.57,4951,50,4,0.00,0.00,0.0,0.00,0.00,0.0,4.00,57291.00,87.5
75,0.00,88.00,88.0,87.74,0.00,892.00,892.0,59.89,10,8.42,4810,0.57,4960,50,4,0.00,0.00,0.0,0.00,0.00,0.0,15.00,51680.00,87.5
76,0.00,1516.00,1516.0,88.5,2.00,1305.00,1307.0,59.94,11,8.42,4823,0.57,4983,49,4,0.00,0.00,0.0,0.00,0.00,0.0,13.00,67500.00,87.5
77,0.00,328.00,328.0,86.57,0.00,1373.00,1373.0,59.9,14,8.42,4823,0.57,4994,49,4,0.00,0.00,0.0,0.00,0.00,0.0,0.00,76463.00,87.6
78,0.00,288.00,288.0,89.5,0.00,460.00,460.0,59.89,43,9.51,4823,0.57,4979,49,4,0.00,0.00,0.0,0.00,0.00,0.0,1.00,82868.00,87.6
79,0.00,504.00,504.0,90.23,1.00,275.00,276.0,59.92,40,9.51,4822,0.57,4977,49,4,0.00,0.00,0.0,0.00,0.00,0.0,1.00,76778.00,87.6
80,0.00,592.00,592.0,88.5,0.00,482.00,482.0,59.98,12,9.51,4830,0.57,4935,49,4,0.00,0.00,0.0,0.00,0.00,0.0,10.00,78539.00,87.5
81,0.00,580.00,580.0,88.74,0.00,35.00,35.0,60.0,23,9.51,4833,0.57,5001,49,4,0.00,0.00,0.0,0.00,0.00,0.0,3.00,89419.00,87.6
82,0.00,18272.00,18272.0,85.98,5.00,13.00,18.0,60.02,44,9.51,4832,0.57,5003,49,4,0.00,0.00,0.0,4.00,4.00,8.0,1.00,112855.00,87.5
83,0.00,55.45,55.45,83.9,0.00,36.00,36.0,60.05,36,11.47,4832,0.57,5029,49,4,0.00,0.00,0.0,0.00,0.00,0.0,0.00,122395.00,87.4
84,0.00,748.00,748.0,87.88,0.00,90.00,90.0,60.07,58,11.47,4834,0.57,5059,49,4,0.00,0.00,0.0,0.00,0.00,0.0,3.00,98260.00,87.3
85,0.00,40.00,40.0,87.0,0.00,66.00,66.0,60.11,43,11.47,4837,0.57,5050,49,4,0.00,0.00,0.0,0.00,0.00,0.0,5.00,111410.00,87.1
86,0.00,48.00,48.0,86.38,0.00,83.00,83.0,60.13,36,11.47,4837,0.57,5012,49,4,0.00,0.00,0.0,0.00,0.00,0.0,1.00,116442.00,87.0
87,0.00,1080.00,1080.0,87.22,0.00,554.00,554.0,60.16,18,11.47,4837,0.57,4938,49,4,0.00,0.00,0.0,0.00,0.00,0.0,0.00,91884.00,87.1
88,0.00,744.00,744.0,91.49,0.00,766.00,766.0,60.18,32,12.07,4837,0.57,4966,49,4,0.00,0.00,0.0,0.00,0.00,0.0,0.00,77091.00,87.6
89,0.00,664.00,664.0,83.71,0.00,456.00,456.0,60.19,31,12.07,4813,0.57,4972,49,4,0.00,0.00,0.0,0.00,0.00,0.0,1.00,120259.00,87.5
90,0.00,40.00,40.0,93.62,0.00,480.00,480.0,60.23,32,12.07,4813,0.57,4975,49,4,0.00,0.00,0.0,0.00,0.00,0.0,2.00,48806.00,87.3
91,0.00,16.00,16.0,91.88,1.00,714.00,715.0,60.26,45,12.07,4813,0.57,4952,49,4,0.00,0.00,0.0,0.00,0.00,0.0,1.00,62989.00,87.4
92,4.00,10528.00,10532.0,91.11,4.00,772.00,776.0,60.31,58,12.07,4815,0.57,4991,49,4,0.00,0.00,0.0,4.00,4.00,8.0,2.00,68850.00,87.5
93,0.00,840.00,840.0,90.26,0.00,714.00,714.0,60.33,55,15.67,4817,0.57,4982,49,4,0.00,0.00,0.0,0.00,0.00,0.0,2.00,64657.00,87.6
94,0.00,492.00,492.0,91.75,0.00,462.00,462.0,60.35,62,15.67,4816,0.57,4937,49,4,0.00,0.00,0.0,0.00,0.00,0.0,1.00,60820.00,87.7
95,0.00,452.00,452.0,90.75,0.00,665.00,665.0,60.4,80,15.67,4817,0.57,4951,49,4,0.00,0.00,0.0,0.00,0.00,0.0,2.00,63637.00,87.5
96,0.00,688.00,688.0,91.39,0.00,619.00,619.0,60.44,78,15.67,4817,0.57,4931,49,4,0.00,0.00,0.0,0.00,0.00,0.0,0.00,65457.00,87.4
97,4.00,5012.00,5016.0,91.88,0.00,922.00,922.0,60.47,91,15.67,4818,0.57,4949,49,4,0.00,0.00,0.0,0.00,0.00,0.0,21.00,59476.00,87.4
98,0.00,372.00,372.0,91.24,0.00,665.00,665.0,60.5,82,21.06,4818,0.57,4941,49,4,0.00,0.00,0.0,0.00,0.00,0.0,2.00,67332.00,87.2
99,0.00,348.00,348.0,91.75,0.00,645.54,645.54,60.57,77,21.06,4818,0.57,4942,49,4,0.00,0.00,0.0,0.00,0.00,0.0,1.00,64026.00,87.2
100,0.00,1232.00,1232.0,92.38,1.00,495.00,496.0,60.55,86,21.06,4818,0.57,4938,49,4,0.00,0.00,0.0,0.00,0.00,0.0,1.00,63299.00,87.2
101,0.00,692.00,692.0,92.0,0.00,675.00,675.0,60.63,81,21.06,4818,0.57,4941,49,4,0.00,0.00,0.0,0.00,0.00,0.0,0.00,70952.00,87.1
102,0.00,37928.00,37928.0,90.88,6.00,809.00,815.0,60.64,73,21.06,4817,0.57,4920,50,5,0.00,2.00,2.0,5.00,5.00,10.0,0.00,59794.00,87.0
103,0.00,1012.00,1012.0,92.25,3.00,745.00,748.0,60.69,72,25.22,4818,0.57,4915,50,5,0.00,2.00,2.0,0.00,0.00,0.0,2.00,54351.00,87.0
104,0.00,324.00,324.0,92.88,2.00,788.00,790.0,60.7,56,25.22,4818,0.57,4920,50,5,0.00,2.00,2.0,0.00,0.00,0.0,0.00,53426.00,87.0
105,0.00,460.00,460.0,93.75,2.00,836.00,838.0,60.71,41,25.22,4818,0.57,4921,50,5,0.00,2.00,2.0,0.00,0.00,0.0,1.00,49816.00,87.0
106,0.00,328.00,328.0,90.51,3.00,1023.00,1026.0,60.72,49,25.22,4817,0.57,4925,50,4,0.00,2.00,2.0,0.00,0.00,0.0,0.00,57195.00,87.0
107,0.00,5472.00,5472.0,92.62,0.00,880.00,880.0,60.73,30,25.22,4815,0.57,4916,50,4,0.00,0.00,0.0,0.00,0.00,0.0,0.00,54299.00,87.0
108,0.00,236.00,236.0,73.5,0.00,430.00,430.0,60.74,2,23.92,4815,0.57,4934,50,4,0.00,0.00,0.0,0.00,0.00,0.0,1.00,22135.00,86.9
109,0.00,104.00,104.0,25.51,19.00,471.00,490.0,60.74,2,23.92,4813,0.57,4920,50,4,16.00,2.00,18.0,0.00,0.00,0.0,0.00,16242.00,62.2
110,0.00,40.00,40.0,7.59,17.00,368.00,385.0,60.74,1,23.92,4814,0.57,4916,51,4,16.00,8.00,24.0,0.00,0.00,0.0,3.00,14152.00,47.5
111,0.00,0.00,0.0,6.46,19.00,371.00,390.0,60.73,0,23.92,4814,0.57,4911,51,4,16.00,3.00,19.0,0.00,0.00,0.0,0.00,13512.00,46.9
112,0.00,2028.00,2028.0,7.22,22.00,378.00,400.0,60.73,1,23.92,4814,0.57,4911,51,4,18.00,2.00,20.0,0.00,0.00,0.0,0.00,15426.00,40.8
113,0.00,528.00,528.0,5.79,11.00,305.00,316.0,60.7,0,22.0,4812,0.57,4908,51,4,11.00,3.00,14.0,0.00,0.00,0.0,0.00,13376.00,40.6
114,0.00,32.00,32.0,5.61,14.00,305.00,319.0,60.7,0,22.0,4812,0.57,4908,51,4,14.00,0.00,14.0,0.00,0.00,0.0,3.00,14638.00,40.4
115,0.00,416.00,416.0,4.55,21.00,374.00,395.0,60.7,1,22.0,4812,0.57,4907,51,4,20.00,2.00,22.0,0.00,0.00,0.0,1.00,14241.00,40.1
116,0.00,52.00,52.0,4.94,11.00,273.00,284.0,60.7,2,22.0,4809,0.57,4901,50,4,9.00,4.00,13.0,0.00,0.00,0.0,0.00,12724.00,39.9
117,0.00,17716.00,17716.0,13.04,18.00,462.00,480.0,60.7,1,22.0,4810,0.57,4902,50,4,16.00,2.00,18.0,0.00,0.00,0.0,1.00,20073.00,40.3
118,0.00,344.00,344.0,81.38,19.00,1368.00,1387.0,60.74,25,21.2,4811,0.57,4895,50,4,18.00,0.00,18.0,0.00,0.00,0.0,2.00,65388.00,77.6
119,0.00,112.00,112.0,89.5,10.00,1198.00,1208.0,60.77,48,21.2,4817,0.57,4902,50,4,10.00,1.00,11.0,0.00,0.00,0.0,6.00,84012.00,88.2
120,0.00,580.00,580.0,91.76,15.00,1044.00,1059.0,60.8,46,21.2,4817,0.57,4897,49,4,12.00,2.00,14.0,0.00,0.00,0.0,1.00,71554.00,88.0
121,0.00,8.00,8.0,88.75,0.00,842.00,842.0,60.83,69,21.2,4817,0.57,4908,49,4,0.00,0.00,0.0,0.00,0.00,0.0,0.00,89779.00,87.9
122,0.00,688.00,688.0,88.49,4.00,799.00,803.0,60.84,59,21.2,4817,0.57,4914,49,4,0.00,0.00,0.0,4.00,4.00,8.0,0.00,83807.00,87.8
123,0.00,14588.00,14588.0,90.88,0.00,898.00,898.0,60.86,76,24.71,4818,0.57,4930,49,4,0.00,0.00,0.0,0.00,0.00,0.0,1.00,81485.00,87.8
124,0.00,920.00,920.0,88.88,0.00,647.00,647.0,60.89,79,24.71,4818,0.57,4965,49,4,0.00,0.00,0.0,0.00,0.00,0.0,1.00,96908.00,87.6
125,0.00,424.00,424.0,88.12,0.00,828.00,828.0,60.91,74,24.71,4818,0.57,4942,49,4,0.00,0.00,0.0,0.00,0.00,0.0,1.00,102506.00,87.4
126,0.00,440.00,440.0,87.75,1.00,450.00,451.0,60.96,46,24.71,4818,0.57,4954,49,4,1.00,1.00,2.0,0.00,0.00,0.0,0.00,96133.00,87.2
127,4.00,88.00,92.0,90.75,0.00,520.00,520.0,61.01,54,24.71,4825,0.57,4950,49,4,0.00,0.00,0.0,0.00,0.00,0.0,8.00,81183.00,87.1
128,0.00,8232.00,8232.0,88.86,0.00,550.00,550.0,61.03,52,27.14,4816,0.57,4923,49,4,0.00,0.00,0.0,0.00,0.00,0.0,8.00,87504.00,87.1
129,0.00,120.00,120.0,87.27,0.00,723.00,723.0,61.07,46,27.14,4817,0.57,4944,49,4,0.00,0.00,0.0,0.00,0.00,0.0,4.00,114362.00,87.0
130,0.00,548.00,548.0,89.97,0.00,628.00,628.0,61.09,48,27.14,4817,0.57,4924,49,4,0.00,0.00,0.0,0.00,0.00,0.0,1.00,89467.00,86.9
131,0.00,8.00,8.0,85.88,0.00,816.00,816.0,61.14,69,27.14,4818,0.57,4939,49,4,0.00,0.00,0.0,0.00,0.00,0.0,1.00,103169.00,86.8
132,0.00,32.00,32.0,87.12,4.00,728.00,732.0,61.16,62,27.14,4819,0.57,4936,49,4,0.00,0.00,0.0,4.00,4.00,8.0,1.00,99223.00,86.7
133,0.00,10700.00,10700.0,88.49,0.00,359.00,359.0,61.17,47,29.85,4819,0.57,4966,49,4,0.00,0.00,0.0,0.00,0.00,0.0,0.00,97640.00,86.6
134,0.00,72.00,72.0,91.5,0.00,182.00,182.0,61.21,60,29.85,4818,0.57,4949,49,4,0.00,0.00,0.0,0.00,0.00,0.0,1.00,75276.00,86.7
135,0.00,408.00,408.0,87.89,0.00,437.00,437.0,61.24,63,29.85,4820,0.57,4970,49,4,0.00,0.00,0.0,0.00,0.00,0.0,3.00,90297.00,86.6
136,0.00,532.00,532.0,87.11,1.00,411.00,412.0,61.27,56,29.85,4820,0.57,4964,49,4,0.00,0.00,0.0,0.00,0.00,0.0,0.00,104593.00,86.6
137,0.00,288.00,288.0,86.64,0.00,446.00,446.0,61.26,60,29.85,4821,0.57,4973,49,4,0.00,0.00,0.0,0.00,0.00,0.0,1.00,113879.00,86.6
138,0.00,1148.00,1148.0,87.5,0.00,426.00,426.0,61.29,51,31.94,4821,0.57,4978,49,4,0.00,0.00,0.0,0.00,0.00,0.0,1.00,100417.00,86.6
139,0.00,964.00,964.0,87.5,6.00,443.00,449.0,61.29,65,31.94,4822,0.57,4974,50,5,0.00,5.00,5.0,1.00,1.00,2.0,3.00,92165.00,86.7
140,0.00,648.00,648.0,88.11,2.00,453.00,455.0,61.3,46,31.94,4824,0.57,4968,50,5,0.00,2.00,2.0,0.00,0.00,0.0,4.00,88980.00,86.8
141,0.00,484.00,484.0,89.25,2.00,380.00,382.0,61.33,54,31.94,4824,0.57,4960,50,5,0.00,2.00,2.0,0.00,0.00,0.0,0.00,79945.00,86.9
142,0.00,56.00,56.0,87.88,1.00,406.00,407.0,61.35,54,31.94,4825,0.57,4962,50,5,0.00,0.00,0.0,0.00,0.00,0.0,1.00,100846.00,86.9
143,0.00,684.00,684.0,89.24,0.00,604.00,604.0,61.36,65,32.11,4825,0.57,4939,50,4,0.00,0.00,0.0,0.00,0.00,0.0,0.00,97021.00,86.9
144,0.00,632.00,632.0,87.03,2.00,827.00,829.0,61.4,63,32.11,4823,0.57,4926,50,4,0.00,2.00,2.0,0.00,0.00,0.0,0.00,102080.00,87.0
145,0.00,484.00,484.0,88.74,1.00,881.00,882.0,61.41,57,32.11,4824,0.57,4936,50,4,0.00,1.00,1.0,0.00,0.00,0.0,3.00,84493.00,87.0
146,0.00,100.00,100.0,89.3,6.00,896.00,902.0,61.42,77,32.11,4824,0.57,4940,50,4,4.00,2.00,6.0,0.00,0.00,0.0,0.00,83865.00,87.0
147,0.00,1380.00,1380.0,91.75,0.00,791.00,791.0,61.44,64,32.11,4823,0.57,4934,50,4,0.00,0.00,0.0,0.00,0.00,0.0,0.00,70671.00,87.0
148,0.00,16812.00,16812.0,89.5,0.00,864.00,864.0,61.48,85,34.1,4824,0.57,4948,50,4,0.00,0.00,0.0,0.00,0.00,0.0,2.00,81798.00,87.0
149,0.00,700.00,700.0,90.74,8.00,1062.00,1070.0,61.51,58,34.1,4824,0.57,4944,50,4,6.00,2.00,8.0,0.00,0.00,0.0,0.00,70776.00,87.1
150,0.00,116.00,116.0,89.14,3.00,872.00,875.0,61.53,59,34.1,4823,0.57,4951,50,4,2.00,1.00,3.0,0.00,0.00,0.0,1.00,79030.00,87.2
151,0.00,428.00,428.0,89.75,3.00,810.00,813.0,61.55,67,34.1,4823,0.57,4937,50,4,0.00,2.00,2.0,0.00,0.00,0.0,0.00,82316.00,87.1
152,0.00,224.00,224.0,89.5,14.00,1035.00,1049.0,61.59,52,34.1,4823,0.57,4928,50,4,8.00,2.00,10.0,4.00,4.00,8.0,1.00,87061.00,87.1
153,0.00,30696.00,30696.0,90.88,7.00,1266.00,1273.0,61.6,34,35.13,4823,0.57,4926,50,4,6.00,1.00,7.0,0.00,0.00,0.0,0.00,71040.00,87.1
154,0.00,1060.00,1060.0,92.12,4.00,1241.00,1245.0,61.62,34,35.13,4820,0.57,4925,50,4,2.00,2.00,4.0,0.00,0.00,0.0,0.00,62663.00,87.3
155,0.00,336.00,336.0,92.11,9.00,1124.00,1133.0,61.64,31,35.13,4821,0.57,4932,50,4,9.00,1.00,10.0,0.00,0.00,0.0,4.00,62881.00,87.3
156,0.00,352.00,352.0,90.43,12.00,870.00,882.0,61.65,13,35.13,4825,0.57,4950,50,4,12.00,0.00,12.0,0.00,0.00,0.0,5.00,66451.00,87.3
157,0.00,568.00,568.0,47.53,3.00,668.00,671.0,61.59,4,35.13,4824,0.57,4941,49,4,2.00,0.00,2.0,0.00,0.00,0.0,0.00,49753.00,78.1
158,0.00,3496.00,3496.0,69.87,14.00,724.00,738.0,61.61,7,33.28,4824,0.57,4937,49,4,14.00,0.00,14.0,0.00,0.00,0.0,20.00,105320.00,78.6
159,0.00,88.00,88.0,63.2,20.00,1006.00,1026.0,61.66,22,33.28,4826,0.57,4929,49,4,20.00,0.00,20.0,0.00,0.00,0.0,3.00,72866.00,78.4
160,0.00,780.00,780.0,85.53,5.00,1012.00,1017.0,61.67,23,33.28,4826,0.57,4924,49,4,4.00,0.00,4.0,0.00,0.00,0.0,4.00,84907.00,87.3
161,0.00,1060.00,1060.0,87.83,8.00,1133.00,1141.0,61.69,32,33.28,4828,0.57,4931,49,4,8.00,0.00,8.0,0.00,0.00,0.0,2.00,82502.00,87.4
162,0.00,380.00,380.0,86.0,24.00,987.00,1011.0,61.7,29,33.28,4829,0.57,4932,49,4,20.00,0.00,20.0,4.00,4.00,8.0,1.00,104871.00,87.3
163,0.00,33720.00,33720.0,88.1,3.00,832.00,835.0,61.77,36,31.9,4829,0.57,4931,49,4,2.00,0.00,2.0,0.00,0.00,0.0,0.00,92207.00,87.3
164,0.00,60.00,60.0,86.19,8.00,946.00,954.0,61.84,30,31.9,4829,0.57,4935,49,4,8.00,0.00,8.0,0.00,0.00,0.0,0.00,95422.00,87.4
165,0.00,88.00,88.0,86.29,21.00,1162.00,1183.0,61.86,44,31.9,4829,0.57,4938,49,4,20.00,0.00,20.0,0.00,0.00,0.0,3.00,109041.00,87.4
166,0.00,468.00,468.0,86.28,5.00,1054.00,1059.0,61.88,56,31.9,4826,0.57,4914,49,4,2.00,0.00,2.0,0.00,0.00,0.0,0.00,94019.00,87.2
167,0.00,56.00,56.0,87.5,8.00,1067.00,1075.0,61.88,52,31.9,4826,0.57,4940,49,4,8.00,0.00,8.0,0.00,0.00,0.0,1.00,99831.00,87.1
168,0.00,96.00,96.0,85.61,11.00,1266.00,1277.0,61.9,46,32.79,4826,0.57,4926,49,4,10.00,0.00,10.0,0.00,0.00,0.0,1.00,111192.00,87.1
169,0.00,9780.00,9780.0,86.14,0.00,1330.00,1330.0,61.92,52,32.79,4825,0.57,4919,49,4,2.00,0.00,2.0,0.00,0.00,0.0,0.00,111363.00,87.1
170,0.00,80.00,80.0,88.61,2.00,1172.00,1174.0,61.95,55,32.79,4826,0.57,4925,49,4,0.00,0.00,0.0,0.00,0.00,0.0,6.00,93384.00,87.2
171,0.00,32.00,32.0,88.24,5.00,1006.00,1011.0,61.98,59,32.79,4827,0.57,4948,49,4,6.00,0.00,6.0,0.00,0.00,0.0,2.00,107255.00,87.3
172,0.00,48.00,48.0,88.78,8.00,692.00,700.0,62.0,55,32.79,4826,0.57,4944,49,4,3.00,1.00,4.0,4.00,4.00,8.0,1.00,99918.00,87.2
173,0.00,752.00,752.0,87.36,5.00,791.00,796.0,62.06,50,33.36,4826,0.57,4954,50,5,2.00,3.00,5.0,1.00,1.00,2.0,1.00,108838.00,87.3
174,0.00,648.00,648.0,84.86,3.00,996.00,999.0,62.07,46,33.36,4827,0.57,4935,50,5,3.00,0.00,3.0,0.00,0.00,0.0,4.00,132958.00,87.2
175,0.00,720.00,720.0,83.04,4.00,1003.00,1007.0,62.09,31,33.36,4824,0.57,4939,50,5,4.00,0.00,4.0,0.00,0.00,0.0,2.00,131497.00,87.3
176,0.00,44.00,44.0,83.25,3.00,868.00,871.0,62.09,42,33.36,4823,0.57,4949,50,5,0.00,2.00,2.0,0.00,0.00,0.0,0.00,130972.00,87.2
177,0.00,84.00,84.0,85.88,8.00,907.00,915.0,62.11,39,33.36,4826,0.57,4947,51,4,7.00,8.00,15.0,0.00,0.00,0.0,4.00,102049.00,87.1
178,0.00,44.00,44.0,83.08,2.00,784.00,786.0,62.13,37,33.09,4826,0.57,4956,51,4,2.00,3.00,5.0,0.00,0.00,0.0,1.00,139004.00,87.1
179,0.00,15676.00,15676.0,83.85,2.00,959.00,961.0,62.13,24,33.09,4826,0.57,4970,51,4,1.00,2.00,3.0,0.00,0.00,0.0,1.00,130714.00,87.0
180,0.00,644.00,644.0,84.98,1.00,973.00,974.0,62.15,45,33.09,4826,0.57,4956,51,4,0.00,1.00,1.0,0.00,0.00,0.0,2.00,121078.00,87.0
181,0.00,304.00,304.0,84.84,8.00,1092.00,1100.0,62.22,43,33.09,4826,0.57,4936,51,4,7.00,2.00,9.0,0.00,0.00,0.0,2.00,126981.00,87.0
182,0.00,668.00,668.0,83.4,10.00,1198.00,1208.0,62.25,33,33.09,4825,0.57,4927,50,4,4.00,5.00,9.0,4.00,4.00,8.0,1.00,123461.00,87.0
183,0.00,536.00,536.0,87.25,4.00,1334.00,1338.0,62.3,55,33.57,4826,0.57,4934,50,4,4.00,0.00,4.0,0.00,0.00,0.0,2.00,108654.00,86.9
184,0.00,4772.00,4772.0,88.5,12.00,1312.00,1324.0,62.36,40,33.57,4827,0.57,4930,50,4,12.00,0.00,12.0,0.00,0.00,0.0,2.00,95033.00,86.8
185,0.00,444.00,444.0,86.88,0.00,1301.00,1301.0,62.4,53,33.57,4829,0.57,4932,50,4,0.00,0.00,0.0,0.00,0.00,0.0,3.00,102045.00,86.9
186,0.00,872.00,872.0,87.75,8.00,1445.00,1453.0,62.49,30,33.57,4829,0.57,4923,50,4,8.00,0.00,8.0,0.00,0.00,0.0,0.00,99452.00,86.9
187,0.00,140.00,140.0,90.49,424.00,1992.00,2416.0,62.69,28,33.57,4889,0.57,5059,80,4,424.00,357.00,781.0,0.00,0.00,0.0,61.00,63299.00,87.0
188,0.00,616.00,616.0,84.21,0.00,870.00,870.0,62.7,20,32.64,4889,0.57,5061,80,4,0.00,0.00,0.0,0.00,0.00,0.0,17.00,111090.00,87.0
189,0.00,43364.00,43364.0,65.49,75.00,952.00,1027.0,62.56,11,32.64,4829,0.57,4938,50,4,75.00,60.00,135.0,0.00,0.00,0.0,0.00,85777.00,86.6
190,0.00,880.00,880.0,71.74,14.00,1176.00,1190.0,62.57,21,32.64,4829,0.57,4938,50,4,14.00,0.00,14.0,0.00,0.00,0.0,1.00,114371.00,86.1
191,0.00,296.00,296.0,77.71,9.00,1396.00,1405.0,62.6,3,32.64,4828,0.57,4926,50,4,9.00,1.00,10.0,0.00,0.00,0.0,0.00,87831.00,86.3
192,0.00,252.00,252.0,70.47,12.00,971.00,983.0,62.5,22,32.64,4828,0.57,4936,50,4,12.00,1.00,13.0,0.00,0.00,0.0,1.00,108984.00,85.8
193,0.00,100.00,100.0,74.9,12.00,1054.00,1066.0,62.51,19,30.51,4828,0.57,4933,50,4,12.00,0.00,12.0,0.00,0.00,0.0,1.00,73350.00,85.6
194,0.00,38060.00,38060.0,84.51,6.00,1124.00,1130.0,62.54,23,30.51,4828,0.57,4936,50,4,6.00,0.00,6.0,0.00,0.00,0.0,0.00,97550.00,86.0
195,0.00,432.00,432.0,83.92,18.00,1521.00,1539.0,62.57,14,30.51,4829,0.57,4926,50,4,16.00,1.00,17.0,0.00,0.00,0.0,3.00,87143.00,86.2
196,0.00,724.00,724.0,83.85,8.00,1022.00,1030.0,62.64,15,30.51,4829,0.57,4934,50,4,8.00,0.00,8.0,0.00,0.00,0.0,0.00,124588.00,86.3
197,0.00,100.00,100.0,73.02,6.00,1214.00,1220.0,62.68,16,30.51,4827,0.57,4933,50,4,6.00,0.00,6.0,0.00,0.00,0.0,0.00,133561.39,86.2
198,0.00,112.00,112.0,82.14,15.00,1324.00,1339.0,62.68,38,29.99,4827,0.57,4930,50,4,12.00,2.00,14.0,0.00,0.00,0.0,1.00,123587.00,86.3
199,0.00,8928.00,8928.0,83.25,12.00,1450.00,1462.0,62.71,49,29.99,4828,0.57,4917,50,4,12.00,0.00,12.0,0.00,0.00,0.0,1.00,137337.00,86.3
200,0.00,2012.00,2012.0,83.83,11.00,1555.00,1566.0,62.73,33,29.99,4827,0.57,4913,50,5,7.00,1.00,8.0,2.00,2.00,4.0,4.00,140437.00,86.4
201,0.00,996.00,996.0,81.0,4.00,1647.00,1651.0,62.71,45,29.99,4827,0.57,4927,51,5,4.00,2.00,6.0,0.00,0.00,0.0,0.00,140882.00,86.4
202,0.00,60.00,60.0,84.75,10.00,1338.00,1348.0,62.75,46,29.99,4830,0.57,4935,51,5,6.00,0.00,6.0,4.00,4.00,8.0,3.00,125013.00,86.5
203,0.00,132.00,132.0,84.38,4.00,1266.00,1270.0,62.79,46,30.55,4830,0.57,4934,51,5,2.00,0.00,2.0,0.00,0.00,0.0,1.00,130420.00,86.5
204,0.00,6204.00,6204.0,84.48,4.00,1343.00,1347.0,62.82,48,30.55,4828,0.57,4921,51,5,6.00,0.00,6.0,0.00,0.00,0.0,1.00,111868.00,86.6
205,0.00,1332.00,1332.0,83.48,8.00,1231.00,1239.0,62.84,35,30.55,4826,0.57,4945,51,4,6.00,0.00,6.0,2.00,2.00,4.0,1.00,141261.00,86.7
206,0.00,277.23,277.23,82.12,2.00,821.00,823.0,62.85,31,30.55,4827,0.57,4947,51,4,2.00,0.00,2.0,0.00,0.00,0.0,1.00,143407.00,86.8
207,0.00,1120.00,1120.0,81.18,6.00,1313.00,1319.0,62.88,29,30.55,4826,0.57,4928,51,4,6.00,0.00,6.0,0.00,0.00,0.0,2.00,150402.00,86.7
208,0.00,272.00,272.0,81.62,8.00,1298.00,1306.0,62.92,31,30.02,4827,0.57,4930,51,5,7.00,1.00,8.0,1.00,1.00,2.0,3.00,150828.00,86.8
209,0.00,1508.00,1508.0,82.48,4.00,1294.00,1298.0,62.95,31,30.02,4828,0.57,4952,51,5,4.00,0.00,4.0,0.00,0.00,0.0,2.00,154994.00,86.8
210,4.00,26244.00,26248.0,84.0,7.00,1184.00,1191.0,62.96,49,30.02,4830,0.57,4927,51,5,6.00,0.00,6.0,0.00,0.00,0.0,3.00,131886.00,86.7
211,0.00,332.00,332.0,83.85,5.00,1405.00,1410.0,62.99,37,30.02,4828,0.57,4932,49,5,0.00,0.00,0.0,4.00,1.00,5.0,2.00,121589.00,86.7
212,0.00,604.00,604.0,84.92,5.00,1707.00,1712.0,63.0,26,30.02,4830,0.57,4921,50,5,1.00,3.00,4.0,4.00,4.00,8.0,2.00,124944.00,86.7
213,0.00,488.00,488.0,85.73,4.00,1145.00,1149.0,63.04,24,29.38,4829,0.57,4936,49,5,4.00,3.00,7.0,0.00,0.00,0.0,1.00,115505.00,86.7
214,0.00,1004.00,1004.0,72.45,14.00,1545.00,1559.0,63.04,13,29.38,4829,0.57,4938,49,5,14.00,0.00,14.0,0.00,0.00,0.0,2.00,86987.00,86.4
215,0.00,5704.00,5704.0,73.31,6.00,1144.00,1150.0,63.08,10,29.38,4829,0.57,4933,49,5,6.00,0.00,6.0,0.00,0.00,0.0,1.00,89053.00,86.4
216,0.00,788.00,788.0,40.59,8.00,1021.00,1029.0,63.09,5,29.38,4829,0.57,4945,49,5,6.00,1.00,7.0,1.00,0.00,1.0,1.00,79924.00,70.6
217,0.00,384.00,384.0,43.27,18.00,1196.00,1214.0,63.09,5,29.38,4828,0.57,4934,49,5,18.00,0.00,18.0,0.00,0.00,0.0,0.00,74174.00,70.9
218,4.00,556.00,560.0,76.5,10.00,1252.00,1262.0,63.1,16,28.71,4828,0.57,4931,49,5,10.00,0.00,10.0,0.00,0.00,0.0,17.00,119351.00,83.8
219,0.00,128.00,128.0,49.94,10.00,1331.00,1341.0,63.11,18,28.71,4826,0.57,4942,49,5,9.90,0.00,9.9,0.00,0.00,0.0,1.00,111630.00,73.8
220,0.00,42620.00,42620.0,72.41,11.00,937.00,948.0,63.12,3,28.71,4826,0.57,4928,49,5,10.00,0.00,10.0,0.00,0.00,0.0,2.00,142707.00,86.3
221,0.00,824.00,824.0,56.7,14.00,1173.00,1187.0,63.13,16,28.71,4829,0.57,4932,49,5,12.00,1.00,13.0,1.00,0.00,1.0,4.00,104501.00,78.4
222,0.00,532.00,532.0,80.95,12.00,1480.00,1492.0,63.16,6,28.71,4830,0.57,4944,49,5,8.00,0.00,8.0,4.00,4.00,8.0,1.00,93647.00,86.0
223,0.00,880.00,880.0,41.16,13.00,1463.00,1476.0,63.17,6,26.49,4829,0.57,4944,49,5,12.00,0.00,12.0,0.00,0.00,0.0,0.00,88427.00,74.0
224,0.00,312.00,312.0,48.85,13.00,1671.00,1684.0,63.19,10,26.49,4830,0.57,4939,49,5,12.00,0.00,12.0,0.00,0.00,0.0,1.00,130141.00,74.0
225,4.00,37092.00,37096.0,60.45,9.00,1953.00,1962.0,63.21,16,26.49,4828,0.57,4936,49,5,6.00,0.00,6.0,0.00,0.00,0.0,0.00,175083.00,74.4
226,0.00,456.00,456.0,73.44,12.00,1870.00,1882.0,63.23,26,26.49,4828,0.57,4924,49,5,14.00,0.00,14.0,0.00,0.00,0.0,3.00,163812.00,85.0
227,0.00,120.00,120.0,79.29,8.00,1459.00,1467.0,63.29,34,26.49,4828,0.57,4941,50,4,6.00,2.00,8.0,0.00,0.00,0.0,3.00,147773.00,85.1
228,0.00,156.00,156.0,80.25,4.00,1667.00,1671.0,63.31,31,27.33,4828,0.57,4939,50,4,4.00,0.00,4.0,0.00,0.00,0.0,1.00,160454.00,85.2
229,0.00,676.00,676.0,82.38,12.00,1746.00,1758.0,63.31,31,27.33,4828,0.57,4924,50,4,12.00,0.00,12.0,0.00,0.00,0.0,0.00,151494.00,85.3
230,0.00,17992.00,17992.0,80.58,2.00,1535.00,1537.0,63.34,29,27.33,4829,0.57,4927,50,4,0.00,1.00,1.0,0.00,0.00,0.0,1.00,155613.00,85.4
231,0.00,582.18,582.18,79.75,2.00,1488.00,1490.0,63.37,31,27.33,4829,0.57,4945,50,4,0.00,2.00,2.0,0.00,0.00,0.0,1.00,155245.00,85.6
232,0.00,292.00,292.0,80.7,17.00,1578.00,1595.0,63.4,29,27.33,4829,0.57,4928,50,4,12.00,0.00,12.0,4.00,4.00,8.0,3.00,158125.00,85.6
233,0.00,720.00,720.0,80.51,6.00,1494.00,1500.0,63.41,11,26.9,4829,0.57,4926,50,4,6.00,0.00,6.0,0.00,0.00,0.0,0.00,141847.00,85.8
234,0.00,432.00,432.0,70.43,7.00,1796.00,1803.0,63.42,15,26.9,4830,0.57,4941,50,4,4.00,2.00,6.0,0.00,0.00,0.0,3.96,124275.25,85.7
235,0.00,6240.00,6240.0,75.32,11.00,2228.00,2239.0,63.45,15,26.9,4830,0.57,4920,50,4,10.00,1.00,11.0,0.00,0.00,0.0,0.00,136206.00,85.6
236,0.00,656.00,656.0,74.84,8.00,1794.00,1802.0,63.47,15,26.9,4829,0.57,4928,50,4,6.00,0.00,6.0,0.00,0.00,0.0,2.00,136285.00,85.4
237,0.00,420.00,420.0,65.23,2.00,1317.00,1319.0,63.5,23,26.9,4829,0.57,4937,50,4,4.00,0.00,4.0,0.00,0.00,0.0,2.00,119624.00,84.8
238,0.00,284.00,284.0,82.1,9.00,944.00,953.0,63.53,16,25.71,4829,0.57,4923,50,4,8.00,1.00,9.0,0.00,0.00,0.0,0.00,143387.00,85.0
239,0.00,160.00,160.0,44.39,16.00,1303.00,1319.0,63.54,8,25.71,4829,0.57,4925,50,4,16.00,0.00,16.0,0.00,0.00,0.0,2.00,103208.00,74.4
240,0.00,644.00,644.0,44.88,8.00,1587.00,1595.0,63.55,0,25.71,4829,0.57,4928,50,4,6.00,0.00,6.0,0.00,0.00,0.0,1.00,133013.00,73.9
241,0.00,23768.00,23768.0,22.46,12.00,1024.00,1036.0,63.56,1,25.71,4831,0.57,4933,51,5,13.00,4.00,17.0,1.00,1.00,2.0,4.00,64836.00,58.3
242,0.00,492.00,492.0,26.88,27.00,1007.00,1034.0,63.57,5,25.71,4831,0.57,4930,51,5,23.00,6.00,29.0,4.00,4.00,8.0,1.00,67165.00,57.9
243,0.00,112.00,112.0,42.29,11.00,1104.00,1115.0,63.62,5,24.29,4831,0.57,4935,51,5,11.00,1.00,12.0,0.00,0.00,0.0,0.00,100937.00,74.4
244,0.00,328.00,328.0,45.13,2.00,1017.00,1019.0,63.66,17,24.29,4831,0.57,4930,51,5,2.00,0.00,2.0,0.00,0.00,0.0,0.00,157782.00,74.0
245,0.00,968.00,968.0,55.41,7.00,1136.00,1143.0,63.65,12,24.29,4830,0.57,4927,50,4,4.00,6.00,10.0,0.00,0.00,0.0,1.00,147532.00,74.4
246,0.00,14128.00,14128.0,48.54,2.00,1104.00,1106.0,63.67,10,24.29,4830,0.57,4934,51,4,0.00,3.00,3.0,0.00,0.00,0.0,1.00,114576.00,74.9
247,0.00,548.00,548.0,30.75,2.00,1273.00,1275.0,63.68,11,24.29,4830,0.57,4930,51,4,0.00,2.00,2.0,0.00,0.00,0.0,0.00,80824.00,65.7
248,4.00,168.00,172.0,39.09,24.00,1432.00,1456.0,63.66,5,22.51,4830,0.57,4926,51,4,20.00,2.00,22.0,0.00,0.00,0.0,0.00,70581.00,65.8
249,0.00,536.00,536.0,42.93,10.00,1525.00,1535.0,63.68,1,22.51,4830,0.57,4939,51,4,10.00,2.00,12.0,0.00,0.00,0.0,17.00,118568.00,72.3
250,0.00,460.00,460.0,38.87,6.00,1039.00,1045.0,63.68,6,22.51,4830,0.57,4941,51,4,2.00,2.00,4.0,0.00,0.00,0.0,0.00,153546.00,71.7
251,0.00,38360.00,38360.0,51.98,24.00,1587.00,1611.0,63.69,5,22.51,4830,0.57,4927,51,4,24.00,2.00,26.0,0.00,0.00,0.0,1.00,153043.00,77.3
252,0.00,528.00,528.0,77.46,7.00,1844.00,1851.0,63.72,22,22.51,4830,0.57,4925,50,4,6.00,0.00,6.0,0.00,0.00,0.0,0.00,142072.00,84.0
253,0.00,532.00,532.0,79.82,6.00,2050.00,2056.0,63.84,16,21.59,4830,0.57,4919,50,4,6.00,0.00,6.0,0.00,0.00,0.0,0.00,122677.00,84.2
254,0.00,136.00,136.0,77.94,15.00,1374.00,1389.0,63.92,23,21.59,4828,0.57,4938,50,4,12.00,2.00,14.0,0.00,0.00,0.0,0.00,167128.00,84.4
255,0.00,104.00,104.0,61.95,6.00,1345.00,1351.0,63.94,1,21.59,4825,0.57,4923,50,4,6.00,0.00,6.0,0.00,0.00,0.0,0.00,162110.00,84.2
256,0.00,48952.00,48952.0,47.09,4.00,1508.00,1512.0,63.96,17,21.59,4825,0.57,4922,50,4,4.00,0.00,4.0,0.00,0.00,0.0,3.00,152545.00,71.4
257,0.00,576.00,576.0,66.5,17.00,2436.00,2453.0,63.99,5,21.59,4830,0.57,4919,50,4,14.00,2.00,16.0,0.00,0.00,0.0,6.00,140745.00,84.0
258,0.00,356.00,356.0,66.58,10.00,1920.00,1930.0,63.9,4,20.82,4830,0.57,4908,50,4,8.00,2.00,10.0,0.00,0.00,0.0,1.00,150088.00,83.6
259,0.00,432.00,432.0,54.83,7.92,2032.67,2040.5900000000001,63.92,21,20.82,4830,0.57,4920,50,4,6.00,2.00,8.0,0.00,0.00,0.0,0.00,123921.00,75.2
260,0.00,1108.00,1108.0,73.98,2.00,1097.00,1099.0,63.95,13,20.82,4830,0.57,4934,50,4,0.00,1.00,1.0,0.00,0.00,0.0,0.00,179454.00,86.0
261,0.00,22308.00,22308.0,50.06,20.00,1777.00,1797.0,63.96,13,20.82,4829,0.57,4932,50,4,16.00,2.00,18.0,0.00,0.00,0.0,1.00,157744.00,77.4
262,0.00,340.00,340.0,66.96,9.00,1831.00,1840.0,63.98,9,20.82,4829,0.57,4923,49,4,6.00,0.00,6.0,4.00,4.00,8.0,3.00,183850.00,77.9
263,0.00,448.00,448.0,53.7,4.00,2302.00,2306.0,63.98,11,20.03,4830,0.57,4922,49,4,4.00,0.00,4.0,0.00,0.00,0.0,1.00,131172.00,77.6
264,0.00,816.00,816.0,45.85,16.00,1557.00,1573.0,64.0,2,20.03,4830,0.57,4937,49,4,16.00,0.00,16.0,0.00,0.00,0.0,1.00,130240.00,77.4
265,0.00,92.00,92.0,24.68,2.00,1033.00,1035.0,64.02,6,20.03,4829,0.57,4932,49,4,2.00,0.00,2.0,0.00,0.00,0.0,0.00,79539.00,58.9
266,4.00,20988.00,20992.0,23.95,8.00,1323.00,1331.0,64.02,3,20.03,4829,0.57,4926,49,4,6.00,0.00,6.0,0.00,0.00,0.0,2.00,75475.00,58.7
267,0.00,796.00,796.0,29.55,20.00,1143.00,1163.0,64.03,13,20.03,4826,0.57,4931,49,4,22.00,0.00,22.0,0.00,0.00,0.0,0.00,106702.00,59.1
268,0.00,404.00,404.0,33.29,6.00,1281.00,1287.0,64.04,13,18.51,4828,0.57,4934,49,4,6.00,0.00,6.0,0.00,0.00,0.0,3.00,112717.00,68.0
269,0.00,1276.00,1276.0,53.24,8.00,1067.00,1075.0,64.06,12,18.51,4829,0.57,4937,49,4,8.00,0.00,8.0,0.00,0.00,0.0,2.00,157149.00,77.1
270,0.00,108.00,108.0,30.3,19.00,1734.00,1753.0,64.07,15,18.51,4830,0.57,4934,49,4,18.00,0.00,18.0,0.00,0.00,0.0,1.00,103745.00,65.3
271,0.00,7916.00,7916.0,68.09,6.00,2337.00,2343.0,64.1,8,18.51,4830,0.57,4913,49,4,6.00,0.00,6.0,0.00,0.00,0.0,1.00,154420.00,82.0
272,0.00,352.00,352.0,72.86,15.00,1890.00,1905.0,64.12,13,18.51,4829,0.57,4938,49,4,9.00,1.00,10.0,4.00,4.00,8.0,0.00,153818.00,82.1
273,0.00,112.00,112.0,69.26,8.00,1137.00,1145.0,64.19,16,17.5,4830,0.57,4939,49,4,10.00,0.00,10.0,0.00,0.00,0.0,1.00,185430.00,82.6
274,0.00,1024.00,1024.0,53.2,4.00,1348.00,1352.0,64.21,7,17.5,4829,0.57,4931,49,4,4.00,0.00,4.0,0.00,0.00,0.0,0.00,159599.00,77.1
275,0.00,508.00,508.0,59.32,17.00,2700.00,2717.0,64.23,17,17.5,4829,0.57,4918,50,5,14.00,3.00,17.0,1.00,1.00,2.0,1.00,141198.00,77.3
276,0.00,25888.00,25888.0,77.59,10.00,2136.00,2146.0,64.25,11,17.5,4830,0.57,4907,50,5,8.00,2.00,10.0,0.00,0.00,0.0,2.00,141799.00,85.5
277,0.00,864.00,864.0,56.02,5.00,1869.00,1874.0,64.23,23,17.5,4830,0.57,4918,50,5,4.00,1.00,5.0,0.00,0.00,0.0,3.00,124615.00,78.8
278,0.00,128.00,128.0,81.27,5.00,784.00,789.0,64.28,18,17.46,4829,0.57,4911,50,5,4.00,1.00,5.0,0.00,0.00,0.0,0.00,160028.00,87.5
279,0.00,616.00,616.0,75.78,2.00,963.00,965.0,64.35,5,17.46,4829,0.57,4930,50,4,0.00,2.00,2.0,0.00,0.00,0.0,19.00,153919.00,87.2
280,0.00,336.00,336.0,61.5,3.00,1396.00,1399.0,64.36,16,17.46,4828,0.57,4923,50,4,0.00,2.00,2.0,0.00,0.00,0.0,0.00,159740.00,82.0
281,0.00,35736.00,35736.0,50.25,0.00,2202.00,2202.0,64.4,7,17.46,4829,0.57,4925,50,4,0.00,0.00,0.0,0.00,0.00,0.0,2.00,128111.00,76.8
282,0.00,828.00,828.0,30.64,19.00,1611.00,1630.0,64.38,5,17.46,4830,0.57,4932,50,4,18.00,0.00,18.0,0.00,0.00,0.0,2.00,68778.00,65.0
283,0.00,648.00,648.0,19.85,9.00,975.00,984.0,64.39,3,16.22,4830,0.57,4936,50,4,6.00,2.00,8.0,0.00,0.00,0.0,0.00,65899.00,54.2
284,0.00,640.00,640.0,21.72,1.00,644.00,645.0,64.38,10,16.22,4830,0.57,4937,50,4,0.00,1.00,1.0,0.00,0.00,0.0,0.00,98876.00,54.3
285,0.00,88.00,88.0,25.6,29.00,1096.00,1125.0,64.39,0,16.22,4830,0.57,4929,50,4,28.00,0.00,28.0,0.00,0.00,0.0,0.00,97780.00,54.7
286,0.00,124.00,124.0,39.92,9.00,1628.00,1637.0,64.4,7,16.22,4830,0.57,4934,50,4,8.00,0.00,8.0,0.00,0.00,0.0,3.00,134380.00,68.5
287,0.00,46256.00,46256.0,35.9,3.00,1216.00,1219.0,64.42,6,16.22,4830,0.57,4946,50,4,2.00,1.00,3.0,0.00,0.00,0.0,0.00,125414.00,63.3
288,0.00,300.00,300.0,50.64,20.00,1031.00,1051.0,64.43,1,15.41,4830,0.57,4931,50,4,20.00,0.00,20.0,0.00,0.00,0.0,0.00,96344.00,77.8
289,0.00,380.00,380.0,56.02,9.00,1127.00,1136.0,64.5,0,15.41,4830,0.57,4921,50,4,8.00,0.00,8.0,0.00,0.00,0.0,0.00,89764.00,77.5
290,0.00,144.00,144.0,25.82,8.00,1476.00,1484.0,64.51,2,15.41,4830,0.57,4930,50,4,4.00,4.00,8.0,0.00,0.00,0.0,0.00,106063.00,59.1
291,0.00,28.00,28.0,29.06,24.00,1706.00,1730.0,64.52,3,15.41,4829,0.57,4926,50,4,24.00,0.00,24.0,0.00,0.00,0.0,2.00,101555.00,59.1
292,0.00,19392.00,19392.0,70.24,9.00,1907.00,1916.0,64.55,11,15.41,4829,0.57,4932,50,4,4.00,0.00,4.0,4.00,4.00,8.0,3.00,160673.00,85.0
293,0.00,984.00,984.0,64.02,8.00,1806.00,1814.0,64.57,23,15.21,4829,0.57,4929,50,4,4.00,1.00,5.0,0.00,0.00,0.0,1.00,170205.00,84.6
294,0.00,136.00,136.0,74.15,15.00,1626.00,1641.0,64.52,28,15.21,4829,0.57,4923,50,4,16.00,1.00,17.0,0.00,0.00,0.0,1.00,192923.00,84.7
295,0.00,891.09,891.09,77.85,4.00,2109.00,2113.0,64.55,14,15.21,4830,0.57,4909,50,4,4.00,0.00,4.0,0.00,0.00,0.0,1.00,171984.00,84.9
296,0.00,824.00,824.0,75.28,4.00,2669.00,2673.0,64.57,29,15.21,4830,0.57,4920,50,4,4.00,0.00,4.0,0.00,0.00,0.0,2.00,180867.00,85.0
297,0.00,31920.00,31920.0,72.92,9.00,2133.00,2142.0,64.6,24,15.21,4830,0.57,4941,50,4,8.00,0.00,8.0,0.00,0.00,0.0,2.00,193833.00,85.0
298,0.00,504.00,504.0,76.31,0.00,1679.00,1679.0,64.63,28,16.08,4828,0.57,4926,50,4,0.00,1.00,1.0,0.00,0.00,0.0,1.00,182483.00,85.1
299,0.00,188.00,188.0,74.34,8.00,1693.00,1701.0,64.67,15,16.08,4830,0.57,4925,50,4,6.00,2.00,8.0,0.00,0.00,0.0,2.00,111465.00,84.9
300,0.00,1052.00,1052.0,78.72,11.00,1828.00,1839.0,64.72,21,16.08,4830,0.57,4920,49,4,10.00,0.00,10.0,0.00,0.00,0.0,2.00,140495.00,85.1
301,0.00,372.00,372.0,69.35,6.00,2369.00,2375.0,64.75,8,16.08,4828,0.57,4919,49,4,6.00,0.00,6.0,0.00,0.00,0.0,1.00,131656.00,84.9
302,0.00,12804.00,12804.0,25.81,12.00,1084.00,1096.0,64.75,0,16.08,4827,0.57,4927,49,4,8.00,0.00,8.0,4.00,4.00,8.0,0.00,105593.00,62.4
303,0.00,156.00,156.0,39.08,10.00,1382.00,1392.0,64.76,10,15.11,4829,0.57,4932,49,4,10.00,0.00,10.0,0.00,0.00,0.0,3.00,106538.00,62.5
304,0.00,140.00,140.0,42.29,10.00,1619.00,1629.0,64.73,13,15.11,4830,0.57,4929,49,4,10.00,0.00,10.0,0.00,0.00,0.0,0.00,115274.00,71.7
305,0.00,840.00,840.0,31.61,16.00,976.00,992.0,64.74,5,15.11,4829,0.57,4938,49,4,16.00,0.00,16.0,0.00,0.00,0.0,0.00,135594.00,66.3
306,0.00,636.00,636.0,26.79,5.00,1158.00,1163.0,64.76,1,15.11,4830,0.57,4938,49,4,5.00,1.00,6.0,0.00,0.00,0.0,2.00,100990.00,58.4
307,0.00,23868.00,23868.0,32.44,19.00,1558.00,1577.0,64.78,1,15.11,4832,0.57,4938,50,4,19.00,7.00,26.0,0.00,0.00,0.0,2.00,99543.00,65.9
308,0.00,392.00,392.0,14.1,18.00,742.00,760.0,64.79,2,13.9,4830,0.57,4933,50,4,18.00,2.00,20.0,0.00,0.00,0.0,0.00,44408.00,48.4
309,4.00,584.00,588.0,20.3,5.00,1224.00,1229.0,64.8,9,13.9,4830,0.57,4931,50,4,5.00,1.00,6.0,0.00,0.00,0.0,18.00,89282.00,55.6
310,0.00,604.00,604.0,35.56,25.00,1623.00,1648.0,64.82,12,13.9,4828,0.57,4925,51,5,23.00,5.00,28.0,1.00,1.00,2.0,0.00,145379.00,64.5
311,0.00,448.00,448.0,44.96,14.00,1688.00,1702.0,64.83,4,13.9,4829,0.57,4919,50,5,13.00,1.00,14.0,0.00,0.00,0.0,2.00,193568.00,72.1
312,0.00,12748.00,12748.0,54.67,7.00,1574.00,1581.0,64.85,21,13.9,4829,0.57,4910,50,5,2.00,1.00,3.0,4.00,4.00,8.0,0.00,193161.00,72.6
313,0.00,184.00,184.0,64.16,1.00,1490.00,1491.0,64.88,8,13.99,4830,0.57,4911,50,5,0.00,0.00,0.0,0.00,0.00,0.0,1.00,155598.00,82.5
314,0.00,704.00,704.0,65.31,0.00,1728.00,1728.0,64.93,7,13.99,4828,0.57,4929,50,4,0.00,0.00,0.0,0.00,0.00,0.0,2.00,112703.00,82.3
315,0.00,264.00,264.0,55.44,3.00,1531.00,1534.0,64.94,3,13.99,4829,0.57,4924,50,4,0.00,3.00,3.0,0.00,0.00,0.0,1.00,87992.00,81.8
316,0.00,60.00,60.0,47.8,1.00,624.00,625.0,64.96,3,13.99,4830,0.57,4926,50,4,0.00,0.00,0.0,0.00,0.00,0.0,3.00,43792.00,73.8
317,0.00,664.00,664.0,51.76,26.00,1612.00,1638.0,64.97,12,13.99,4830,0.57,4920,50,4,26.00,0.00,26.0,0.00,0.00,0.0,1.00,68248.00,73.9
318,0.00,62244.00,62244.0,72.22,9.00,1646.00,1655.0,64.99,12,14.31,4830,0.57,4925,50,4,6.00,3.00,9.0,0.00,0.00,0.0,1.00,139896.00,84.7
319,0.00,332.00,332.0,61.15,7.00,1334.00,1341.0,65.0,18,14.31,4830,0.57,4929,50,4,6.00,0.00,6.0,0.00,0.00,0.0,0.00,174124.00,84.3
320,0.00,940.00,940.0,62.66,16.00,1595.00,1611.0,65.02,13,14.31,4829,0.57,4918,50,4,16.00,0.00,16.0,0.00,0.00,0.0,0.00,178548.51,84.1
321,0.00,1144.00,1144.0,68.72,8.00,2075.00,2083.0,65.08,27,14.31,4830,0.57,4918,50,4,8.00,0.00,8.0,0.00,0.00,0.0,3.00,144013.00,84.0
322,0.00,740.00,740.0,77.51,4.00,2064.00,2068.0,65.11,11,14.31,4830,0.57,4922,50,4,4.00,0.00,4.0,0.00,0.00,0.0,2.00,142102.00,84.2
323,0.00,24076.00,24076.0,60.63,12.00,1575.00,1587.0,65.11,21,13.32,4830,0.57,4924,50,4,12.00,0.00,12.0,0.00,0.00,0.0,0.00,95528.00,83.8
324,0.00,652.00,652.0,60.82,10.00,1549.00,1559.0,65.12,2,13.32,4830,0.57,4921,50,4,10.00,0.00,10.0,0.00,0.00,0.0,1.00,120407.00,83.4
325,0.00,372.00,372.0,70.04,6.00,1201.00,1207.0,65.13,6,13.32,4830,0.57,4926,50,4,6.00,0.00,6.0,0.00,0.00,0.0,0.00,144951.00,83.3
326,0.00,72.00,72.0,45.74,14.00,1339.00,1353.0,65.15,24,13.32,4829,0.57,4914,50,4,14.00,0.00,14.0,0.00,0.00,0.0,2.00,92721.00,74.4
327,0.00,728.00,728.0,67.26,12.00,2471.00,2483.0,65.18,7,13.32,4829,0.57,4907,50,4,12.00,0.00,12.0,0.00,0.00,0.0,2.00,150230.00,82.6
328,4.00,45904.00,45908.0,68.7,6.00,2234.00,2240.0,65.19,19,13.94,4830,0.57,4929,50,4,4.00,1.00,5.0,0.00,0.00,0.0,2.00,163535.00,82.7
329,0.00,1056.00,1056.0,73.36,12.00,1652.00,1664.0,65.21,15,13.94,4829,0.57,4941,50,4,14.00,0.00,14.0,0.00,0.00,0.0,1.00,183764.00,83.1
330,0.00,300.00,300.0,71.14,0.00,1394.00,1394.0,65.24,3,13.94,4830,0.57,4931,50,4,0.00,0.00,0.0,0.00,0.00,0.0,1.00,179978.00,83.4
331,0.00,280.00,280.0,51.69,8.00,2187.00,2195.0,65.27,12,13.94,4830,0.57,4925,50,4,8.00,0.00,8.0,0.00,0.00,0.0,2.00,151225.00,82.8
332,0.00,408.00,408.0,65.37,21.00,2187.00,2208.0,65.3,4,13.94,4830,0.57,4919,50,4,16.00,1.00,17.0,4.00,4.00,8.0,1.00,131347.00,82.4
333,0.00,5940.00,5940.0,39.59,0.00,1598.00,1598.0,65.31,6,13.06,4829,0.57,4934,50,4,0.00,0.00,0.0,0.00,0.00,0.0,0.00,81175.00,70.0
334,0.00,264.00,264.0,13.92,10.00,1211.00,1221.0,65.32,6,13.06,4829,0.57,4929,50,4,8.00,0.00,8.0,0.00,0.00,0.0,1.00,65079.00,51.0
335,0.00,824.00,824.0,53.79,18.00,1834.00,1852.0,65.33,15,13.06,4829,0.57,4940,49,5,18.00,0.00,18.0,1.00,0.00,1.0,0.00,126024.00,76.5
336,0.00,500.00,500.0,42.27,12.00,1664.00,1676.0,65.35,4,13.06,4828,0.57,4930,49,5,12.00,0.00,12.0,0.00,0.00,0.0,2.00,195109.00,76.1
337,0.00,704.00,704.0,66.58,6.00,1261.00,1267.0,65.38,8,13.06,4828,0.57,4912,49,5,6.00,0.00,6.0,0.00,0.00,0.0,1.00,182570.00,83.4
338,0.00,26092.00,26092.0,46.82,10.00,2163.00,2173.0,65.4,18,12.66,4830,0.57,4933,49,5,10.00,0.00,10.0,0.00,0.00,0.0,2.00,155949.00,73.2
339,0.00,1076.00,1076.0,62.34,12.00,2277.00,2289.0,65.43,13,12.66,4830,0.57,4933,49,5,12.00,0.00,12.0,0.00,0.00,0.0,18.00,117290.00,81.2
340,0.00,120.00,120.0,71.3,7.00,1165.00,1172.0,65.45,13,12.66,4830,0.57,4929,49,5,4.00,1.00,5.0,1.00,0.00,1.0,0.00,108826.00,81.4
341,0.00,780.00,780.0,47.35,10.00,1347.00,1357.0,65.49,15,12.66,4828,0.57,4926,49,5,10.00,0.00,10.0,0.00,0.00,0.0,1.00,99497.00,74.9
342,0.00,640.00,640.0,51.51,15.00,1685.00,1700.0,65.53,15,12.66,4827,0.57,4917,49,5,14.00,0.00,14.0,0.00,0.00,0.0,0.99,113912.87,75.2
343,0.00,18456.00,18456.0,39.2,11.00,1061.00,1072.0,65.55,2,12.04,4829,0.57,4924,49,5,10.00,0.00,10.0,0.00,0.00,0.0,2.00,140303.00,67.7
344,0.00,1100.00,1100.0,34.5,10.00,1719.00,1729.0,65.56,7,12.04,4830,0.57,4923,49,5,6.00,0.00,6.0,0.00,0.00,0.0,2.00,128929.00,67.6
345,0.00,588.00,588.0,55.19,12.00,2827.00,2839.0,65.59,21,12.04,4830,0.57,4931,49,6,14.00,0.00,14.0,1.00,1.00,2.0,0.00,174759.00,78.7
346,0.00,88.00,88.0,48.8,17.00,2119.00,2136.0,65.6,8,12.04,4830,0.57,4927,49,6,14.00,1.00,15.0,1.00,0.00,1.0,1.00,205547.00,78.1
347,0.00,128.00,128.0,66.88,0.00,1261.00,1261.0,65.62,7,12.04,4829,0.57,4937,49,6,0.00,0.00,0.0,0.00,0.00,0.0,1.00,221694.00,84.3
348,0.00,708.00,708.0,43.26,0.00,2031.00,2031.0,65.66,14,11.24,4830,0.57,4943,49,6,0.00,0.00,0.0,0.00,0.00,0.0,2.00,165699.00,73.5
349,0.00,64464.00,64464.0,50.0,1.00,2124.00,2125.0,65.68,4,11.24,4830,0.57,4956,49,5,0.00,0.00,0.0,0.00,0.00,0.0,1.00,146047.00,73.8
350,0.00,480.00,480.0,54.08,0.00,1837.00,1837.0,65.71,1,11.24,4830,0.57,4962,49,5,0.00,0.00,0.0,0.00,0.00,0.0,0.00,83666.00,74.5
351,0.00,176.00,176.0,5.7,3.00,573.00,576.0,65.71,1,11.24,4830,0.57,4968,50,4,0.00,4.00,4.0,0.00,0.00,0.0,1.00,26145.00,42.2
352,0.00,4.00,4.0,6.59,31.00,465.00,496.0,65.72,1,11.24,4829,0.57,4958,50,4,26.00,0.00,26.0,4.00,4.00,8.0,0.00,15971.00,41.9
353,0.00,360.00,360.0,4.18,8.00,343.00,351.0,65.72,1,10.58,4827,0.57,4951,50,4,8.00,0.00,8.0,0.00,0.00,0.0,0.00,13194.00,41.5
354,4.00,20624.00,20628.0,2.81,6.00,257.00,263.0,65.72,1,10.58,4826,0.57,4947,50,4,4.00,2.00,6.0,0.00,0.00,0.0,0.00,13035.00,41.1
355,0.00,500.00,500.0,17.61,29.00,1551.00,1580.0,65.73,11,10.58,4828,0.57,4934,50,4,28.00,1.00,29.0,0.00,0.00,0.0,3.00,81555.00,50.7
356,0.00,84.00,84.0,42.7,11.00,1905.00,1916.0,65.7,1,10.58,4828,0.57,4938,50,4,10.00,0.00,10.0,0.00,0.00,0.0,1.00,160502.00,72.1
357,0.00,112.00,112.0,55.75,4.00,1148.00,1152.0,65.73,6,10.58,4828,0.57,4933,50,4,4.00,0.00,4.0,0.00,0.00,0.0,0.00,229787.00,79.4
358,0.00,188.00,188.0,37.68,17.00,1665.00,1682.0,65.75,15,10.93,4827,0.57,4921,50,4,14.00,1.00,15.0,0.00,0.00,0.0,2.00,127599.00,66.8
359,0.00,19580.00,19580.0,64.37,11.00,2410.00,2421.0,65.78,18,10.93,4829,0.57,4910,49,4,12.00,0.00,12.0,0.00,0.00,0.0,3.00,138081.00,82.6
360,0.00,652.00,652.0,43.65,4.00,2060.00,2064.0,65.81,4,10.93,4830,0.57,4929,49,4,4.00,0.00,4.0,0.00,0.00,0.0,2.00,147202.00,70.1
361,0.00,24.00,24.0,59.26,8.00,1612.00,1620.0,65.83,17,10.93,4830,0.57,4928,49,4,8.00,0.00,8.0,0.00,0.00,0.0,1.00,122500.00,77.4
362,0.00,616.00,616.0,67.55,12.00,2509.00,2521.0,65.85,21,10.93,4830,0.57,4919,49,4,8.00,0.00,8.0,4.00,4.00,8.0,0.00,173067.00,83.5
363,0.00,170.30,170.3,75.47,6.00,2387.00,2393.0,65.88,35,11.18,4829,0.57,4939,49,4,6.00,0.00,6.0,0.00,0.00,0.0,0.00,190892.00,83.7
364,4.00,36244.00,36248.0,71.72,10.00,2209.00,2219.0,65.9,4,11.18,4829,0.57,4921,49,4,10.00,0.00,10.0,0.00,0.00,0.0,0.00,202823.00,83.9
365,0.00,1144.00,1144.0,65.01,0.00,2073.00,2073.0,65.95,16,11.18,4830,0.57,4909,49,4,0.00,0.00,0.0,0.00,0.00,0.0,1.00,228189.00,84.0
366,0.00,880.00,880.0,72.48,17.00,2627.00,2644.0,65.99,2,11.18,4832,0.57,4907,50,4,15.00,7.00,22.0,0.00,0.00,0.0,3.00,162713.00,84.0
367,0.00,1192.00,1192.0,70.34,9.00,2498.00,2507.0,66.02,5,11.18,4831,0.57,4923,50,4,11.00,3.00,14.0,0.00,0.00,0.0,0.00,143351.00,83.9
368,0.00,704.00,704.0,54.76,1.00,2003.00,2004.0,66.04,3,11.0,4831,0.57,4934,50,4,1.00,1.00,2.0,0.00,0.00,0.0,0.00,90034.00,83.3
369,0.00,22248.00,22248.0,18.47,12.00,816.00,828.0,66.05,1,11.0,4830,0.57,4939,50,4,12.00,0.00,12.0,0.00,0.00,0.0,17.00,34792.00,57.2
370,0.00,556.00,556.0,4.06,16.00,344.00,360.0,66.05,0,11.0,4825,0.57,4924,49,4,16.00,3.00,19.0,0.00,0.00,0.0,0.00,14019.00,38.5
371,0.00,0.00,0.0,4.04,8.00,365.00,373.0,66.05,3,11.0,4826,0.57,4920,49,4,8.00,0.00,8.0,0.00,0.00,0.0,2.00,16897.00,38.4
372,0.00,152.00,152.0,42.5,25.00,1302.00,1327.0,66.06,8,11.0,4828,0.57,4916,49,4,20.00,0.00,20.0,4.00,4.00,8.0,5.00,65903.00,63.3
373,0.00,100.00,100.0,73.5,14.00,1644.00,1658.0,66.08,15,11.96,4826,0.57,4920,49,4,14.00,0.00,14.0,0.00,0.00,0.0,0.00,142548.00,84.1
374,0.00,29704.00,29704.0,47.97,6.00,1410.00,1416.0,66.11,19,11.96,4824,0.57,4916,49,4,5.94,0.00,5.94,0.00,0.00,0.0,2.00,199354.00,75.2
375,0.00,468.00,468.0,69.57,11.00,1210.00,1221.0,66.14,3,11.96,4826,0.57,4921,49,4,10.00,0.00,10.0,0.00,0.00,0.0,4.00,149959.00,84.4
376,0.00,340.00,340.0,69.22,14.00,1964.00,1978.0,66.17,11,11.96,4829,0.57,4918,49,4,14.00,0.00,14.0,0.00,0.00,0.0,4.00,125522.00,84.1
377,0.00,848.00,848.0,73.64,6.00,2276.00,2282.0,66.19,11,11.96,4828,0.57,4917,49,4,6.00,0.00,6.0,0.00,0.00,0.0,1.00,107577.00,84.2
378,0.00,392.00,392.0,47.33,11.00,1414.00,1425.0,66.21,2,11.33,4830,0.57,4934,49,4,10.00,0.00,10.0,0.00,0.00,0.0,2.00,134052.00,72.4
379,0.00,61392.00,61392.0,40.96,8.00,1840.00,1848.0,66.23,13,11.33,4830,0.57,4922,49,4,8.00,0.00,8.0,0.00,0.00,0.0,0.00,142006.00,71.9
380,0.00,2168.00,2168.0,70.71,11.00,2340.00,2351.0,66.25,8,11.33,4831,0.57,4917,50,5,10.00,1.00,11.0,1.00,1.00,2.0,1.00,178843.00,84.7
381,0.00,864.00,864.0,76.82,15.00,2169.00,2184.0,66.28,19,11.33,4829,0.57,4917,50,5,14.00,1.00,15.0,0.00,0.00,0.0,1.00,174544.00,84.8
382,0.00,564.00,564.0,75.16,4.00,1888.00,1892.0,66.3,15,11.33,4828,0.57,4914,50,5,0.00,0.00,0.0,4.00,4.00,8.0,1.00,198314.00,84.9
383,0.00,372.00,372.0,65.03,0.00,2143.00,2143.0,66.34,13,11.22,4829,0.57,4911,50,5,0.00,0.00,0.0,0.00,0.00,0.0,1.00,212146.00,84.7
384,0.00,780.00,780.0,67.39,0.00,2227.00,2227.0,66.38,15,11.22,4829,0.57,4918,50,4,0.00,0.00,0.0,0.00,0.00,0.0,0.00,201614.00,84.6
385,0.00,1684.00,1684.0,50.83,0.00,2741.00,2741.0,66.42,6,11.22,4830,0.57,4925,50,4,0.00,0.00,0.0,0.00,0.00,0.0,1.00,149963.00,75.9
386,0.00,700.00,700.0,38.93,0.00,2203.00,2203.0,66.44,1,11.22,4829,0.57,4939,50,4,0.00,0.00,0.0,0.00,0.00,0.0,1.00,106803.00,69.5
387,0.00,408.00,408.0,12.45,18.00,851.00,869.0,66.44,0,11.22,4828,0.57,4941,50,4,18.00,0.00,18.0,0.00,0.00,0.0,0.00,33720.00,48.3
388,0.00,448.00,448.0,3.17,7.00,301.00,308.0,66.44,0,10.32,4828,0.57,4937,50,4,6.00,1.00,7.0,0.00,0.00,0.0,0.00,13102.00,37.9
389,0.00,648.00,648.0,2.94,9.00,320.00,329.0,66.45,0,10.32,4828,0.57,4934,50,4,8.00,1.00,9.0,0.00,0.00,0.0,0.00,14773.00,37.9
390,0.00,38164.00,38164.0,4.31,28.00,432.00,460.0,66.45,1,10.32,4828,0.57,4929,50,4,28.00,0.00,28.0,0.00,0.00,0.0,0.00,13420.00,38.2
391,0.00,0.00,0.0,3.06,4.00,259.00,263.0,66.45,1,10.32,4827,0.57,4921,50,4,4.00,0.00,4.0,0.00,0.00,0.0,1.00,12282.00,38.0
392,0.00,20.00,20.0,6.6,18.00,489.00,507.0,66.45,0,10.32,4826,0.57,4908,50,4,12.00,0.00,12.0,4.00,4.00,8.0,1.00,24907.00,38.3
393,0.00,124.00,124.0,28.0,23.00,1686.00,1709.0,66.46,6,9.97,4829,0.57,4917,50,4,24.00,0.00,24.0,0.00,0.00,0.0,6.00,109224.00,58.7
394,0.00,564.00,564.0,38.69,8.00,1804.00,1812.0,66.49,12,9.97,4828,0.57,4937,50,4,8.00,0.00,8.0,0.00,0.00,0.0,1.00,189518.00,68.5
395,0.00,22988.00,22988.0,43.38,8.00,1413.00,1421.0,66.52,2,9.97,4824,0.57,4924,50,4,8.00,0.00,8.0,0.00,0.00,0.0,2.00,216943.00,74.0
396,0.00,816.00,816.0,44.17,15.00,2376.00,2391.0,66.55,29,9.97,4829,0.57,4931,50,4,13.00,3.00,16.0,0.00,0.00,0.0,6.00,174883.00,73.6
397,0.00,968.00,968.0,66.0,10.00,3666.00,3676.0,66.59,3,9.97,4831,0.57,4908,50,4,8.00,2.00,10.0,0.00,0.00,0.0,3.00,173008.00,82.9
398,0.00,492.00,492.0,72.88,8.00,2265.00,2273.0,66.61,28,11.5,4831,0.57,4932,50,4,6.00,1.00,7.0,0.00,0.00,0.0,4.00,183609.00,83.0
399,0.00,388.00,388.0,82.33,8.00,2480.00,2488.0,66.64,19,11.5,4831,0.57,4913,50,4,6.00,2.00,8.0,0.00,0.00,0.0,0.00,118417.00,83.4
400,4.00,24072.00,24076.0,80.75,5.00,2149.00,2154.0,66.69,38,11.5,4831,0.57,4935,50,4,2.00,2.00,4.0,0.00,0.00,0.0,19.00,120071.00,83.6
401,0.00,1276.00,1276.0,81.08,9.00,2324.00,2333.0,66.75,21,11.5,4829,0.57,4918,50,4,4.00,2.00,6.0,0.00,0.00,0.0,1.00,118269.00,83.9
402,0.00,644.00,644.0,83.54,10.00,2004.00,2014.0,66.8,21,11.5,4830,0.57,4918,50,4,6.00,2.00,8.0,4.00,4.00,8.0,1.00,98875.00,84.1
403,0.00,1104.00,1104.0,71.94,3.00,2247.00,2250.0,66.83,14,12.42,4831,0.57,4906,50,4,2.00,1.00,3.0,0.00,0.00,0.0,1.00,150872.00,84.1
404,0.00,1336.00,1336.0,73.05,11.00,2655.00,2666.0,66.86,0,12.42,4830,0.57,4915,50,4,6.00,2.00,8.0,0.00,0.00,0.0,0.00,125106.00,84.2
405,0.00,620.00,620.0,36.34,10.00,1890.00,1900.0,66.88,2,12.42,4830,0.57,4926,50,4,10.00,2.00,12.0,0.00,0.00,0.0,0.00,71939.00,69.8
406,0.00,31032.00,31032.0,5.84,8.00,374.00,382.0,66.87,0,12.42,4828,0.57,4928,50,4,6.00,1.00,7.0,0.00,0.00,0.0,1.00,16225.00,42.9
407,0.00,108.00,108.0,3.3,14.00,336.00,350.0,66.87,0,12.42,4827,0.57,4922,50,4,12.00,1.00,13.0,0.00,0.00,0.0,0.00,15316.00,42.3
408,0.00,164.00,164.0,13.64,14.00,382.00,396.0,66.87,3,11.51,4822,0.57,4905,50,4,14.00,0.00,14.0,0.00,0.00,0.0,0.00,16337.00,53.7
409,0.00,124.00,124.0,6.79,14.00,645.00,659.0,66.88,0,11.51,4824,0.57,4906,50,4,14.00,0.00,14.0,0.00,0.00,0.0,2.00,34413.00,40.4
410,0.00,440.00,440.0,22.08,17.00,1367.00,1384.0,66.89,0,11.51,4827,0.57,4908,49,4,16.00,0.00,16.0,0.00,0.00,0.0,4.00,98976.00,55.4
411,4.00,67212.00,67216.0,57.03,14.00,1559.00,1573.0,66.93,10,11.51,4826,0.57,4915,49,4,14.00,0.00,14.0,0.00,0.00,0.0,2.00,172181.00,76.4
412,0.00,48.00,48.0,50.94,11.00,1314.00,1325.0,66.98,22,11.51,4826,0.57,4929,49,4,6.00,0.00,6.0,4.00,4.00,8.0,3.00,145431.00,76.4
413,0.00,872.00,872.0,72.37,8.00,1311.00,1319.0,66.99,5,11.79,4828,0.57,4915,49,4,8.00,0.00,8.0,0.00,0.00,0.0,3.00,149882.00,84.0
414,0.00,444.00,444.0,55.77,16.00,2373.00,2389.0,67.02,0,11.79,4831,0.57,4932,50,5,13.00,4.00,17.0,1.00,1.00,2.0,5.00,145009.00,77.8
415,0.00,768.00,768.0,57.27,7.00,2381.00,2388.0,67.01,17,11.79,4831,0.57,4921,50,5,6.00,0.00,6.0,0.00,0.00,0.0,0.00,147343.00,77.8
416,0.00,6448.00,6448.0,64.5,6.00,1870.00,1876.0,67.03,4,11.79,4831,0.57,4915,50,5,6.00,0.00,6.0,0.00,0.00,0.0,1.00,154464.00,78.1
417,0.00,168.00,168.0,62.63,7.00,2085.00,2092.0,67.07,2,11.79,4830,0.57,4910,50,5,6.00,1.00,7.0,0.00,0.00,0.0,0.00,207096.04,78.5
418,0.00,508.00,508.0,64.39,0.00,2210.00,2210.0,67.09,22,12.12,4830,0.57,4928,50,4,0.00,0.00,0.0,0.00,0.00,0.0,1.00,198720.00,78.9
419,0.00,632.00,632.0,64.83,0.00,2055.00,2055.0,67.14,4,12.12,4831,0.57,4939,50,4,0.00,0.00,0.0,0.00,0.00,0.0,2.00,197583.00,79.6
420,0.00,764.00,764.0,36.87,0.00,1907.00,1907.0,67.15,2,12.12,4830,0.57,4939,50,4,0.00,0.00,0.0,0.00,0.00,0.0,0.00,126367.00,67.4
421,0.00,316.00,316.0,37.55,22.00,2881.00,2903.0,67.18,10,12.12,4830,0.57,4930,50,4,20.00,0.00,20.0,2.00,2.00,4.0,1.00,130389.00,67.5
422,0.00,572.00,572.0,48.63,8.00,1768.00,1776.0,67.2,0,12.12,4831,0.57,4942,50,4,4.00,0.00,4.0,4.00,4.00,8.0,1.00,132088.00,75.5
423,0.00,276.00,276.0,31.47,4.00,1037.00,1041.0,67.22,5,11.71,4831,0.57,4948,50,4,4.00,0.00,4.0,0.00,0.00,0.0,0.00,177763.00,63.0
424,0.00,104.00,104.0,27.64,17.00,1096.00,1113.0,67.23,0,11.71,4830,0.57,4939,50,4,16.00,1.00,17.0,0.00,0.00,0.0,0.00,93220.00,62.6
425,0.00,996.00,996.0,25.35,14.00,1758.00,1772.0,67.25,2,11.71,4831,0.57,4932,50,4,12.00,2.00,14.0,0.00,0.00,0.0,1.00,102752.00,62.5
426,8.00,71796.00,71804.0,13.65,5.00,941.00,946.0,67.26,0,11.71,4831,0.57,4938,50,4,4.00,1.00,5.0,0.00,0.00,0.0,1.00,43255.00,49.5
427,0.00,676.00,676.0,5.3,20.00,355.00,375.0,67.26,0,11.71,4831,0.57,4938,50,4,14.00,4.00,18.0,0.00,0.00,0.0,0.00,14008.00,39.9
428,0.00,128.00,128.0,3.2,13.00,274.00,287.0,67.26,0,10.78,4830,0.57,4938,50,4,14.00,1.00,15.0,0.00,0.00,0.0,0.00,12104.00,39.6
429,0.00,120.00,120.0,5.87,18.00,508.00,526.0,67.26,1,10.78,4829,0.57,4928,50,4,16.00,2.00,18.0,0.00,0.00,0.0,1.00,23195.00,39.6
430,4.00,740.00,744.0,24.18,19.00,1642.00,1661.0,67.28,4,10.78,4830,0.57,4933,51,4,18.00,2.00,20.0,0.00,0.00,0.0,22.00,102403.00,57.4
431,0.00,27064.00,27064.0,70.87,15.00,1926.00,1941.0,67.31,20,10.78,4831,0.57,4914,51,4,15.00,8.00,23.0,0.00,0.00,0.0,3.00,150399.00,83.5
432,0.00,52.00,52.0,67.17,18.00,1993.00,2011.0,67.35,11,10.78,4829,0.57,4925,51,4,12.00,2.00,14.0,4.00,4.00,8.0,1.00,213901.00,83.6
433,0.00,416.00,416.0,61.84,9.00,2283.00,2292.0,67.39,15,10.87,4830,0.57,4923,51,4,7.00,2.00,9.0,0.00,0.00,0.0,3.00,219951.00,83.3
434,0.00,416.00,416.0,71.65,10.00,2981.00,2991.0,67.42,22,10.87,4831,0.57,4915,51,4,6.00,2.00,8.0,0.00,0.00,0.0,4.00,197473.00,83.4
435,0.00,792.00,792.0,74.28,10.00,3437.00,3447.0,67.45,6,10.87,4831,0.57,4906,50,4,12.00,3.00,15.0,0.00,0.00,0.0,2.00,197823.00,83.7
436,0.00,536.00,536.0,64.62,1.00,2645.00,2646.0,67.48,11,10.87,4831,0.57,4933,50,4,0.00,0.00,0.0,0.00,0.00,0.0,1.00,189542.00,83.5
437,0.00,22632.00,22632.0,73.73,4.00,1795.00,1799.0,67.49,3,10.87,4831,0.57,4941,50,4,2.00,2.00,4.0,0.00,0.00,0.0,0.00,144290.00,83.7
438,0.00,252.00,252.0,50.0,7.00,3074.00,3081.0,67.53,18,11.04,4831,0.57,4921,50,4,6.00,1.00,7.0,0.00,0.00,0.0,2.00,165480.00,74.4
439,0.00,588.00,588.0,66.11,14.00,2790.00,2804.0,67.57,4,11.04,4831,0.57,4929,49,4,12.00,1.00,13.0,0.00,0.00,0.0,0.00,140716.00,82.2
440,0.00,368.00,368.0,63.3,5.00,1409.00,1414.0,67.59,6,11.04,4831,0.57,4933,49,4,5.00,1.00,6.0,0.00,0.00,0.0,1.00,184879.00,82.2
441,0.00,1184.00,1184.0,24.0,6.00,1120.00,1126.0,67.62,0,11.04,4831,0.57,4927,49,4,6.00,0.00,6.0,0.00,0.00,0.0,1.00,93434.00,58.3
442,0.00,77224.00,77224.0,22.04,18.00,1881.00,1899.0,67.63,2,11.04,4830,0.57,4924,49,4,14.00,0.00,14.0,4.00,4.00,8.0,0.00,77520.00,58.0
443,0.00,448.00,448.0,14.61,12.00,651.00,663.0,67.63,0,10.16,4830,0.57,4929,49,4,12.00,0.00,12.0,0.00,0.00,0.0,0.00,29485.00,48.6
444,0.00,88.00,88.0,3.3,8.00,290.00,298.0,67.62,0,10.16,4827,0.57,4927,49,4,6.00,0.00,6.0,0.00,0.00,0.0,0.00,13187.00,37.8
445,0.00,388.00,388.0,4.56,12.00,309.00,321.0,67.62,0,10.16,4825,0.57,4922,49,4,14.00,0.00,14.0,0.00,0.00,0.0,0.00,13024.00,37.8
446,0.00,64.00,64.0,11.53,20.00,393.00,413.0,67.62,2,10.16,4824,0.57,4915,49,4,20.00,0.00,20.0,0.00,0.00,0.0,1.00,13796.00,50.5
447,0.00,10256.00,10256.0,15.42,12.00,701.00,713.0,67.63,3,10.16,4825,0.57,4912,49,4,12.00,0.00,12.0,0.00,0.00,0.0,1.00,34237.00,50.8
448,0.00,496.00,496.0,39.92,15.00,1819.00,1834.0,67.64,10,10.23,4825,0.57,4909,50,5,10.00,3.00,13.0,1.00,1.00,2.0,2.00,144931.00,67.6
449,0.00,336.00,336.0,41.48,17.00,1993.00,2010.0,67.66,15,10.23,4824,0.57,4918,50,5,18.00,1.00,19.0,0.00,0.00,0.0,1.00,179779.00,67.6
450,0.00,1200.00,1200.0,52.23,6.00,1862.00,1868.0,67.69,6,10.23,4823,0.57,4895,50,5,4.00,2.00,6.0,0.00,0.00,0.0,1.00,208727.00,79.9
451,0.00,56.00,56.0,75.22,4.00,1968.00,1972.0,67.72,16,10.23,4828,0.57,4906,50,5,4.00,0.00,4.0,0.00,0.00,0.0,6.00,186481.00,80.5
452,0.00,436.00,436.0,70.49,1.00,3314.00,3315.0,67.78,5,10.23,4829,0.57,4900,50,4,0.00,0.00,0.0,0.00,0.00,0.0,2.00,177740.00,81.0
453,0.00,672.00,672.0,65.72,2.00,2068.00,2070.0,67.79,3,10.13,4829,0.57,4918,50,4,0.00,2.00,2.0,0.00,0.00,0.0,1.00,201064.00,81.3
454,0.00,432.00,432.0,50.95,1.00,1717.00,1718.0,67.84,4,10.13,4829,0.57,4924,50,4,0.00,1.00,1.0,0.00,0.00,0.0,0.00,106058.00,80.7
455,0.00,1089.11,1089.11,36.01,25.00,2270.00,2295.0,67.85,4,10.13,4833,0.57,4928,51,4,23.00,8.00,31.0,0.00,0.00,0.0,4.00,111853.00,68.8
456,0.00,404.00,404.0,37.83,20.00,1971.00,1991.0,67.86,3,10.13,4832,0.57,4928,51,4,18.00,7.00,25.0,0.00,0.00,0.0,1.00,139537.00,68.7
457,0.00,12248.00,12248.0,26.58,3.00,1033.00,1036.0,67.88,10,10.13,4831,0.57,4944,51,4,2.00,2.00,4.0,0.00,0.00,0.0,0.00,159805.00,59.4
458,0.00,336.00,336.0,31.33,12.00,1570.00,1582.0,67.9,25,9.4,4831,0.57,4945,51,4,10.00,2.00,12.0,0.00,0.00,0.0,1.00,104735.00,59.5
459,0.00,144.00,144.0,47.07,22.00,2818.00,2840.0,67.91,6,9.4,4831,0.57,4935,50,4,21.00,2.00,23.0,0.00,0.00,0.0,1.00,166621.00,74.3
460,4.00,844.00,848.0,56.05,7.00,1665.00,1672.0,67.93,13,9.4,4831,0.57,4936,50,4,6.00,0.00,6.0,0.00,0.00,0.0,19.00,170387.00,74.9
461,0.00,308.00,308.0,24.48,3.00,943.00,946.0,67.95,12,9.4,4831,0.57,4933,50,4,0.00,2.00,2.0,0.00,0.00,0.0,2.00,87716.00,56.6
462,0.00,40340.00,40340.0,33.94,23.00,1745.00,1768.0,67.97,7,9.4,4831,0.57,4929,50,4,18.00,1.00,19.0,4.00,4.00,8.0,0.00,102156.00,67.0
463,0.00,904.00,904.0,18.49,10.89,1195.05,1205.94,67.98,1,8.72,4830,0.57,4931,50,4,10.00,0.00,10.0,0.00,0.00,0.0,0.00,51038.00,54.5
464,0.00,44.00,44.0,3.94,6.00,349.00,355.0,67.98,0,8.72,4828,0.57,4930,50,4,6.00,0.00,6.0,0.00,0.00,0.0,0.00,18408.00,38.2
465,0.00,844.00,844.0,14.29,17.00,1368.00,1385.0,67.99,2,8.72,4829,0.57,4927,50,4,16.00,1.00,17.0,0.00,0.00,0.0,1.00,83161.00,50.2
466,0.00,212.00,212.0,42.75,17.00,2342.00,2359.0,68.01,8,8.72,4829,0.57,4925,50,4,16.00,0.00,16.0,0.00,0.00,0.0,1.00,188121.00,72.0
467,0.00,60248.00,60248.0,52.06,9.00,2073.00,2082.0,68.04,10,8.72,4829,0.57,4943,50,4,6.00,2.00,8.0,0.00,0.00,0.0,0.00,239160.00,79.0
468,0.00,124.00,124.0,61.44,6.00,2387.00,2393.0,68.07,13,9.95,4830,0.57,4915,50,4,6.00,0.00,6.0,0.00,0.00,0.0,1.00,197361.00,79.2
469,0.00,992.00,992.0,66.97,14.00,3253.00,3267.0,68.1,18,9.95,4831,0.57,4915,50,4,14.00,0.00,14.0,0.00,0.00,0.0,1.00,156919.00,79.7
470,0.00,332.00,332.0,72.01,4.00,2265.00,2269.0,68.13,1,9.95,4830,0.57,4928,50,4,2.00,2.00,4.0,0.00,0.00,0.0,1.00,202219.00,80.3
471,0.00,324.00,324.0,35.9,0.00,1976.00,1976.0,68.16,3,9.95,4829,0.57,4926,50,4,0.00,0.00,0.0,0.00,0.00,0.0,1.00,113335.00,69.4
472,0.00,49980.00,49980.0,35.76,19.00,2525.00,2544.0,68.2,0,9.95,4831,0.57,4948,50,4,14.00,0.00,14.0,4.00,4.00,8.0,2.00,131140.00,69.0
473,0.00,712.00,712.0,43.46,7.00,1995.00,2002.0,68.21,3,9.71,4831,0.57,4943,49,4,6.00,0.00,6.0,0.00,0.00,0.0,0.00,120861.00,69.6
474,0.00,68.00,68.0,32.59,12.00,1110.00,1122.0,68.23,9,9.71,4831,0.57,4946,49,4,12.00,0.00,12.0,0.00,0.00,0.0,0.00,162685.00,64.5
475,0.00,848.00,848.0,46.73,10.00,1868.00,1878.0,68.2,19,9.71,4831,0.57,4946,49,4,10.00,0.00,10.0,0.00,0.00,0.0,0.00,139416.00,75.2
476,0.00,288.00,288.0,54.95,14.00,2794.00,2808.0,68.26,10,9.71,4831,0.57,4930,49,4,14.00,0.00,14.0,0.00,0.00,0.0,1.00,155394.00,75.6
477,0.00,316.00,316.0,60.1,8.00,1388.00,1396.0,68.28,2,9.71,4831,0.57,4945,49,4,6.00,0.00,6.0,0.00,0.00,0.0,0.00,182033.00,76.2
478,0.00,780.00,780.0,39.55,2.00,972.00,974.0,68.3,2,9.25,4830,0.57,4937,49,4,4.00,0.00,4.0,0.00,0.00,0.0,0.00,77556.00,70.0
479,0.00,636.00,636.0,20.91,18.00,2062.00,2080.0,68.29,1,9.25,4830,0.57,4939,49,4,18.00,0.00,18.0,0.00,0.00,0.0,1.00,88586.00,55.2
480,0.00,328.00,328.0,11.39,11.00,725.00,736.0,68.29,2,9.25,4828,0.57,4944,49,4,10.00,0.00,10.0,0.00,0.00,0.0,1.00,35493.00,46.7
481,0.00,0.00,0.0,3.68,6.00,358.00,364.0,68.29,0,9.25,4829,0.57,4945,49,4,6.00,0.00,6.0,0.00,0.00,0.0,2.00,19092.00,37.8
482,0.00,500.00,500.0,12.29,23.00,1182.00,1205.0,68.3,6,9.25,4830,0.57,4946,50,5,16.00,3.00,19.0,5.00,5.00,10.0,1.00,73160.00,47.3
483,4.00,50996.00,51000.0,45.93,22.00,1963.00,1985.0,68.31,9,9.63,4830,0.57,4929,50,5,18.00,2.00,20.0,0.00,0.00,0.0,0.00,175834.00,72.4
484,0.00,544.00,544.0,51.2,2.00,1965.00,1967.0,68.33,18,9.63,4830,0.57,4942,50,5,4.00,0.00,4.0,0.00,0.00,0.0,1.00,190567.00,72.9
485,0.00,108.00,108.0,68.69,6.00,2125.00,2131.0,68.36,12,9.63,4830,0.57,4921,50,5,6.00,0.00,6.0,0.00,0.00,0.0,0.00,208236.63,83.8
486,0.00,1292.00,1292.0,65.89,2.00,2644.00,2646.0,68.4,16,9.63,4830,0.57,4923,50,4,2.00,1.00,3.0,0.00,0.00,0.0,2.00,197577.00,83.7
487,0.00,1408.00,1408.0,63.97,0.00,3033.00,3033.0,68.44,12,9.63,4830,0.57,4921,50,4,0.00,0.00,0.0,0.00,0.00,0.0,1.00,207382.00,83.6
488,0.00,15224.00,15224.0,48.65,0.00,2125.00,2125.0,68.48,13,9.34,4831,0.57,4929,50,4,0.00,0.00,0.0,0.00,0.00,0.0,2.00,122714.00,76.1
489,0.00,488.00,488.0,32.87,8.00,1933.00,1941.0,68.49,3,9.34,4831,0.57,4933,50,4,6.00,0.00,6.0,0.00,0.00,0.0,0.00,100024.00,65.3
490,4.00,636.00,640.0,16.18,15.00,1046.00,1061.0,68.5,0,9.34,4831,0.57,4938,50,4,13.00,1.00,14.0,0.00,0.00,0.0,18.00,43455.00,51.1
491,0.00,0.00,0.0,5.56,19.00,345.00,364.0,68.51,0,9.34,4831,0.57,4935,51,4,19.00,11.00,30.0,0.00,0.00,0.0,2.00,12517.00,41.1
492,0.00,24.00,24.0,6.82,18.00,743.00,761.0,68.51,0,9.34,4831,0.57,4930,51,4,13.00,2.00,15.0,4.00,4.00,8.0,1.00,35865.00,41.0
493,0.00,5416.00,5416.0,26.77,21.00,1456.00,1477.0,68.53,2,8.75,4833,0.57,4937,51,4,20.00,0.00,20.0,0.00,0.00,0.0,2.00,122126.00,59.8
494,0.00,72.00,72.0,26.25,12.00,1076.00,1088.0,68.54,10,8.75,4830,0.57,4934,50,4,12.00,3.00,15.0,0.00,0.00,0.0,0.00,163865.00,59.7
495,0.00,412.00,412.0,23.54,8.00,1408.00,1416.0,68.55,1,8.75,4831,0.57,4930,50,4,8.00,0.00,8.0,0.00,0.00,0.0,1.00,111987.00,59.4
496,0.00,352.00,352.0,57.11,19.00,2555.00,2574.0,68.57,17,8.75,4831,0.57,4913,50,4,18.00,0.00,18.0,0.00,0.00,0.0,1.00,164936.00,77.1
497,0.00,580.00,580.0,49.87,6.00,2142.00,2148.0,68.59,6,8.75,4832,0.57,4936,50,4,6.00,0.00,6.0,0.00,0.00,0.0,1.00,161308.00,77.0
498,0.00,54056.00,54056.0,38.02,6.00,1027.00,1033.0,68.61,2,8.21,4830,0.57,4933,50,4,6.00,0.00,6.0,0.00,0.00,0.0,0.00,143497.00,70.6
499,0.00,584.00,584.0,30.77,17.00,2190.00,2207.0,68.6,14,8.21,4832,0.57,4922,50,4,14.00,3.00,17.0,0.00,0.00,0.0,2.00,142649.00,63.2
500,0.00,928.00,928.0,53.23,13.00,3111.00,3124.0,68.62,16,8.21,4832,0.57,4912,50,5,10.00,1.00,11.0,2.00,2.00,4.0,1.00,179731.00,78.8
501,0.00,1120.00,1120.0,53.2,6.00,2120.00,2126.0,68.65,20,8.21,4833,0.57,4922,50,5,6.00,0.00,6.0,0.00,0.00,0.0,2.00,211791.00,78.8
502,0.00,192.00,192.0,70.72,8.00,2276.00,2284.0,68.68,23,8.21,4832,0.57,4925,50,5,8.00,0.00,8.0,0.00,0.00,0.0,1.00,190791.00,84.3
503,4.00,75156.00,75160.0,59.85,8.00,2881.00,2889.0,68.72,18,8.28,4833,0.57,4918,50,5,8.00,0.00,8.0,0.00,0.00,0.0,0.00,205222.00,83.9
504,0.00,348.51,348.51,59.34,9.00,2689.00,2698.0,68.75,26,8.28,4832,0.57,4912,50,5,9.00,1.00,10.0,0.00,0.00,0.0,1.00,203457.00,83.4
505,0.00,1184.00,1184.0,49.05,2.00,2252.00,2254.0,68.78,1,8.28,4831,0.57,4909,50,4,0.00,0.00,0.0,2.00,2.00,4.0,1.00,137261.00,75.3
506,0.00,120.00,120.0,30.66,10.00,1947.00,1957.0,68.8,1,8.28,4830,0.57,4922,50,4,10.00,0.00,10.0,0.00,0.00,0.0,1.00,118994.00,61.8
507,0.00,628.00,628.0,16.24,12.00,1478.00,1490.0,68.82,0,8.28,4829,0.57,4927,51,4,10.00,3.00,13.0,0.00,0.00,0.0,0.00,55559.00,51.6
508,0.00,19884.00,19884.0,3.18,7.00,333.00,340.0,68.82,0,7.77,4828,0.57,4920,50,4,6.00,0.00,6.0,0.00,0.00,0.0,0.00,14702.00,38.8
509,0.00,108.00,108.0,11.22,22.00,992.00,1014.0,68.82,4,7.77,4830,0.57,4923,50,4,20.00,0.00,20.0,0.00,0.00,0.0,3.00,58402.00,45.1
510,0.00,1232.00,1232.0,42.48,12.00,1477.00,1489.0,68.84,1,7.77,4830,0.57,4916,51,4,12.00,3.00,15.0,0.00,0.00,0.0,0.00,114400.00,73.3
511,0.00,16.00,16.0,29.49,10.00,991.00,1001.0,68.85,0,7.77,4830,0.57,4917,50,4,6.00,0.00,6.0,0.00,0.00,0.0,2.00,194708.00,61.0
512,0.00,80.00,80.0,25.58,24.00,1756.00,1780.0,68.87,0,7.77,4830,0.57,4919,51,4,19.00,3.00,22.0,4.00,4.00,8.0,2.00,118028.00,60.6
513,0.00,31092.00,31092.0,44.22,16.00,2945.00,2961.0,68.9,8,7.23,4831,0.57,4936,50,4,19.00,3.00,22.0,0.00,0.00,0.0,2.00,163580.00,72.1
514,0.00,592.00,592.0,40.87,4.00,1555.00,1559.0,68.92,0,7.23,4830,0.57,4945,50,4,4.00,0.00,4.0,0.00,0.00,0.0,0.00,194060.00,71.9
515,0.00,768.00,768.0,19.64,6.00,1151.00,1157.0,68.94,8,7.23,4831,0.57,4928,50,4,6.00,0.00,6.0,0.00,0.00,0.0,1.00,97941.00,55.1
516,0.00,900.00,900.0,32.53,14.00,2475.00,2489.0,68.96,2,7.23,4830,0.57,4926,50,4,14.00,0.00,14.0,0.00,0.00,0.0,1.00,133910.00,66.2
517,0.00,892.00,892.0,39.16,15.00,2176.00,2191.0,68.95,1,7.23,4829,0.57,4930,51,5,12.00,3.00,15.0,1.00,1.00,2.0,0.00,168991.00,66.6
518,0.00,17232.00,17232.0,41.83,7.00,1775.00,1782.0,68.94,9,8.01,4829,0.57,4932,51,5,4.00,2.00,6.0,0.00,0.00,0.0,1.00,203432.00,67.0
519,0.00,164.00,164.0,41.01,10.00,2678.00,2688.0,68.96,14,8.01,4829,0.57,4927,51,5,8.00,1.00,9.0,0.00,0.00,0.0,1.00,191250.00,67.3
520,0.00,132.00,132.0,72.89,4.00,1812.00,1816.0,69.01,14,8.01,4830,0.57,4914,50,5,2.00,0.00,2.0,0.00,0.00,0.0,3.00,206508.00,84.9
521,0.00,1052.00,1052.0,62.81,2.00,2675.00,2677.0,69.05,15,8.01,4831,0.57,4926,51,4,0.00,3.00,3.0,0.00,0.00,0.0,19.00,169285.00,84.6
522,0.00,1100.00,1100.0,48.8,3.00,2040.00,2043.0,69.08,0,8.01,4831,0.57,4926,51,4,0.00,2.00,2.0,0.00,0.00,0.0,0.00,181416.00,73.2
523,0.00,960.00,960.0,28.53,2.00,2310.00,2312.0,69.12,11,8.01,4831,0.57,4945,51,4,0.00,2.00,2.0,0.00,0.00,0.0,0.00,127098.00,65.0
524,0.00,6876.00,6876.0,20.51,21.00,1878.00,1899.0,69.13,2,8.01,4831,0.57,4952,51,4,20.00,1.00,21.0,0.00,0.00,0.0,0.00,62553.00,53.3
525,0.00,684.00,684.0,5.95,6.00,420.00,426.0,69.14,0,8.01,4829,0.57,4957,50,4,4.00,0.00,4.0,0.00,0.00,0.0,0.00,16990.00,41.6
526,0.00,52.00,52.0,3.42,10.00,344.00,354.0,69.14,0,8.01,4829,0.57,4954,51,4,8.00,3.00,11.0,0.00,0.00,0.0,1.00,14369.00,41.1
527,0.00,92.00,92.0,7.38,23.00,640.00,663.0,69.14,0,8.01,4829,0.57,4949,51,4,22.00,1.00,23.0,0.00,0.00,0.0,0.00,29461.00,41.0
528,0.00,100.00,100.0,6.83,12.00,566.00,578.0,69.15,0,7.45,4829,0.57,4942,50,4,10.00,0.00,10.0,0.00,0.00,0.0,1.00,41926.00,41.1
529,0.00,55396.00,55396.0,15.19,14.00,682.00,696.0,69.15,1,7.45,4828,0.57,4933,51,4,12.00,3.00,15.0,0.00,0.00,0.0,0.00,78820.00,46.7
530,0.00,536.00,536.0,21.81,20.00,1337.00,1357.0,69.18,4,7.45,4827,0.57,4915,51,4,18.00,2.00,20.0,0.00,0.00,0.0,1.00,105393.00,58.4
531,0.00,36.00,36.0,36.48,10.00,1363.00,1373.0,69.2,3,7.45,4826,0.57,4916,51,4,8.00,0.00,8.0,0.00,0.00,0.0,1.00,136624.00,70.0
532,0.00,68.00,68.0,42.39,15.00,1174.00,1189.0,69.21,6,7.45,4828,0.57,4928,50,4,8.00,2.00,10.0,4.00,4.00,8.0,2.00,106725.00,70.0
533,0.00,1088.00,1088.0,37.07,19.00,2605.00,2624.0,69.23,15,7.25,4831,0.57,4956,50,4,18.00,0.00,18.0,0.00,0.00,0.0,4.00,146618.00,69.8
534,0.00,80780.00,80780.0,49.28,2.00,3083.00,3085.0,69.27,0,7.25,4831,0.57,4959,50,4,4.00,0.00,4.0,0.00,0.00,0.0,0.00,161113.00,76.2
535,0.00,432.00,432.0,53.59,3.00,1669.00,1672.0,69.29,33,7.25,4831,0.57,4952,50,4,0.00,3.00,3.0,0.00,0.00,0.0,1.00,196720.00,76.1
536,0.00,376.00,376.0,57.22,1.00,2711.00,2712.0,69.33,0,7.25,4831,0.57,4926,50,4,0.00,1.00,1.0,0.00,0.00,0.0,1.00,212659.00,76.7
537,0.00,444.00,444.0,67.88,4.00,2592.00,2596.0,69.36,39,7.25,4831,0.57,4933,50,4,2.00,2.00,4.0,0.00,0.00,0.0,0.00,205802.00,82.5
538,0.00,608.00,608.0,77.14,7.00,2823.00,2830.0,69.4,43,8.52,4830,0.57,4931,50,4,6.00,0.00,6.0,0.00,0.00,0.0,1.00,193040.00,82.8
539,0.00,9148.00,9148.0,76.57,0.00,3283.00,3283.0,69.42,10,8.52,4830,0.57,4917,50,4,0.00,0.00,0.0,0.00,0.00,0.0,2.00,179183.00,83.2
540,0.00,1012.00,1012.0,72.14,2.00,1959.00,1961.0,69.45,4,8.52,4831,0.57,4934,49,4,0.00,1.00,1.0,0.00,0.00,0.0,2.00,193057.00,83.4
541,0.00,536.00,536.0,31.6,10.00,2512.00,2522.0,69.48,0,8.52,4831,0.57,4946,49,4,10.00,1.00,11.0,0.00,0.00,0.0,1.00,122056.00,64.8
542,0.00,636.00,636.0,24.36,4.00,1922.00,1926.0,69.5,3,8.52,4831,0.57,4960,49,4,4.00,0.00,4.0,0.00,0.00,0.0,0.00,85134.00,58.9
543,0.00,104.00,104.0,11.28,14.00,875.00,889.0,69.51,0,7.83,4830,0.57,4962,49,4,12.00,0.00,12.0,0.00,0.00,0.0,1.00,37590.00,46.6
544,0.00,300.00,300.0,5.91,10.00,535.00,545.0,69.51,3,7.83,4830,0.57,4961,49,4,10.00,0.00,10.0,0.00,0.00,0.0,2.00,26996.00,39.9
545,0.00,23356.00,23356.0,9.89,8.00,578.00,586.0,69.52,0,7.83,4830,0.57,4961,49,4,10.00,0.00,10.0,0.00,0.00,0.0,1.00,40216.00,40.0
546,0.00,584.00,584.0,11.21,20.00,646.00,666.0,69.54,0,7.83,4830,0.57,4948,49,4,20.00,0.00,20.0,0.00,0.00,0.0,1.00,79341.00,46.3
547,0.00,296.00,296.0,14.29,10.00,1083.00,1093.0,69.55,9,7.83,4830,0.57,4938,49,4,10.00,0.00,10.0,0.00,0.00,0.0,3.00,82436.00,46.4
548,0.00,652.00,652.0,25.39,9.00,1501.00,1510.0,69.57,3,7.53,4830,0.57,4934,49,4,8.00,0.00,8.0,0.00,0.00,0.0,1.00,130791.00,62.2
549,0.00,588.00,588.0,25.13,18.00,962.00,980.0,69.58,1,7.53,4829,0.57,4936,49,4,18.00,0.00,18.0,0.00,0.00,0.0,0.00,131706.00,57.1
550,0.00,30284.00,30284.0,15.69,6.00,1083.00,1089.0,69.59,2,7.53,4832,0.57,4937,49,4,6.00,0.00,6.0,0.00,0.00,0.0,3.00,83265.00,51.6
551,0.00,836.00,836.0,16.58,12.00,1651.00,1663.0,69.61,1,7.53,4832,0.57,4936,50,5,8.00,3.00,11.0,1.00,1.00,2.0,17.00,90661.00,51.9
552,0.00,56.00,56.0,31.83,24.00,1622.00,1646.0,69.63,10,7.53,4832,0.57,4923,50,5,20.00,0.00,20.0,4.00,4.00,8.0,1.00,108208.00,66.5
553,0.00,288.00,288.0,61.2,6.00,2024.00,2030.0,69.66,20,8.85,4832,0.57,4946,50,5,6.00,0.00,6.0,0.00,0.00,0.0,0.00,204363.00,81.4
554,0.00,312.00,312.0,59.72,3.00,2214.00,2217.0,69.69,21,8.85,4832,0.57,4932,50,5,0.00,2.00,2.0,0.00,0.00,0.0,0.00,217082.00,81.3
555,0.00,6508.00,6508.0,62.23,2.00,2017.00,2019.0,69.72,12,8.85,4831,0.57,4946,50,4,0.00,2.00,2.0,0.00,0.00,0.0,3.00,216602.00,81.4
556,0.00,484.00,484.0,73.75,2.00,2113.00,2115.0,69.77,10,8.85,4832,0.57,4943,50,4,0.00,2.00,2.0,0.00,0.00,0.0,0.99,129012.87,81.7
557,0.00,632.00,632.0,59.75,0.00,3179.00,3179.0,69.78,16,8.85,4831,0.57,4938,50,4,0.00,0.00,0.0,0.00,0.00,0.0,0.00,127557.00,81.4
558,0.00,568.00,568.0,54.37,20.00,2923.00,2943.0,69.8,11,8.46,4831,0.57,4957,50,4,20.00,0.00,20.0,0.00,0.00,0.0,0.00,133930.00,81.1
559,0.00,344.00,344.0,40.18,5.00,1891.00,1896.0,69.79,3,8.46,4831,0.57,4947,50,4,2.00,3.00,5.0,0.00,0.00,0.0,0.00,153824.00,68.2
560,0.00,32336.00,32336.0,39.38,4.00,1222.00,1226.0,69.81,5,8.46,4831,0.57,4944,50,4,3.00,2.00,5.0,0.00,0.00,0.0,0.00,229937.00,68.5
561,0.00,1376.00,1376.0,25.35,24.00,1721.00,1745.0,69.84,4,8.46,4831,0.57,4949,50,4,22.00,2.00,24.0,0.00,0.00,0.0,2.00,122050.00,58.3
562,0.00,884.00,884.0,33.72,5.00,2807.00,2812.0,69.87,8,8.46,4832,0.57,4940,50,4,4.00,1.00,5.0,0.00,0.00,0.0,1.00,98047.00,66.8
563,16.00,412.00,428.0,11.58,6.00,701.00,707.0,69.87,1,7.78,4831,0.57,4951,50,4,4.00,2.00,6.0,0.00,0.00,0.0,0.00,32578.00,46.9
564,0.00,96.00,96.0,8.65,20.00,618.00,638.0,69.87,7,7.78,4831,0.57,4952,50,4,18.00,2.00,20.0,0.00,0.00,0.0,0.00,44316.00,46.3
565,4.00,73348.00,73352.0,8.49,7.00,426.00,433.0,69.88,1,7.78,4831,0.57,4944,50,4,7.00,0.00,7.0,0.00,0.00,0.0,0.00,39438.00,45.9
566,0.00,512.00,512.0,11.85,0.00,399.00,399.0,69.89,1,7.78,4831,0.57,4938,50,4,0.00,0.00,0.0,0.00,0.00,0.0,1.00,57096.00,46.3
567,0.00,136.00,136.0,10.85,24.00,1082.00,1106.0,69.89,6,7.78,4831,0.57,4932,50,4,22.00,2.00,24.0,0.00,0.00,0.0,1.00,62199.00,46.0
568,0.00,1048.00,1048.0,24.97,15.00,1769.00,1784.0,69.9,3,7.4,4832,0.57,4933,50,4,14.00,1.00,15.0,0.00,0.00,0.0,1.00,121575.00,60.3
569,0.00,152.00,152.0,30.51,0.00,1463.00,1463.0,69.92,4,7.4,4832,0.57,4944,50,4,0.00,0.00,0.0,0.00,0.00,0.0,0.00,188093.00,60.5
570,0.00,55256.00,55256.0,56.42,22.00,1890.00,1912.0,69.91,22,7.4,4832,0.57,4928,50,4,22.00,0.00,22.0,0.00,0.00,0.0,2.00,158661.00,78.4
571,0.00,524.00,524.0,72.5,10.00,2875.00,2885.0,69.94,42,7.4,4832,0.57,4937,49,4,8.00,1.00,9.0,0.00,0.00,0.0,2.00,175650.00,85.5
572,0.00,484.00,484.0,71.0,9.00,2899.00,2908.0,69.97,15,7.4,4830,0.57,4927,49,4,4.00,0.00,4.0,4.00,4.00,8.0,2.00,196437.00,85.3
573,0.00,408.00,408.0,63.07,6.00,2308.00,2314.0,70.01,12,7.85,4831,0.57,4938,49,4,6.00,0.00,6.0,0.00,0.00,0.0,2.00,228329.00,85.1
574,0.00,468.00,468.0,51.66,4.00,2024.00,2028.0,70.04,12,7.85,4831,0.57,4939,49,4,4.00,0.00,4.0,0.00,0.00,0.0,0.00,156951.00,74.9
575,0.00,1148.00,1148.0,42.25,10.00,3682.00,3692.0,70.08,14,7.85,4829,0.57,4940,49,4,10.00,0.00,10.0,0.00,0.00,0.0,1.00,165614.00,74.5
576,0.00,22404.00,22404.0,49.18,2.00,2930.00,2932.0,70.07,1,7.85,4831,0.57,4952,49,4,2.00,0.00,2.0,0.00,0.00,0.0,2.00,167200.00,74.8
577,0.00,712.00,712.0,31.65,12.00,1498.00,1510.0,70.09,22,7.85,4831,0.57,4962,49,4,10.00,0.00,10.0,0.00,0.00,0.0,0.00,164654.00,60.4
578,0.00,236.00,236.0,30.82,4.00,1436.00,1440.0,70.12,3,7.3,4829,0.57,4986,49,4,4.00,0.00,4.0,0.00,0.00,0.0,0.00,138084.00,60.5
579,0.00,182.18,182.18,32.21,14.00,1973.00,1987.0,70.14,3,7.3,4832,0.57,4968,49,4,14.00,0.00,14.0,0.00,0.00,0.0,3.00,143020.00,60.9
580,0.00,648.00,648.0,28.59,12.00,2352.00,2364.0,70.16,0,7.3,4832,0.57,4969,49,4,10.00,0.00,10.0,0.00,0.00,0.0,0.00,98791.00,61.3
581,8.00,14404.00,14412.0,13.22,6.00,969.00,975.0,70.17,1,7.3,4832,0.57,4971,49,4,6.00,0.00,6.0,0.00,0.00,0.0,17.00,59321.00,50.1
582,0.00,488.00,488.0,9.74,16.00,524.00,540.0,70.18,0,7.3,4832,0.57,4969,49,4,12.00,0.00,12.0,4.00,4.00,8.0,0.00,71591.00,44.6
583,0.00,628.00,628.0,11.77,15.00,550.00,565.0,70.19,1,6.79,4832,0.57,4959,49,4,14.00,0.00,14.0,0.00,0.00,0.0,0.00,34975.00,45.0
584,0.00,176.00,176.0,7.15,8.00,797.00,805.0,70.2,0,6.79,4830,0.57,4945,49,4,6.00,0.00,6.0,0.00,0.00,0.0,0.00,33275.00,44.7
585,0.00,488.00,488.0,10.61,21.00,717.00,738.0,70.21,0,6.79,4830,0.57,4936,50,5,20.00,3.00,23.0,1.00,1.00,2.0,0.00,53132.00,44.6
586,0.00,7576.00,7576.0,19.54,16.00,1252.00,1268.0,70.22,1,6.79,4829,0.57,4923,50,5,14.00,2.00,16.0,0.00,0.00,0.0,1.00,112595.00,54.2
587,0.00,400.00,400.0,29.87,12.00,1610.00,1622.0,70.24,5,6.79,4829,0.57,4912,50,5,8.00,2.00,10.0,0.00,0.00,0.0,0.00,167671.00,61.9
588,0.00,560.00,560.0,48.44,3.00,1897.00,1900.0,70.26,13,6.41,4831,0.57,4926,50,5,4.00,1.00,5.0,0.00,0.00,0.0,2.00,197683.00,75.2
589,0.00,376.00,376.0,51.73,0.99,2002.97,2003.96,70.29,8,6.41,4832,0.57,4926,50,4,0.00,1.00,1.0,0.00,0.00,0.0,1.00,183897.00,75.4
590,0.00,408.00,408.0,31.4,2.00,2148.00,2150.0,70.32,0,6.41,4832,0.57,4926,50,4,0.00,2.00,2.0,0.00,0.00,0.0,0.00,141490.00,65.0
591,0.00,44292.00,44292.0,26.09,0.00,1852.00,1852.0,70.34,1,6.41,4831,0.57,4936,50,4,0.00,0.00,0.0,0.00,0.00,0.0,1.00,100347.00,64.4
592,0.00,520.00,520.0,40.87,27.00,2227.00,2254.0,70.35,15,6.41,4832,0.57,4932,50,4,26.00,0.00,26.0,0.00,0.00,0.0,1.00,110100.00,64.9
593,0.00,292.00,292.0,39.02,2.00,1630.00,1632.0,70.37,1,5.97,4831,0.57,4939,50,4,2.00,0.00,2.0,0.00,0.00,0.0,0.00,131597.00,65.2
594,0.00,468.00,468.0,39.59,6.00,1185.00,1191.0,70.39,0,5.97,4830,0.57,4935,50,4,4.00,0.00,4.0,0.00,0.00,0.0,1.00,214945.00,72.3
595,0.00,348.00,348.0,44.03,20.00,2521.00,2541.0,70.42,22,5.97,4830,0.57,4927,50,4,20.00,0.00,20.0,0.00,0.00,0.0,3.00,149628.00,71.9
596,0.00,40364.00,40364.0,59.54,4.00,3355.00,3359.0,70.49,3,5.97,4832,0.57,4922,50,4,6.00,0.00,6.0,0.00,0.00,0.0,2.00,161120.00,79.9
597,0.00,460.00,460.0,48.98,6.00,1669.00,1675.0,70.49,21,5.97,4832,0.57,4950,50,4,6.00,0.00,6.0,0.00,0.00,0.0,1.00,165787.00,72.3
598,0.00,472.00,472.0,41.08,8.00,1298.00,1306.0,70.51,7,5.5,4832,0.57,4962,50,4,8.00,0.00,8.0,0.00,0.00,0.0,0.00,135307.00,66.7
599,0.00,724.00,724.0,25.22,5.00,2027.00,2032.0,70.53,0,5.5,4832,0.57,4978,50,4,4.00,0.00,4.0,0.00,0.00,0.0,1.00,119202.00,57.7
600,0.00,568.00,568.0,26.24,7.00,2477.00,2484.0,70.53,0,5.5,4832,0.57,4983,50,4,6.00,2.00,8.0,0.00,0.00,0.0,0.00,79045.00,57.9
601,4.00,85348.00,85352.0,11.17,20.00,961.00,981.0,70.54,0,5.5,4832,0.57,4988,50,4,18.00,2.00,20.0,0.00,0.00,0.0,2.00,46074.00,45.1
602,0.00,648.00,648.0,18.68,9.00,1042.00,1051.0,70.56,0,5.5,4832,0.57,4983,50,4,4.00,1.00,5.0,4.00,4.00,8.0,0.00,88108.00,54.6
603,0.00,132.00,132.0,30.1,12.00,1474.00,1486.0,70.54,2,5.06,4832,0.57,4963,50,4,10.00,2.00,12.0,0.00,0.00,0.0,0.00,170411.00,62.4
604,0.00,148.00,148.0,39.79,24.00,2169.00,2193.0,70.51,1,5.06,4832,0.57,4936,50,4,24.00,0.00,24.0,0.00,0.00,0.0,0.00,174281.00,68.6
605,0.00,544.00,544.0,47.61,0.00,2465.00,2465.0,70.53,1,5.06,4832,0.57,4930,50,4,0.00,0.00,0.0,0.00,0.00,0.0,1.00,214340.00,74.6
606,0.00,1036.00,1036.0,39.44,8.00,2081.00,2089.0,70.55,15,5.06,4831,0.57,4928,50,4,8.00,0.00,8.0,0.00,0.00,0.0,1.00,165557.00,68.3
607,0.00,35800.00,35800.0,43.99,15.00,1963.00,1978.0,70.58,2,5.06,4831,0.57,4930,50,4,14.00,0.00,14.0,0.00,0.00,0.0,1.00,126488.00,68.6
608,0.00,860.00,860.0,24.14,0.00,1596.00,1596.0,70.6,1,5.77,4832,0.57,4939,50,4,0.00,0.00,0.0,0.00,0.00,0.0,1.00,97439.00,59.7
609,0.00,552.00,552.0,17.34,16.00,1728.00,1744.0,70.62,1,5.77,4832,0.57,4939,50,4,16.00,0.00,16.0,0.00,0.00,0.0,1.00,70384.00,52.8
610,0.00,112.00,112.0,35.87,14.00,1656.00,1670.0,70.63,2,5.77,4832,0.57,4936,50,4,12.00,1.00,13.0,0.00,0.00,0.0,1.00,134261.00,65.0
611,0.00,728.00,728.0,28.26,10.00,1329.00,1339.0,70.65,7,5.77,4831,0.57,4955,50,4,6.00,4.00,10.0,0.00,0.00,0.0,17.00,162639.00,64.5
612,0.00,4752.00,4752.0,33.71,20.00,1823.00,1843.0,70.68,12,5.77,4832,0.57,4935,49,4,14.00,1.00,15.0,4.00,4.00,8.0,1.00,172873.00,64.6
613,0.00,840.00,840.0,64.65,11.00,2953.00,2964.0,70.73,22,6.67,4831,0.57,4933,49,4,10.00,0.00,10.0,0.00,0.00,0.0,0.00,195377.00,82.0
614,0.00,188.00,188.0,48.61,8.00,3260.00,3268.0,70.73,17,6.67,4831,0.57,4925,49,4,8.00,0.00,8.0,0.00,0.00,0.0,1.00,204973.00,76.1
615,0.00,372.00,372.0,46.19,6.00,1363.00,1369.0,70.76,5,6.67,4831,0.57,4940,49,4,6.00,0.00,6.0,0.00,0.00,0.0,0.00,169118.00,75.7
616,0.00,516.00,516.0,28.57,4.00,2111.00,2115.0,70.79,2,6.67,4831,0.57,4942,49,4,4.00,0.00,4.0,0.00,0.00,0.0,1.00,143039.00,63.3
617,0.00,17496.00,17496.0,37.25,12.00,2621.00,2633.0,70.81,1,6.67,4832,0.57,4937,49,4,12.00,0.00,12.0,0.00,0.00,0.0,2.00,94283.00,70.3
618,0.00,456.00,456.0,15.32,12.00,1098.00,1110.0,70.81,5,6.22,4831,0.57,4943,49,4,12.00,0.00,12.0,0.00,0.00,0.0,0.00,81037.00,50.8
619,0.00,148.00,148.0,19.77,8.00,1130.00,1138.0,70.81,5,6.22,4830,0.57,4940,49,4,8.00,0.00,8.0,0.00,0.00,0.0,0.00,141491.00,50.9
620,0.00,120.00,120.0,26.79,14.00,1695.00,1709.0,70.84,4,6.22,4830,0.57,4930,50,5,10.00,4.00,14.0,1.00,1.00,2.0,1.00,137393.00,58.3
621,0.00,924.00,924.0,38.66,20.00,2135.00,2155.0,70.87,21,6.22,4831,0.57,4913,50,5,20.00,0.00,20.0,0.00,0.00,0.0,2.00,182929.00,68.2
622,0.00,19116.00,19116.0,41.5,2.00,2136.00,2138.0,70.9,1,6.22,4831,0.57,4920,50,5,0.00,0.00,0.0,2.00,2.00,4.0,1.00,194671.00,68.7
623,0.00,948.00,948.0,37.87,3.00,1903.00,1906.0,70.93,3,6.6,4831,0.57,4919,50,5,0.00,1.00,1.0,2.00,2.00,4.0,0.00,210430.00,68.8
624,0.00,592.00,592.0,24.71,0.00,1914.00,1914.0,70.92,5,6.6,4832,0.57,4939,50,4,0.00,0.00,0.0,0.00,0.00,0.0,1.00,101824.00,59.7
625,0.00,148.00,148.0,23.83,0.00,1487.00,1487.0,70.93,1,6.6,4831,0.57,4931,50,4,0.00,0.00,0.0,0.00,0.00,0.0,0.00,76922.00,59.4
626,0.00,504.00,504.0,10.75,0.00,576.00,576.0,70.95,0,6.6,4830,0.57,4937,50,4,0.00,0.00,0.0,0.00,0.00,0.0,1.00,31262.00,46.0
627,0.00,63340.00,63340.0,4.45,24.00,462.00,486.0,70.95,1,6.6,4827,0.57,4925,50,4,24.00,0.00,24.0,0.00,0.00,0.0,0.00,16004.00,39.4
628,0.00,772.00,772.0,6.16,10.00,315.00,325.0,70.95,0,6.07,4827,0.57,4924,50,4,10.00,0.00,10.0,0.00,0.00,0.0,0.00,12620.00,39.4
629,0.00,188.00,188.0,2.68,4.00,295.00,299.0,70.95,0,6.07,4824,0.57,4913,50,4,4.00,0.00,4.0,0.00,0.00,0.0,0.00,13996.00,39.2
630,0.00,612.00,612.0,9.94,31.00,1130.00,1161.0,70.95,7,6.07,4827,0.57,4915,50,4,30.00,1.00,31.0,0.00,0.00,0.0,5.00,67825.00,44.5
631,0.00,400.00,400.0,26.42,6.00,1635.00,1641.0,70.97,6,6.07,4826,0.57,4921,50,4,6.00,0.00,6.0,0.00,0.00,0.0,2.00,147597.00,59.5
632,0.00,43876.00,43876.0,32.04,7.00,1250.00,1257.0,70.99,7,6.07,4826,0.57,4927,50,4,6.00,0.00,6.0,0.00,0.00,0.0,0.99,205097.03,59.9
633,0.00,908.00,908.0,50.64,23.00,2430.00,2453.0,70.99,11,6.71,4830,0.57,4935,50,4,22.00,1.00,23.0,0.00,0.00,0.0,5.00,152559.00,77.8
634,0.00,692.00,692.0,63.89,2.00,3152.00,3154.0,71.0,12,6.71,4831,0.57,4925,50,4,2.00,0.00,2.0,0.00,0.00,0.0,2.00,180211.00,78.3
635,0.00,492.00,492.0,65.24,8.00,2586.00,2594.0,71.04,16,6.71,4830,0.57,4935,50,4,8.00,0.00,8.0,0.00,0.00,0.0,1.00,212019.00,78.9
636,0.00,1320.00,1320.0,54.62,16.00,2554.00,2570.0,71.07,12,6.71,4832,0.57,4930,50,4,10.00,6.00,16.0,0.00,0.00,0.0,3.00,193409.00,78.9
637,4.00,55868.00,55872.0,75.0,4.00,2867.00,2871.0,71.1,19,6.71,4832,0.57,4923,50,4,1.00,3.00,4.0,0.00,0.00,0.0,0.00,185009.00,84.4
638,0.00,1304.00,1304.0,66.96,13.00,3809.00,3822.0,71.13,17,7.85,4829,0.57,4921,50,4,12.00,1.00,13.0,0.00,0.00,0.0,0.00,200321.00,84.5
639,0.00,732.00,732.0,70.54,6.00,2143.00,2149.0,71.17,3,7.85,4830,0.57,4937,50,4,4.00,2.00,6.0,0.00,0.00,0.0,2.00,190573.00,84.5
640,0.00,336.00,336.0,48.85,6.00,2235.00,2241.0,71.17,17,7.85,4832,0.57,4924,50,4,2.00,2.00,4.0,0.00,0.00,0.0,2.00,203868.00,75.5
641,0.00,604.00,604.0,55.37,9.00,3085.00,3094.0,71.21,1,7.85,4831,0.57,4927,50,4,8.00,1.00,9.0,0.00,0.00,0.0,19.00,139791.00,75.9
642,0.00,10172.00,10172.0,32.62,12.00,2025.00,2037.0,71.2,10,7.85,4831,0.57,4931,50,4,8.00,2.00,10.0,0.00,0.00,0.0,0.00,109250.00,65.9
643,0.00,384.00,384.0,12.71,11.00,1019.00,1030.0,71.21,0,9.31,4830,0.57,4932,49,4,6.00,1.00,7.0,4.00,4.00,8.0,0.00,38950.00,49.9
644,0.00,416.00,416.0,4.16,16.00,362.00,378.0,71.22,0,9.31,4829,0.57,4930,49,4,14.00,0.00,14.0,0.00,0.00,0.0,0.00,13439.00,38.1
645,0.00,0.00,0.0,4.03,14.00,380.00,394.0,71.22,0,9.31,4826,0.57,4922,49,4,16.00,0.00,16.0,0.00,0.00,0.0,0.00,14978.00,38.0
646,0.00,552.00,552.0,5.08,10.00,404.00,414.0,71.22,4,9.31,4826,0.57,4912,49,4,10.00,0.00,10.0,0.00,0.00,0.0,3.00,20867.00,38.2
647,0.00,19408.00,19408.0,13.51,10.00,888.00,898.0,71.22,0,9.31,4827,0.57,4906,49,4,10.00,0.00,10.0,0.00,0.00,0.0,2.00,59529.00,46.7
648,0.00,432.00,432.0,27.44,22.00,1577.00,1599.0,71.24,8,10.88,4827,0.57,4910,49,4,22.00,0.00,22.0,0.00,0.00,0.0,1.00,163654.00,58.7
649,0.00,408.00,408.0,25.06,6.00,1329.00,1335.0,71.25,15,10.88,4827,0.57,4922,49,4,6.00,0.00,6.0,0.00,0.00,0.0,1.00,145711.00,58.5
650,0.00,264.00,264.0,29.23,14.00,1655.00,1669.0,71.28,4,10.88,4831,0.57,4925,49,4,14.00,0.00,14.0,0.00,0.00,0.0,6.00,135985.00,59.1
651,0.00,448.00,448.0,38.58,26.00,3377.00,3403.0,71.32,11,10.88,4832,0.57,4927,49,4,26.00,0.00,26.0,0.00,0.00,0.0,4.00,174445.00,67.7
652,0.00,68.00,68.0,71.48,11.00,4142.00,4153.0,71.36,25,10.88,4832,0.57,4970,49,5,10.00,0.00,10.0,0.00,0.00,0.0,0.00,189059.00,82.2
653,4.00,25520.00,25524.0,73.23,6.00,3035.00,3041.0,71.4,6,12.57,4832,0.57,4947,49,4,2.00,0.00,2.0,4.00,4.00,8.0,1.00,169533.00,82.5
654,0.00,520.00,520.0,66.79,12.00,2034.00,2046.0,71.44,19,12.57,4832,0.57,4990,50,5,10.00,1.00,11.0,1.00,1.00,2.0,0.00,173546.00,82.6
655,0.00,640.00,640.0,73.18,2.00,2309.00,2311.0,71.49,14,12.57,4831,0.57,4948,50,5,2.00,0.00,2.0,0.00,0.00,0.0,1.00,167203.00,82.8
656,0.00,1028.00,1028.0,61.27,0.00,3687.00,3687.0,71.55,9,12.57,4832,0.57,4952,50,5,0.00,0.00,0.0,0.00,0.00,0.0,2.00,172247.00,82.7
657,0.00,660.00,660.0,60.15,0.00,4961.00,4961.0,71.58,5,12.57,4831,0.57,4956,50,5,0.00,0.00,0.0,0.00,0.00,0.0,0.00,156131.00,82.7
658,0.00,16488.00,16488.0,38.9,0.00,1881.00,1881.0,71.58,1,11.57,4831,0.57,4986,50,4,0.00,0.00,0.0,0.00,0.00,0.0,0.00,103452.00,70.3
659,0.00,116.00,116.0,6.15,33.00,780.00,813.0,71.59,2,11.57,4831,0.57,4970,50,4,32.00,0.00,32.0,0.00,0.00,0.0,0.00,25033.00,40.0
660,0.00,8.00,8.0,10.0,40.00,955.00,995.0,71.59,2,11.57,4832,0.57,4959,50,4,40.00,0.00,40.0,0.00,0.00,0.0,1.00,53343.00,40.3
661,0.00,528.00,528.0,16.08,37.00,1342.00,1379.0,71.6,2,11.57,4831,0.57,4951,50,4,36.00,1.00,37.0,0.00,0.00,0.0,1.00,108988.00,50.2
662,0.00,28.00,28.0,35.48,32.00,2869.00,2901.0,71.62,17,11.57,4831,0.57,4925,50,4,30.00,0.00,30.0,0.00,0.00,0.0,0.00,176687.00,64.8
663,4.00,94884.00,94888.0,61.59,4.00,3772.00,3776.0,71.66,27,13.76,4832,0.57,4969,50,4,6.00,0.00,6.0,0.00,0.00,0.0,1.00,205039.00,79.7
664,0.00,452.00,452.0,73.45,0.00,2963.00,2963.0,71.7,13,13.76,4831,0.57,4936,50,4,0.00,0.00,0.0,0.00,0.00,0.0,0.00,158198.00,85.4
665,0.00,456.00,456.0,66.79,2.00,3144.00,3146.0,71.76,40,13.76,4830,0.57,4979,50,4,0.00,0.00,0.0,0.00,0.00,0.0,1.00,209335.00,85.1
666,0.00,900.00,900.0,72.15,3.00,1993.00,1996.0,71.77,18,13.76,4832,0.57,4974,50,4,2.00,0.00,2.0,0.00,0.00,0.0,3.00,155509.00,85.1
667,0.00,736.00,736.0,70.42,4.00,3891.00,3895.0,71.84,26,13.76,4832,0.57,4965,50,4,6.00,0.00,6.0,0.00,0.00,0.0,0.00,191500.00,85.0
668,4.00,91720.00,91724.0,75.81,9.00,3584.00,3593.0,71.85,15,14.98,4832,0.57,4972,50,4,4.00,5.00,9.0,0.00,0.00,0.0,1.00,179265.00,85.1
669,0.00,528.00,528.0,80.25,11.00,5177.00,5188.0,71.9,22,14.98,4832,0.57,4970,50,4,8.00,2.00,10.0,0.00,0.00,0.0,0.00,135012.00,85.5
670,0.00,436.00,436.0,61.33,9.00,2619.00,2628.0,71.93,1,14.98,4831,0.57,4989,50,4,8.00,1.00,9.0,0.00,0.00,0.0,0.00,137119.00,85.2
671,0.00,668.00,668.0,16.96,22.00,1079.00,1101.0,71.96,2,14.98,4830,0.57,4974,50,4,18.00,2.00,20.0,0.00,0.00,0.0,17.00,108346.00,50.4
672,0.00,264.00,264.0,21.24,39.00,1291.00,1330.0,71.94,5,14.98,4830,0.57,4966,50,4,38.00,2.00,40.0,0.00,0.00,0.0,0.00,97427.00,50.7
673,0.00,352.00,352.0,29.91,39.00,2058.00,2097.0,71.97,17,13.78,4831,0.57,4940,50,4,34.00,1.00,35.0,4.00,4.00,8.0,1.00,127990.00,61.9
674,0.00,30556.00,30556.0,46.24,32.00,2960.00,2992.0,71.96,27,13.78,4831,0.57,4936,50,4,28.00,2.00,30.0,0.00,0.00,0.0,0.00,192418.00,73.6
675,0.00,102.97,102.97,76.32,16.00,3511.00,3527.0,71.97,34,13.78,4831,0.57,4945,50,4,16.00,2.00,18.0,0.00,0.00,0.0,1.00,132584.00,84.7
676,0.00,724.00,724.0,79.97,4.00,3158.00,3162.0,72.0,23,13.78,4831,0.57,4956,50,4,2.00,2.00,4.0,0.00,0.00,0.0,2.00,133886.00,84.8
677,0.00,424.00,424.0,75.41,6.00,3473.00,3479.0,72.06,43,13.78,4831,0.57,4965,50,4,3.96,0.00,3.96,0.00,0.00,0.0,0.00,149604.00,84.8
678,0.00,848.00,848.0,77.55,4.00,2424.00,2428.0,72.13,43,15.56,4831,0.57,4950,50,4,4.00,2.00,6.0,0.00,0.00,0.0,1.00,137138.00,84.9
679,0.00,13408.00,13408.0,75.86,5.00,3379.00,3384.0,72.16,27,15.56,4832,0.57,4937,49,4,4.00,1.00,5.0,0.00,0.00,0.0,1.00,158650.00,84.9
680,0.00,1104.00,1104.0,78.88,9.00,4545.00,4554.0,72.2,13,15.56,4832,0.57,4928,49,4,8.00,0.00,8.0,0.00,0.00,0.0,2.00,173397.00,85.1
681,0.00,472.00,472.0,78.29,6.00,4008.00,4014.0,72.25,17,15.56,4832,0.57,4922,49,4,6.00,0.00,6.0,0.00,0.00,0.0,2.00,150851.00,85.3
682,0.00,1376.00,1376.0,62.31,8.00,1967.00,1975.0,72.29,1,15.56,4832,0.57,4953,49,4,8.00,0.00,8.0,0.00,0.00,0.0,0.00,141825.00,85.0
