0,4.00,552.00,556.0,4.54,7.92,7.92,15.84,55.94,0,2.44,4318,0.72,3941,49,4,11.00,16.00,27.0,0.00,0.00,0.0,23.00,8228.00,35.1
1,0.00,328.00,328.0,2.28,0.00,0.00,0.0,55.94,0,2.24,4318,0.72,3941,49,4,0.00,0.00,0.0,0.00,0.00,0.0,0.00,5204.00,35.1
2,0.00,300.00,300.0,2.64,0.00,0.00,0.0,55.94,0,2.24,4318,0.72,3941,49,4,0.00,0.00,0.0,0.00,0.00,0.0,1.00,5277.00,35.1
3,0.00,116.00,116.0,2.16,1.00,1.00,2.0,55.94,0,2.24,4317,0.72,3941,49,4,1.00,1.00,2.0,0.00,0.00,0.0,0.00,5009.00,35.0
4,0.00,316.00,316.0,2.64,0.00,0.00,0.0,55.94,0,2.24,4317,0.72,3941,49,4,0.00,0.00,0.0,0.00,0.00,0.0,0.00,4790.00,35.0
5,4.00,24.00,28.0,1.89,4.00,12.00,16.0,55.94,0,2.24,4317,0.72,3941,49,4,0.00,0.00,0.0,4.00,4.00,8.0,6.00,5585.00,34.9
6,0.00,224.00,224.0,2.16,0.00,0.00,0.0,55.95,0,2.06,4318,0.72,3941,49,4,0.00,0.00,0.0,0.00,0.00,0.0,18.00,7245.00,35.0
7,0.00,24.00,24.0,2.16,0.00,0.00,0.0,55.95,0,2.06,4318,0.72,3941,49,4,0.00,0.00,0.0,0.00,0.00,0.0,1.00,5295.00,34.9
8,0.00,404.00,404.0,1.78,0.00,0.00,0.0,55.95,0,2.06,4318,0.72,3941,49,4,0.00,0.00,0.0,0.00,0.00,0.0,0.00,4891.00,34.9
9,0.00,72.00,72.0,2.02,0.00,0.00,0.0,55.95,0,2.06,4317,0.72,3941,49,4,0.00,0.00,0.0,0.00,0.00,0.0,0.00,5073.00,34.8
10,584.00,44.00,628.0,37.37,0.00,115.00,115.0,56.05,5,2.06,4327,0.72,3964,49,4,0.00,0.00,0.0,0.00,0.00,0.0,10.00,20073.00,56.9
11,600.00,7516.00,8116.0,51.06,0.00,0.00,0.0,56.15,9,2.22,4334,0.72,3985,49,4,0.00,0.00,0.0,0.00,0.00,0.0,29.00,21854.00,79.0
12,592.00,36.00,628.0,78.9,0.00,306.00,306.0,56.22,14,2.22,4343,0.72,4008,49,4,0.00,0.00,0.0,0.00,0.00,0.0,10.00,42817.00,79.1
13,492.00,132.00,624.0,85.06,0.00,238.00,238.0,56.3,5,2.22,4353,0.72,4026,49,4,0.00,0.00,0.0,0.00,0.00,0.0,10.00,31939.00,88.2
14,12.00,24.00,36.0,90.21,0.00,467.00,467.0,56.35,23,2.22,4356,0.72,4028,49,4,0.00,0.00,0.0,0.00,0.00,0.0,3.00,56073.00,88.2
15,296.00,460.00,756.0,81.3,4.00,382.00,386.0,56.42,16,2.22,4365,0.72,4039,49,4,0.00,0.00,0.0,4.00,4.00,8.0,8.91,49440.59,87.9
16,400.00,256.00,656.0,65.98,0.00,539.00,539.0,56.51,17,3.48,4398,0.72,4100,49,4,0.00,0.00,0.0,0.00,0.00,0.0,58.00,44328.00,80.2
17,0.00,1080.00,1080.0,13.11,0.00,51.00,51.0,56.55,0,3.48,4400,0.72,4102,49,4,0.00,0.00,0.0,0.00,0.00,0.0,3.00,10261.00,54.2
18,324.00,1048.00,1372.0,12.5,0.00,13.00,13.0,56.58,6,3.48,4400,0.72,4104,49,4,0.00,0.00,0.0,0.00,0.00,0.0,0.00,8876.00,39.7
19,660.00,968.00,1628.0,32.08,0.00,0.00,0.0,56.62,2,3.48,4401,0.72,4110,49,4,0.00,0.00,0.0,0.00,0.00,0.0,1.00,10067.00,69.5
20,588.00,924.00,1512.0,22.93,1.00,34.00,35.0,56.69,9,3.48,4405,0.72,4119,49,4,0.00,0.00,0.0,0.00,0.00,0.0,4.00,13704.00,61.5
21,360.00,1064.00,1424.0,91.35,0.00,444.00,444.0,56.79,29,4.41,4424,0.72,4165,49,4,0.00,0.00,0.0,0.00,0.00,0.0,45.00,45684.00,84.4
22,336.00,740.00,1076.0,90.35,0.00,647.00,647.0,56.86,22,4.41,4439,0.72,4202,49,4,0.00,0.00,0.0,0.00,0.00,0.0,18.00,55858.00,84.9
23,584.00,256.00,840.0,86.13,1.00,468.00,469.0,56.95,10,4.41,4454,0.72,4239,49,4,0.00,0.00,0.0,0.00,0.00,0.0,16.00,42973.00,85.3
24,380.00,20.00,400.0,72.34,0.00,0.00,0.0,57.03,23,4.41,4467,0.72,4276,49,4,0.00,0.00,0.0,0.00,0.00,0.0,14.00,39870.00,84.8
25,296.00,360.00,656.0,90.85,3.96,33.66,37.62,57.1,37,4.41,4472,0.72,4298,49,4,0.00,0.00,0.0,4.00,4.00,8.0,6.00,64459.00,85.1
26,240.00,40.00,280.0,91.11,1.00,153.00,154.0,57.19,38,6.38,4477,0.72,4309,49,4,0.00,0.00,0.0,0.00,0.00,0.0,5.00,67196.00,85.4
27,60.00,540.00,600.0,94.5,0.00,227.00,227.0,57.25,22,6.38,4493,0.72,4319,49,4,0.00,0.00,0.0,0.00,0.00,0.0,46.00,37001.00,85.8
28,316.00,56.00,372.0,89.96,0.00,176.00,176.0,57.34,12,6.38,4502,0.72,4336,49,4,0.00,0.00,0.0,0.00,0.00,0.0,9.00,30063.00,86.0
29,332.00,364.00,696.0,88.41,0.00,541.00,541.0,57.38,10,6.38,4516,0.72,4365,49,4,0.00,0.00,0.0,0.00,0.00,0.0,14.00,41615.00,86.3
30,600.00,72.00,672.0,78.09,0.00,443.00,443.0,57.49,14,6.38,4530,0.72,4376,49,4,0.00,0.00,0.0,0.00,0.00,0.0,16.00,51933.00,86.2
31,324.00,400.00,724.0,72.65,0.00,138.00,138.0,57.56,9,7.55,4536,0.72,4402,49,4,0.00,0.00,0.0,0.00,0.00,0.0,7.00,37633.00,85.8
32,316.00,608.00,924.0,89.42,0.00,823.00,823.0,57.58,13,7.55,4556,0.72,4459,49,4,0.00,0.00,0.0,0.00,0.00,0.0,56.00,43879.00,86.0
33,380.20,756.44,1136.64,71.81,0.00,641.00,641.0,57.71,14,7.55,4598,0.72,4530,49,4,0.00,0.00,0.0,0.00,0.00,0.0,34.00,46605.00,86.0
34,296.00,824.00,1120.0,43.49,0.00,80.00,80.0,57.78,5,7.55,4596,0.72,4534,49,4,0.00,0.00,0.0,0.00,0.00,0.0,3.00,21406.00,76.1
35,24.00,1004.00,1028.0,3.28,5.00,17.00,22.0,57.79,3,7.55,4595,0.72,4530,49,4,0.00,0.00,0.0,4.00,4.00,8.0,0.00,6259.00,37.0
36,508.00,888.00,1396.0,42.79,0.00,59.00,59.0,57.84,1,7.18,4597,0.72,4535,49,4,0.00,0.00,0.0,0.00,0.00,0.0,4.00,12275.00,69.5
37,600.00,1104.00,1704.0,20.38,0.00,51.00,51.0,57.9,0,7.18,4603,0.72,4541,49,4,0.00,0.00,0.0,0.00,0.00,0.0,30.00,16870.00,58.9
38,312.00,1052.00,1364.0,8.21,0.00,25.00,25.0,57.94,1,7.18,4602,0.72,4541,49,4,0.00,0.00,0.0,0.00,0.00,0.0,1.00,10611.00,47.8
39,284.00,1492.00,1776.0,84.99,0.00,606.00,606.0,58.0,35,7.18,4611,0.72,4562,49,4,0.00,0.00,0.0,0.00,0.00,0.0,10.00,43044.00,77.8
40,152.00,240.00,392.0,91.76,0.00,926.00,926.0,58.06,46,7.18,4622,0.72,4592,49,4,0.00,0.00,0.0,0.00,0.00,0.0,12.00,51830.00,88.7
41,0.00,388.00,388.0,92.37,0.00,707.00,707.0,58.09,45,9.17,4635,0.72,4623,49,4,0.00,0.00,0.0,0.00,0.00,0.0,15.00,53432.00,88.5
42,132.00,18304.00,18436.0,93.1,0.00,874.00,874.0,58.16,42,9.17,4652,0.72,4660,49,4,0.00,0.00,0.0,0.00,0.00,0.0,22.00,51899.00,88.6
43,236.00,1140.00,1376.0,93.52,1.00,422.00,423.0,58.23,30,9.17,4660,0.72,4689,49,4,0.00,0.00,0.0,0.00,0.00,0.0,30.00,47341.00,88.6
44,376.00,292.00,668.0,91.81,0.00,588.00,588.0,58.32,15,9.17,4687,0.72,4724,49,4,0.00,0.00,0.0,0.00,0.00,0.0,27.00,39221.00,88.5
45,544.00,352.00,896.0,29.09,5.00,13.00,18.0,58.36,0,9.17,4688,0.72,4727,50,5,0.00,1.00,1.0,5.00,5.00,10.0,1.00,13491.00,64.7
46,0.00,308.00,308.0,1.52,3.00,43.00,46.0,58.35,0,9.17,4687,0.72,4725,50,5,1.00,3.00,4.0,0.00,0.00,0.0,0.00,4899.00,34.7
47,0.00,4608.00,4608.0,1.53,0.00,0.00,0.0,58.34,0,8.44,4687,0.72,4725,50,5,0.00,0.00,0.0,0.00,0.00,0.0,1.00,5599.00,34.8
48,4.00,720.00,724.0,3.28,1.00,1.00,2.0,58.35,0,8.44,4685,0.72,4723,50,5,0.00,0.00,0.0,0.00,0.00,0.0,24.00,8702.00,35.1
49,0.00,84.00,84.0,8.15,4.00,211.00,215.0,58.34,13,8.44,4685,0.72,4741,50,4,0.00,3.00,3.0,0.00,0.00,0.0,0.00,8760.00,35.6
50,4.00,344.00,348.0,28.57,12.00,449.00,461.0,58.35,1,8.44,4686,0.72,4741,50,4,8.00,0.00,8.0,0.00,0.00,0.0,1.00,12948.00,48.4
51,0.00,436.00,436.0,14.54,26.00,420.00,446.0,58.35,7,8.44,4682,0.72,4735,50,4,30.00,0.00,30.0,0.00,0.00,0.0,0.00,9464.00,48.4
52,0.00,6056.00,6056.0,17.96,22.00,496.00,518.0,58.37,1,8.16,4680,0.72,4731,50,4,20.00,1.00,21.0,0.00,0.00,0.0,1.00,11018.00,49.0
53,4.00,464.00,468.0,21.84,28.00,584.00,612.0,58.38,0,8.16,4682,0.72,4731,50,4,28.00,0.00,28.0,0.00,0.00,0.0,25.00,13856.00,57.5
54,376.00,352.00,728.0,62.87,25.00,1361.00,1386.0,58.43,19,8.16,4688,0.72,4737,50,4,25.00,1.00,26.0,0.00,0.00,0.0,11.00,69000.00,70.8
55,244.00,32.00,276.0,85.82,5.00,1488.00,1493.0,58.5,22,8.16,4702,0.72,4771,50,4,0.00,0.00,0.0,4.00,4.00,8.0,14.00,74006.00,86.9
56,4.00,740.00,744.0,75.82,1.00,1012.00,1013.0,58.58,4,8.16,4735,0.72,4825,50,4,1.00,1.00,2.0,0.00,0.00,0.0,32.00,58695.00,86.9
57,604.00,3140.00,3744.0,37.94,0.00,47.00,47.0,58.64,3,7.91,4737,0.72,4832,50,4,0.00,0.00,0.0,0.00,0.00,0.0,6.00,10425.00,72.0
58,680.00,1100.00,1780.0,46.57,0.00,9.00,9.0,58.7,17,7.91,4739,0.72,4840,50,4,0.00,0.00,0.0,0.00,0.00,0.0,24.00,13838.00,72.2
59,624.00,1052.00,1676.0,55.68,5.00,126.00,131.0,58.75,11,7.91,4745,0.72,4849,50,4,0.00,5.00,5.0,0.00,0.00,0.0,6.00,13259.00,72.8
60,596.00,884.00,1480.0,47.15,2.00,30.00,32.0,58.81,4,7.91,4748,0.72,4856,50,4,0.00,2.00,2.0,0.00,0.00,0.0,4.00,11439.00,73.2
61,616.00,1232.00,1848.0,67.63,2.00,354.00,356.0,58.9,42,7.91,4753,0.72,4870,50,4,0.00,2.00,2.0,0.00,0.00,0.0,5.00,30765.00,73.7
62,36.00,4160.00,4196.0,91.1,2.00,473.00,475.0,58.95,49,10.0,4775,0.72,4927,50,4,0.00,2.00,2.0,0.00,0.00,0.0,24.00,56339.00,88.7
63,104.00,352.00,456.0,92.74,0.00,425.00,425.0,58.99,54,10.0,4786,0.72,4941,50,4,0.00,0.00,0.0,0.00,0.00,0.0,36.00,52799.00,88.6
64,4.00,736.00,740.0,92.01,0.00,361.00,361.0,59.02,77,10.0,4787,0.72,4967,50,4,0.00,0.00,0.0,0.00,0.00,0.0,3.00,58030.00,88.6
65,0.00,28.00,28.0,91.11,2.00,443.00,445.0,59.06,59,10.0,4790,0.72,4969,50,4,0.00,2.00,2.0,0.00,0.00,0.0,3.00,69607.00,88.5
66,0.00,52.00,52.0,91.01,2.00,305.00,307.0,59.11,62,10.0,4797,0.72,4976,50,4,0.00,2.00,2.0,0.00,0.00,0.0,7.00,68850.00,88.3
67,0.00,1932.00,1932.0,92.87,2.00,69.00,71.0,59.15,31,13.12,4799,0.72,4977,50,4,0.00,2.00,2.0,0.00,0.00,0.0,3.00,56126.00,88.2
68,0.00,696.00,696.0,91.99,1.00,193.00,194.0,59.2,33,13.12,4800,0.72,4968,49,4,0.00,0.00,0.0,0.00,0.00,0.0,0.99,64866.34,88.2
69,112.00,336.00,448.0,91.23,0.00,276.00,276.0,59.27,55,13.12,4798,0.72,4968,49,4,0.00,0.00,0.0,0.00,0.00,0.0,25.00,72296.00,88.2
70,108.00,192.00,300.0,91.36,0.00,345.00,345.0,59.32,54,13.12,4798,0.72,4973,49,4,0.00,0.00,0.0,0.00,0.00,0.0,0.00,71315.00,88.2
71,0.00,64.00,64.0,92.5,0.00,809.00,809.0,59.37,30,13.12,4799,0.72,4965,49,4,0.00,0.00,0.0,0.00,0.00,0.0,1.00,62677.00,88.1
72,4.00,2680.00,2684.0,92.62,0.00,1157.00,1157.0,59.41,33,14.47,4801,0.72,4962,49,4,0.00,0.00,0.0,0.00,0.00,0.0,4.00,59306.00,88.1
73,108.00,92.00,200.0,90.21,0.00,1235.00,1235.0,59.45,29,14.47,4812,0.72,4962,49,4,0.00,0.00,0.0,0.00,0.00,0.0,11.00,66490.00,88.2
74,0.00,600.00,600.0,92.36,0.00,865.35,865.35,59.47,26,14.47,4823,0.72,4964,49,4,0.00,0.00,0.0,0.00,0.00,0.0,36.00,50208.00,88.4
75,12.00,36.00,48.0,90.46,4.00,276.00,280.0,59.5,16,14.47,4822,0.72,4955,49,4,0.00,0.00,0.0,4.00,4.00,8.0,1.00,79743.00,88.4
76,304.00,52.00,356.0,87.95,0.00,328.00,328.0,59.54,29,14.47,4821,0.72,4952,49,4,0.00,0.00,0.0,0.00,0.00,0.0,0.00,92710.00,88.3
77,172.00,32.00,204.0,89.56,0.00,312.00,312.0,59.6,22,15.96,4831,0.72,4973,49,4,0.00,0.00,0.0,0.00,0.00,0.0,13.00,64781.00,88.3
78,0.00,17708.00,17708.0,87.52,0.00,0.00,0.0,59.63,31,15.96,4831,0.72,4971,49,4,0.00,0.00,0.0,0.00,0.00,0.0,0.00,101192.00,88.2
79,4.00,664.00,668.0,87.34,1.00,15.00,16.0,59.65,45,15.96,4829,0.72,4967,49,4,0.00,0.00,0.0,0.00,0.00,0.0,24.00,88057.00,88.2
80,0.00,80.00,80.0,88.33,0.00,70.00,70.0,59.69,26,15.96,4830,0.72,4963,49,4,0.00,0.00,0.0,0.00,0.00,0.0,2.00,85624.00,88.2
81,0.00,0.00,0.0,88.11,0.00,96.00,96.0,59.71,34,15.96,4828,0.72,4961,49,4,0.00,0.00,0.0,0.00,0.00,0.0,0.00,95188.00,88.2
82,0.00,44.00,44.0,89.61,1.00,58.00,59.0,59.73,34,16.68,4828,0.72,4952,49,4,0.00,0.00,0.0,0.00,0.00,0.0,1.00,84227.00,88.2
83,12.00,2076.00,2088.0,91.24,0.00,65.00,65.0,59.8,26,16.68,4827,0.72,4940,49,4,0.00,0.00,0.0,0.00,0.00,0.0,0.00,72425.00,88.6
84,140.00,32.00,172.0,91.0,0.00,190.00,190.0,59.83,29,16.68,4827,0.72,4936,49,4,0.00,0.00,0.0,0.00,0.00,0.0,6.00,88963.00,88.6
85,0.00,944.00,944.0,90.5,5.00,560.00,565.0,59.84,42,16.68,4838,0.72,4941,49,4,0.00,0.00,0.0,4.00,4.00,8.0,28.00,77938.00,88.6
86,0.00,260.00,260.0,92.5,0.00,672.00,672.0,59.86,17,16.68,4840,0.72,4928,49,4,0.00,0.00,0.0,0.00,0.00,0.0,2.00,56503.00,88.6
87,0.00,456.00,456.0,92.24,0.00,320.00,320.0,59.88,23,16.47,4845,0.72,4931,49,4,0.00,0.00,0.0,0.00,0.00,0.0,6.00,69897.00,88.5
88,0.00,12388.00,12388.0,89.49,0.00,352.00,352.0,59.91,36,16.47,4846,0.72,4940,49,4,0.00,0.00,0.0,0.00,0.00,0.0,1.00,83443.00,88.5
89,120.00,84.00,204.0,92.49,0.00,547.00,547.0,59.94,49,16.47,4845,0.72,4934,49,4,0.00,0.00,0.0,0.00,0.00,0.0,1.00,66691.00,88.5
90,0.00,736.00,736.0,94.0,0.00,517.00,517.0,59.96,45,16.47,4849,0.72,4939,49,4,0.00,0.00,0.0,0.00,0.00,0.0,25.00,49018.00,88.6
91,0.00,800.00,800.0,92.38,0.00,582.00,582.0,59.97,63,16.47,4850,0.72,4939,49,4,0.00,0.00,0.0,0.00,0.00,0.0,1.00,60365.00,88.6
92,0.00,76.00,76.0,92.38,0.00,641.00,641.0,59.99,75,19.71,4850,0.72,4936,49,4,0.00,0.00,0.0,0.00,0.00,0.0,3.00,62741.00,88.6
93,4.00,41736.00,41740.0,91.62,0.00,720.00,720.0,60.02,71,19.71,4852,0.72,4951,49,4,0.00,0.00,0.0,0.00,0.00,0.0,2.00,59797.00,88.8
94,0.00,1128.00,1128.0,93.75,0.00,684.00,684.0,60.08,58,19.71,4853,0.72,4949,49,4,0.00,0.00,0.0,0.00,0.00,0.0,1.00,46320.00,88.9
95,4.00,468.00,472.0,90.75,1.00,696.00,697.0,60.09,71,19.71,4853,0.72,4952,49,4,0.00,0.00,0.0,0.00,0.00,0.0,22.00,57455.00,88.9
96,0.00,344.00,344.0,92.25,1.00,626.00,627.0,60.12,69,19.71,4853,0.72,4961,50,5,0.00,1.00,1.0,1.00,1.00,2.0,0.00,60689.00,88.9
97,0.00,1380.00,1380.0,92.62,1.00,587.00,588.0,60.15,72,23.58,4852,0.72,4969,50,5,0.00,1.00,1.0,0.00,0.00,0.0,1.00,56432.00,88.9
98,0.00,456.00,456.0,92.25,0.00,653.00,653.0,60.18,77,23.58,4852,0.72,4965,50,5,0.00,0.00,0.0,0.00,0.00,0.0,0.00,63754.00,88.9
99,0.00,992.00,992.0,91.01,2.00,538.00,540.0,60.21,50,23.58,4852,0.72,4966,50,5,0.00,0.00,0.0,0.00,0.00,0.0,0.00,67725.00,88.9
100,4.00,100.00,104.0,92.12,4.00,472.00,476.0,60.26,60,23.58,4863,0.72,4966,50,4,0.00,4.00,4.0,0.00,0.00,0.0,12.00,66563.00,89.0
101,0.00,412.00,412.0,94.87,6.00,435.00,441.0,60.27,38,23.58,4850,0.72,4965,50,4,4.00,2.00,6.0,0.00,0.00,0.0,14.00,34146.00,89.1
102,0.00,76.00,76.0,93.75,4.00,955.00,959.0,60.3,46,24.57,4850,0.72,4967,50,4,2.00,2.00,4.0,0.00,0.00,0.0,1.00,51303.00,89.3
103,0.00,6148.00,6148.0,92.01,6.00,1056.00,1062.0,60.32,55,24.57,4850,0.72,4968,50,4,6.00,0.00,6.0,0.00,0.00,0.0,0.00,58464.00,89.3
104,0.00,860.00,860.0,93.62,8.00,975.00,983.0,60.35,37,24.57,4850,0.72,4968,50,4,8.00,0.00,8.0,0.00,0.00,0.0,0.00,46822.00,89.4
105,0.00,900.00,900.0,93.0,8.00,1278.00,1286.0,60.36,44,24.57,4849,0.72,4959,50,4,2.00,2.00,4.0,4.00,4.00,8.0,0.00,57523.00,89.4
106,0.00,660.00,660.0,91.11,18.00,1129.00,1147.0,60.38,46,24.57,4849,0.72,4954,50,4,14.00,2.00,16.0,0.00,0.00,0.0,22.00,59015.00,89.3
107,0.00,228.00,228.0,92.25,8.00,1003.00,1011.0,60.41,43,26.21,4850,0.72,4959,50,4,8.00,2.00,10.0,0.00,0.00,0.0,3.00,53882.00,89.1
108,0.00,12848.00,12848.0,92.88,8.00,746.00,754.0,60.43,48,26.21,4854,0.72,4973,50,4,6.00,0.00,6.0,0.00,0.00,0.0,5.00,61857.00,89.0
109,0.00,100.00,100.0,93.74,23.00,917.00,940.0,60.48,51,26.21,4855,0.72,4972,50,4,24.00,0.00,24.0,0.00,0.00,0.0,1.00,54447.00,89.0
110,0.00,816.00,816.0,92.12,15.00,971.00,986.0,60.48,53,26.21,4852,0.72,4959,50,4,12.00,3.00,15.0,0.00,0.00,0.0,0.00,62760.00,89.0
111,4.00,1012.00,1016.0,93.13,13.00,925.00,938.0,60.49,36,26.21,4851,0.72,4959,50,4,10.00,1.00,11.0,0.00,0.00,0.0,23.00,52159.00,89.0
112,0.00,60.00,60.0,90.46,13.00,937.00,950.0,60.51,52,26.59,4850,0.72,4953,50,4,14.00,0.00,14.0,0.00,0.00,0.0,2.00,79877.00,88.9
113,0.00,132.00,132.0,88.76,14.00,842.00,856.0,60.54,61,26.59,4847,0.72,4951,50,4,13.00,0.00,13.0,0.00,0.00,0.0,0.00,95862.00,88.9
114,0.00,9144.00,9144.0,88.62,6.00,736.00,742.0,60.55,65,26.59,4847,0.72,4949,50,4,5.00,2.00,7.0,0.00,0.00,0.0,0.00,91220.00,88.9
115,0.00,40.00,40.0,89.25,7.00,858.00,865.0,60.57,59,26.59,4847,0.72,4946,50,4,0.00,2.00,2.0,4.00,4.00,8.0,1.00,91183.00,88.9
116,0.00,68.00,68.0,89.61,0.00,743.00,743.0,60.6,58,26.59,4855,0.72,4950,50,4,0.00,0.00,0.0,0.00,0.00,0.0,9.00,78499.00,88.9
117,0.00,480.00,480.0,90.15,0.00,709.00,709.0,60.62,61,29.91,4846,0.72,4944,50,4,0.00,0.00,0.0,0.00,0.00,0.0,20.00,79189.00,88.9
118,0.00,328.00,328.0,88.24,1.00,792.00,793.0,60.64,81,29.91,4846,0.72,4948,49,4,0.00,0.00,0.0,0.00,0.00,0.0,0.00,98625.00,88.7
119,0.00,11132.67,11132.67,88.38,0.00,710.00,710.0,60.66,41,29.91,4846,0.72,4954,49,4,0.00,0.00,0.0,0.00,0.00,0.0,0.00,96573.00,88.5
120,0.00,92.00,92.0,85.98,0.00,308.00,308.0,60.69,53,29.91,4846,0.72,4951,49,4,0.00,0.00,0.0,0.00,0.00,0.0,0.00,123663.00,88.4
121,0.00,540.00,540.0,88.12,0.00,551.00,551.0,60.71,53,29.91,4846,0.72,4948,49,4,0.00,0.00,0.0,0.00,0.00,0.0,0.00,109403.00,88.3
122,4.00,1136.00,1140.0,88.26,0.00,373.00,373.0,60.73,43,32.08,4848,0.72,4953,49,4,0.00,0.00,0.0,0.00,0.00,0.0,27.00,85318.00,88.3
123,0.00,144.00,144.0,87.75,0.00,773.00,773.0,60.75,42,32.08,4849,0.72,4954,49,4,0.00,0.00,0.0,0.00,0.00,0.0,1.00,97066.00,88.3
124,0.00,36216.00,36216.0,87.86,0.00,805.00,805.0,60.77,49,32.08,4852,0.72,4950,49,4,0.00,0.00,0.0,0.00,0.00,0.0,3.00,97205.00,88.2
125,0.00,224.00,224.0,87.89,4.00,752.00,756.0,60.8,42,32.08,4853,0.72,4952,49,4,0.00,0.00,0.0,4.00,4.00,8.0,1.00,100675.00,88.2
126,0.00,68.00,68.0,87.84,0.00,404.00,404.0,60.84,39,32.08,4855,0.72,4953,49,4,0.00,0.00,0.0,0.00,0.00,0.0,2.00,111032.00,88.1
127,12.00,652.00,664.0,88.51,0.00,512.00,512.0,60.86,59,33.83,4856,0.72,4955,49,4,0.00,0.00,0.0,0.00,0.00,0.0,28.00,90258.00,88.2
128,0.00,932.00,932.0,89.25,0.00,696.00,696.0,60.88,60,33.83,4857,0.72,4953,49,4,0.00,0.00,0.0,0.00,0.00,0.0,3.00,98793.00,88.2
129,0.00,1080.00,1080.0,87.38,0.00,621.00,621.0,60.88,55,33.83,4859,0.72,4963,49,4,0.00,0.00,0.0,0.00,0.00,0.0,1.00,96625.00,88.1
130,0.00,132.00,132.0,89.38,0.00,427.00,427.0,60.91,39,33.83,4859,0.72,4959,49,4,0.00,0.00,0.0,0.00,0.00,0.0,0.00,84788.00,88.1
131,0.00,52.00,52.0,88.38,5.00,381.00,386.0,60.91,48,33.83,4860,0.72,4961,50,5,2.00,3.00,5.0,1.00,1.00,2.0,1.00,104072.00,88.2
132,96.00,444.00,540.0,87.97,0.00,600.00,600.0,60.95,68,34.97,4865,0.72,4958,50,5,0.00,0.00,0.0,0.00,0.00,0.0,10.00,96744.00,88.1
133,0.00,956.00,956.0,90.14,0.00,629.00,629.0,60.97,58,34.97,4859,0.72,4956,50,5,0.00,0.00,0.0,0.00,0.00,0.0,13.00,80938.00,88.1
134,0.00,1008.00,1008.0,90.12,0.00,684.00,684.0,61.05,57,34.97,4859,0.72,4951,50,5,0.00,0.00,0.0,0.00,0.00,0.0,1.00,81223.00,88.1
135,0.00,396.00,396.0,89.88,0.00,684.00,684.0,61.07,67,34.97,4859,0.72,4952,50,4,0.00,0.00,0.0,0.00,0.00,0.0,0.00,82282.00,88.1
136,0.00,104.00,104.0,90.36,4.00,800.00,804.0,61.09,72,34.97,4859,0.72,4946,50,4,4.00,0.00,4.0,0.00,0.00,0.0,0.00,78759.00,88.0
137,0.00,360.00,360.0,92.02,4.00,919.00,923.0,61.09,46,37.53,4859,0.72,4948,50,4,4.00,0.00,4.0,0.00,0.00,0.0,1.00,57523.00,88.0
138,4.00,784.00,788.0,89.62,3.00,823.00,826.0,61.17,52,37.53,4859,0.72,4946,50,4,2.00,0.00,2.0,0.00,0.00,0.0,26.00,77716.00,88.0
139,0.00,21188.00,21188.0,90.88,8.00,1003.00,1011.0,61.28,52,37.53,4859,0.72,4943,50,4,8.00,0.00,8.0,0.00,0.00,0.0,0.00,83460.00,88.0
140,0.00,584.00,584.0,92.25,12.00,1145.00,1157.0,61.32,60,37.53,4861,0.72,4945,50,4,12.00,0.00,12.0,0.00,0.00,0.0,2.00,65683.00,88.1
141,0.00,360.00,360.0,89.99,11.00,1050.00,1061.0,61.31,62,37.53,4861,0.72,4944,50,4,10.00,1.00,11.0,0.00,0.00,0.0,0.00,80637.00,88.1
142,0.00,348.00,348.0,90.88,7.00,1171.00,1178.0,61.34,61,39.97,4861,0.72,4944,50,4,6.00,1.00,7.0,0.00,0.00,0.0,1.00,78881.00,88.1
143,8.00,884.00,892.0,90.62,10.00,1058.00,1068.0,61.33,71,39.97,4863,0.72,4947,50,4,8.00,0.00,8.0,0.00,0.00,0.0,25.00,73493.00,88.2
144,0.00,11372.00,11372.0,89.25,5.00,895.00,900.0,61.36,55,39.97,4863,0.72,4945,50,4,6.00,0.00,6.0,0.00,0.00,0.0,0.00,76952.00,88.3
145,0.00,32.00,32.0,89.75,8.00,1074.00,1082.0,61.37,54,39.97,4862,0.72,4942,50,4,4.00,0.00,4.0,4.00,4.00,8.0,0.00,94761.00,88.4
146,0.00,916.00,916.0,87.25,8.00,1250.00,1258.0,61.35,59,39.97,4862,0.72,4944,50,4,8.00,0.00,8.0,0.00,0.00,0.0,1.00,95476.00,88.3
147,0.00,684.00,684.0,88.24,5.00,1397.00,1402.0,61.37,55,41.58,4862,0.72,4944,50,4,4.00,0.00,4.0,0.00,0.00,0.0,1.00,96021.00,88.2
148,0.00,364.00,364.0,89.61,6.00,979.00,985.0,61.39,56,41.58,4861,0.72,4941,50,4,6.00,0.00,6.0,0.00,0.00,0.0,0.00,98306.00,88.1
149,4.00,13700.00,13704.0,88.39,9.00,1068.00,1077.0,61.41,41,41.58,4860,0.72,4951,50,4,8.00,1.00,9.0,0.00,0.00,0.0,26.00,96673.00,88.0
150,0.00,396.00,396.0,89.49,13.00,921.00,934.0,61.46,51,41.58,4861,0.72,4953,51,5,9.00,4.00,13.0,2.00,2.00,4.0,1.00,84452.00,88.1
151,0.00,932.00,932.0,88.86,7.00,903.00,910.0,61.49,51,41.58,4861,0.72,4958,50,5,6.00,0.00,6.0,0.00,0.00,0.0,1.00,103828.00,88.0
152,0.00,72.00,72.0,88.39,5.00,859.00,864.0,61.51,45,40.89,4862,0.72,4967,50,5,4.00,0.00,4.0,0.00,0.00,0.0,1.00,107758.00,88.0
153,0.00,120.00,120.0,87.38,7.00,830.00,837.0,61.44,44,40.89,4863,0.72,4963,51,5,6.00,2.00,8.0,0.00,0.00,0.0,1.00,111915.00,88.0
154,4.00,2144.00,2148.0,85.02,1.00,1171.00,1172.0,61.43,46,40.89,4862,0.72,4958,51,5,0.00,1.00,1.0,0.00,0.00,0.0,22.00,111031.00,88.1
155,0.00,48220.00,48220.0,86.09,11.00,1173.00,1184.0,61.45,37,40.89,4861,0.72,4961,51,4,4.00,0.00,4.0,6.00,6.00,12.0,0.00,128901.00,88.0
156,0.00,588.00,588.0,84.89,0.00,1076.00,1076.0,61.41,51,40.89,4859,0.72,4961,51,4,0.00,0.00,0.0,0.00,0.00,0.0,0.00,120382.00,88.0
157,0.00,232.00,232.0,87.34,0.00,512.00,512.0,61.44,37,40.5,4861,0.72,4963,51,4,0.00,0.00,0.0,0.00,0.00,0.0,3.00,105845.00,88.0
158,0.00,1416.00,1416.0,86.72,0.00,397.00,397.0,61.44,26,40.5,4860,0.72,4957,51,4,0.00,0.00,0.0,0.00,0.00,0.0,0.00,104697.00,88.2
159,4.00,1124.00,1128.0,87.89,2.00,677.00,679.0,61.47,55,40.5,4869,0.72,4950,51,4,2.00,0.00,2.0,0.00,0.00,0.0,10.00,106459.00,88.2
160,0.00,12076.00,12076.0,87.25,3.00,615.00,618.0,61.47,39,40.5,4861,0.72,4959,51,4,2.00,1.00,3.0,0.00,0.00,0.0,21.00,95605.00,88.3
161,0.00,244.00,244.0,85.75,5.00,805.00,810.0,61.49,39,40.5,4863,0.72,4958,51,4,2.00,2.00,4.0,0.00,0.00,0.0,1.00,106715.00,88.2
162,0.00,96.00,96.0,87.86,7.00,1007.00,1014.0,61.5,58,39.5,4863,0.72,4951,51,4,6.00,7.00,13.0,0.00,0.00,0.0,1.00,111634.00,88.1
163,0.00,724.00,724.0,87.38,1.00,859.00,860.0,61.52,54,39.5,4863,0.72,4943,51,4,1.00,2.00,3.0,0.00,0.00,0.0,0.99,106657.43,88.0
164,0.00,1068.00,1068.0,87.61,4.00,715.00,719.0,61.54,51,39.5,4863,0.72,4947,51,4,4.00,0.00,4.0,0.00,0.00,0.0,0.00,110925.00,88.0
165,8.00,1716.00,1724.0,87.14,3.00,802.00,805.0,61.56,40,39.5,4863,0.72,4943,51,5,2.00,0.00,2.0,1.00,1.00,2.0,22.00,102327.00,88.1
166,0.00,972.00,972.0,87.58,6.00,996.00,1002.0,61.61,45,39.5,4863,0.72,4935,51,5,6.00,0.00,6.0,0.00,0.00,0.0,0.00,101946.00,88.1
167,0.00,220.00,220.0,89.15,1.00,611.00,612.0,61.62,45,39.86,4863,0.72,4933,51,5,0.00,0.00,0.0,0.00,0.00,0.0,1.00,92425.00,88.1
168,0.00,668.00,668.0,87.08,0.00,540.00,540.0,61.64,45,39.86,4863,0.72,4933,51,5,0.00,0.00,0.0,0.00,0.00,0.0,0.00,117227.00,88.1
169,0.00,384.00,384.0,88.4,0.00,1076.00,1076.0,61.63,64,39.86,4863,0.72,4930,51,4,0.00,0.00,0.0,0.00,0.00,0.0,0.00,105125.00,88.1
170,4.00,9688.00,9692.0,87.39,3.00,1407.00,1410.0,61.68,66,39.86,4871,0.72,4925,50,4,1.00,1.00,2.0,0.00,0.00,0.0,18.00,89468.00,88.1
171,0.00,1280.00,1280.0,89.49,10.00,1250.00,1260.0,61.66,36,39.86,4862,0.72,4927,50,4,10.00,0.00,10.0,0.00,0.00,0.0,7.00,84265.00,88.1
172,0.00,236.00,236.0,89.38,12.00,1143.00,1155.0,61.69,47,40.19,4862,0.72,4920,50,5,10.00,1.00,11.0,2.00,0.00,2.0,1.00,98293.00,88.0
173,0.00,544.00,544.0,90.25,10.00,1275.00,1285.0,61.71,49,40.19,4862,0.72,4913,50,5,8.00,1.00,9.0,0.00,0.00,0.0,1.00,91370.00,88.0
174,0.00,548.00,548.0,86.61,2.00,1292.00,1294.0,61.73,55,40.19,4863,0.72,4914,50,5,2.00,0.00,2.0,0.00,0.00,0.0,1.00,108635.00,87.9
175,4.00,22824.00,22828.0,86.88,6.00,1406.00,1412.0,61.77,64,40.19,4863,0.72,4916,50,5,2.00,0.00,2.0,4.00,4.00,8.0,0.00,106080.00,87.9
176,16.00,1128.00,1144.0,89.24,0.00,1232.00,1232.0,61.78,33,40.19,4863,0.72,4926,50,5,0.00,0.00,0.0,0.00,0.00,0.0,24.00,88676.00,87.9
177,0.00,52.00,52.0,89.89,0.00,1086.00,1086.0,61.77,36,39.21,4863,0.72,4928,50,5,0.00,0.00,0.0,1.00,0.00,1.0,4.00,93999.00,87.8
178,0.00,856.00,856.0,87.0,0.00,1131.00,1131.0,61.78,44,39.21,4863,0.72,4933,50,5,0.00,0.00,0.0,0.00,0.00,0.0,1.00,106326.00,87.9
179,0.00,104.00,104.0,86.57,0.00,760.00,760.0,61.77,36,39.21,4863,0.72,4932,50,5,0.00,0.00,0.0,0.00,0.00,0.0,0.00,116247.00,87.8
180,0.00,17412.00,17412.0,86.89,0.00,917.00,917.0,61.79,42,39.21,4863,0.72,4922,50,5,0.00,0.00,0.0,0.00,0.00,0.0,0.00,108731.00,87.9
181,0.00,632.00,632.0,86.47,0.00,915.00,915.0,61.82,28,39.21,4863,0.72,4919,50,5,0.00,0.00,0.0,0.00,0.00,0.0,24.00,96448.00,88.0
182,0.00,496.00,496.0,84.92,2.00,1285.00,1287.0,61.83,32,38.32,4863,0.72,4919,50,4,2.00,0.00,2.0,0.00,0.00,0.0,0.00,127445.00,88.0
183,3.96,966.34,970.3000000000001,85.25,13.00,1317.00,1330.0,61.86,49,38.32,4863,0.72,4917,49,5,8.00,0.00,8.0,3.00,0.00,3.0,1.00,122722.00,88.0
184,0.00,752.00,752.0,86.25,6.00,1389.00,1395.0,61.93,40,38.32,4863,0.72,4911,49,5,6.00,0.00,6.0,0.00,0.00,0.0,0.00,111238.00,87.8
185,0.00,47100.00,47100.0,85.14,4.00,1277.00,1281.0,61.96,50,38.32,4863,0.72,4912,49,5,0.00,0.00,0.0,4.00,4.00,8.0,0.00,124533.00,87.8
186,0.00,604.00,604.0,86.25,0.00,1287.00,1287.0,61.99,72,38.32,4871,0.72,4918,49,5,0.00,0.00,0.0,0.00,0.00,0.0,17.00,103207.00,87.9
187,0.00,484.00,484.0,87.75,2.00,1287.00,1289.0,61.96,42,39.17,4863,0.72,4914,49,5,2.00,0.00,2.0,0.00,0.00,0.0,7.00,104227.00,88.0
188,0.00,664.00,664.0,86.61,2.00,1015.00,1017.0,61.97,53,39.17,4863,0.72,4917,50,4,0.00,3.00,3.0,0.00,0.00,0.0,1.00,115989.00,88.0
189,0.00,820.00,820.0,86.23,4.00,1235.00,1239.0,61.98,46,39.17,4863,0.72,4908,50,4,4.00,0.00,4.0,0.00,0.00,0.0,0.00,113506.00,88.1
190,0.00,25600.00,25600.0,85.95,6.00,1226.00,1232.0,62.01,41,39.17,4863,0.72,4922,50,4,6.00,0.00,6.0,0.00,0.00,0.0,0.00,116290.00,88.1
191,0.00,712.00,712.0,85.21,8.00,1159.00,1167.0,62.1,37,39.17,4863,0.72,4924,50,4,6.00,2.00,8.0,0.00,0.00,0.0,0.00,121794.00,88.1
192,0.00,636.00,636.0,88.24,4.00,1348.00,1352.0,62.16,54,39.24,4863,0.72,4922,50,4,2.00,2.00,4.0,0.00,0.00,0.0,25.00,88301.00,88.1
193,8.00,152.00,160.0,83.83,6.00,817.00,823.0,62.18,30,39.24,4863,0.72,4928,50,4,4.00,2.00,6.0,0.00,0.00,0.0,2.00,134972.00,88.1
194,0.00,64.00,64.0,82.43,5.00,907.00,912.0,62.2,32,39.24,4863,0.72,4924,50,4,4.00,1.00,5.0,0.00,0.00,0.0,0.00,151038.00,88.0
195,0.00,548.00,548.0,84.82,2.00,1085.00,1087.0,62.2,41,39.24,4863,0.72,4918,50,4,2.00,0.00,2.0,0.00,0.00,0.0,0.00,141075.00,87.9
196,0.00,5232.00,5232.0,85.3,6.00,1141.00,1147.0,62.13,41,39.24,4863,0.72,4914,50,4,4.00,0.00,4.0,0.00,0.00,0.0,0.00,136772.00,87.9
197,4.00,664.00,668.0,84.5,2.00,1325.00,1327.0,62.15,44,39.38,4863,0.72,4913,50,4,2.00,1.00,3.0,0.00,0.00,0.0,25.00,120309.00,87.9
198,0.00,444.00,444.0,84.71,1.00,1314.00,1315.0,62.16,40,39.38,4863,0.72,4907,50,4,1.00,1.00,2.0,0.00,0.00,0.0,1.00,130553.00,87.9
199,0.00,164.00,164.0,85.02,4.00,1262.00,1266.0,62.18,36,39.38,4863,0.72,4912,50,4,4.00,0.00,4.0,0.00,0.00,0.0,0.00,110629.00,87.9
200,0.00,640.00,640.0,86.98,11.00,1678.00,1689.0,62.2,39,39.38,4863,0.72,4913,50,5,6.00,3.00,9.0,1.00,1.00,2.0,0.00,98494.00,87.9
201,0.00,7428.00,7428.0,83.42,1.98,1472.28,1474.26,62.23,47,39.38,4863,0.72,4905,51,5,0.00,3.00,3.0,0.00,0.00,0.0,0.00,137031.00,87.8
202,0.00,656.00,656.0,83.79,2.00,1480.00,1482.0,62.27,39,39.11,4872,0.72,4912,51,5,0.00,2.00,2.0,0.00,0.00,0.0,15.00,136094.00,87.8
203,0.00,680.00,680.0,85.64,2.00,1113.00,1115.0,62.31,31,39.11,4863,0.72,4907,50,5,0.00,0.00,0.0,0.00,0.00,0.0,8.00,126810.00,87.8
204,0.00,1244.00,1244.0,85.02,0.00,1160.00,1160.0,62.33,23,39.11,4863,0.72,4914,50,4,0.00,0.00,0.0,0.00,0.00,0.0,0.00,124289.00,87.9
205,0.00,440.00,440.0,86.67,22.00,1660.00,1682.0,62.34,12,39.11,4863,0.72,4905,50,4,16.00,2.00,18.0,4.00,4.00,8.0,0.00,101281.00,88.0
206,0.00,28448.00,28448.0,85.53,13.00,1584.00,1597.0,62.37,28,39.11,4863,0.72,4903,50,4,10.00,1.00,11.0,0.00,0.00,0.0,0.00,88340.00,88.2
207,0.00,624.00,624.0,89.28,13.00,1620.00,1633.0,62.39,28,37.82,4863,0.72,4903,50,4,14.00,1.00,15.0,0.00,0.00,0.0,0.00,83606.00,88.3
208,4.00,792.00,796.0,80.1,18.00,1383.00,1401.0,62.41,10,37.82,4863,0.72,4903,50,4,16.00,2.00,18.0,0.00,0.00,0.0,26.00,67441.00,88.2
209,0.00,104.00,104.0,85.8,20.00,1704.00,1724.0,62.39,17,37.82,4863,0.72,4890,50,4,18.00,0.00,18.0,0.00,0.00,0.0,0.00,125962.00,88.2
210,0.00,120.00,120.0,82.56,6.00,1694.00,1700.0,62.42,36,37.82,4863,0.72,4881,50,4,6.00,2.00,8.0,0.00,0.00,0.0,0.00,150899.00,88.1
211,0.00,24072.00,24072.0,82.14,13.00,1381.00,1394.0,62.47,31,37.82,4863,0.72,4894,50,4,10.00,2.00,12.0,0.00,0.00,0.0,0.00,154727.00,88.0
212,24.00,252.00,276.0,82.88,6.00,1740.00,1746.0,62.46,23,36.63,4863,0.72,4896,50,4,6.00,0.00,6.0,0.00,0.00,0.0,2.00,153107.00,88.0
213,0.00,688.00,688.0,86.07,4.00,1049.00,1053.0,62.5,31,36.63,4863,0.72,4896,50,4,4.00,0.00,4.0,0.00,0.00,0.0,27.00,116712.00,88.0
214,0.00,1308.00,1308.0,82.96,1.00,2013.00,2014.0,62.54,35,36.63,4862,0.72,4894,50,4,0.00,1.00,1.0,0.00,0.00,0.0,0.00,143864.00,88.0
215,0.00,1608.00,1608.0,82.25,6.00,1372.00,1378.0,62.56,40,36.63,4863,0.72,4897,50,4,0.00,1.00,1.0,4.00,4.00,8.0,1.00,141669.00,88.0
216,0.00,61764.00,61764.0,83.65,0.00,860.00,860.0,62.58,30,36.63,4864,0.72,4901,50,4,0.00,0.00,0.0,0.00,0.00,0.0,1.00,143561.00,88.1
217,4.00,76.00,80.0,79.22,2.00,1419.00,1421.0,62.6,24,35.78,4864,0.72,4905,50,4,2.00,1.00,3.0,0.00,0.00,0.0,0.00,179372.00,88.1
218,0.00,1284.00,1284.0,77.67,2.00,894.00,896.0,62.65,36,35.78,4873,0.72,4909,50,4,0.00,1.98,1.98,0.00,0.00,0.0,10.00,174853.00,88.0
219,0.00,1416.00,1416.0,83.61,4.00,725.00,729.0,62.63,15,35.78,4864,0.72,4907,50,4,2.00,2.00,4.0,0.00,0.00,0.0,14.00,128963.00,88.1
220,20.00,368.00,388.0,84.09,4.00,1214.00,1218.0,62.65,29,35.78,4864,0.72,4900,50,4,4.00,0.00,4.0,0.00,0.00,0.0,0.00,143786.00,88.1
221,0.00,11619.80,11619.8,84.52,8.00,1322.00,1330.0,62.67,36,35.78,4864,0.72,4893,50,4,8.00,0.00,8.0,0.00,0.00,0.0,0.00,137723.00,88.3
222,0.00,520.00,520.0,84.59,4.00,1513.00,1517.0,62.71,26,35.64,4864,0.72,4898,50,4,4.00,0.00,4.0,0.00,0.00,0.0,0.00,135090.00,88.2
223,0.00,644.00,644.0,84.11,7.00,1975.00,1982.0,62.74,20,35.64,4864,0.72,4897,50,4,6.00,0.00,6.0,0.00,0.00,0.0,1.00,143462.00,88.2
224,0.00,1708.00,1708.0,81.4,4.00,2015.00,2019.0,62.78,23,35.64,4864,0.72,4901,50,4,4.00,0.00,4.0,0.00,0.00,0.0,27.00,136333.00,88.2
225,12.00,1228.00,1240.0,80.55,9.00,1967.00,1976.0,62.77,44,35.64,4862,0.72,4901,50,4,4.00,0.00,4.0,4.00,4.00,8.0,0.00,160753.00,88.1
226,0.00,25856.00,25856.0,83.48,9.00,1945.00,1954.0,62.78,39,35.64,4864,0.72,4907,49,4,6.00,1.00,7.0,0.00,0.00,0.0,5.00,121526.00,88.0
227,0.00,648.00,648.0,87.12,10.00,1762.00,1772.0,62.75,26,36.55,4864,0.72,4910,49,4,10.00,0.00,10.0,0.00,0.00,0.0,0.00,112467.00,88.1
228,0.00,1232.00,1232.0,86.57,10.00,1505.00,1515.0,62.77,30,36.55,4862,0.72,4917,49,4,10.00,0.00,10.0,0.00,0.00,0.0,1.00,124573.00,88.1
229,4.00,744.00,748.0,82.41,17.00,1490.00,1507.0,62.8,17,36.55,4864,0.72,4910,49,4,16.00,0.00,16.0,0.00,0.00,0.0,28.00,116325.00,88.1
230,0.00,864.00,864.0,84.3,22.00,1574.00,1596.0,62.81,25,36.55,4864,0.72,4904,49,4,22.00,0.00,22.0,0.00,0.00,0.0,0.00,132856.00,88.1
231,0.00,8212.00,8212.0,75.35,22.00,1662.00,1684.0,62.84,25,36.55,4864,0.72,4904,49,4,20.00,0.00,20.0,0.00,0.00,0.0,0.00,147085.00,87.9
232,0.00,940.00,940.0,80.43,12.00,1704.00,1716.0,62.86,26,36.1,4861,0.72,4904,49,4,13.00,1.00,14.0,0.00,0.00,0.0,0.00,161630.00,87.9
233,0.00,217.82,217.82,82.69,12.00,1942.00,1954.0,62.88,45,36.1,4858,0.72,4905,49,4,12.00,0.00,12.0,0.00,0.00,0.0,2.00,149676.00,87.9
234,4.00,900.00,904.0,83.81,9.00,1650.00,1659.0,62.91,21,36.1,4857,0.72,4903,50,5,4.00,5.00,9.0,1.00,1.00,2.0,27.00,139111.00,87.9
235,0.00,456.00,456.0,83.69,2.00,1718.00,1720.0,62.92,37,36.1,4856,0.72,4902,50,5,0.00,2.00,2.0,0.00,0.00,0.0,0.00,142050.00,87.8
236,0.00,16972.00,16972.0,82.02,2.00,1330.00,1332.0,62.94,43,36.1,4848,0.72,4919,50,5,0.00,2.00,2.0,0.00,0.00,0.0,0.00,158599.00,87.8
237,0.00,68.00,68.0,83.65,2.00,842.00,844.0,62.96,22,35.69,4842,0.72,4914,50,5,0.00,2.00,2.0,0.00,0.00,0.0,3.00,140141.00,87.9
238,0.00,540.00,540.0,85.19,0.00,1237.00,1237.0,62.98,26,35.69,4840,0.72,4919,50,4,0.00,0.00,0.0,0.00,0.00,0.0,1.00,136106.00,87.8
239,0.00,536.00,536.0,83.25,0.00,1422.00,1422.0,63.0,21,35.69,4837,0.72,4915,50,4,0.00,0.00,0.0,0.00,0.00,0.0,0.00,140028.00,87.9
240,0.00,708.00,708.0,83.84,4.00,1217.00,1221.0,62.09,28,35.69,4569,0.72,4849,49,4,2.00,2.00,4.0,0.00,0.00,0.0,55.00,113458.00,88.0
241,0.00,122708.00,122708.0,84.84,102.00,1838.00,1940.0,62.12,26,35.69,4570,0.72,4804,49,4,8.00,2.00,10.0,92.00,92.00,184.0,0.99,94201.98,88.1
242,0.00,18156.00,18156.0,75.42,6.00,2184.00,2190.0,62.14,23,35.48,4570,0.72,4809,49,4,4.00,2.00,6.0,0.00,0.00,0.0,0.00,140663.00,88.0
243,0.00,14148.00,14148.0,80.93,6.00,1913.00,1919.0,62.16,30,35.48,4570,0.72,4803,49,4,4.00,2.00,6.0,0.00,0.00,0.0,1.00,141306.00,88.0
244,0.00,6524.00,6524.0,84.57,12.00,1467.00,1479.0,62.18,16,35.48,4570,0.72,4809,49,4,10.00,2.00,12.0,0.00,0.00,0.0,0.00,130310.00,88.1
245,0.00,1540.00,1540.0,82.79,16.00,2117.00,2133.0,62.2,28,35.48,4570,0.72,4814,49,4,8.00,2.00,10.0,4.00,4.00,8.0,0.00,141914.00,88.0
246,0.00,324.00,324.0,84.09,7.92,1953.47,1961.39,62.23,33,35.48,4570,0.72,4800,48,4,8.00,1.00,9.0,0.00,0.00,0.0,0.00,143968.00,87.9
247,0.00,460.00,460.0,79.4,10.00,2229.00,2239.0,62.22,25,35.28,4570,0.72,4809,48,4,10.00,0.00,10.0,0.00,0.00,0.0,0.00,154410.00,87.9
248,0.00,572.00,572.0,74.15,10.00,1772.00,1782.0,62.24,20,35.28,4570,0.72,4809,48,4,10.00,0.00,10.0,0.00,0.00,0.0,1.00,188818.00,87.7
249,0.00,1096.00,1096.0,80.13,14.00,1657.00,1671.0,62.26,18,35.28,4570,0.72,4804,48,4,12.00,0.00,12.0,0.00,0.00,0.0,0.00,165514.00,87.7
250,0.00,468.00,468.0,78.13,14.00,1910.00,1924.0,62.25,11,35.28,4570,0.72,4806,48,4,14.00,0.00,14.0,0.00,0.00,0.0,0.00,174798.00,87.6
251,0.00,416.00,416.0,79.27,102.00,2263.00,2365.0,62.27,15,35.28,4570,0.72,4804,48,4,12.00,0.00,12.0,92.00,92.00,184.0,0.00,175199.00,87.6
252,0.00,128.00,128.0,79.55,6.00,1835.00,1841.0,62.3,18,34.7,4570,0.72,4800,48,4,6.00,0.00,6.0,0.00,0.00,0.0,0.00,176743.00,87.6
253,0.00,960.00,960.0,81.5,6.00,1819.00,1825.0,62.32,33,34.7,4570,0.72,4793,48,4,6.00,0.00,6.0,0.00,0.00,0.0,1.00,168638.00,87.7
254,0.00,400.00,400.0,83.1,2.00,1885.00,1887.0,62.35,36,34.7,4570,0.72,4801,48,4,2.00,0.00,2.0,0.00,0.00,0.0,0.00,162275.00,87.6
255,0.00,524.00,524.0,81.73,9.00,1667.00,1676.0,62.37,34,34.7,4570,0.72,4807,48,4,4.00,0.00,4.0,4.00,4.00,8.0,0.00,150791.00,87.6
256,0.00,656.00,656.0,84.94,8.00,2027.00,2035.0,62.39,20,34.7,4570,0.72,4801,48,4,8.00,0.00,8.0,0.00,0.00,0.0,0.00,141005.00,87.6
257,0.00,336.00,336.0,81.58,10.00,1536.00,1546.0,62.41,19,34.48,4570,0.72,4805,48,4,10.00,0.00,10.0,0.00,0.00,0.0,0.00,165954.00,87.6
258,0.00,492.00,492.0,81.23,13.00,1594.00,1607.0,62.45,20,34.48,4570,0.72,4815,48,4,12.00,0.00,12.0,0.00,0.00,0.0,1.00,160055.00,87.6
259,0.00,152.00,152.0,80.13,14.00,1378.00,1392.0,62.47,13,34.48,4570,0.72,4813,48,4,14.00,0.00,14.0,0.00,0.00,0.0,0.00,166513.00,87.5
260,0.00,152.00,152.0,78.99,14.00,2047.00,2061.0,62.49,22,34.48,4570,0.72,4797,48,4,14.00,0.00,14.0,0.00,0.00,0.0,0.00,174605.00,87.4
261,0.00,708.00,708.0,83.27,90.00,1945.00,2035.0,62.58,39,34.48,4570,0.72,4801,48,4,10.00,0.00,10.0,80.00,80.00,160.0,0.00,150277.00,87.5
262,0.00,596.00,596.0,83.48,21.00,1870.00,1891.0,62.64,39,34.04,4570,0.72,4803,48,4,8.00,0.00,8.0,12.00,12.00,24.0,0.00,152796.00,87.5
263,0.00,556.00,556.0,84.5,8.00,1944.00,1952.0,62.71,35,34.04,4570,0.72,4800,48,4,8.00,0.00,8.0,0.00,0.00,0.0,1.00,146657.00,87.5
264,0.00,1368.00,1368.0,84.12,6.00,1703.00,1709.0,62.73,38,34.04,4570,0.72,4803,48,4,6.00,0.00,6.0,0.00,0.00,0.0,0.00,149287.00,87.5
265,0.00,520.00,520.0,84.0,4.00,1628.00,1632.0,62.73,33,34.04,4570,0.72,4803,48,4,4.00,0.00,4.0,0.00,0.00,0.0,0.00,146882.00,87.5
266,0.00,828.00,828.0,86.32,8.00,1179.00,1187.0,62.73,28,34.04,4570,0.72,4798,48,4,8.00,0.00,8.0,0.00,0.00,0.0,0.00,131318.00,87.5
267,0.00,680.00,680.0,82.65,4.00,1254.00,1258.0,62.75,31,34.04,4570,0.72,4809,48,4,4.00,0.00,4.0,0.00,0.00,0.0,0.00,165947.00,87.5
268,4.00,560.00,564.0,84.46,12.00,1413.00,1425.0,62.78,27,34.04,4570,0.72,4815,48,4,12.00,0.00,12.0,0.00,0.00,0.0,1.00,144714.00,87.5
269,0.00,324.00,324.0,85.59,11.00,1642.00,1653.0,62.8,31,34.04,4570,0.72,4803,49,5,10.00,1.00,11.0,1.00,1.00,2.0,0.00,109403.00,87.5
270,0.00,160.00,160.0,85.84,1.00,1656.00,1657.0,62.8,19,34.04,4570,0.72,4801,49,5,0.00,1.00,1.0,0.00,0.00,0.0,0.00,120054.00,87.5
271,0.00,908.00,908.0,75.94,81.00,2032.00,2113.0,62.84,11,34.04,4570,0.72,4802,49,5,0.00,1.00,1.0,80.00,80.00,160.0,0.00,164621.00,87.4
272,0.00,1524.00,1524.0,78.52,13.00,1959.00,1972.0,62.86,24,33.55,4570,0.72,4797,49,5,0.00,0.00,0.0,12.00,12.00,24.0,0.00,165829.00,87.4
273,0.00,596.00,596.0,83.5,1.00,1689.00,1690.0,62.83,23,33.55,4570,0.72,4810,49,4,1.00,1.00,2.0,0.00,0.00,0.0,1.00,155522.00,87.4
274,0.00,808.00,808.0,80.9,14.00,1657.00,1671.0,62.85,4,33.55,4570,0.72,4806,49,4,12.00,2.00,14.0,0.00,0.00,0.0,0.00,118254.00,87.4
275,0.00,141960.00,141960.0,53.77,28.00,1391.00,1419.0,62.83,14,33.55,4570,0.72,4806,49,4,22.00,1.00,23.0,4.00,4.00,8.0,0.00,75012.00,79.7
276,8.00,53428.00,53436.0,56.09,20.00,1694.00,1714.0,62.85,5,33.55,4570,0.72,4799,49,4,15.00,2.00,17.0,4.00,4.00,8.0,0.00,116742.00,79.7
277,24.00,712.00,736.0,70.8,19.00,2339.00,2358.0,62.87,18,31.67,4570,0.72,4791,49,4,18.00,1.00,19.0,0.00,0.00,0.0,0.00,122077.00,85.4
278,0.00,2940.00,2940.0,80.08,13.86,1811.88,1825.74,62.9,15,31.67,4570,0.72,4790,49,4,14.00,0.00,14.0,0.00,0.00,0.0,1.00,136548.00,85.7
279,0.00,660.00,660.0,80.25,10.00,1883.00,1893.0,62.91,24,31.67,4570,0.72,4794,49,4,10.00,0.00,10.0,0.00,0.00,0.0,0.00,170202.00,85.9
280,0.00,848.00,848.0,80.23,13.00,1848.00,1861.0,62.91,23,31.67,4570,0.72,4802,49,4,12.00,1.00,13.0,0.00,0.00,0.0,0.00,172381.19,86.1
281,0.00,500.00,500.0,86.15,68.00,2154.00,2222.0,62.95,30,31.67,4570,0.72,4792,49,4,8.00,0.00,8.0,60.00,60.00,120.0,0.00,94560.00,86.5
282,0.00,13536.00,13536.0,85.11,12.00,1639.00,1651.0,62.97,26,30.89,4570,0.72,4788,49,4,4.00,0.00,4.0,7.92,7.92,15.84,0.00,128747.00,86.8
283,0.00,232.00,232.0,80.62,19.00,1603.00,1622.0,63.0,38,30.89,4570,0.72,4796,49,4,4.00,2.00,6.0,12.00,12.00,24.0,1.00,177853.00,86.9
284,0.00,1481.19,1481.19,81.12,14.00,1231.00,1245.0,63.07,6,30.89,4570,0.72,4796,49,4,2.00,1.00,3.0,12.00,12.00,24.0,0.00,152942.00,87.0
285,0.00,816.00,816.0,78.95,9.00,1097.00,1106.0,63.08,17,30.89,4570,0.72,4803,49,4,4.00,0.00,4.0,4.00,4.00,8.0,0.00,171299.01,87.2
286,0.00,648.00,648.0,79.55,6.00,1729.00,1735.0,63.11,33,30.89,4570,0.72,4797,49,4,0.00,0.00,0.0,4.00,4.00,8.0,0.00,171936.00,87.2
287,0.00,792.00,792.0,80.25,6.00,1490.00,1496.0,63.1,36,30.74,4570,0.72,4796,49,4,8.00,0.00,8.0,0.00,0.00,0.0,0.00,174527.00,87.3
288,0.00,1016.00,1016.0,79.7,3.00,1861.00,1864.0,63.14,23,30.74,4570,0.72,4797,49,4,2.00,0.00,2.0,0.00,0.00,0.0,1.00,166334.00,87.3
289,0.00,484.00,484.0,79.65,6.00,2411.00,2417.0,63.16,21,30.74,4570,0.72,4780,49,4,6.00,0.00,6.0,0.00,0.00,0.0,0.00,170813.00,87.3
290,0.00,1172.00,1172.0,80.13,8.00,2770.00,2778.0,63.18,25,30.74,4570,0.72,4783,49,4,4.00,4.00,8.0,0.00,0.00,0.0,0.00,154370.00,87.3
291,0.00,644.00,644.0,82.65,68.00,2591.00,2659.0,63.21,22,30.74,4570,0.72,4787,49,4,6.00,1.00,7.0,60.00,60.00,120.0,0.00,136893.00,87.4
292,0.00,9932.00,9932.0,82.79,16.00,2027.00,2043.0,63.24,22,29.8,4570,0.72,4791,49,4,8.00,0.00,8.0,8.00,8.00,16.0,0.00,120815.00,87.6
293,0.00,432.00,432.0,81.57,14.00,1385.00,1399.0,63.28,5,29.8,4570,0.72,4790,49,4,6.00,0.00,6.0,8.00,8.00,16.0,1.00,135433.00,87.6
294,0.00,80.00,80.0,54.91,14.00,1274.00,1288.0,63.27,10,29.8,4570,0.72,4780,49,4,12.87,1.98,14.85,0.00,0.00,0.0,0.00,145050.00,78.8
295,8.00,1052.00,1060.0,64.65,14.00,1784.00,1798.0,63.3,13,29.8,4570,0.72,4779,49,5,6.00,4.00,10.0,4.00,4.00,8.0,0.00,140156.00,79.3
296,0.00,740.59,740.59,67.13,22.00,2596.00,2618.0,63.32,14,29.8,4570,0.72,4770,49,4,0.00,2.00,2.0,20.00,20.00,40.0,0.00,166976.00,84.9
297,0.00,8736.00,8736.0,76.75,2.00,1761.00,1763.0,63.34,14,27.9,4570,0.72,4773,48,4,0.00,1.00,1.0,0.00,0.00,0.0,3.00,141616.00,85.1
298,0.00,568.00,568.0,82.22,0.00,1710.00,1710.0,63.37,22,27.9,4570,0.72,4778,48,4,0.00,0.00,0.0,0.00,0.00,0.0,1.00,159152.00,85.5
299,0.00,616.00,616.0,78.31,0.00,1764.00,1764.0,63.39,25,27.9,4570,0.72,4779,48,4,0.00,0.00,0.0,0.00,0.00,0.0,0.00,184103.00,85.6
300,0.00,92.00,92.0,79.77,0.00,1816.00,1816.0,63.41,22,27.9,4570,0.72,4782,48,4,0.00,0.00,0.0,0.00,0.00,0.0,0.00,177759.00,85.8
301,0.00,144.00,144.0,80.08,60.00,2283.00,2343.0,63.44,31,27.9,4570,0.72,4782,48,4,0.00,0.00,0.0,60.00,60.00,120.0,0.00,166963.37,86.0
302,0.00,7876.00,7876.0,79.85,8.00,1595.00,1603.0,63.47,24,27.34,4570,0.72,4778,48,4,0.00,0.00,0.0,8.00,8.00,16.0,0.00,171530.00,86.2
303,0.00,660.00,660.0,80.85,13.00,1807.00,1820.0,63.51,27,27.34,4570,0.72,4791,49,5,2.00,3.00,5.0,9.00,9.00,18.0,1.00,172401.00,86.3
304,0.00,760.00,760.0,79.57,0.00,1626.00,1626.0,63.55,25,27.34,4570,0.72,4791,49,5,0.00,0.00,0.0,0.00,0.00,0.0,0.00,177435.00,86.4
305,0.00,1392.00,1392.0,79.27,4.00,1121.00,1125.0,63.58,15,27.34,4570,0.72,4792,49,5,0.00,0.00,0.0,4.00,4.00,8.0,0.00,165508.00,86.5
306,0.00,412.00,412.0,80.73,12.00,1767.00,1779.0,63.6,11,27.34,4570,0.72,4789,49,5,0.00,0.00,0.0,12.00,12.00,24.0,0.00,140308.00,86.6
307,4.00,28704.00,28708.0,68.98,7.92,2112.87,2120.79,63.61,26,25.23,4570,0.72,4793,49,4,0.00,0.00,0.0,8.00,8.00,16.0,0.00,161946.00,86.3
308,0.00,121128.00,121128.0,73.67,10.00,2516.00,2526.0,63.65,15,25.23,4570,0.72,4786,49,4,10.00,0.00,10.0,0.00,0.00,0.0,1.00,172533.00,86.5
309,24.00,32896.00,32920.0,65.78,8.00,1757.00,1765.0,63.67,17,25.23,4570,0.72,4786,49,4,6.00,0.00,6.0,0.00,0.00,0.0,0.00,92859.00,86.0
310,0.00,968.00,968.0,75.38,36.00,1625.00,1661.0,63.67,10,25.23,4570,0.72,4779,49,4,14.00,0.00,14.0,24.00,24.00,48.0,0.00,100154.00,86.1
311,0.00,280.00,280.0,59.72,64.00,1889.00,1953.0,63.69,2,25.23,4571,0.72,4774,49,4,20.00,0.00,20.0,44.00,44.00,88.0,1.00,137086.00,85.6
312,0.00,376.00,376.0,37.77,22.00,2048.00,2070.0,63.71,16,24.41,4571,0.72,4772,49,4,14.00,0.00,14.0,8.00,8.00,16.0,0.00,120840.00,68.6
313,0.00,672.00,672.0,74.81,34.00,2182.00,2216.0,63.73,18,24.41,4571,0.72,4763,49,4,16.00,1.00,17.0,16.00,16.00,32.0,1.00,158821.00,85.8
314,0.00,21940.00,21940.0,79.03,22.00,2466.00,2488.0,63.76,28,24.41,4571,0.72,4766,49,4,14.00,1.00,15.0,8.00,8.00,16.0,0.00,170096.00,85.9
315,0.00,72.00,72.0,80.28,9.00,1760.00,1769.0,63.75,31,24.41,4571,0.72,4790,49,4,8.00,1.00,9.0,0.00,0.00,0.0,0.00,148399.00,86.1
316,0.00,100.00,100.0,83.83,11.00,2044.00,2055.0,63.78,28,24.41,4571,0.72,4779,49,4,10.00,1.00,11.0,0.00,0.00,0.0,0.00,104703.00,86.2
317,0.00,944.00,944.0,79.02,8.00,2376.00,2384.0,63.82,40,24.94,4571,0.72,4784,49,4,2.00,1.00,3.0,4.00,4.00,8.0,0.00,122045.00,86.3
318,0.00,344.00,344.0,84.88,1.00,1778.00,1779.0,63.85,41,24.94,4571,0.72,4776,49,4,0.00,1.00,1.0,0.00,0.00,0.0,1.00,97402.00,86.5
319,0.00,9412.00,9412.0,85.57,17.00,1690.00,1707.0,63.86,27,24.94,4571,0.72,4783,49,4,0.00,1.00,1.0,15.84,15.84,31.68,0.00,118733.00,86.7
320,16.00,860.00,876.0,80.23,28.00,2396.00,2424.0,63.89,34,24.94,4571,0.72,4779,49,4,2.00,1.00,3.0,24.00,24.00,48.0,0.00,182937.00,86.7
321,0.00,463.37,463.37,80.4,50.00,1995.00,2045.0,63.92,33,24.94,4571,0.72,4772,49,4,4.00,2.00,6.0,44.00,44.00,88.0,0.00,168663.00,86.7
322,0.00,1012.00,1012.0,80.05,16.00,1692.00,1708.0,63.92,11,25.03,4571,0.72,4776,49,4,6.00,2.00,8.0,8.00,8.00,16.0,0.00,169613.00,86.8
323,0.00,604.00,604.0,73.39,20.00,2559.00,2579.0,63.95,14,25.03,4571,0.72,4763,49,4,10.00,2.00,12.0,8.00,8.00,16.0,1.00,167466.00,86.7
324,0.00,13812.00,13812.0,75.95,28.00,2472.00,2500.0,63.96,12,25.03,4571,0.72,4755,49,4,14.00,2.00,16.0,12.00,12.00,24.0,0.00,162345.00,86.8
325,0.00,776.00,776.0,80.1,18.00,2597.00,2615.0,63.99,16,25.03,4571,0.72,4754,49,4,14.00,1.00,15.0,0.00,0.00,0.0,0.00,125543.00,86.8
326,0.00,544.00,544.0,80.0,27.00,1698.00,1725.0,64.0,9,25.03,4571,0.72,4756,49,4,20.00,2.00,22.0,8.00,8.00,16.0,0.00,130739.00,86.8
327,0.00,844.00,844.0,66.37,21.78,2354.46,2376.2400000000002,64.03,6,23.98,4571,0.72,4746,49,4,16.00,2.00,18.0,0.00,0.00,0.0,0.00,163453.00,86.5
328,0.00,716.00,716.0,74.87,15.00,1976.00,1991.0,64.06,11,23.98,4571,0.72,4750,48,4,18.00,0.00,18.0,0.00,0.00,0.0,1.00,170380.00,86.6
329,0.00,636.00,636.0,73.99,24.00,2141.00,2165.0,64.08,14,23.98,4571,0.72,4749,48,4,16.00,0.00,16.0,8.00,8.00,16.0,0.00,185002.00,86.6
330,0.00,3696.00,3696.0,77.39,50.00,2058.00,2108.0,64.12,22,23.98,4571,0.72,4766,48,4,14.00,0.00,14.0,36.00,36.00,72.0,0.00,181187.00,86.7
331,0.00,136.00,136.0,77.89,56.00,2229.00,2285.0,64.19,24,23.98,4571,0.72,4758,48,4,12.00,0.00,12.0,44.00,44.00,88.0,0.00,173472.00,86.8
332,0.00,1276.00,1276.0,78.29,13.00,2112.00,2125.0,64.22,24,23.74,4571,0.72,4759,48,4,4.00,0.00,4.0,8.00,8.00,16.0,0.00,177767.00,86.9
333,0.00,688.00,688.0,80.15,14.00,2153.00,2167.0,64.25,19,23.74,4571,0.72,4768,48,4,6.00,0.00,6.0,8.00,8.00,16.0,1.00,176467.00,86.9
334,0.00,820.00,820.0,80.28,14.00,2040.00,2054.0,64.28,22,23.74,4571,0.72,4777,48,4,2.00,0.00,2.0,12.00,12.00,24.0,0.00,174586.00,87.0
335,3.96,24150.50,24154.46,82.4,5.00,1602.00,1607.0,64.31,25,23.74,4571,0.72,4773,48,4,4.00,0.00,4.0,0.00,0.00,0.0,0.00,154787.00,87.2
336,0.00,448.00,448.0,82.62,8.00,1496.00,1504.0,64.28,26,23.74,4571,0.72,4785,48,4,8.00,0.00,8.0,0.00,0.00,0.0,0.00,161745.00,87.2
337,0.00,88.00,88.0,82.83,11.00,1105.00,1116.0,64.3,20,23.84,4571,0.72,4776,49,5,6.00,1.00,7.0,5.00,5.00,10.0,0.00,165289.00,87.2
338,0.00,1944.00,1944.0,83.85,4.00,1067.00,1071.0,64.36,7,23.84,4571,0.72,4774,49,5,4.00,0.00,4.0,0.00,0.00,0.0,1.00,136285.00,87.3
339,0.00,1608.00,1608.0,81.08,9.00,1684.00,1693.0,64.38,24,23.84,4571,0.72,4770,49,5,0.00,0.00,0.0,6.00,6.00,12.0,0.00,152190.00,87.4
340,4.00,116144.00,116148.0,75.91,32.00,1304.00,1336.0,64.35,3,23.84,4571,0.72,4762,49,5,0.00,0.00,0.0,34.00,34.00,68.0,0.00,132671.00,87.4
341,0.00,66256.00,66256.0,38.02,44.00,1568.00,1612.0,64.35,9,23.84,4571,0.72,4771,49,4,0.00,0.00,0.0,44.00,44.00,88.0,0.00,106405.00,67.1
342,0.00,632.00,632.0,65.47,16.00,3021.00,3037.0,64.37,6,23.94,4571,0.72,4767,49,4,8.00,0.00,8.0,4.00,4.00,8.0,0.00,137071.00,83.7
343,0.00,688.00,688.0,40.61,21.00,2085.00,2106.0,64.39,2,23.94,4571,0.72,4772,49,4,10.00,0.00,10.0,12.00,12.00,24.0,1.00,105346.00,72.7
344,0.00,704.00,704.0,50.57,31.00,1466.00,1497.0,64.4,17,23.94,4571,0.72,4770,49,4,18.00,3.00,21.0,12.00,12.00,24.0,0.00,83238.00,72.8
345,0.00,1248.00,1248.0,63.24,14.00,1654.00,1668.0,64.45,1,23.94,4571,0.72,4768,49,4,12.00,0.00,12.0,0.00,0.00,0.0,0.00,131554.00,81.7
346,4.00,15904.00,15908.0,66.28,29.00,1916.00,1945.0,64.47,17,23.94,4571,0.72,4774,49,4,24.00,0.00,24.0,4.00,4.00,8.0,0.00,178090.00,82.1
347,0.00,672.00,672.0,78.34,21.00,2141.00,2162.0,64.5,17,23.86,4571,0.72,4760,49,4,14.00,1.00,15.0,8.00,8.00,16.0,0.00,158007.00,87.6
348,4.00,612.00,616.0,85.45,8.00,2553.00,2561.0,64.53,24,23.86,4571,0.72,4764,49,4,8.00,0.00,8.0,0.00,0.00,0.0,0.99,106714.85,87.6
349,0.00,352.00,352.0,85.16,13.00,2044.00,2057.0,64.54,40,23.86,4571,0.72,4770,49,4,4.00,0.00,4.0,4.00,4.00,8.0,0.00,91127.00,87.6
350,0.00,1060.00,1060.0,86.88,35.00,2234.00,2269.0,64.56,24,23.86,4571,0.72,4777,49,4,2.00,1.00,3.0,32.00,32.00,64.0,0.00,92858.00,87.7
351,0.00,660.00,660.0,78.36,46.00,2200.00,2246.0,64.59,16,23.86,4571,0.72,4777,49,4,2.00,0.00,2.0,48.00,48.00,96.0,0.00,192866.00,87.7
352,0.00,8464.00,8464.0,73.21,8.00,2215.00,2223.0,64.62,13,23.63,4571,0.72,4778,49,4,4.00,0.00,4.0,4.00,4.00,8.0,0.00,208589.00,87.7
353,0.00,180.00,180.0,78.47,12.00,1684.00,1696.0,64.66,28,23.63,4571,0.72,4785,49,4,8.00,0.00,8.0,4.00,4.00,8.0,1.00,163528.00,87.7
354,0.00,948.00,948.0,75.88,26.00,3243.00,3269.0,64.68,22,23.63,4571,0.72,4777,49,4,10.00,0.00,10.0,16.00,16.00,32.0,0.00,163062.00,87.6
355,0.00,1568.00,1568.0,75.9,4.00,2950.00,2954.0,64.69,12,23.63,4571,0.72,4779,49,4,0.00,0.00,0.0,4.00,4.00,8.0,0.00,165687.00,87.5
356,0.00,664.00,664.0,79.12,4.00,2687.00,2691.0,64.71,24,23.63,4571,0.72,4786,49,4,0.00,0.00,0.0,4.00,4.00,8.0,0.00,146677.00,87.5
357,0.00,23384.00,23384.0,82.27,9.00,2058.00,2067.0,64.74,14,23.18,4571,0.72,4785,49,4,0.00,5.00,5.0,4.00,4.00,8.0,3.00,103397.00,87.5
358,0.00,144.00,144.0,70.74,2.00,1175.00,1177.0,64.79,0,23.18,4572,0.72,4779,49,4,0.00,2.00,2.0,0.00,0.00,0.0,2.00,122275.00,87.1
359,0.00,156.00,156.0,37.37,10.00,1770.00,1780.0,64.81,12,23.18,4572,0.72,4779,49,4,0.00,2.00,2.0,8.00,8.00,16.0,0.00,158154.00,71.1
360,0.00,144.00,144.0,52.84,32.00,1556.00,1588.0,64.82,0,23.18,4572,0.72,4778,49,4,0.00,0.00,0.0,32.00,32.00,64.0,0.00,102802.00,78.1
361,0.00,748.00,748.0,59.87,52.00,1587.00,1639.0,64.83,7,23.18,4572,0.72,4778,49,4,4.00,0.00,4.0,48.00,48.00,96.0,0.00,145916.00,78.2
362,0.00,1328.00,1328.0,65.89,10.00,2516.00,2526.0,64.83,13,22.29,4572,0.72,4772,49,4,4.00,2.00,6.0,4.00,4.00,8.0,0.00,130937.00,78.8
363,0.00,188.00,188.0,81.62,12.00,2312.00,2324.0,64.84,23,22.29,4572,0.72,4769,49,4,6.00,2.00,8.0,4.00,4.00,8.0,1.00,175522.00,87.9
364,0.00,704.00,704.0,81.33,24.00,2508.00,2532.0,64.86,37,22.29,4572,0.72,4765,49,4,6.00,2.00,8.0,16.00,16.00,32.0,0.00,156320.00,87.8
365,0.00,1372.00,1372.0,79.67,8.91,1453.47,1462.38,64.88,32,22.29,4572,0.72,4803,49,4,4.00,1.00,5.0,4.00,4.00,8.0,0.00,172348.00,87.7
366,0.00,91.09,91.09,80.8,8.00,1140.00,1148.0,64.89,12,22.29,4572,0.72,4804,49,4,2.00,2.00,4.0,4.00,4.00,8.0,0.00,173328.00,87.6
367,0.00,23844.00,23844.0,77.75,11.00,1733.00,1744.0,64.91,20,22.26,4572,0.72,4799,48,4,6.00,0.00,6.0,4.00,4.00,8.0,0.00,182283.00,87.6
368,0.00,580.00,580.0,78.46,6.00,1570.00,1576.0,64.95,25,22.26,4572,0.72,4793,48,4,6.00,0.00,6.0,0.00,0.00,0.0,1.00,191003.00,87.5
369,0.00,100.00,100.0,80.63,4.00,1316.00,1320.0,64.97,27,22.26,4572,0.72,4797,48,4,4.00,0.00,4.0,0.00,0.00,0.0,0.00,179602.00,87.5
370,0.00,524.00,524.0,79.02,36.00,2140.00,2176.0,65.0,32,22.26,4572,0.72,4795,48,4,4.00,0.00,4.0,32.00,32.00,64.0,0.00,172116.00,87.5
371,0.00,1256.00,1256.0,80.53,56.44,2117.82,2174.26,64.99,29,22.26,4572,0.72,4793,49,5,0.00,5.00,5.0,53.00,53.00,106.0,0.00,170548.00,87.4
372,4.00,93160.00,93164.0,81.42,10.00,2183.00,2193.0,65.02,18,22.8,4572,0.72,4786,49,5,0.00,2.00,2.0,8.00,8.00,16.0,0.00,143784.00,87.5
373,0.00,73468.00,73468.0,80.68,6.00,1850.00,1856.0,65.06,31,22.8,4572,0.72,4789,49,5,0.00,1.00,1.0,4.00,4.00,8.0,1.00,148010.00,87.7
374,0.00,60.00,60.0,80.42,8.00,1749.00,1757.0,65.08,17,22.8,4572,0.72,4792,49,5,0.00,0.00,0.0,8.00,8.00,16.0,0.00,174205.00,87.8
375,0.00,15368.00,15368.0,69.91,0.00,2257.00,2257.0,65.1,12,22.8,4572,0.72,4797,49,4,0.00,0.00,0.0,0.00,0.00,0.0,0.00,125305.00,87.5
376,0.00,772.00,772.0,75.91,14.00,2502.00,2516.0,65.1,11,22.8,4572,0.72,4793,49,4,4.00,1.00,5.0,0.00,0.00,0.0,0.00,122470.00,87.3
377,0.00,376.00,376.0,35.0,18.00,1793.00,1811.0,65.12,0,21.3,4572,0.72,4796,49,4,18.00,0.00,18.0,0.00,0.00,0.0,0.00,79560.00,64.1
378,0.00,312.00,312.0,10.34,18.00,877.00,895.0,65.13,0,21.3,4572,0.72,4794,49,4,26.00,0.00,26.0,0.00,0.00,0.0,1.00,25577.00,45.1
379,0.00,68.00,68.0,5.12,35.00,643.00,678.0,65.13,2,21.3,4572,0.72,4790,49,4,28.00,4.00,32.0,0.00,0.00,0.0,0.00,14915.00,38.7
380,0.00,17340.00,17340.0,37.61,42.00,2407.00,2449.0,65.15,9,21.3,4572,0.72,4783,49,4,36.00,2.00,38.0,4.00,4.00,8.0,0.00,115684.00,69.1
381,0.00,500.00,500.0,74.62,63.00,2745.00,2808.0,65.18,6,21.3,4572,0.72,4778,49,4,16.00,1.00,17.0,48.00,48.00,96.0,0.00,193482.00,87.0
382,0.00,76.00,76.0,77.74,20.00,2723.00,2743.0,65.2,28,21.43,4572,0.72,4786,49,4,8.00,0.00,8.0,12.00,12.00,24.0,0.00,182836.00,87.0
383,0.00,132.00,132.0,79.45,8.00,1864.00,1872.0,65.23,19,21.43,4572,0.72,4795,49,4,4.00,0.00,4.0,4.00,4.00,8.0,1.00,151937.00,87.1
384,0.00,1036.00,1036.0,82.06,4.00,1933.00,1937.0,65.27,20,21.43,4572,0.72,4797,49,4,0.00,0.00,0.0,4.00,4.00,8.0,0.00,102514.00,87.2
385,4.00,9852.00,9856.0,80.6,8.00,1778.00,1786.0,65.31,30,21.43,4572,0.72,4796,49,4,0.00,0.00,0.0,8.00,8.00,16.0,0.00,123758.00,87.3
386,0.00,976.00,976.0,81.7,16.00,2390.00,2406.0,65.34,33,21.43,4572,0.72,4785,49,4,0.00,0.00,0.0,16.00,16.00,32.0,0.00,121703.00,87.3
387,0.00,1256.00,1256.0,79.33,24.00,3507.00,3531.0,65.39,36,22.44,4572,0.72,4779,49,4,0.00,0.00,0.0,24.00,24.00,48.0,0.00,119835.00,87.3
388,0.00,1324.00,1324.0,80.53,5.00,3178.00,3183.0,65.37,25,22.44,4572,0.72,4799,49,4,0.00,0.00,0.0,4.00,4.00,8.0,1.00,150752.00,87.4
389,0.00,1068.00,1068.0,79.57,2.00,3579.00,3581.0,65.41,18,22.44,4572,0.72,4803,49,4,2.00,1.00,3.0,0.00,0.00,0.0,0.00,157659.00,87.4
390,0.00,18564.00,18564.0,56.43,9.00,2510.00,2519.0,65.43,4,22.44,4572,0.72,4824,49,4,8.00,1.00,9.0,0.00,0.00,0.0,0.00,90541.00,80.0
391,0.00,28.00,28.0,11.69,23.00,643.00,666.0,65.44,1,22.44,4572,0.72,4819,49,4,14.00,0.00,14.0,8.00,8.00,16.0,0.00,13929.00,45.4
392,0.00,452.00,452.0,4.7,16.00,593.00,609.0,65.44,2,20.64,4572,0.72,4814,49,4,16.00,0.00,16.0,0.00,0.00,0.0,0.00,11625.00,38.2
393,0.00,136.00,136.0,11.11,16.00,1180.00,1196.0,65.45,10,20.64,4572,0.72,4811,49,4,12.00,0.00,12.0,4.00,4.00,8.0,1.00,52384.00,44.8
394,0.00,612.00,612.0,43.11,67.00,2269.00,2336.0,65.46,10,20.64,4572,0.72,4799,49,4,14.00,0.00,14.0,52.00,52.00,104.0,0.00,142562.00,73.3
395,0.00,20324.00,20324.0,63.41,13.00,2816.00,2829.0,65.49,28,20.64,4572,0.72,4796,49,4,8.00,0.00,8.0,4.00,4.00,8.0,0.00,209857.00,85.2
396,4.00,116.00,120.0,72.73,12.00,2679.00,2691.0,65.54,20,20.64,4572,0.72,4805,49,4,4.00,0.00,4.0,8.00,8.00,16.0,0.00,211820.00,85.3
397,0.00,608.00,608.0,74.78,17.00,2061.00,2078.0,65.55,23,20.35,4572,0.72,4807,49,4,0.00,1.00,1.0,16.00,16.00,32.0,0.00,210946.00,85.5
398,0.00,1468.00,1468.0,72.37,9.00,2283.00,2292.0,65.58,26,20.35,4572,0.72,4805,49,4,0.00,1.00,1.0,8.00,8.00,16.0,1.00,211125.00,85.7
399,0.00,2764.00,2764.0,78.02,16.00,1860.00,1876.0,65.59,28,20.35,4572,0.72,4799,49,4,0.00,0.00,0.0,16.00,16.00,32.0,0.00,179256.00,86.0
400,0.00,14324.00,14324.0,79.33,8.00,1953.00,1961.0,65.64,28,20.35,4572,0.72,4818,49,4,0.00,0.00,0.0,7.92,7.92,15.84,0.00,132113.00,86.1
401,0.00,696.00,696.0,78.27,10.00,2822.00,2832.0,65.7,22,20.35,4572,0.72,4806,49,4,2.00,0.00,2.0,8.00,8.00,16.0,0.00,124669.00,86.2
402,0.00,424.00,424.0,78.89,5.00,3048.00,3053.0,65.73,17,20.16,4572,0.72,4806,49,4,4.00,0.00,4.0,0.00,0.00,0.0,0.00,143196.00,86.3
403,0.00,1120.00,1120.0,79.37,12.00,2997.00,3009.0,65.73,35,20.16,4572,0.72,4823,49,4,8.00,0.00,8.0,4.00,4.00,8.0,1.00,163932.00,86.4
404,0.00,824.00,824.0,77.09,21.00,3193.00,3214.0,65.73,9,20.16,4572,0.72,4836,49,5,2.00,0.00,2.0,16.00,16.00,32.0,0.00,102917.00,86.5
405,0.00,118084.00,118084.0,43.07,24.00,1332.00,1356.0,65.74,2,20.16,4572,0.72,4838,49,5,10.00,1.00,11.0,13.00,13.00,26.0,0.00,79720.00,69.4
406,0.00,63756.00,63756.0,30.74,58.00,1188.00,1246.0,65.75,12,20.16,4572,0.72,4816,49,5,28.00,1.00,29.0,28.00,28.00,56.0,0.00,78337.00,69.3
407,0.00,116.00,116.0,48.27,12.00,870.00,882.0,65.77,3,19.27,4572,0.72,4808,49,5,4.00,2.00,6.0,8.00,8.00,16.0,0.00,146499.00,78.8
408,0.00,1152.00,1152.0,26.32,17.00,921.00,938.0,65.78,7,19.27,4572,0.72,4798,48,5,0.00,0.00,0.0,16.00,16.00,32.0,1.00,126423.00,62.1
409,0.00,984.00,984.0,27.59,25.00,1141.00,1166.0,65.81,1,19.27,4572,0.72,4811,48,4,0.00,0.00,0.0,24.00,24.00,48.0,0.00,93789.00,61.8
410,0.00,448.00,448.0,21.6,10.00,1442.00,1452.0,65.84,7,19.27,4572,0.72,4810,48,4,2.00,0.00,2.0,8.00,8.00,16.0,0.00,76492.00,61.4
411,0.00,15332.00,15332.0,46.92,44.00,1488.00,1532.0,65.85,8,19.27,4572,0.72,4811,48,4,32.00,0.00,32.0,8.00,8.00,16.0,0.00,79751.00,75.5
412,0.00,548.00,548.0,36.91,30.00,1891.00,1921.0,65.86,8,18.45,4572,0.72,4803,48,4,34.00,0.00,34.0,0.00,0.00,0.0,0.00,103577.00,70.3
413,0.00,616.00,616.0,69.99,24.00,2819.00,2843.0,65.91,15,18.45,4572,0.72,4792,48,4,20.00,0.00,20.0,4.00,4.00,8.0,1.00,196718.00,85.4
414,0.00,448.00,448.0,77.86,20.00,2353.00,2373.0,66.01,33,18.45,4572,0.72,4818,48,4,4.00,0.00,4.0,16.00,16.00,32.0,0.00,185357.00,85.6
415,0.00,692.00,692.0,79.27,12.00,2568.00,2580.0,66.04,29,18.45,4572,0.72,4811,48,4,4.00,0.00,4.0,8.00,8.00,16.0,0.00,131186.00,85.8
416,0.00,236.00,236.0,76.67,32.00,2983.00,3015.0,66.09,36,18.45,4572,0.72,4810,48,4,0.00,0.00,0.0,32.00,32.00,64.0,0.00,140103.00,85.9
417,0.00,24076.00,24076.0,83.54,7.92,1634.65,1642.5700000000002,66.1,38,19.53,4573,0.72,4819,48,4,0.00,0.00,0.0,8.00,8.00,16.0,4.00,106104.00,86.1
418,0.00,660.00,660.0,85.19,16.00,2491.00,2507.0,66.16,28,19.53,4573,0.72,4800,48,4,0.00,0.00,0.0,16.00,16.00,32.0,1.00,99722.00,86.3
419,0.00,632.00,632.0,85.48,24.00,2190.00,2214.0,66.19,31,19.53,4573,0.72,4801,48,4,0.00,0.00,0.0,24.00,24.00,48.0,0.00,101823.00,86.5
420,3.96,807.92,811.88,72.65,8.00,2597.00,2605.0,66.23,26,19.53,4573,0.72,4799,48,4,0.00,0.00,0.0,8.00,8.00,16.0,0.00,179681.00,86.5
421,0.00,832.00,832.0,77.3,9.00,3330.00,3339.0,66.26,16,19.53,4573,0.72,4802,48,4,0.00,0.00,0.0,9.00,9.00,18.0,0.00,154339.00,86.6
422,0.00,25852.00,25852.0,75.41,0.00,2986.00,2986.0,66.32,16,19.49,4573,0.72,4817,48,4,0.00,0.00,0.0,0.00,0.00,0.0,0.00,123832.00,86.7
423,0.00,372.00,372.0,35.49,8.00,1601.00,1609.0,66.33,2,19.49,4573,0.72,4820,48,4,4.00,0.00,4.0,4.00,4.00,8.0,1.00,64676.00,67.7
424,0.00,52.00,52.0,38.22,29.00,1212.00,1241.0,66.31,5,19.49,4573,0.72,4812,48,4,13.00,1.00,14.0,12.00,12.00,24.0,0.00,72274.00,68.2
425,0.00,1300.00,1300.0,40.27,16.00,1531.00,1547.0,66.33,2,19.49,4573,0.72,4801,48,4,10.00,0.00,10.0,8.00,8.00,16.0,0.00,129798.00,68.7
426,0.00,308.00,308.0,43.85,40.00,2173.00,2213.0,66.34,11,19.49,4573,0.72,4804,48,4,12.00,0.00,12.0,28.00,28.00,56.0,0.00,159297.00,69.3
427,0.00,11372.00,11372.0,48.59,22.00,2422.00,2444.0,66.32,27,17.93,4573,0.72,4817,48,4,10.00,0.00,10.0,8.00,8.00,16.0,0.00,191712.87,75.3
428,0.00,472.00,472.0,80.1,10.00,2833.00,2843.0,66.36,22,17.93,4573,0.72,4817,48,4,12.00,0.00,12.0,4.00,4.00,8.0,1.00,134633.00,87.5
429,0.00,276.00,276.0,77.47,10.00,2519.00,2529.0,66.39,26,17.93,4573,0.72,4819,48,4,2.00,0.00,2.0,8.00,8.00,16.0,0.00,184655.00,87.4
430,0.00,480.00,480.0,74.72,15.00,1901.00,1916.0,66.43,52,17.93,4574,0.72,4816,49,4,5.00,1.00,6.0,8.00,8.00,16.0,1.00,198969.00,87.3
431,0.00,1024.00,1024.0,80.03,32.00,3158.00,3190.0,66.46,15,17.93,4573,0.72,4810,48,4,6.00,3.00,9.0,28.00,28.00,56.0,0.00,149882.00,87.4
432,0.00,18964.00,18964.0,80.5,13.00,1909.00,1922.0,66.49,17,18.57,4573,0.72,4823,48,4,4.00,0.00,4.0,8.00,8.00,16.0,0.00,137463.00,87.5
433,0.00,1048.00,1048.0,77.46,10.00,2053.00,2063.0,66.54,16,18.57,4573,0.72,4816,48,4,0.00,0.00,0.0,8.00,8.00,16.0,1.00,141985.00,87.5
434,0.00,616.00,616.0,73.24,22.00,3028.00,3050.0,66.56,24,18.57,4573,0.72,4811,48,4,10.00,0.00,10.0,8.00,8.00,16.0,0.00,149615.00,87.3
435,0.00,224.00,224.0,70.89,17.00,2826.00,2843.0,66.58,15,18.57,4573,0.72,4812,48,4,10.00,0.00,10.0,12.00,12.00,24.0,0.00,184863.00,87.1
436,0.00,648.00,648.0,66.88,22.00,3765.00,3787.0,66.57,14,18.57,4573,0.72,4826,48,4,6.00,0.00,6.0,16.00,16.00,32.0,0.00,167493.00,86.8
437,4.00,124004.00,124008.0,32.9,14.00,1452.00,1466.0,66.54,4,17.49,4573,0.72,4834,48,4,4.00,0.00,4.0,8.00,8.00,16.0,0.00,82161.00,59.8
438,4.00,37840.00,37844.0,35.26,40.59,2386.14,2426.73,66.53,18,17.49,4573,0.72,4822,48,4,30.00,0.00,30.0,12.00,12.00,24.0,1.00,147706.00,70.3
439,4.00,760.00,764.0,65.65,31.00,2019.00,2050.0,66.55,5,17.49,4573,0.72,4814,49,5,22.00,3.00,25.0,5.00,5.00,10.0,0.00,140463.00,83.4
440,0.00,88.00,88.0,70.48,24.00,1385.00,1409.0,66.57,17,17.49,4573,0.72,4819,49,5,20.00,0.00,20.0,4.00,4.00,8.0,0.00,199033.00,83.6
441,0.00,92.00,92.0,57.18,28.00,1700.00,1728.0,66.6,1,17.49,4573,0.72,4818,49,5,6.00,0.00,6.0,24.00,24.00,48.0,0.00,149239.00,77.8
442,0.00,664.00,664.0,52.65,31.00,2011.00,2042.0,66.63,4,16.65,4573,0.72,4806,49,5,0.00,3.00,3.0,28.00,28.00,56.0,0.00,201964.00,78.1
443,0.00,37300.00,37300.0,55.23,9.00,1893.00,1902.0,66.63,10,16.65,4573,0.72,4819,49,4,0.00,1.00,1.0,8.00,8.00,16.0,1.00,92178.00,78.4
444,0.00,860.00,860.0,44.63,12.00,2125.00,2137.0,66.65,10,16.65,4573,0.72,4805,49,4,0.00,0.00,0.0,8.00,8.00,16.0,0.00,94174.00,77.8
445,0.00,656.00,656.0,49.18,38.00,3083.00,3121.0,66.67,17,16.65,4573,0.72,4818,49,4,34.00,0.00,34.0,8.00,8.00,16.0,0.00,144749.00,77.4
446,0.00,276.00,276.0,59.87,35.00,2084.00,2119.0,66.69,9,16.65,4573,0.72,4831,49,4,16.00,3.00,19.0,16.00,16.00,32.0,0.00,164508.00,77.5
447,0.00,432.00,432.0,52.48,19.00,1412.00,1431.0,66.71,23,15.87,4573,0.72,4834,49,4,10.00,1.00,11.0,8.00,8.00,16.0,0.00,189717.00,77.7
448,0.00,20636.00,20636.0,73.76,9.90,2083.17,2093.07,66.72,18,15.87,4573,0.72,4816,49,4,9.90,0.00,9.9,0.00,0.00,0.0,1.00,161384.00,87.0
449,0.00,640.00,640.0,67.8,24.00,3079.00,3103.0,66.75,35,15.87,4573,0.72,4815,49,4,4.00,0.00,4.0,20.00,20.00,40.0,0.00,193583.00,86.7
450,0.00,344.00,344.0,80.08,11.00,3454.00,3465.0,66.8,22,15.87,4574,0.72,4812,49,5,6.00,0.00,6.0,2.00,2.00,4.0,1.00,132336.00,86.8
451,0.00,588.00,588.0,76.71,14.00,4334.00,4348.0,66.86,41,15.87,4574,0.72,4831,50,5,0.00,4.00,4.0,12.00,12.00,24.0,0.00,124477.00,86.9
452,4.00,948.00,952.0,79.75,13.00,2155.00,2168.0,66.9,5,16.92,4574,0.72,4826,50,5,0.00,1.00,1.0,8.00,8.00,16.0,0.00,128330.00,87.0
453,0.00,11632.00,11632.0,66.24,26.00,2186.00,2212.0,66.94,17,16.92,4574,0.72,4827,49,5,1.00,1.00,2.0,28.00,28.00,56.0,1.00,198772.00,86.7
454,0.00,1012.00,1012.0,76.46,48.00,2678.00,2726.0,66.94,15,16.92,4574,0.72,4816,50,5,18.00,2.00,20.0,20.00,20.00,40.0,0.00,138961.00,86.7
455,0.00,744.00,744.0,76.29,21.00,2782.00,2803.0,66.93,18,16.92,4573,0.72,4819,50,4,12.00,2.00,14.0,14.00,14.00,28.0,0.00,122160.00,86.7
456,0.00,488.00,488.0,38.59,16.00,1428.00,1444.0,66.95,1,16.92,4573,0.72,4827,50,4,6.00,2.00,8.0,4.00,4.00,8.0,0.00,51041.00,68.8
457,0.00,8.00,8.0,15.0,12.00,975.00,987.0,66.95,1,15.65,4573,0.72,4822,50,4,18.00,0.00,18.0,0.00,0.00,0.0,0.00,35660.00,50.2
458,20.00,168.00,188.0,36.11,38.00,2606.00,2644.0,66.97,10,15.65,4573,0.72,4810,50,4,22.00,0.00,22.0,16.00,16.00,32.0,1.00,146076.00,68.8
459,0.00,19936.00,19936.0,56.78,32.00,2578.00,2610.0,66.99,12,15.65,4573,0.72,4810,50,4,4.00,3.00,7.0,24.00,24.00,48.0,0.00,217023.00,82.3
460,0.00,1812.00,1812.0,64.71,11.00,1831.00,1842.0,67.02,25,15.65,4573,0.72,4821,50,4,8.00,1.00,9.0,0.00,0.00,0.0,0.00,209577.00,82.7
461,0.00,340.00,340.0,78.56,17.00,2429.00,2446.0,67.06,25,15.65,4573,0.72,4811,50,4,4.00,1.00,5.0,12.00,12.00,24.0,0.00,139950.00,83.2
462,0.00,740.00,740.0,79.01,17.00,3646.00,3663.0,67.11,29,16.48,4573,0.72,4807,50,4,9.00,7.00,16.0,4.00,4.00,8.0,0.00,136897.00,83.7
463,0.00,260.00,260.0,79.29,29.00,3675.00,3704.0,67.16,23,16.48,4573,0.72,4808,50,4,0.00,1.00,1.0,32.00,32.00,64.0,1.00,133159.00,84.1
464,4.00,21288.00,21292.0,81.03,27.00,3244.00,3271.0,67.21,16,16.48,4573,0.72,4821,49,4,0.00,0.00,0.0,20.00,20.00,40.0,0.00,118141.00,84.6
465,0.00,1268.00,1268.0,79.47,9.00,2139.00,2148.0,67.22,19,16.48,4573,0.72,4812,49,4,2.00,0.00,2.0,12.00,12.00,24.0,0.00,110621.00,85.0
466,0.00,736.00,736.0,66.84,8.00,2492.00,2500.0,67.26,8,16.48,4573,0.72,4818,49,4,8.00,0.00,8.0,0.00,0.00,0.0,0.00,146418.00,84.8
467,0.00,568.00,568.0,75.47,16.00,2806.00,2822.0,67.29,10,15.96,4573,0.72,4814,49,4,14.00,0.00,14.0,0.00,0.00,0.0,0.00,136522.00,85.0
468,8.00,1076.00,1084.0,76.59,9.00,2721.00,2730.0,67.32,7,15.96,4573,0.72,4822,49,4,10.00,0.00,10.0,0.00,0.00,0.0,1.00,90072.00,85.1
469,0.00,174212.00,174212.0,28.57,36.00,1305.00,1341.0,67.3,0,15.96,4573,0.72,4826,49,4,16.00,0.00,16.0,20.00,20.00,40.0,0.00,67142.00,57.8
470,0.00,96.00,96.0,32.62,36.00,2218.00,2254.0,67.31,11,15.96,4573,0.72,4811,49,4,12.00,0.00,12.0,20.00,20.00,40.0,0.00,155478.00,69.4
471,0.00,1040.00,1040.0,61.39,33.00,2212.00,2245.0,67.34,10,15.96,4573,0.72,4804,49,4,22.00,4.00,26.0,10.00,8.00,18.0,0.00,203278.00,84.0
472,0.00,124.00,124.0,61.76,8.00,2154.00,2162.0,67.37,10,16.36,4573,0.72,4811,49,4,0.00,0.00,0.0,4.00,4.00,8.0,0.00,221805.00,83.9
473,8.00,1812.00,1820.0,64.16,30.00,2742.00,2772.0,67.41,23,16.36,4573,0.72,4795,49,4,2.00,0.00,2.0,32.00,32.00,64.0,1.00,216799.00,84.0
474,0.00,1656.00,1656.0,77.67,27.00,3170.00,3197.0,67.4,30,16.36,4573,0.72,4802,49,5,0.00,2.00,2.0,25.00,25.00,50.0,0.00,188331.00,84.5
475,0.00,49544.00,49544.0,80.12,13.00,2851.00,2864.0,67.43,21,16.36,4573,0.72,4804,50,5,0.00,2.00,2.0,12.00,12.00,24.0,0.00,179224.00,84.9
476,0.00,1064.00,1064.0,77.35,4.00,2130.00,2134.0,67.46,28,16.36,4573,0.72,4811,50,5,0.00,0.00,0.0,4.00,4.00,8.0,3.00,184800.00,85.3
477,0.00,624.00,624.0,74.91,0.00,2425.00,2425.0,67.52,11,16.09,4573,0.72,4809,50,5,0.00,0.00,0.0,0.00,0.00,0.0,0.00,186206.00,85.5
478,0.00,220.00,220.0,73.21,2.00,1925.00,1927.0,67.53,7,16.09,4573,0.72,4818,49,4,0.00,1.00,1.0,0.00,0.00,0.0,1.00,167281.00,85.6
479,0.00,752.00,752.0,50.39,8.00,2276.00,2284.0,67.57,15,16.09,4573,0.72,4820,49,4,0.00,0.00,0.0,8.00,8.00,16.0,0.00,160933.00,77.3
480,0.00,41216.00,41216.0,76.06,8.00,2629.00,2637.0,67.59,11,16.09,4573,0.72,4814,49,4,0.00,0.00,0.0,8.00,8.00,16.0,0.00,136950.00,85.7
481,0.00,540.00,540.0,50.06,8.00,2902.00,2910.0,67.62,3,16.09,4573,0.72,4816,49,4,0.00,0.00,0.0,8.00,8.00,16.0,0.00,96185.00,76.2
482,0.00,156.00,156.0,12.01,2.00,563.00,565.0,67.62,0,15.29,4573,0.72,4826,50,4,0.00,3.00,3.0,0.00,0.00,0.0,0.00,19186.00,43.1
483,0.00,144.00,144.0,4.7,1.00,480.00,481.0,67.62,0,15.29,4573,0.72,4819,50,4,0.00,1.00,1.0,0.00,0.00,0.0,1.00,10246.00,42.5
484,0.00,36.00,36.0,6.92,4.00,617.00,621.0,67.62,0,15.29,4573,0.72,4816,50,4,0.00,0.00,0.0,4.00,4.00,8.0,0.00,20733.00,42.2
485,0.00,13784.00,13784.0,30.14,16.00,2197.00,2213.0,67.63,8,15.29,4573,0.72,4806,50,4,0.00,0.00,0.0,12.00,12.00,24.0,0.00,123877.00,64.1
486,0.00,528.00,528.0,54.2,25.00,2791.00,2816.0,67.65,8,15.29,4573,0.72,4799,49,4,0.00,0.00,0.0,28.00,28.00,56.0,0.00,193907.00,78.1
487,0.00,412.00,412.0,70.6,3.96,2342.57,2346.53,67.65,11,17.18,4573,0.72,4814,49,4,0.00,0.00,0.0,3.96,3.96,7.92,0.00,199735.00,86.6
488,0.00,700.99,700.99,79.75,2.00,2583.00,2585.0,67.69,2,17.18,4574,0.72,4806,49,4,2.00,0.00,2.0,0.00,0.00,0.0,2.00,123707.00,86.6
489,0.00,584.00,584.0,80.35,31.00,2844.00,2875.0,67.7,34,17.18,4573,0.72,4804,49,4,0.00,3.00,3.0,28.00,28.00,56.0,0.00,119969.00,86.7
490,0.00,17500.00,17500.0,82.89,29.00,3192.00,3221.0,67.77,30,17.18,4573,0.72,4802,49,4,0.00,1.00,1.0,28.00,28.00,56.0,0.00,121125.00,86.8
491,0.00,1376.00,1376.0,76.04,19.00,3524.00,3543.0,67.83,40,17.18,4573,0.72,4804,49,4,0.00,2.00,2.0,16.00,16.00,32.0,0.00,129384.00,86.8
492,0.00,784.00,784.0,75.38,6.00,2791.00,2797.0,67.88,28,19.89,4573,0.72,4798,49,4,1.00,2.00,3.0,4.00,4.00,8.0,0.00,147923.00,86.8
493,0.00,612.00,612.0,59.25,2.00,2885.00,2887.0,67.92,9,19.89,4573,0.72,4804,49,4,0.00,2.00,2.0,0.00,0.00,0.0,1.00,161076.00,80.6
494,0.00,640.00,640.0,57.78,15.00,4020.00,4035.0,67.97,6,19.89,4573,0.72,4805,49,4,8.00,2.00,10.0,4.00,4.00,8.0,0.00,140054.00,80.6
495,0.00,10184.00,10184.0,25.61,5.00,1140.00,1145.0,67.96,0,19.89,4573,0.72,4818,49,4,4.00,1.00,5.0,0.00,0.00,0.0,0.00,53556.00,54.9
496,0.00,92.00,92.0,3.96,22.00,607.00,629.0,67.96,0,19.89,4573,0.72,4810,49,4,8.00,2.00,10.0,12.00,12.00,24.0,0.00,10888.00,38.2
497,0.00,24.00,24.0,8.79,17.00,1248.00,1265.0,67.97,1,20.14,4573,0.72,4800,49,4,12.00,2.00,14.0,0.00,0.00,0.0,0.00,46017.00,43.5
498,0.00,404.00,404.0,53.44,34.00,2289.00,2323.0,67.99,14,20.14,4573,0.72,4801,49,5,14.00,2.00,16.0,16.00,16.00,32.0,1.00,155044.00,77.1
499,0.00,128.00,128.0,58.79,34.00,2597.00,2631.0,68.02,13,20.14,4573,0.72,4783,49,4,12.00,2.00,14.0,22.00,22.00,44.0,0.00,176564.36,77.3
500,12.00,152500.00,152512.0,71.87,27.00,2689.00,2716.0,68.03,34,20.14,4573,0.72,4803,48,5,18.00,0.00,18.0,10.00,10.00,20.0,0.00,186916.00,87.3
501,0.00,676.00,676.0,80.2,20.00,2517.00,2537.0,68.07,22,20.14,4573,0.72,4810,48,6,0.00,0.00,0.0,20.00,20.00,40.0,0.00,125225.00,87.3
502,0.00,688.00,688.0,72.14,20.00,3732.00,3752.0,68.09,21,20.05,4573,0.72,4795,48,4,0.00,0.00,0.0,20.00,20.00,40.0,0.00,164631.00,87.2
503,0.00,976.00,976.0,75.69,16.00,2559.00,2575.0,68.13,27,20.05,4573,0.72,4804,48,4,0.00,0.00,0.0,16.00,16.00,32.0,1.00,206521.00,87.1
504,0.00,712.00,712.0,73.6,8.00,2495.00,2503.0,68.17,37,20.05,4573,0.72,4809,48,4,0.00,0.00,0.0,8.00,8.00,16.0,0.00,206778.00,87.1
505,0.00,59056.00,59056.0,71.72,4.00,2883.00,2887.0,68.21,14,20.05,4573,0.72,4804,48,4,1.98,0.00,1.98,0.00,0.00,0.0,0.00,181061.00,87.1
506,8.00,1160.00,1168.0,74.78,16.00,2440.00,2456.0,68.25,5,20.05,4573,0.72,4811,48,4,4.00,0.00,4.0,12.00,12.00,24.0,0.00,139413.00,87.0
507,4.00,1148.00,1152.0,76.99,10.00,2779.00,2789.0,68.28,12,19.81,4573,0.72,4799,48,4,12.00,0.00,12.0,0.00,0.00,0.0,0.00,131031.00,87.1
508,0.00,1032.00,1032.0,79.8,23.00,2748.00,2771.0,68.28,8,19.81,4573,0.72,4806,49,5,14.00,3.00,17.0,1.00,1.00,2.0,1.00,89686.00,87.1
509,0.00,132.00,132.0,65.34,24.00,1199.00,1223.0,68.3,2,19.81,4573,0.72,4800,49,5,12.00,2.00,14.0,12.00,12.00,24.0,0.00,63559.00,79.4
510,0.00,388.00,388.0,20.82,30.00,918.00,948.0,68.31,3,19.81,4573,0.72,4800,49,5,0.00,2.00,2.0,26.00,26.00,52.0,0.00,97868.00,53.7
511,0.00,21788.00,21788.0,23.54,9.00,539.00,548.0,68.32,5,19.81,4573,0.72,4792,49,5,0.00,1.00,1.0,10.00,10.00,20.0,0.00,146362.00,60.4
512,0.00,96.00,96.0,18.94,21.00,839.00,860.0,68.3,1,18.22,4573,0.72,4801,49,4,0.00,0.00,0.0,24.00,24.00,48.0,0.00,75526.00,53.9
513,0.00,1304.00,1304.0,19.87,50.00,1967.00,2017.0,68.26,0,18.22,4573,0.72,4795,49,5,20.00,0.00,20.0,24.00,24.00,48.0,1.00,79292.00,53.9
514,0.00,376.00,376.0,28.89,31.00,2010.00,2041.0,68.28,1,18.22,4573,0.72,4796,49,4,10.00,3.00,13.0,16.00,16.00,32.0,0.00,113769.00,64.2
515,4.00,428.00,432.0,30.43,13.00,1869.00,1882.0,68.29,15,18.22,4573,0.72,4799,49,4,16.00,2.00,18.0,0.00,0.00,0.0,0.00,144972.00,64.1
516,0.00,16428.00,16428.0,46.33,30.00,2277.00,2307.0,68.32,8,18.22,4573,0.72,4797,49,4,18.00,0.00,18.0,12.00,12.00,24.0,0.00,204015.00,74.4
517,0.00,576.00,576.0,68.39,11.00,2962.00,2973.0,68.33,16,18.12,4573,0.72,4786,49,4,12.00,0.00,12.0,0.00,0.00,0.0,0.00,187056.00,85.7
518,0.00,812.00,812.0,82.35,6.00,3202.00,3208.0,68.34,25,18.12,4573,0.72,4784,49,4,0.00,2.00,2.0,0.00,0.00,0.0,1.00,114153.00,85.9
519,0.00,1184.00,1184.0,80.5,13.00,2519.00,2532.0,68.4,33,18.12,4573,0.72,4784,49,4,4.00,1.00,5.0,8.00,8.00,16.0,0.00,143391.09,86.1
520,0.00,3228.00,3228.0,75.35,38.00,3262.00,3300.0,68.45,31,18.12,4573,0.72,4799,49,4,2.00,2.00,4.0,28.00,28.00,56.0,0.00,188038.00,86.3
521,0.00,35744.00,35744.0,79.4,12.00,1746.00,1758.0,68.48,24,18.12,4573,0.72,4802,49,4,2.00,2.00,4.0,8.00,8.00,16.0,0.00,160825.00,86.5
522,0.00,132.00,132.0,79.35,24.00,2097.00,2121.0,68.49,25,18.35,4573,0.72,4802,49,4,4.00,0.00,4.0,20.00,20.00,40.0,0.00,173344.00,86.6
523,0.00,1144.00,1144.0,71.32,32.67,2741.58,2774.25,68.5,17,18.35,4573,0.72,4786,49,4,6.00,0.00,6.0,32.00,32.00,64.0,1.00,157873.00,86.5
524,12.00,724.00,736.0,60.45,25.00,3117.00,3142.0,68.49,7,18.35,4573,0.72,4778,49,4,10.00,1.00,11.0,16.00,16.00,32.0,0.00,163883.00,79.1
525,0.00,1736.00,1736.0,54.65,20.00,3851.00,3871.0,68.5,18,18.35,4573,0.72,4782,49,4,18.00,2.00,20.0,0.00,0.00,0.0,0.00,144221.00,79.4
526,8.00,13164.00,13172.0,66.04,26.00,2329.00,2355.0,68.54,5,18.35,4573,0.72,4784,48,4,13.00,2.00,15.0,8.00,8.00,16.0,0.00,125931.00,79.8
527,0.00,252.00,252.0,39.36,18.00,1963.00,1981.0,68.57,9,16.96,4573,0.72,4789,48,4,18.00,0.00,18.0,0.00,0.00,0.0,0.00,201731.00,71.4
528,4.00,976.00,980.0,44.26,24.00,2028.00,2052.0,68.59,5,16.96,4573,0.72,4781,48,4,22.00,0.00,22.0,0.00,0.00,0.0,1.00,198879.00,71.6
529,0.00,1188.00,1188.0,57.91,28.00,2567.00,2595.0,68.63,14,16.96,4573,0.72,4773,48,4,20.00,0.00,20.0,8.00,8.00,16.0,0.00,187349.00,82.6
530,0.00,484.00,484.0,67.56,48.00,3619.00,3667.0,68.63,6,16.96,4573,0.72,4771,48,5,16.00,0.00,16.0,28.00,28.00,56.0,0.00,194417.00,82.9
531,4.00,90140.00,90144.0,69.71,16.00,3191.00,3207.0,68.69,30,16.96,4573,0.72,4774,48,4,8.00,0.00,8.0,8.00,8.00,16.0,0.00,191262.00,83.4
532,0.00,51440.00,51440.0,73.62,18.00,2618.00,2636.0,68.71,6,17.93,4573,0.72,4782,48,4,6.00,0.00,6.0,20.00,20.00,40.0,0.00,195387.00,83.9
533,0.00,1960.00,1960.0,70.44,34.00,2455.00,2489.0,68.74,26,17.93,4573,0.72,4784,48,4,8.00,0.00,8.0,12.00,12.00,24.0,1.00,206190.00,84.3
534,0.00,328.00,328.0,78.13,28.00,1567.00,1595.0,68.78,17,17.93,4573,0.72,4800,48,5,8.00,0.00,8.0,32.00,32.00,64.0,0.00,184458.00,84.7
535,0.00,668.00,668.0,77.94,12.00,2212.00,2224.0,68.82,24,17.93,4573,0.72,4790,48,4,10.00,0.00,10.0,4.00,4.00,8.0,0.00,176658.00,85.0
536,8.00,1056.00,1064.0,80.76,11.88,2749.50,2761.38,68.88,22,17.93,4573,0.72,4784,48,4,0.00,0.00,0.0,12.00,12.00,24.0,3.00,160307.00,85.4
537,4.00,64600.00,64604.0,62.78,0.00,2016.00,2016.0,68.91,18,18.09,4573,0.72,4783,48,4,0.00,0.00,0.0,0.00,0.00,0.0,0.00,138092.00,84.9
538,0.00,812.00,812.0,70.85,4.00,3975.00,3979.0,68.9,15,18.09,4573,0.72,4781,48,4,0.00,0.00,0.0,0.00,0.00,0.0,1.00,173741.00,85.2
539,0.00,620.00,620.0,77.61,4.00,2200.00,2204.0,68.93,6,18.09,4573,0.72,4782,48,4,0.00,0.00,0.0,8.00,8.00,16.0,0.00,168416.00,85.5
540,0.00,552.00,552.0,54.25,32.00,2075.00,2107.0,68.94,6,18.09,4573,0.72,4783,48,4,0.00,0.00,0.0,24.00,24.00,48.0,0.00,161186.00,84.8
541,0.00,128.00,128.0,56.69,12.00,1967.00,1979.0,68.99,2,18.09,4573,0.72,4770,48,4,0.00,0.00,0.0,12.00,12.00,24.0,0.00,180440.00,79.0
542,16.00,22900.00,22916.0,30.81,15.00,2105.00,2120.0,68.98,2,16.8,4573,0.72,4763,49,5,0.00,3.00,3.0,21.00,21.00,42.0,0.00,136131.00,66.2
543,0.00,876.00,876.0,49.06,25.00,2374.00,2399.0,69.0,7,16.8,4573,0.72,4748,49,5,0.00,1.00,1.0,12.00,12.00,24.0,1.00,116978.00,77.9
544,0.00,332.00,332.0,51.91,18.00,1593.00,1611.0,69.02,3,16.8,4573,0.72,4762,49,5,0.00,2.00,2.0,26.00,26.00,52.0,0.00,157526.00,77.8
545,0.00,720.00,720.0,31.81,10.00,1191.00,1201.0,68.98,7,16.8,4573,0.72,4761,49,5,0.00,2.00,2.0,10.00,10.00,20.0,0.00,145948.00,66.7
546,0.00,1020.00,1020.0,36.94,14.00,1086.00,1100.0,68.99,2,16.8,4573,0.72,4770,49,4,0.00,2.00,2.0,12.00,12.00,24.0,0.00,98934.00,66.3
547,0.00,36868.00,36868.0,23.85,18.00,1654.00,1672.0,69.01,0,15.78,4573,0.72,4770,49,4,14.00,2.00,16.0,0.00,0.00,0.0,0.00,84295.00,58.4
548,0.00,548.00,548.0,47.72,15.00,2372.00,2387.0,69.04,8,15.78,4573,0.72,4768,49,4,8.00,1.00,9.0,0.00,0.00,0.0,1.00,109454.00,77.3
549,0.00,452.00,452.0,44.3,31.00,2481.00,2512.0,69.05,20,15.78,4573,0.72,4775,49,4,23.76,1.98,25.740000000000002,8.00,8.00,16.0,0.00,138818.00,76.8
550,0.00,108.00,108.0,58.3,48.00,2480.00,2528.0,69.08,4,15.78,4573,0.72,4788,49,4,18.00,2.00,20.0,20.00,20.00,40.0,0.00,197933.00,76.9
551,0.00,940.00,940.0,61.78,25.00,2607.00,2632.0,69.12,11,15.78,4573,0.72,4801,49,4,16.00,1.00,17.0,16.00,16.00,32.0,0.00,203205.00,84.0
552,0.00,652.00,652.0,78.32,24.00,3052.00,3076.0,69.17,14,16.92,4573,0.72,4791,49,4,5.00,3.00,8.0,18.00,18.00,36.0,0.00,137974.00,84.3
553,0.00,35956.00,35956.0,74.69,20.00,3075.00,3095.0,69.19,19,16.92,4573,0.72,4791,49,4,2.00,2.00,4.0,10.00,10.00,20.0,0.00,190441.00,84.7
554,0.00,824.00,824.0,77.57,26.00,3194.00,3220.0,69.19,27,16.92,4573,0.72,4805,49,4,4.00,2.00,6.0,20.00,20.00,40.0,1.00,130683.00,85.0
555,0.00,876.00,876.0,74.21,18.00,4410.00,4428.0,69.28,2,16.92,4573,0.72,4795,48,4,4.00,0.00,4.0,20.00,20.00,40.0,0.00,148793.00,85.2
556,0.00,596.00,596.0,71.0,16.00,2430.00,2446.0,69.32,25,16.92,4570,0.72,4792,48,4,4.00,0.00,4.0,12.00,12.00,24.0,0.00,184711.00,85.4
557,0.00,612.00,612.0,75.5,4.00,2906.00,2910.0,69.32,18,17.0,4570,0.72,4800,48,4,4.00,0.00,4.0,0.00,0.00,0.0,0.00,166954.00,85.6
558,0.00,24704.00,24704.0,45.24,18.00,2483.00,2501.0,69.35,10,17.0,4570,0.72,4797,48,4,18.00,0.00,18.0,0.00,0.00,0.0,0.00,108519.00,73.6
559,0.00,776.00,776.0,44.36,24.00,2285.00,2309.0,69.37,13,17.0,4570,0.72,4795,48,4,14.00,0.00,14.0,7.92,7.92,15.84,1.00,126789.00,73.5
560,0.00,352.00,352.0,29.27,42.00,1498.00,1540.0,69.35,3,17.0,4570,0.72,4800,48,4,20.00,0.00,20.0,8.00,8.00,16.0,0.00,133424.00,63.2
561,0.00,84.00,84.0,19.57,26.00,1569.00,1595.0,69.37,0,17.0,4570,0.72,4786,48,4,18.00,0.00,18.0,24.00,24.00,48.0,0.00,88862.00,52.7
562,0.00,116.00,116.0,52.47,36.00,2720.00,2756.0,69.36,15,16.44,4570,0.72,4783,48,4,16.00,0.00,16.0,16.00,16.00,32.0,0.00,179769.00,79.0
563,4.00,139072.00,139076.0,69.66,24.00,3104.00,3128.0,69.39,36,16.44,4570,0.72,4780,48,4,4.00,0.00,4.0,16.00,16.00,32.0,0.00,186932.00,87.0
564,0.00,467.33,467.33,72.56,16.00,2557.00,2573.0,69.42,27,16.44,4570,0.72,4795,48,4,0.00,0.00,0.0,20.00,20.00,40.0,1.00,204501.00,87.1
565,0.00,1272.00,1272.0,73.24,22.00,2678.00,2700.0,69.43,11,16.44,4570,0.72,4795,48,4,4.00,0.00,4.0,16.00,16.00,32.0,0.00,155880.00,87.1
566,0.00,700.00,700.0,74.55,14.00,2957.00,2971.0,69.48,33,16.44,4570,0.72,4797,48,4,4.00,0.00,4.0,16.00,16.00,32.0,0.00,146901.00,87.2
567,0.00,716.00,716.0,78.68,2.00,2929.00,2931.0,69.47,17,17.21,4570,0.72,4794,48,4,2.00,0.00,2.0,0.00,0.00,0.0,0.00,135161.39,87.2
568,4.00,72436.00,72440.0,80.3,4.00,3186.00,3190.0,69.52,20,17.21,4570,0.72,4798,48,4,4.00,0.00,4.0,0.00,0.00,0.0,0.00,126442.00,87.3
569,0.00,624.00,624.0,79.05,10.00,3541.00,3551.0,69.59,17,17.21,4571,0.72,4788,48,4,2.00,0.00,2.0,8.00,8.00,16.0,2.00,154625.00,87.5
570,0.00,1452.00,1452.0,78.02,11.00,3383.00,3394.0,69.61,24,17.21,4571,0.72,4786,48,4,3.00,0.00,3.0,0.00,0.00,0.0,0.00,163661.00,87.5
571,0.00,416.00,416.0,56.69,21.00,3162.00,3183.0,69.65,9,17.21,4571,0.72,4804,48,4,4.00,0.00,4.0,24.00,24.00,48.0,0.00,148002.00,80.9
572,0.00,364.00,364.0,35.82,30.00,1249.00,1279.0,69.67,6,16.39,4571,0.72,4800,48,4,16.00,0.00,16.0,12.00,12.00,24.0,0.00,109039.00,64.4
573,0.00,1384.00,1384.0,23.49,30.00,1382.00,1412.0,69.65,0,16.39,4571,0.72,4780,48,4,16.00,0.00,16.0,8.00,8.00,16.0,0.00,118880.00,63.8
574,0.00,5760.00,5760.0,32.49,36.00,2105.00,2141.0,69.69,8,16.39,4571,0.72,4778,48,4,4.00,0.00,4.0,32.00,32.00,64.0,1.00,107961.00,69.1
575,4.00,476.00,480.0,42.87,33.00,1785.00,1818.0,69.73,3,16.39,4571,0.72,4773,48,4,16.00,0.00,16.0,24.00,24.00,48.0,0.00,113117.00,69.2
576,4.00,92.00,96.0,56.72,36.00,2881.00,2917.0,69.76,15,16.39,4571,0.72,4759,48,4,22.00,0.00,22.0,12.00,12.00,24.0,0.00,182888.00,83.8
577,0.00,676.00,676.0,73.74,10.00,3299.00,3309.0,69.8,9,17.08,4571,0.72,4784,49,5,8.00,4.00,12.0,1.00,1.00,2.0,0.00,213081.00,84.1
578,0.00,764.36,764.36,73.4,2.97,3121.78,3124.75,69.81,34,17.08,4571,0.72,4783,49,5,0.00,2.00,2.0,0.00,0.00,0.0,0.00,148270.00,84.5
579,0.00,37016.00,37016.0,75.06,10.00,1824.00,1834.0,69.8,27,17.08,4571,0.72,4797,49,5,0.00,2.00,2.0,8.00,8.00,16.0,1.00,139461.00,85.0
580,0.00,1888.00,1888.0,74.18,10.00,2289.00,2299.0,69.85,22,17.08,4571,0.72,4782,49,5,0.00,2.00,2.0,0.00,0.00,0.0,0.00,143347.00,85.2
581,0.00,2816.00,2816.0,61.99,11.00,3187.00,3198.0,69.91,19,17.08,4571,0.72,4777,49,4,0.00,2.00,2.0,16.00,16.00,32.0,0.00,168099.00,84.6
582,0.00,1056.00,1056.0,74.06,15.00,4070.00,4085.0,69.92,13,17.15,4571,0.72,4781,49,4,8.00,2.00,10.0,4.00,4.00,8.0,0.00,161582.00,85.1
583,0.00,736.00,736.0,71.65,18.00,3860.00,3878.0,69.97,16,17.15,4571,0.72,4788,49,4,4.00,0.00,4.0,4.00,4.00,8.0,0.00,120429.00,85.1
584,0.00,44916.00,44916.0,58.95,23.00,1433.00,1456.0,70.0,8,17.15,4571,0.72,4809,49,4,10.00,0.00,10.0,16.00,16.00,32.0,1.00,89899.00,84.7
585,0.00,324.00,324.0,23.21,32.00,1270.00,1302.0,70.01,4,17.15,4571,0.72,4793,49,4,18.00,0.00,18.0,20.00,20.00,40.0,0.00,79641.00,54.8
586,0.00,612.00,612.0,27.93,20.00,1406.00,1426.0,70.02,3,17.15,4571,0.72,4788,49,4,8.00,0.00,8.0,12.00,12.00,24.0,0.00,147718.00,60.9
587,0.00,292.00,292.0,34.38,22.00,1919.00,1941.0,70.04,4,15.94,4571,0.72,4782,49,4,6.00,0.00,6.0,12.00,12.00,24.0,0.00,150136.00,61.4
588,0.00,972.00,972.0,42.67,32.00,2855.00,2887.0,70.08,16,15.94,4571,0.72,4777,49,4,8.00,0.00,8.0,28.00,28.00,56.0,0.00,187005.00,73.6
589,0.00,19232.00,19232.0,63.17,23.00,3718.00,3741.0,70.11,6,15.94,4571,0.72,4781,49,4,8.00,3.00,11.0,12.00,12.00,24.0,1.00,208035.00,85.7
590,0.00,620.00,620.0,70.28,8.00,2940.00,2948.0,70.1,30,15.94,4571,0.72,4820,49,4,0.00,0.00,0.0,0.00,0.00,0.0,0.00,212371.00,85.7
591,0.00,852.00,852.0,79.87,10.00,2889.00,2899.0,70.11,18,15.94,4571,0.72,4822,49,4,2.00,0.00,2.0,16.00,16.00,32.0,0.00,124482.00,85.9
592,0.00,636.00,636.0,79.32,10.00,1719.00,1729.0,70.15,34,16.75,4571,0.72,4835,49,4,4.00,2.00,6.0,4.00,4.00,8.0,0.00,122259.00,86.0
593,0.00,852.00,852.0,78.78,11.00,2064.00,2075.0,70.21,10,16.75,4571,0.72,4821,49,4,0.00,1.00,1.0,4.00,4.00,8.0,0.00,136932.00,86.0
594,4.00,105180.00,105184.0,71.25,18.00,3252.00,3270.0,70.21,25,16.75,4571,0.72,4826,49,4,2.00,2.00,4.0,12.00,12.00,24.0,1.00,178715.00,86.2
595,4.00,70096.00,70100.0,64.75,5.00,3266.00,3271.0,70.25,22,16.75,4571,0.72,4816,49,4,4.00,1.00,5.0,8.00,8.00,16.0,0.00,140027.00,85.8
596,0.00,948.00,948.0,81.41,24.00,3770.00,3794.0,70.26,27,16.75,4571,0.72,4816,49,4,0.00,0.00,0.0,24.00,24.00,48.0,3.00,139593.00,86.3
597,0.00,720.00,720.0,81.98,4.00,2641.00,2645.0,70.3,13,17.57,4571,0.72,4825,49,4,0.00,0.00,0.0,4.00,4.00,8.0,0.00,129219.00,86.5
598,0.00,412.00,412.0,67.3,8.00,1366.00,1374.0,70.37,1,17.57,4571,0.72,4831,49,4,0.00,0.00,0.0,8.00,8.00,16.0,0.00,146683.00,81.4
