0,,,,,,,,,,,,,,,,,,,,,,,,34.7
1,0.00,28.00,28.0,1.53,0.00,0.00,0.0,61.54,3,0.78,4142,0.57,3891,49,4,0.00,0.00,0.0,0.00,0.00,0.0,0.00,4872.00,34.7
2,0.00,52.00,52.0,2.03,0.00,0.00,0.0,61.54,2,0.78,4142,0.57,3891,49,4,0.00,0.00,0.0,0.00,0.00,0.0,0.00,5199.00,34.7
3,0.00,412.00,412.0,1.65,1.00,1.00,2.0,61.54,2,0.78,4142,0.57,3891,49,4,0.00,0.00,0.0,0.00,0.00,0.0,0.00,5045.00,34.6
4,0.00,400.00,400.0,1.77,5.00,13.00,18.0,61.54,3,0.88,4142,0.57,3891,49,4,0.00,0.00,0.0,4.00,4.00,8.0,1.00,5583.00,34.7
5,0.00,72.00,72.0,2.41,2.00,2.00,4.0,61.54,2,0.88,4142,0.57,3892,50,4,0.00,3.00,3.0,0.00,0.00,0.0,3.00,4980.00,34.7
6,0.00,20.00,20.0,1.77,2.00,2.00,4.0,61.54,6,0.88,4142,0.57,3892,50,4,0.00,2.00,2.0,0.00,0.00,0.0,0.00,4986.00,34.6
7,0.00,100.00,100.0,2.14,3.00,3.00,6.0,61.55,2,0.88,4142,0.57,3892,50,4,0.00,2.00,2.0,0.00,0.00,0.0,0.00,4892.00,34.6
8,0.00,0.00,0.0,1.65,3.00,3.00,6.0,61.55,5,0.88,4142,0.57,3892,50,4,0.00,2.00,2.0,0.00,0.00,0.0,0.00,5272.00,34.7
9,228.00,412.00,640.0,21.98,2.00,13.00,15.0,61.63,6,1.13,4142,0.57,3893,49,4,0.00,1.00,1.0,0.00,0.00,0.0,0.99,6980.20,56.5
10,924.00,156.00,1080.0,71.92,3.00,227.00,230.0,61.76,13,1.13,4192,0.57,3996,49,4,0.00,2.00,2.0,0.00,0.00,0.0,50.00,44372.00,82.9
11,340.00,4.00,344.0,79.28,0.00,248.00,248.0,61.88,18,1.13,4233,0.57,4063,49,4,0.00,0.00,0.0,0.00,0.00,0.0,41.00,46905.00,83.0
12,356.44,356.44,712.88,70.69,0.00,463.37,463.37,61.94,21,1.13,4261,0.57,4089,49,4,0.00,0.00,0.0,0.00,0.00,0.0,28.00,59743.00,83.1
13,428.00,208.00,636.0,72.06,2.00,425.00,427.0,62.03,31,1.13,4290,0.57,4139,48,4,0.00,1.00,1.0,0.00,0.00,0.0,29.00,56397.00,82.9
14,780.00,728.00,1508.0,71.23,5.00,645.00,650.0,62.14,17,1.68,4325,0.57,4179,48,4,1.00,1.00,2.0,4.00,4.00,8.0,36.00,53328.00,83.0
15,0.00,9044.00,9044.0,11.18,0.00,68.00,68.0,62.15,3,1.68,4325,0.57,4179,48,4,0.00,0.00,0.0,0.00,0.00,0.0,0.00,10633.00,39.6
16,0.00,956.00,956.0,2.65,0.00,0.00,0.0,62.14,4,1.68,4325,0.57,4179,48,4,0.00,0.00,0.0,0.00,0.00,0.0,0.00,5401.00,39.1
17,632.00,1072.00,1704.0,32.92,0.00,13.00,13.0,62.21,10,1.68,4325,0.57,4187,48,4,0.00,0.00,0.0,0.00,0.00,0.0,1.00,10065.00,66.2
18,540.00,1016.00,1556.0,51.62,2.00,32.00,34.0,62.32,12,1.68,4325,0.57,4192,48,4,2.00,1.00,3.0,0.00,0.00,0.0,0.00,13267.00,77.4
19,364.00,1128.00,1492.0,85.79,0.00,427.00,427.0,62.4,29,3.71,4335,0.57,4226,48,4,0.00,0.00,0.0,0.00,0.00,0.0,10.89,38649.50,87.9
20,232.00,4048.00,4280.0,91.74,0.00,524.00,524.0,62.46,39,3.71,4339,0.57,4230,48,4,0.00,0.00,0.0,0.00,0.00,0.0,5.00,48360.00,88.0
21,164.00,456.00,620.0,91.75,0.00,564.00,564.0,62.54,28,3.71,4357,0.57,4266,48,4,0.00,0.00,0.0,0.00,0.00,0.0,18.00,48455.00,87.9
22,24.00,244.00,268.0,89.8,0.00,54.00,54.0,62.67,14,3.71,4386,0.57,4349,48,4,0.00,0.00,0.0,0.00,0.00,0.0,29.00,51253.00,87.8
23,28.00,24.00,52.0,88.08,0.00,0.00,0.0,62.77,27,3.71,4400,0.57,4377,48,4,0.00,0.00,0.0,0.00,0.00,0.0,14.00,60359.00,87.6
24,200.00,384.00,584.0,88.35,1.00,324.00,325.0,62.84,7,5.41,4410,0.57,4334,48,4,0.00,0.00,0.0,0.00,0.00,0.0,11.00,75557.00,87.5
25,404.00,292.00,696.0,83.86,0.00,200.00,200.0,62.9,13,5.41,4437,0.57,4405,48,4,0.00,0.00,0.0,0.00,0.00,0.0,26.73,35952.48,87.6
26,160.00,172.00,332.0,91.52,0.00,219.00,219.0,62.96,37,5.41,4444,0.57,4432,48,4,0.00,0.00,0.0,0.00,0.00,0.0,10.00,32508.00,87.6
27,136.00,464.00,600.0,94.47,0.00,566.00,566.0,62.98,17,5.41,4458,0.57,4410,48,4,0.00,0.00,0.0,0.00,0.00,0.0,15.00,39946.00,87.7
28,292.00,404.00,696.0,81.65,0.00,271.00,271.0,63.05,15,5.41,4505,0.57,4453,48,4,0.00,0.00,0.0,0.00,0.00,0.0,47.00,53145.00,87.7
29,224.00,140.00,364.0,90.88,0.00,762.00,762.0,63.08,20,6.9,4505,0.57,4489,48,4,0.00,0.00,0.0,0.00,0.00,0.0,2.00,47258.00,87.9
30,200.00,556.00,756.0,92.41,0.00,817.00,817.0,63.15,23,6.9,4526,0.57,4534,48,4,0.00,0.00,0.0,0.00,0.00,0.0,24.00,35950.00,87.8
31,208.00,776.00,984.0,64.89,0.00,131.00,131.0,63.26,0,6.9,4552,0.57,4569,48,4,0.00,0.00,0.0,0.00,0.00,0.0,24.00,35276.00,77.8
32,0.00,1072.00,1072.0,2.64,0.00,0.00,0.0,63.27,1,6.9,4550,0.57,4547,48,4,0.00,0.00,0.0,0.00,0.00,0.0,0.00,5796.00,36.4
33,20.00,1092.00,1112.0,13.96,1.00,64.00,65.0,63.28,3,6.9,4549,0.57,4531,48,4,0.00,0.00,0.0,0.00,0.00,0.0,0.00,10842.00,49.9
34,716.00,1088.00,1804.0,56.95,4.00,36.00,40.0,63.36,13,6.91,4550,0.57,4536,48,4,0.00,0.00,0.0,4.00,4.00,8.0,2.00,11717.00,80.6
35,576.00,1288.00,1864.0,32.83,0.00,251.00,251.0,63.43,30,6.91,4550,0.57,4533,48,4,0.00,0.00,0.0,0.00,0.00,0.0,1.00,25652.00,65.1
36,412.00,616.00,1028.0,90.23,1.00,1042.00,1043.0,63.48,22,6.91,4552,0.57,4569,48,4,0.00,0.00,0.0,0.00,0.00,0.0,2.00,56425.00,87.0
37,16.00,100.00,116.0,89.96,0.00,892.00,892.0,63.55,26,6.91,4551,0.57,4600,48,4,0.00,0.00,0.0,0.00,0.00,0.0,0.00,57879.00,86.9
38,8.00,188.00,196.0,91.72,0.00,621.00,621.0,63.63,39,6.91,4562,0.57,4609,48,4,0.00,0.00,0.0,0.00,0.00,0.0,12.00,42392.00,86.8
39,400.00,808.00,1208.0,91.84,0.00,651.00,651.0,63.63,47,8.04,4568,0.57,4655,48,4,0.00,0.00,0.0,0.00,0.00,0.0,7.00,54133.00,86.8
40,308.00,700.00,1008.0,93.87,1.00,461.00,462.0,63.69,19,8.04,4580,0.57,4675,48,4,0.00,0.00,0.0,0.00,0.00,0.0,12.00,38127.00,87.0
41,552.00,512.00,1064.0,74.22,2.00,314.00,316.0,63.73,1,8.04,4589,0.57,4682,49,5,0.00,2.00,2.0,1.00,1.00,2.0,10.00,24286.00,77.3
42,0.00,48.00,48.0,1.65,0.00,0.00,0.0,63.73,1,8.04,4589,0.57,4682,49,5,0.00,0.00,0.0,0.00,0.00,0.0,0.00,4635.00,34.3
43,0.00,28.00,28.0,1.91,0.00,0.00,0.0,63.73,1,8.04,4589,0.57,4682,49,5,0.00,0.00,0.0,0.00,0.00,0.0,0.00,5040.00,34.4
44,0.00,136.00,136.0,2.91,2.00,42.00,44.0,63.74,1,7.4,4588,0.57,4676,49,5,0.00,1.00,1.0,0.00,0.00,0.0,1.00,5619.00,34.4
45,0.00,352.00,352.0,3.29,1.00,76.00,77.0,63.73,5,7.4,4588,0.57,4694,49,4,0.00,1.00,1.0,0.00,0.00,0.0,0.00,6081.00,35.0
46,0.00,15816.00,15816.0,12.72,1.00,329.00,330.0,63.74,3,7.4,4587,0.57,4688,49,4,0.00,1.00,1.0,0.00,0.00,0.0,0.00,7616.00,40.5
47,8.00,932.00,940.0,2.78,2.00,153.00,155.0,63.74,1,7.4,4586,0.57,4688,49,4,0.00,2.00,2.0,0.00,0.00,0.0,0.00,5600.00,39.9
48,0.00,0.00,0.0,15.47,12.00,312.00,324.0,63.74,0,7.4,4586,0.57,4688,49,4,10.00,2.00,12.0,0.00,0.00,0.0,0.00,10468.00,48.3
49,0.00,88.00,88.0,12.39,32.00,505.00,537.0,63.73,2,6.88,4585,0.57,4678,49,4,30.00,2.00,32.0,0.00,0.00,0.0,1.00,12251.00,47.6
50,0.00,380.00,380.0,4.15,1.00,231.00,232.0,63.73,1,6.88,4585,0.57,4678,49,4,0.00,1.00,1.0,0.00,0.00,0.0,0.00,5454.00,36.1
51,0.00,6152.00,6152.0,6.2,16.00,332.00,348.0,63.74,1,6.88,4585,0.57,4677,49,4,15.00,2.00,17.0,0.00,0.00,0.0,0.00,8337.00,36.4
52,0.00,48.00,48.0,10.43,28.00,514.00,542.0,63.74,0,6.88,4585,0.57,4678,49,4,28.00,2.00,30.0,0.00,0.00,0.0,0.00,7412.00,42.5
53,0.00,28.00,28.0,3.03,0.00,206.00,206.0,63.74,1,6.88,4585,0.57,4678,49,4,0.00,0.00,0.0,0.00,0.00,0.0,0.00,5280.00,35.8
54,0.00,140.00,140.0,9.64,20.00,380.00,400.0,63.75,3,6.33,4585,0.57,4683,49,5,18.00,0.00,18.0,2.00,2.00,4.0,1.00,9983.00,42.0
55,0.00,440.00,440.0,10.21,25.00,441.00,466.0,63.76,1,6.33,4585,0.57,4678,49,4,22.00,0.00,22.0,2.00,2.00,4.0,0.00,7722.00,42.5
56,4.00,3888.00,3892.0,3.94,0.00,248.00,248.0,63.76,0,6.33,4585,0.57,4678,49,4,0.00,0.00,0.0,0.00,0.00,0.0,0.00,7384.00,41.9
57,112.00,332.00,444.0,64.77,24.00,1338.00,1362.0,63.81,17,6.33,4587,0.57,4685,49,4,24.00,0.00,24.0,0.00,0.00,0.0,2.00,59146.00,80.3
58,160.00,1272.00,1432.0,86.4,17.00,1729.00,1746.0,63.87,27,6.33,4587,0.57,4707,49,4,16.00,0.00,16.0,0.00,0.00,0.0,0.00,86081.00,87.2
59,476.00,112.00,588.0,89.97,1.00,1220.00,1221.0,63.94,24,7.91,4589,0.57,4744,49,4,0.00,1.00,1.0,0.00,0.00,0.0,6.00,65173.00,87.1
60,308.00,240.00,548.0,89.2,1.00,444.00,445.0,64.02,30,7.91,4600,0.57,4785,49,4,0.00,1.00,1.0,0.00,0.00,0.0,10.00,44456.00,87.1
61,336.00,4220.00,4556.0,89.48,6.00,135.00,141.0,64.07,26,7.91,4612,0.57,4817,50,4,6.00,5.00,11.0,0.00,0.00,0.0,11.00,40417.00,87.1
62,256.00,48.00,304.0,92.72,0.00,799.00,799.0,64.12,20,7.91,4616,0.57,4812,50,4,0.00,0.00,0.0,0.00,0.00,0.0,5.00,46106.00,87.3
63,212.00,28.00,240.0,90.06,5.00,605.00,610.0,64.24,8,7.91,4634,0.57,4826,50,4,2.00,2.00,4.0,0.00,0.00,0.0,17.00,37859.00,87.4
64,232.00,916.00,1148.0,81.73,2.00,6.00,8.0,64.33,44,9.12,4662,0.57,4934,50,4,2.00,3.00,5.0,0.00,0.00,0.0,29.00,60875.00,87.7
65,0.00,72.00,72.0,88.0,2.00,2.00,4.0,64.37,38,9.12,4665,0.57,4932,50,4,2.00,1.00,3.0,0.00,0.00,0.0,6.00,93964.00,87.5
66,0.00,4024.00,4024.0,92.5,4.00,358.00,362.0,64.42,18,9.12,4664,0.57,4879,49,4,3.00,3.00,6.0,0.00,0.00,0.0,1.00,52828.00,87.7
67,0.00,76.00,76.0,90.88,0.00,222.00,222.0,64.44,49,9.12,4663,0.57,4921,49,4,0.00,0.00,0.0,0.00,0.00,0.0,1.00,74556.00,87.9
68,0.00,0.00,0.0,89.86,0.00,134.00,134.0,64.48,29,9.12,4676,0.57,4889,49,4,0.00,0.00,0.0,0.00,0.00,0.0,13.00,74642.00,87.9
69,0.00,728.00,728.0,92.0,1.00,439.00,440.0,64.61,13,10.47,4676,0.57,4832,49,4,0.00,0.00,0.0,0.00,0.00,0.0,3.00,57923.00,87.8
70,168.00,144.00,312.0,87.33,2.00,1011.00,1013.0,64.69,7,10.47,4688,0.57,4831,49,4,0.00,3.00,3.0,0.00,0.00,0.0,13.00,47063.00,88.0
71,4.00,28.00,32.0,88.32,0.00,1273.00,1273.0,64.7,31,10.47,4701,0.57,4861,49,4,0.00,0.00,0.0,0.00,0.00,0.0,12.87,64709.90,88.0
72,0.00,824.00,824.0,90.75,0.00,1383.00,1383.0,64.72,14,10.47,4703,0.57,4853,49,4,0.00,0.00,0.0,0.00,0.00,0.0,2.00,63433.00,88.0
73,0.00,28.00,28.0,86.95,1.00,428.00,429.0,64.75,39,10.47,4705,0.57,4874,49,4,0.00,1.00,1.0,0.00,0.00,0.0,3.00,95602.00,87.8
74,284.00,1564.00,1848.0,90.11,2.00,289.00,291.0,64.78,25,13.07,4703,0.57,4874,49,4,0.00,2.00,2.0,0.00,0.00,0.0,1.00,86552.00,87.7
75,20.00,72.00,92.0,91.45,5.00,438.00,443.0,64.85,30,13.07,4713,0.57,4971,49,4,0.00,1.00,1.0,4.00,4.00,8.0,11.00,61897.00,87.6
76,0.00,24.00,24.0,85.39,0.00,0.00,0.0,64.88,50,13.07,4714,0.57,4917,49,4,0.00,0.00,0.0,0.00,0.00,0.0,1.00,114587.00,87.4
77,0.00,15904.00,15904.0,88.22,0.00,18.00,18.0,64.89,44,13.07,4715,0.57,4918,49,4,0.00,0.00,0.0,0.00,0.00,0.0,2.00,110507.00,87.2
78,0.00,0.00,0.0,87.98,2.00,74.00,76.0,64.91,38,13.07,4720,0.57,4926,49,4,0.00,2.00,2.0,0.00,0.00,0.0,5.00,100872.00,87.0
79,0.00,412.00,412.0,86.11,1.00,73.00,74.0,64.94,41,14.35,4720,0.57,4969,48,4,0.00,0.00,0.0,0.00,0.00,0.0,1.00,131217.00,86.9
80,0.00,48.00,48.0,83.0,0.00,130.00,130.0,64.98,40,14.35,4720,0.57,4953,48,4,0.00,0.00,0.0,0.00,0.00,0.0,0.00,127551.00,86.7
81,12.00,28.00,40.0,89.0,0.00,518.00,518.0,65.03,28,14.35,4719,0.57,4868,48,4,0.00,0.00,0.0,0.00,0.00,0.0,1.00,96953.00,86.5
82,0.00,640.00,640.0,88.71,0.00,824.00,824.0,65.06,27,14.35,4720,0.57,4880,48,4,0.00,0.00,0.0,0.00,0.00,0.0,1.00,73202.00,86.5
83,0.00,28.00,28.0,85.73,0.00,485.00,485.0,65.09,46,14.35,4722,0.57,4890,48,4,0.00,0.00,0.0,0.00,0.00,0.0,2.00,113600.00,86.5
84,0.00,160.00,160.0,92.71,0.00,602.00,602.0,65.1,25,14.8,4722,0.57,4900,48,4,0.00,0.00,0.0,0.00,0.00,0.0,1.00,57644.00,86.8
85,0.00,700.00,700.0,91.39,4.00,764.00,768.0,65.13,39,14.8,4723,0.57,4915,48,4,0.00,0.00,0.0,4.00,4.00,8.0,1.00,62110.00,87.0
86,0.00,212.00,212.0,90.12,0.00,927.00,927.0,65.13,46,14.8,4722,0.57,4899,48,4,0.00,0.00,0.0,0.00,0.00,0.0,2.00,63676.00,87.0
87,0.00,8084.00,8084.0,91.14,0.00,800.00,800.0,65.14,52,14.8,4701,0.57,4911,48,4,0.00,0.00,0.0,0.00,0.00,0.0,1.00,63856.00,87.1
88,0.00,476.00,476.0,90.99,0.00,592.00,592.0,65.16,47,14.8,4701,0.57,4897,48,4,0.00,0.00,0.0,0.00,0.00,0.0,1.00,67806.00,87.0
89,0.00,1036.00,1036.0,92.24,1.00,694.00,695.0,65.2,62,18.02,4701,0.57,4885,48,4,0.00,0.00,0.0,0.00,0.00,0.0,2.00,58440.00,86.9
90,0.00,576.00,576.0,92.01,0.00,804.00,804.0,65.23,80,18.02,4702,0.57,4893,48,4,0.00,0.00,0.0,0.00,0.00,0.0,1.00,67898.00,86.8
91,0.00,628.00,628.0,93.12,0.00,466.00,466.0,65.28,76,18.02,4702,0.57,4914,48,4,0.00,0.00,0.0,0.00,0.00,0.0,0.00,57569.00,86.6
92,0.00,4240.00,4240.0,92.62,1.00,468.00,469.0,65.27,91,18.02,4702,0.57,4913,48,4,0.00,0.00,0.0,0.00,0.00,0.0,1.00,65702.00,86.5
93,0.00,376.24,376.24,91.12,0.00,688.00,688.0,65.29,93,18.02,4701,0.57,4867,48,4,0.00,0.00,0.0,0.00,0.00,0.0,1.00,64289.00,86.5
94,0.00,472.00,472.0,92.62,3.00,801.00,804.0,65.35,77,23.22,4702,0.57,4852,49,5,0.00,3.00,3.0,1.00,1.00,2.0,1.00,56753.00,86.4
95,0.00,544.00,544.0,93.12,0.00,940.00,940.0,65.37,78,23.22,4701,0.57,4847,49,5,0.00,0.00,0.0,0.00,0.00,0.0,0.00,57533.00,86.6
96,0.00,272.00,272.0,91.25,1.00,1060.00,1061.0,65.39,61,23.22,4700,0.57,4834,49,5,0.00,0.00,0.0,0.00,0.00,0.0,0.00,65066.00,86.5
97,0.00,42508.00,42508.0,92.88,2.00,995.00,997.0,65.45,58,23.22,4701,0.57,4838,49,5,0.00,2.00,2.0,0.00,0.00,0.0,1.00,51342.00,86.7
98,0.00,348.00,348.0,93.38,0.00,899.00,899.0,65.49,51,23.22,4701,0.57,4843,49,4,0.00,0.00,0.0,0.00,0.00,0.0,0.00,46208.00,86.8
99,0.00,780.00,780.0,94.38,1.00,858.00,859.0,65.53,35,25.37,4700,0.57,4849,49,4,0.00,0.00,0.0,0.00,0.00,0.0,1.00,46521.00,86.9
100,0.00,677.23,677.23,93.42,2.00,677.00,679.0,65.53,15,25.37,4699,0.57,4858,49,4,0.00,2.00,2.0,0.00,0.00,0.0,1.00,38259.00,87.2
101,0.00,272.00,272.0,25.76,16.00,457.00,473.0,65.53,1,25.37,4698,0.57,4850,49,4,16.00,0.00,16.0,0.00,0.00,0.0,0.00,9310.00,52.1
102,0.00,3908.00,3908.0,5.43,4.00,252.00,256.0,65.53,1,25.37,4696,0.57,4840,49,4,4.00,0.00,4.0,0.00,0.00,0.0,0.00,6129.00,39.1
103,0.00,0.00,0.0,6.64,18.00,523.00,541.0,65.52,2,25.37,4695,0.57,4827,49,4,14.00,3.00,17.0,0.00,0.00,0.0,0.00,10903.00,39.1
104,0.00,132.00,132.0,6.85,23.00,409.00,432.0,65.52,1,23.34,4694,0.57,4826,49,4,22.00,1.00,23.0,0.00,0.00,0.0,1.00,7882.00,39.0
105,0.00,456.00,456.0,3.54,10.00,279.00,289.0,65.5,1,23.34,4693,0.57,4824,49,4,4.00,2.00,6.0,4.00,4.00,8.0,0.00,6262.00,38.7
106,0.00,24.00,24.0,6.09,22.00,402.00,424.0,65.5,1,23.34,4693,0.57,4824,49,4,22.00,0.00,22.0,0.00,0.00,0.0,0.00,9077.00,38.9
107,0.00,3436.00,3436.0,4.08,14.00,337.00,351.0,65.5,1,23.34,4693,0.57,4824,49,4,14.00,0.00,14.0,0.00,0.00,0.0,0.00,7241.00,38.7
108,0.00,0.00,0.0,3.44,6.00,246.00,252.0,65.5,1,23.34,4693,0.57,4824,49,4,4.00,2.00,6.0,0.00,0.00,0.0,0.00,5545.00,38.4
109,0.00,104.00,104.0,24.53,25.00,910.00,935.0,65.51,13,21.71,4694,0.57,4822,49,4,24.00,0.00,24.0,0.00,0.00,0.0,3.00,34516.00,56.3
110,0.00,808.00,808.0,85.32,14.00,1439.00,1453.0,65.54,28,21.71,4698,0.57,4825,49,4,14.00,0.00,14.0,0.00,0.00,0.0,5.00,76884.00,87.0
111,0.00,208.00,208.0,90.1,3.00,911.00,914.0,65.57,50,21.71,4701,0.57,4837,49,4,2.00,1.00,3.0,0.00,0.00,0.0,2.00,87150.00,86.9
112,0.00,60.00,60.0,88.62,19.00,1055.00,1074.0,65.61,64,21.71,4701,0.57,4835,49,4,18.00,1.00,19.0,0.00,0.00,0.0,0.00,92297.00,86.8
113,0.00,17448.00,17448.0,91.11,0.00,886.00,886.0,65.64,65,21.71,4701,0.57,4837,49,4,0.00,0.00,0.0,0.00,0.00,0.0,0.00,82136.00,86.8
114,0.00,140.00,140.0,89.64,0.00,998.00,998.0,65.67,67,24.53,4701,0.57,4829,49,4,0.00,0.00,0.0,0.00,0.00,0.0,1.00,87130.00,86.7
115,0.00,64.00,64.0,90.38,6.00,942.00,948.0,65.69,63,24.53,4702,0.57,4836,49,4,0.00,2.00,2.0,4.00,4.00,8.0,4.00,88553.00,86.6
116,0.00,440.00,440.0,88.88,1.00,1070.00,1071.0,65.71,59,24.53,4702,0.57,4845,49,4,0.00,0.00,0.0,0.00,0.00,0.0,0.00,94287.00,86.5
117,0.00,728.00,728.0,88.88,1.00,800.00,801.0,65.75,69,24.53,4702,0.57,4864,49,4,1.00,1.00,2.0,0.00,0.00,0.0,0.00,92586.00,86.5
118,0.00,20296.00,20296.0,88.38,1.00,695.00,696.0,65.77,51,24.53,4702,0.57,4890,49,4,0.00,1.00,1.0,0.00,0.00,0.0,0.00,98833.00,86.4
119,0.00,108.00,108.0,88.12,0.00,345.00,345.0,65.8,45,26.65,4702,0.57,4910,49,4,0.00,0.00,0.0,0.00,0.00,0.0,2.00,113295.00,86.4
120,0.00,264.00,264.0,88.01,0.00,367.00,367.0,65.82,42,26.65,4701,0.57,4885,49,4,0.00,0.00,0.0,0.00,0.00,0.0,0.00,118053.00,86.4
121,0.00,44.00,44.0,89.1,1.00,463.00,464.0,65.84,28,26.65,4702,0.57,4883,49,4,0.00,1.00,1.0,0.00,0.00,0.0,1.00,91052.00,86.6
122,0.00,52.00,52.0,86.52,2.00,710.00,712.0,65.87,48,26.65,4703,0.57,4885,49,4,1.00,1.00,2.0,0.00,0.00,0.0,1.00,111786.00,86.6
123,0.00,7380.00,7380.0,87.25,3.00,723.00,726.0,65.9,52,26.65,4705,0.57,4881,50,4,2.00,2.00,4.0,0.00,0.00,0.0,2.00,98911.00,86.7
124,0.00,984.00,984.0,88.24,4.00,596.00,600.0,65.91,52,28.2,4707,0.57,4898,50,4,4.00,3.00,7.0,0.00,0.00,0.0,3.00,106015.00,86.7
125,0.00,136.00,136.0,88.76,6.00,464.00,470.0,65.93,52,28.2,4706,0.57,4901,50,4,2.00,2.00,4.0,4.00,4.00,8.0,3.00,98691.00,86.9
126,0.00,44.00,44.0,89.39,2.00,444.00,446.0,65.96,72,28.2,4706,0.57,4876,50,4,0.00,0.00,0.0,0.00,0.00,0.0,1.00,88321.00,86.9
127,0.00,108.00,108.0,87.48,4.00,618.00,622.0,66.02,70,28.2,4705,0.57,4876,50,4,4.00,4.00,8.0,0.00,0.00,0.0,1.00,101121.00,86.8
128,0.00,14332.00,14332.0,90.88,2.00,478.00,480.0,66.06,37,28.2,4706,0.57,4898,50,4,0.00,2.00,2.0,0.00,0.00,0.0,0.00,76946.00,86.8
129,0.00,668.00,668.0,89.5,6.00,479.00,485.0,66.12,71,30.27,4707,0.57,4891,48,4,3.00,4.00,7.0,0.00,0.00,0.0,4.00,88509.00,86.7
130,0.00,284.00,284.0,87.61,1.00,514.00,515.0,66.15,71,30.27,4708,0.57,4891,49,5,0.00,1.00,1.0,1.00,1.00,2.0,3.00,96754.00,86.7
131,0.00,56.00,56.0,87.64,0.00,457.00,457.0,66.16,50,30.27,4707,0.57,4901,49,5,0.00,0.00,0.0,0.00,0.00,0.0,0.00,93732.00,86.5
132,0.00,732.00,732.0,89.88,0.00,552.00,552.0,66.14,65,30.27,4707,0.57,4856,49,5,0.00,0.00,0.0,0.00,0.00,0.0,0.00,84447.00,86.5
133,0.00,496.00,496.0,89.0,1.00,783.00,784.0,66.1,80,30.27,4706,0.57,4858,49,5,0.00,1.00,1.0,0.00,0.00,0.0,0.00,87209.00,86.5
134,0.00,1600.00,1600.0,91.99,1.00,646.00,647.0,66.11,59,32.81,4706,0.57,4864,49,4,0.00,1.00,1.0,0.00,0.00,0.0,2.00,68220.00,86.4
135,0.00,728.00,728.0,89.5,2.00,680.00,682.0,66.14,48,32.81,4706,0.57,4854,49,4,0.00,2.00,2.0,0.00,0.00,0.0,2.00,77096.00,86.5
136,0.00,304.00,304.0,90.0,2.00,834.00,836.0,66.2,68,32.81,4706,0.57,4858,49,4,0.00,2.00,2.0,0.00,0.00,0.0,0.00,79396.00,86.5
137,0.00,144.00,144.0,87.89,6.00,1029.00,1035.0,66.22,46,32.81,4706,0.57,4861,49,4,4.00,2.00,6.0,0.00,0.00,0.0,0.00,90118.00,86.3
138,0.00,1188.00,1188.0,90.11,0.00,1289.00,1289.0,66.27,46,32.81,4706,0.57,4856,49,4,0.00,0.00,0.0,0.00,0.00,0.0,0.00,78060.00,86.3
139,0.00,468.00,468.0,91.01,2.00,1109.00,1111.0,66.28,42,33.39,4705,0.57,4862,49,4,2.00,0.00,2.0,0.00,0.00,0.0,2.00,83834.00,86.3
140,0.00,484.00,484.0,89.5,8.00,1074.00,1082.0,66.3,42,33.39,4704,0.57,4861,49,4,6.00,2.00,8.0,0.00,0.00,0.0,1.00,88487.00,86.4
141,0.00,92.00,92.0,90.99,7.00,1059.00,1066.0,66.27,47,33.39,4703,0.57,4857,49,4,6.00,1.00,7.0,0.00,0.00,0.0,2.00,78851.00,86.4
142,0.00,1088.00,1088.0,92.38,3.00,1173.00,1176.0,66.25,35,33.39,4704,0.57,4860,49,4,2.00,1.00,3.0,0.00,0.00,0.0,0.00,60326.00,86.4
143,0.00,26040.00,26040.0,94.0,12.00,1101.00,1113.0,66.27,30,33.39,4704,0.57,4864,49,4,10.00,2.00,12.0,0.00,0.00,0.0,0.00,48833.00,86.5
144,0.00,580.00,580.0,93.51,8.00,795.00,803.0,66.37,13,31.67,4704,0.57,4875,49,4,8.00,0.00,8.0,0.00,0.00,0.0,1.00,39253.00,86.6
145,0.00,372.00,372.0,36.87,12.00,541.00,553.0,66.36,0,31.67,4705,0.57,4871,49,4,6.00,0.00,6.0,4.00,4.00,8.0,1.00,19805.00,60.1
146,0.00,168.00,168.0,37.71,11.00,784.00,795.0,66.37,16,31.67,4710,0.57,4890,49,4,13.00,1.00,14.0,0.00,0.00,0.0,5.00,57840.00,60.6
147,0.00,532.00,532.0,55.75,18.00,773.00,791.0,66.34,1,31.67,4709,0.57,4873,49,4,18.00,0.00,18.0,0.00,0.00,0.0,0.00,45147.00,77.4
148,0.00,25660.00,25660.0,45.2,10.00,616.00,626.0,66.36,5,31.67,4711,0.57,4877,49,4,10.00,0.00,10.0,0.00,0.00,0.0,3.00,111820.00,77.1
149,0.00,696.00,696.0,41.37,10.00,1056.00,1066.0,66.3,10,29.78,4711,0.57,4870,49,4,10.00,0.00,10.0,0.00,0.00,0.0,4.00,66746.00,71.2
150,0.00,952.00,952.0,81.06,19.00,1531.00,1550.0,66.32,22,29.78,4710,0.57,4850,49,4,18.00,0.00,18.0,0.00,0.00,0.0,1.00,97535.00,85.8
151,0.00,808.00,808.0,88.12,8.00,1273.00,1281.0,66.35,29,29.78,4710,0.57,4854,49,4,8.00,0.00,8.0,0.00,0.00,0.0,1.00,95595.00,85.8
152,0.00,815.84,815.84,86.23,5.00,1066.00,1071.0,66.39,25,29.78,4710,0.57,4846,49,4,4.00,0.00,4.0,0.00,0.00,0.0,1.00,108605.00,85.9
153,0.00,9120.00,9120.0,86.72,12.00,1089.00,1101.0,66.51,39,29.78,4710,0.57,4849,49,4,12.00,1.00,13.0,0.00,0.00,0.0,1.00,109589.00,86.0
154,0.00,184.00,184.0,87.12,7.00,944.00,951.0,66.53,45,30.2,4709,0.57,4852,49,4,6.00,1.00,7.0,0.00,0.00,0.0,1.00,114037.00,86.0
155,0.00,120.00,120.0,85.88,14.00,1344.00,1358.0,66.54,43,30.2,4708,0.57,4845,49,4,8.00,1.00,9.0,4.00,4.00,8.0,0.00,118227.00,86.0
156,0.00,44.00,44.0,86.38,8.00,1225.00,1233.0,66.56,55,30.2,4707,0.57,4862,49,4,8.00,0.00,8.0,0.00,0.00,0.0,3.00,121957.00,86.0
157,0.00,724.00,724.0,85.98,4.00,1105.00,1109.0,66.55,43,30.2,4710,0.57,4854,49,4,4.00,0.00,4.0,0.00,0.00,0.0,3.00,120275.00,86.1
158,0.00,508.00,508.0,87.0,3.00,1255.00,1258.0,66.55,40,30.2,4709,0.57,4866,49,4,2.00,0.00,2.0,0.00,0.00,0.0,0.00,114169.31,86.0
159,0.00,30852.00,30852.0,87.12,0.00,974.00,974.0,66.57,54,31.7,4708,0.57,4865,49,4,0.00,0.00,0.0,0.00,0.00,0.0,1.00,110892.00,86.1
160,0.00,1204.00,1204.0,87.0,2.00,811.00,813.0,66.63,35,31.7,4708,0.57,4893,49,4,2.00,0.00,2.0,0.00,0.00,0.0,1.00,117768.00,86.1
161,0.00,940.00,940.0,84.59,2.00,735.00,737.0,66.67,41,31.7,4709,0.57,4873,49,4,2.00,0.00,2.0,0.00,0.00,0.0,4.00,121581.00,86.2
162,0.00,88.00,88.0,82.31,5.00,1326.00,1331.0,66.66,36,31.7,4710,0.57,4864,49,4,2.00,2.00,4.0,0.00,0.00,0.0,3.00,142681.00,86.2
163,0.00,400.00,400.0,87.14,2.00,1248.00,1250.0,66.69,47,31.7,4711,0.57,4867,49,4,2.00,0.00,2.0,0.00,0.00,0.0,1.00,125191.00,86.2
164,0.00,5088.00,5088.0,85.11,6.00,1143.00,1149.0,66.71,40,33.17,4711,0.57,4859,49,5,4.00,0.00,4.0,1.00,1.00,2.0,1.00,119935.00,86.1
165,0.00,848.00,848.0,84.0,4.00,831.00,835.0,66.71,57,33.17,4712,0.57,4869,49,5,4.00,0.00,4.0,0.00,0.00,0.0,1.00,122369.00,86.1
166,0.00,620.00,620.0,85.61,0.00,682.00,682.0,66.73,35,33.17,4710,0.57,4879,49,5,0.00,0.00,0.0,0.00,0.00,0.0,3.00,113813.00,86.1
167,0.00,1056.00,1056.0,86.39,0.00,1020.00,1020.0,66.75,40,33.17,4709,0.57,4876,49,5,0.00,0.00,0.0,0.00,0.00,0.0,2.00,131511.00,86.1
168,0.00,1840.00,1840.0,84.11,0.00,1417.00,1417.0,66.77,32,33.17,4709,0.57,4828,49,4,0.00,0.00,0.0,0.00,0.00,0.0,1.00,124746.00,86.2
169,0.00,1512.00,1512.0,85.12,2.00,1488.00,1490.0,66.77,32,33.31,4710,0.57,4854,49,4,0.00,2.00,2.0,0.00,0.00,0.0,2.00,131271.00,86.1
170,0.00,491.09,491.09,86.36,2.00,1256.00,1258.0,66.78,22,33.31,4708,0.57,4858,49,4,0.00,2.00,2.0,0.00,0.00,0.0,0.00,109022.00,86.1
171,0.00,544.00,544.0,83.98,11.00,1356.00,1367.0,66.8,17,33.31,4709,0.57,4850,48,4,10.00,0.00,10.0,0.00,0.00,0.0,2.00,125528.00,86.2
172,0.00,808.00,808.0,90.7,2.00,1530.00,1532.0,66.79,24,33.31,4709,0.57,4852,48,4,2.00,0.00,2.0,0.00,0.00,0.0,1.00,76480.00,86.2
173,0.00,104.00,104.0,85.64,6.00,1326.00,1332.0,66.8,15,33.31,4709,0.57,4852,48,4,6.00,0.00,6.0,0.00,0.00,0.0,1.00,73711.00,86.1
174,0.00,436.00,436.0,29.02,16.00,915.00,931.0,66.82,1,30.81,4710,0.57,4862,48,4,16.00,0.00,16.0,0.00,0.00,0.0,4.00,40367.00,58.1
175,0.00,84.00,84.0,11.27,10.00,549.00,559.0,66.82,1,30.81,4711,0.57,4872,48,4,6.00,0.00,6.0,4.00,4.00,8.0,0.00,35798.00,44.0
176,0.00,36.00,36.0,24.97,16.00,605.00,621.0,66.84,3,30.81,4711,0.57,4864,48,4,15.00,1.00,16.0,0.00,0.00,0.0,0.00,76886.00,59.8
177,0.00,900.00,900.0,24.81,20.00,907.00,927.0,66.85,4,30.81,4711,0.57,4859,48,4,20.00,0.00,20.0,0.00,0.00,0.0,2.00,63280.00,59.5
178,0.00,384.00,384.0,32.57,6.00,1084.00,1090.0,66.86,2,30.81,4711,0.57,4858,48,4,6.00,0.00,6.0,0.00,0.00,0.0,1.00,81186.00,59.9
179,0.00,56872.00,56872.0,60.76,14.00,730.00,744.0,66.92,6,28.9,4712,0.57,4859,48,4,14.00,0.00,14.0,0.00,0.00,0.0,2.00,102579.00,80.6
180,0.00,536.00,536.0,38.46,16.00,1306.00,1322.0,66.92,8,28.9,4712,0.57,4854,48,4,16.00,0.00,16.0,0.00,0.00,0.0,1.00,93303.00,67.3
181,0.00,340.00,340.0,76.6,5.00,1654.00,1659.0,66.92,27,28.9,4712,0.57,4849,48,4,4.00,0.00,4.0,0.00,0.00,0.0,2.00,113472.00,83.8
182,0.00,364.00,364.0,85.96,16.00,1688.00,1704.0,66.89,34,28.9,4711,0.57,4842,48,4,16.00,0.00,16.0,0.00,0.00,0.0,0.00,124054.00,84.0
183,0.00,252.00,252.0,84.05,8.00,1415.00,1423.0,66.91,16,28.9,4710,0.57,4837,48,4,6.00,0.00,6.0,0.00,0.00,0.0,1.00,130089.00,84.3
184,0.00,11220.00,11220.0,81.81,3.00,1109.00,1112.0,66.93,29,28.75,4709,0.57,4854,48,4,2.00,0.00,2.0,0.00,0.00,0.0,2.00,160531.00,84.6
185,0.00,720.00,720.0,84.48,16.00,1819.00,1835.0,66.97,38,28.75,4708,0.57,4860,48,4,12.00,0.00,12.0,4.00,4.00,8.0,5.00,97494.00,84.7
186,0.00,84.00,84.0,87.73,12.00,1783.00,1795.0,66.97,35,28.75,4712,0.57,4849,49,4,12.00,5.00,17.0,0.00,0.00,0.0,4.00,90845.00,84.9
187,0.00,872.00,872.0,89.11,5.00,1333.00,1338.0,66.98,52,28.75,4711,0.57,4891,49,4,4.00,2.00,6.0,0.00,0.00,0.0,1.00,73408.00,85.1
188,0.00,51.49,51.49,86.77,3.00,1416.00,1419.0,67.02,34,28.75,4714,0.57,4858,49,4,3.00,1.00,4.0,0.00,0.00,0.0,3.00,103799.00,85.3
189,0.00,39100.00,39100.0,85.27,5.00,1620.00,1625.0,67.1,39,29.25,4712,0.57,4840,49,4,5.00,3.00,8.0,0.00,0.00,0.0,1.00,122594.00,85.3
190,0.00,756.00,756.0,84.11,4.00,1428.00,1432.0,67.17,46,29.25,4713,0.57,4852,49,4,4.00,1.00,5.0,0.00,0.00,0.0,1.00,133305.00,85.3
191,0.00,420.00,420.0,83.96,9.00,1399.00,1408.0,67.18,35,29.25,4709,0.57,4863,48,4,9.00,3.00,12.0,0.00,0.00,0.0,3.00,141413.00,85.5
192,0.00,740.00,740.0,82.9,0.00,1214.00,1214.0,67.17,32,29.25,4710,0.57,4869,48,4,0.00,0.00,0.0,0.00,0.00,0.0,0.00,150618.81,85.5
193,0.00,816.00,816.0,82.79,2.00,1506.00,1508.0,67.2,20,29.25,4709,0.57,4837,48,4,2.00,0.00,2.0,0.00,0.00,0.0,1.00,142384.00,85.5
194,0.00,18608.00,18608.0,85.3,10.00,1574.00,1584.0,67.16,27,28.27,4712,0.57,4849,48,4,10.00,0.00,10.0,0.00,0.00,0.0,4.00,123968.00,85.6
195,0.00,2352.00,2352.0,80.63,8.00,1635.00,1643.0,67.18,30,28.27,4711,0.57,4845,48,4,2.00,0.00,2.0,4.00,4.00,8.0,0.00,139324.00,85.7
196,0.00,352.00,352.0,85.73,4.00,1648.00,1652.0,67.13,16,28.27,4709,0.57,4843,48,4,6.00,0.00,6.0,0.00,0.00,0.0,1.00,100633.00,85.8
197,0.00,408.00,408.0,86.27,12.00,1447.00,1459.0,67.14,24,28.27,4710,0.57,4847,48,4,12.00,0.00,12.0,0.00,0.00,0.0,2.00,105948.00,85.8
198,0.00,344.00,344.0,70.47,3.00,950.00,953.0,67.17,4,28.27,4710,0.57,4843,49,5,2.00,1.00,3.0,1.00,1.00,2.0,0.00,90756.00,78.7
199,8.00,440.00,448.0,18.29,14.00,690.00,704.0,67.15,13,26.16,4711,0.57,4841,49,5,13.86,0.00,13.86,0.00,0.00,0.0,4.00,56627.00,52.7
200,0.00,3136.00,3136.0,34.6,10.00,989.00,999.0,67.14,8,26.16,4712,0.57,4841,49,5,10.00,0.00,10.0,0.00,0.00,0.0,2.00,69064.00,63.5
201,0.00,52.00,52.0,15.99,5.00,386.00,391.0,67.13,1,26.16,4712,0.57,4842,49,5,4.00,1.00,5.0,0.00,0.00,0.0,0.00,40674.00,47.0
202,0.00,684.00,684.0,15.4,0.00,240.00,240.0,67.14,5,26.16,4711,0.57,4863,49,4,0.00,0.00,0.0,0.00,0.00,0.0,0.00,52383.00,47.4
203,0.00,44.00,44.0,20.38,0.00,575.00,575.0,67.14,2,26.16,4712,0.57,4867,49,4,0.00,0.00,0.0,0.00,0.00,0.0,1.00,30138.00,61.0
204,0.00,204.00,204.0,13.8,0.00,435.00,435.0,67.17,2,24.23,4711,0.57,4864,49,4,0.00,0.00,0.0,0.00,0.00,0.0,1.00,20401.00,49.5
205,0.00,644.00,644.0,6.89,20.00,651.00,671.0,67.18,3,24.23,4710,0.57,4856,49,4,20.00,0.00,20.0,0.00,0.00,0.0,0.00,23835.00,41.0
206,0.00,48.00,48.0,42.44,18.00,1222.00,1240.0,67.21,6,24.23,4710,0.57,4853,49,4,18.00,0.00,18.0,0.00,0.00,0.0,1.00,80583.00,67.9
207,0.00,768.00,768.0,57.36,0.00,1026.00,1026.0,67.32,13,24.23,4710,0.57,4850,49,4,0.00,0.00,0.0,0.00,0.00,0.0,2.00,118225.00,77.9
208,0.00,480.00,480.0,60.71,26.00,1457.00,1483.0,67.34,13,24.23,4710,0.57,4851,49,4,24.00,2.00,26.0,0.00,0.00,0.0,2.00,163474.00,78.1
209,0.00,1028.00,1028.0,75.06,9.90,1817.82,1827.72,67.35,31,23.73,4709,0.57,4831,49,4,8.00,2.00,10.0,0.00,0.00,0.0,2.00,143977.00,84.6
210,0.00,53412.00,53412.0,81.61,6.00,1703.00,1709.0,67.28,16,23.73,4712,0.57,4828,49,4,2.00,2.00,4.0,0.00,0.00,0.0,4.00,135682.00,84.8
211,0.00,1172.00,1172.0,80.48,20.00,2010.00,2030.0,67.3,27,23.73,4712,0.57,4849,49,4,18.00,2.00,20.0,0.00,0.00,0.0,1.00,152808.00,84.8
212,0.00,884.00,884.0,82.33,3.00,1346.00,1349.0,67.32,25,23.73,4711,0.57,4857,49,4,2.00,1.00,3.0,0.00,0.00,0.0,1.00,149849.00,85.0
213,0.00,320.00,320.0,80.18,4.00,1546.00,1550.0,67.35,12,23.73,4712,0.57,4854,49,4,2.00,2.00,4.0,0.00,0.00,0.0,2.00,156968.00,85.1
214,0.00,212.00,212.0,82.28,13.00,2231.00,2244.0,67.33,26,23.43,4712,0.57,4844,49,4,10.00,2.00,12.0,0.00,0.00,0.0,2.00,151810.00,85.1
215,0.00,17364.00,17364.0,79.97,13.00,1715.00,1728.0,67.33,38,23.43,4712,0.57,4862,49,4,8.00,1.00,9.0,4.00,4.00,8.0,2.00,173628.00,85.2
216,0.00,988.00,988.0,80.23,3.00,1716.00,1719.0,67.36,34,23.43,4712,0.57,4865,49,4,2.00,0.00,2.0,0.00,0.00,0.0,1.00,157439.00,85.3
217,0.00,412.00,412.0,83.14,3.00,1581.00,1584.0,67.39,21,23.43,4712,0.57,4858,49,4,2.00,1.00,3.0,0.00,0.00,0.0,1.00,148523.00,85.3
218,0.00,48.00,48.0,81.83,10.00,1461.00,1471.0,67.49,23,23.43,4712,0.57,4862,49,4,8.00,2.00,10.0,0.00,0.00,0.0,1.00,145948.00,85.4
219,0.00,1192.00,1192.0,80.28,4.00,1394.00,1398.0,67.5,25,23.08,4711,0.57,4848,49,4,2.00,2.00,4.0,0.00,0.00,0.0,1.00,157033.00,85.4
220,0.00,42880.00,42880.0,77.36,10.00,1832.00,1842.0,67.47,15,23.08,4710,0.57,4860,49,4,8.00,2.00,10.0,0.00,0.00,0.0,2.00,151902.00,85.5
221,0.00,904.00,904.0,64.25,8.00,1670.00,1678.0,67.46,6,23.08,4712,0.57,4847,49,4,8.00,0.00,8.0,0.00,0.00,0.0,1.00,101322.00,85.2
222,0.00,576.00,576.0,48.21,7.00,1871.00,1878.0,67.52,12,23.08,4712,0.57,4856,49,4,6.00,0.00,6.0,0.00,0.00,0.0,0.00,97082.00,72.1
223,0.00,204.00,204.0,29.09,14.00,1280.00,1294.0,67.49,2,23.08,4713,0.57,4867,48,4,12.00,1.00,13.0,0.00,0.00,0.0,1.98,73846.53,60.4
224,0.00,428.00,428.0,35.88,11.00,1254.00,1265.0,67.5,2,21.63,4713,0.57,4863,48,4,10.00,0.00,10.0,0.00,0.00,0.0,1.00,99338.00,66.3
225,4.00,26984.00,26988.0,38.99,14.00,1099.00,1113.0,67.49,8,21.63,4712,0.57,4867,48,4,10.00,0.00,10.0,4.00,4.00,8.0,0.00,155821.00,66.5
226,0.00,68.00,68.0,46.02,14.00,1077.00,1091.0,67.5,10,21.63,4713,0.57,4852,48,4,14.00,0.00,14.0,0.00,0.00,0.0,1.00,124234.00,73.8
227,0.00,196.00,196.0,56.31,10.00,1336.00,1346.0,67.55,3,21.63,4713,0.57,4847,48,4,8.00,0.00,8.0,0.00,0.00,0.0,0.00,81057.00,74.2
228,0.00,1672.00,1672.0,47.47,8.00,1747.00,1755.0,67.56,6,21.63,4713,0.57,4853,48,4,10.00,0.00,10.0,0.00,0.00,0.0,0.00,98870.00,74.2
229,0.00,160.00,160.0,44.97,14.00,1651.00,1665.0,67.62,10,20.54,4713,0.57,4851,48,4,14.00,0.00,14.0,0.00,0.00,0.0,1.00,139279.00,74.2
230,0.00,68.00,68.0,50.59,8.00,1175.00,1183.0,67.62,2,20.54,4712,0.57,4844,48,4,8.00,0.00,8.0,0.00,0.00,0.0,0.00,157370.00,74.2
231,0.00,6024.00,6024.0,43.21,10.00,1399.00,1409.0,67.63,1,20.54,4712,0.57,4844,48,4,10.00,0.00,10.0,0.00,0.00,0.0,0.00,163199.00,73.9
232,0.00,844.00,844.0,57.31,15.00,2031.00,2046.0,67.66,8,20.54,4713,0.57,4842,49,5,14.00,1.00,15.0,1.00,1.00,2.0,1.00,120257.00,74.4
233,0.00,568.00,568.0,59.39,6.00,2149.00,2155.0,67.67,15,20.54,4712,0.57,4847,49,5,4.00,2.00,6.0,0.00,0.00,0.0,0.00,159636.00,75.0
234,0.00,220.00,220.0,52.53,12.00,1936.00,1948.0,67.69,17,19.29,4712,0.57,4840,49,5,10.00,2.00,12.0,0.00,0.00,0.0,2.00,150148.00,75.1
235,0.00,467.33,467.33,72.52,12.00,1747.00,1759.0,67.72,16,19.29,4713,0.57,4831,49,5,10.00,2.00,12.0,0.00,0.00,0.0,1.00,180350.00,84.7
236,0.00,108.00,108.0,75.13,1.00,1708.00,1709.0,67.73,37,19.29,4714,0.57,4851,49,4,0.00,0.00,0.0,0.00,0.00,0.0,4.00,174187.00,84.7
237,0.00,1360.00,1360.0,74.36,0.00,1906.00,1906.0,67.75,15,19.29,4713,0.57,4856,49,4,0.00,0.00,0.0,0.00,0.00,0.0,1.00,167697.00,84.8
238,8.00,1140.00,1148.0,76.36,2.00,1667.00,1669.0,67.71,19,19.29,4714,0.57,4842,49,4,0.00,2.00,2.0,0.00,0.00,0.0,1.00,163932.00,84.9
239,0.00,240.00,240.0,53.36,10.00,1967.00,1977.0,67.7,7,18.31,4714,0.57,4848,49,4,8.00,2.00,10.0,0.00,0.00,0.0,1.00,117576.00,74.3
240,0.00,764.00,764.0,35.33,13.00,1868.00,1881.0,67.71,4,18.31,4714,0.57,4859,49,4,12.00,0.00,12.0,0.00,0.00,0.0,0.00,97762.00,65.1
241,0.00,59020.00,59020.0,18.17,2.00,814.00,816.0,67.71,0,18.31,4712,0.57,4858,49,4,2.00,0.00,2.0,0.00,0.00,0.0,0.00,32020.00,52.5
242,0.00,68.00,68.0,8.99,18.00,804.00,822.0,67.71,0,18.31,4712,0.57,4848,49,4,18.00,0.00,18.0,0.00,0.00,0.0,0.00,30938.00,42.0
243,0.00,48.00,48.0,39.92,16.00,1337.00,1353.0,67.73,5,18.31,4713,0.57,4846,49,4,12.00,3.00,15.0,0.00,0.00,0.0,1.00,113102.00,68.0
244,0.00,152.00,152.0,44.07,13.00,1104.00,1117.0,67.72,7,17.32,4713,0.57,4857,49,4,10.00,2.00,12.0,0.00,0.00,0.0,1.00,145657.00,68.4
245,0.00,940.00,940.0,28.21,17.00,964.00,981.0,67.73,1,17.32,4713,0.57,4847,49,4,12.00,1.00,13.0,4.00,4.00,8.0,3.00,131673.00,59.5
246,0.00,16208.00,16208.0,28.44,11.00,1254.00,1265.0,67.74,6,17.32,4713,0.57,4844,49,4,8.00,2.00,10.0,0.00,0.00,0.0,1.00,95740.00,59.6
247,0.00,700.00,700.0,27.55,13.00,1303.00,1316.0,67.78,2,17.32,4714,0.57,4851,49,4,12.00,1.00,13.0,0.00,0.00,0.0,1.00,49613.00,59.8
248,0.00,100.00,100.0,10.49,19.00,902.00,921.0,67.79,1,17.32,4713,0.57,4848,49,4,16.00,2.00,18.0,0.00,0.00,0.0,0.00,35993.00,44.3
249,0.00,748.00,748.0,41.55,9.00,1768.00,1777.0,67.8,7,15.93,4713,0.57,4864,49,4,8.00,1.00,9.0,0.00,0.00,0.0,1.00,128841.00,66.8
250,0.00,68.00,68.0,45.45,16.00,1722.00,1738.0,67.79,14,15.93,4713,0.57,4854,48,4,14.00,1.00,15.0,0.00,0.00,0.0,0.00,165945.00,67.1
251,0.00,55180.00,55180.0,68.18,10.00,1893.00,1903.0,67.78,11,15.93,4711,0.57,4833,48,4,10.00,0.00,10.0,0.00,0.00,0.0,0.00,195910.00,84.4
252,0.00,1044.00,1044.0,70.19,6.00,2293.00,2299.0,67.8,15,15.93,4712,0.57,4822,48,4,6.00,0.00,6.0,0.00,0.00,0.0,2.00,187603.00,84.3
253,0.00,108.00,108.0,80.77,10.00,2547.00,2557.0,67.82,28,15.93,4712,0.57,4829,48,4,10.00,0.00,10.0,0.00,0.00,0.0,3.00,169930.00,84.5
254,0.00,922.77,922.77,83.08,2.00,2154.00,2156.0,67.84,37,18.9,4713,0.57,4846,48,4,2.00,0.00,2.0,0.00,0.00,0.0,2.00,125937.00,84.7
255,0.00,1220.00,1220.0,81.44,4.00,1990.00,1994.0,67.87,23,18.9,4713,0.57,4834,48,4,0.00,0.00,0.0,4.00,4.00,8.0,1.00,123329.00,84.8
256,0.00,14088.00,14088.0,78.1,6.00,1535.00,1541.0,67.89,11,18.9,4713,0.57,4853,48,4,6.00,0.00,6.0,0.00,0.00,0.0,1.00,176728.00,85.1
257,0.00,212.00,212.0,70.83,2.00,1931.00,1933.0,67.91,11,18.9,4712,0.57,4827,48,4,2.00,0.00,2.0,0.00,0.00,0.0,1.00,157911.00,84.9
258,0.00,568.00,568.0,72.15,12.00,2006.00,2018.0,67.94,9,18.9,4713,0.57,4832,48,4,12.00,0.00,12.0,0.00,0.00,0.0,3.00,119680.00,84.7
259,0.00,844.00,844.0,47.91,8.00,2550.00,2558.0,67.96,9,17.79,4714,0.57,4834,48,4,8.00,0.00,8.0,0.00,0.00,0.0,1.00,109336.00,73.8
260,0.00,284.00,284.0,52.55,2.00,1420.00,1422.0,68.02,4,17.79,4714,0.57,4844,48,4,2.00,0.00,2.0,0.00,0.00,0.0,0.00,122154.00,74.2
261,0.00,14692.00,14692.0,36.29,16.00,1113.00,1129.0,68.04,2,17.79,4714,0.57,4841,48,4,16.00,0.00,16.0,0.00,0.00,0.0,0.00,175714.00,68.5
262,0.00,1284.00,1284.0,23.9,8.00,1046.00,1054.0,68.04,5,17.79,4714,0.57,4841,48,4,8.00,0.00,8.0,0.00,0.00,0.0,0.00,108352.00,58.1
263,0.00,600.00,600.0,23.65,10.00,1549.00,1559.0,68.05,1,17.79,4713,0.57,4843,48,4,10.00,0.00,10.0,0.00,0.00,0.0,1.00,80590.00,58.0
264,0.00,484.00,484.0,12.6,12.00,802.00,814.0,68.06,0,16.36,4713,0.57,4849,48,4,12.00,0.00,12.0,0.00,0.00,0.0,1.00,32004.00,46.1
265,0.00,356.00,356.0,4.07,13.00,292.00,305.0,68.04,0,16.36,4713,0.57,4849,48,4,12.00,0.00,12.0,0.00,0.00,0.0,0.00,7069.00,37.3
266,0.00,0.00,0.0,5.06,10.00,578.00,588.0,68.04,0,16.36,4713,0.57,4844,49,5,7.00,3.00,10.0,1.00,1.00,2.0,0.00,22370.00,37.3
267,0.00,648.00,648.0,32.31,16.00,1466.00,1482.0,68.05,7,16.36,4713,0.57,4834,49,5,14.00,2.00,16.0,0.00,0.00,0.0,0.00,110415.00,61.5
268,0.00,380.00,380.0,59.64,17.00,1533.00,1550.0,68.17,13,16.36,4712,0.57,4825,49,5,16.00,0.00,16.0,0.00,0.00,0.0,1.00,138815.00,78.5
269,0.00,536.00,536.0,72.81,6.00,1015.00,1021.0,68.21,17,15.93,4711,0.57,4821,49,5,6.00,0.00,6.0,0.00,0.00,0.0,2.00,164907.00,83.7
270,0.00,352.00,352.0,56.98,0.00,1273.00,1273.0,68.21,12,15.93,4712,0.57,4844,49,4,0.00,0.00,0.0,0.00,0.00,0.0,3.00,163354.00,78.4
271,0.00,1404.00,1404.0,67.51,3.00,1841.00,1844.0,68.2,10,15.93,4714,0.57,4838,49,5,0.00,0.00,0.0,2.00,2.00,4.0,1.00,131940.00,78.8
272,0.00,34040.00,34040.0,31.22,0.00,1684.00,1684.0,68.22,12,15.93,4714,0.57,4836,49,5,0.00,0.00,0.0,0.00,0.00,0.0,1.00,75674.00,61.8
273,0.00,272.00,272.0,16.29,8.00,1048.00,1056.0,68.21,1,15.93,4712,0.57,4837,49,5,8.00,0.00,8.0,0.00,0.00,0.0,0.00,56849.00,49.2
274,0.00,204.00,204.0,48.55,19.00,2313.00,2332.0,68.24,19,15.3,4713,0.57,4838,49,5,18.00,0.00,18.0,0.00,0.00,0.0,3.00,132331.00,75.0
275,0.00,112.00,112.0,64.72,12.00,2235.00,2247.0,68.26,2,15.3,4713,0.57,4836,50,5,6.00,3.00,9.0,4.00,4.00,8.0,1.00,156931.00,81.2
276,0.00,24.00,24.0,66.88,12.87,1205.94,1218.81,68.28,26,15.3,4712,0.57,4870,50,4,10.00,1.00,11.0,2.00,2.00,4.0,1.00,208318.00,81.4
277,0.00,48132.00,48132.0,64.11,7.00,1183.00,1190.0,68.31,11,15.3,4711,0.57,4844,50,4,6.00,0.00,6.0,0.00,0.00,0.0,0.00,172434.00,81.5
278,0.00,380.00,380.0,45.94,7.00,1724.00,1731.0,68.29,17,15.3,4712,0.57,4866,50,4,6.00,1.00,7.0,0.00,0.00,0.0,3.00,139395.00,71.7
279,0.00,900.00,900.0,67.94,15.00,3485.00,3500.0,68.32,6,14.31,4714,0.57,4860,49,4,14.00,0.00,14.0,0.00,0.00,0.0,2.00,134547.00,82.8
280,0.00,692.00,692.0,54.13,6.00,2217.00,2223.0,68.32,2,14.31,4714,0.57,4877,49,4,4.00,0.00,4.0,0.00,0.00,0.0,0.00,145202.00,82.2
281,0.00,1088.00,1088.0,34.43,4.00,1107.00,1111.0,68.34,11,14.31,4714,0.57,4871,49,4,6.00,0.00,6.0,0.00,0.00,0.0,0.00,155995.00,66.0
282,108.00,68376.00,68484.0,35.25,7.00,806.00,813.0,68.32,0,14.31,4714,0.57,4854,49,4,6.00,0.00,6.0,0.00,0.00,0.0,0.00,101014.00,65.6
283,0.00,80.00,80.0,30.27,24.00,1758.00,1782.0,68.3,0,14.31,4712,0.57,4835,51,4,22.00,4.00,26.0,0.00,0.00,0.0,0.00,102159.00,65.1
284,0.00,832.00,832.0,39.97,13.00,2225.00,2238.0,68.32,7,14.05,4712,0.57,4859,50,4,11.00,6.00,17.0,0.00,0.00,0.0,4.00,129907.00,65.5
285,0.00,612.00,612.0,48.05,8.00,1580.00,1588.0,68.33,9,14.05,4712,0.57,4840,50,4,4.00,0.00,4.0,4.00,4.00,8.0,0.00,118710.00,73.8
286,0.00,196.00,196.0,72.83,19.00,1352.00,1371.0,68.39,11,14.05,4711,0.57,4833,50,4,18.00,1.00,19.0,0.00,0.00,0.0,0.99,155895.05,84.6
287,0.00,372.00,372.0,66.71,4.00,1372.00,1376.0,68.46,10,14.05,4712,0.57,4843,50,4,4.00,0.00,4.0,0.00,0.00,0.0,0.00,171193.00,84.3
288,0.00,13044.00,13044.0,45.63,10.00,2034.00,2044.0,68.49,8,14.05,4714,0.57,4836,50,4,8.00,0.00,8.0,0.00,0.00,0.0,3.00,129096.00,71.4
289,4.00,1656.00,1660.0,63.57,13.00,1702.00,1715.0,68.51,1,13.16,4714,0.57,4830,49,4,14.00,0.00,14.0,0.00,0.00,0.0,2.00,98625.00,81.2
290,0.00,96.00,96.0,23.03,8.00,829.00,837.0,68.52,0,13.16,4714,0.57,4840,49,4,8.00,0.00,8.0,0.00,0.00,0.0,0.00,50262.00,58.0
291,0.00,696.00,696.0,11.38,7.00,1242.00,1249.0,68.46,0,13.16,4714,0.57,4837,50,4,4.00,2.00,6.0,0.00,0.00,0.0,0.00,62642.00,44.9
292,0.00,104.00,104.0,38.91,18.00,2372.00,2390.0,68.47,22,13.16,4714,0.57,4843,50,4,20.00,0.00,20.0,0.00,0.00,0.0,0.00,159864.00,66.5
293,0.00,14216.00,14216.0,75.09,14.00,1959.00,1973.0,68.49,24,13.16,4713,0.57,4836,50,4,13.86,0.00,13.86,0.00,0.00,0.0,2.00,168468.00,85.8
294,0.00,128.00,128.0,72.91,2.00,1237.00,1239.0,68.48,11,13.07,4712,0.57,4843,50,4,0.00,2.00,2.0,0.00,0.00,0.0,2.00,205083.00,85.7
295,0.00,872.00,872.0,59.25,10.00,1738.00,1748.0,68.48,5,13.07,4713,0.57,4828,50,4,10.00,0.00,10.0,0.00,0.00,0.0,1.00,172792.00,79.3
296,0.00,548.00,548.0,61.69,13.00,2851.00,2864.0,68.5,5,13.07,4714,0.57,4831,50,4,12.00,0.00,12.0,0.00,0.00,0.0,1.00,177169.00,79.5
297,0.00,1324.00,1324.0,70.73,3.00,3336.00,3339.0,68.52,12,13.07,4714,0.57,4838,50,4,2.00,1.00,3.0,0.00,0.00,0.0,0.00,161821.00,84.9
298,0.00,376.00,376.0,60.33,8.00,1343.00,1351.0,68.53,15,13.07,4714,0.57,4861,50,4,8.00,0.00,8.0,0.00,0.00,0.0,1.00,144157.00,84.3
299,0.00,572.00,572.0,31.18,6.00,889.00,895.0,68.55,2,12.26,4714,0.57,4862,50,4,6.00,0.00,6.0,0.00,0.00,0.0,1.00,115042.00,61.5
300,0.00,136.00,136.0,30.65,6.00,1496.00,1502.0,68.56,9,12.26,4714,0.57,4869,50,5,4.00,0.00,4.0,1.00,1.00,2.0,1.00,79413.00,61.1
301,0.00,328.00,328.0,46.95,23.00,2026.00,2049.0,68.58,9,12.26,4714,0.57,4859,50,5,22.00,1.00,23.0,0.00,0.00,0.0,1.00,88151.00,73.0
302,0.00,524.00,524.0,36.03,7.00,1639.00,1646.0,68.57,14,12.26,4714,0.57,4856,50,5,6.00,1.00,7.0,0.00,0.00,0.0,0.00,146585.00,65.7
303,4.00,33448.00,33452.0,59.51,5.00,1322.00,1327.0,68.59,21,12.26,4714,0.57,4862,50,5,4.00,0.00,4.0,0.00,0.00,0.0,0.00,209276.00,80.2
304,0.00,200.00,200.0,53.46,2.00,1319.00,1321.0,68.58,8,11.6,4712,0.57,4859,50,4,0.00,1.00,1.0,0.00,0.00,0.0,1.00,173256.00,79.8
305,0.00,1220.00,1220.0,64.38,6.00,2159.00,2165.0,68.62,2,11.6,4712,0.57,4835,50,4,0.00,2.00,2.0,4.00,4.00,8.0,4.00,128567.00,80.1
306,0.00,632.00,632.0,42.22,2.00,1570.00,1572.0,68.6,9,11.6,4712,0.57,4845,50,4,0.00,2.00,2.0,0.00,0.00,0.0,0.00,82085.00,71.5
307,0.00,544.00,544.0,26.93,12.00,842.00,854.0,68.61,3,11.6,4712,0.57,4851,50,4,8.00,2.00,10.0,0.00,0.00,0.0,0.00,43631.00,63.0
308,0.00,50848.00,50848.0,17.79,21.00,521.00,542.0,68.6,3,11.6,4712,0.57,4853,50,4,19.00,3.00,22.0,0.00,0.00,0.0,0.00,13277.00,57.1
309,0.00,476.00,476.0,14.27,10.00,308.00,318.0,68.6,2,10.75,4711,0.57,4847,50,4,8.00,2.00,10.0,0.00,0.00,0.0,1.00,6982.00,56.7
310,0.00,24.00,24.0,11.06,16.00,468.00,484.0,68.6,1,10.75,4710,0.57,4842,50,4,14.00,2.00,16.0,0.00,0.00,0.0,1.00,16618.00,48.1
311,0.00,12.00,12.0,11.86,16.00,864.00,880.0,68.6,1,10.75,4712,0.57,4848,50,4,14.00,2.00,16.0,0.00,0.00,0.0,3.00,57322.00,47.7
312,0.00,448.00,448.0,12.76,8.00,724.00,732.0,68.61,3,10.75,4711,0.57,4846,50,4,6.00,2.00,8.0,0.00,0.00,0.0,0.00,100040.00,47.7
313,0.00,44108.00,44108.0,19.9,18.00,1295.00,1313.0,68.63,12,10.75,4711,0.57,4836,50,4,18.00,0.00,18.0,0.00,0.00,0.0,1.00,106312.00,48.3
314,0.00,680.00,680.0,57.29,10.00,2317.00,2327.0,68.64,11,10.45,4713,0.57,4840,50,4,10.00,0.00,10.0,0.00,0.00,0.0,4.00,159888.00,76.8
315,0.00,148.00,148.0,57.83,13.00,2183.00,2196.0,68.66,13,10.45,4713,0.57,4839,49,4,7.00,0.00,7.0,4.00,4.00,8.0,0.00,198121.00,77.0
316,0.00,1764.00,1764.0,66.92,10.00,1456.00,1466.0,68.72,5,10.45,4714,0.57,4831,49,4,8.00,3.00,11.0,0.00,0.00,0.0,1.00,201776.00,84.7
317,0.00,244.00,244.0,54.62,9.00,2290.00,2299.0,68.75,19,10.45,4713,0.57,4836,48,4,8.00,0.00,8.0,0.00,0.00,0.0,0.00,160878.00,76.7
318,0.00,24116.00,24116.0,70.05,2.00,3153.00,3155.0,68.78,26,10.45,4714,0.57,4825,48,4,2.00,0.00,2.0,0.00,0.00,0.0,1.00,162478.00,83.5
319,0.00,480.00,480.0,74.72,12.00,2288.00,2300.0,68.74,14,10.74,4713,0.57,4845,48,4,12.00,0.00,12.0,0.00,0.00,0.0,1.00,170049.00,83.7
320,0.00,544.00,544.0,72.85,2.00,1930.00,1932.0,68.79,9,10.74,4713,0.57,4851,48,4,2.00,0.00,2.0,0.00,0.00,0.0,0.00,184874.00,83.8
321,0.00,76.00,76.0,71.75,4.00,2272.00,2276.0,68.82,25,10.74,4713,0.57,4838,48,4,4.00,0.00,4.0,0.00,0.00,0.0,3.00,175271.00,83.8
322,0.00,448.00,448.0,76.62,12.00,1867.00,1879.0,68.78,24,10.74,4713,0.57,4830,48,4,10.00,0.00,10.0,0.00,0.00,0.0,0.00,178094.00,84.0
323,0.00,10839.60,10839.6,79.95,5.00,1584.00,1589.0,68.77,20,10.74,4714,0.57,4834,48,4,6.00,0.00,6.0,0.00,0.00,0.0,2.00,161086.00,84.3
324,0.00,952.00,952.0,64.2,4.00,1714.00,1718.0,68.76,18,10.84,4713,0.57,4845,48,4,4.00,0.00,4.0,0.00,0.00,0.0,2.00,126753.00,84.0
325,0.00,1056.00,1056.0,61.97,10.00,2155.00,2165.0,68.79,13,10.84,4714,0.57,4851,48,4,10.00,0.00,10.0,0.00,0.00,0.0,1.00,103537.00,83.4
326,0.00,464.00,464.0,38.88,11.00,1237.00,1248.0,68.81,0,10.84,4713,0.57,4860,48,4,10.00,0.00,10.0,0.00,0.00,0.0,0.00,44911.00,70.5
327,0.00,424.00,424.0,3.8,6.00,350.00,356.0,68.81,0,10.84,4713,0.57,4857,48,4,6.00,0.00,6.0,0.00,0.00,0.0,0.00,8284.00,36.5
328,0.00,252.00,252.0,13.32,18.00,850.00,868.0,68.81,3,10.84,4714,0.57,4860,48,4,18.00,0.00,18.0,0.00,0.00,0.0,1.00,56353.00,49.5
329,0.00,21272.00,21272.0,12.83,14.00,841.00,855.0,68.8,3,9.97,4714,0.57,4856,48,4,14.00,0.00,14.0,0.00,0.00,0.0,1.00,66609.00,49.1
330,0.00,60.00,60.0,27.2,10.00,920.00,930.0,68.81,3,9.97,4713,0.57,4849,48,4,10.00,0.00,10.0,0.00,0.00,0.0,0.00,116315.00,58.1
331,0.00,888.00,888.0,54.93,5.00,1464.00,1469.0,68.82,0,9.97,4714,0.57,4846,48,4,4.00,0.00,4.0,0.00,0.00,0.0,3.00,124588.00,78.1
332,0.00,716.00,716.0,43.91,4.00,1875.00,1879.0,68.84,13,9.97,4714,0.57,4854,48,4,4.00,0.00,4.0,0.00,0.00,0.0,0.00,144755.00,69.2
333,0.00,620.00,620.0,39.25,24.00,1780.00,1804.0,68.85,2,9.97,4715,0.57,4850,48,4,24.00,0.00,24.0,0.00,0.00,0.0,1.00,144811.00,68.9
334,0.00,28524.00,28524.0,49.3,1.00,1917.00,1918.0,68.87,5,9.49,4715,0.57,4844,48,4,0.00,0.00,0.0,0.00,0.00,0.0,1.00,185464.00,75.2
335,0.00,564.00,564.0,54.04,10.00,2051.00,2061.0,68.89,15,9.49,4715,0.57,4851,49,5,4.00,2.00,6.0,5.00,5.00,10.0,1.00,186811.00,75.5
336,0.00,360.00,360.0,34.05,22.00,2413.00,2435.0,68.91,4,9.49,4715,0.57,4841,49,5,22.00,0.00,22.0,0.00,0.00,0.0,1.00,141461.00,64.1
337,0.00,756.00,756.0,43.28,1.00,2049.00,2050.0,68.89,2,9.49,4715,0.57,4832,49,5,0.00,0.00,0.0,0.00,0.00,0.0,0.00,158644.00,70.6
338,0.00,320.00,320.0,38.34,0.00,1127.00,1127.0,68.87,12,9.49,4715,0.57,4854,49,5,0.00,0.00,0.0,0.00,0.00,0.0,1.00,201234.00,70.4
339,0.00,6876.00,6876.0,28.15,1.00,1246.00,1247.0,68.89,1,8.73,4715,0.57,4877,49,4,0.00,0.00,0.0,0.00,1.00,1.0,1.00,87240.00,59.7
340,0.00,1264.00,1264.0,36.65,0.00,1764.00,1764.0,68.9,2,8.73,4715,0.57,4886,49,4,0.00,0.00,0.0,0.00,0.00,0.0,0.00,74250.00,70.1
341,0.00,284.00,284.0,9.63,0.00,462.00,462.0,68.91,1,8.73,4715,0.57,4891,49,4,0.00,0.00,0.0,0.00,0.00,0.0,0.00,17962.00,44.8
342,0.00,296.00,296.0,11.04,18.00,910.00,928.0,68.91,4,8.73,4715,0.57,4880,49,4,14.00,4.00,18.0,0.00,0.00,0.0,0.00,41632.00,44.9
343,0.00,64.00,64.0,42.84,20.00,1971.00,1991.0,68.9,13,8.73,4714,0.57,4859,49,4,20.00,0.00,20.0,0.00,0.00,0.0,0.00,153604.00,69.5
344,0.00,82432.00,82432.0,41.77,6.00,1344.00,1350.0,68.88,13,9.63,4714,0.57,4872,49,4,6.00,0.00,6.0,0.00,0.00,0.0,2.00,153815.00,69.4
345,0.00,860.00,860.0,38.66,17.00,1194.00,1211.0,68.9,13,9.63,4712,0.57,4846,49,4,10.00,3.00,13.0,4.00,4.00,8.0,0.00,158261.00,69.1
346,0.00,452.00,452.0,57.51,14.00,1595.00,1609.0,68.9,11,9.63,4713,0.57,4853,49,4,12.00,0.00,12.0,0.00,0.00,0.0,2.00,116487.00,76.2
347,0.00,508.00,508.0,45.57,6.00,2344.00,2350.0,68.92,5,9.63,4714,0.57,4866,49,4,6.00,2.00,8.0,0.00,0.00,0.0,1.00,90046.00,75.6
348,0.00,96.00,96.0,11.82,16.00,761.00,777.0,68.93,1,9.63,4714,0.57,4867,49,4,16.00,0.00,16.0,0.00,0.00,0.0,0.00,33892.00,46.3
349,0.00,26724.00,26724.0,11.66,6.00,780.00,786.0,68.93,5,9.02,4714,0.57,4867,49,4,6.00,0.00,6.0,0.00,0.00,0.0,1.00,58409.00,46.2
350,0.00,868.00,868.0,13.21,12.00,681.00,693.0,68.94,5,9.02,4714,0.57,4862,49,4,8.00,2.00,10.0,0.00,0.00,0.0,0.00,88416.00,46.5
351,0.00,312.00,312.0,34.23,24.00,1685.00,1709.0,68.95,10,9.02,4714,0.57,4845,49,4,22.00,1.00,23.0,0.00,0.00,0.0,1.00,121259.00,62.9
352,0.00,404.00,404.0,64.62,4.00,2883.00,2887.0,68.97,15,9.02,4715,0.57,4841,49,4,6.00,0.00,6.0,0.00,0.00,0.0,0.00,191468.00,82.6
353,0.00,504.00,504.0,67.77,12.00,2943.00,2955.0,69.0,17,9.02,4715,0.57,4848,49,4,12.00,0.00,12.0,0.00,0.00,0.0,1.00,205241.00,82.4
354,0.00,25640.00,25640.0,69.73,9.00,1994.00,2003.0,69.04,0,9.34,4715,0.57,4859,49,4,6.00,3.00,9.0,0.00,0.00,0.0,0.99,188801.98,82.7
355,0.00,536.00,536.0,68.41,6.00,1973.00,1979.0,69.07,23,9.34,4714,0.57,4863,49,4,0.00,2.00,2.0,4.00,4.00,8.0,0.00,190189.00,82.9
356,0.00,488.00,488.0,75.28,8.00,2925.00,2933.0,69.04,29,9.34,4714,0.57,4834,49,4,8.00,0.00,8.0,0.00,0.00,0.0,1.00,171434.00,83.1
357,0.00,1012.00,1012.0,82.84,6.00,2568.00,2574.0,69.09,20,9.34,4713,0.57,4839,49,4,6.00,0.00,6.0,0.00,0.00,0.0,0.00,118088.00,83.4
358,0.00,292.00,292.0,36.91,2.00,1506.00,1508.0,69.09,2,9.34,4712,0.57,4847,49,4,0.00,2.00,2.0,0.00,0.00,0.0,1.00,57866.00,68.3
359,0.00,540.00,540.0,40.93,13.00,1243.00,1256.0,69.1,5,9.07,4713,0.57,4852,49,4,12.00,1.00,13.0,0.00,0.00,0.0,2.00,54201.00,68.6
360,0.00,5268.00,5268.0,54.83,13.00,1866.00,1879.0,69.12,3,9.07,4714,0.57,4855,49,4,12.00,0.00,12.0,0.00,0.00,0.0,1.00,150473.00,78.2
361,0.00,36.00,36.0,47.85,10.00,1347.00,1357.0,69.14,23,9.07,4714,0.57,4866,49,4,9.90,0.00,9.9,0.00,0.00,0.0,0.00,183125.00,77.7
362,0.00,328.00,328.0,63.21,11.00,1094.00,1105.0,69.19,3,9.07,4714,0.57,4856,48,4,8.00,2.00,10.0,0.00,0.00,0.0,0.00,142441.00,78.1
363,8.00,528.00,536.0,36.51,15.00,1938.00,1953.0,69.2,2,9.07,4715,0.57,4850,48,4,14.00,0.00,14.0,0.00,0.00,0.0,1.00,136589.00,67.6
364,0.00,616.00,616.0,43.96,7.00,2091.00,2098.0,69.22,12,8.75,4715,0.57,4855,48,4,6.00,0.00,6.0,0.00,0.00,0.0,1.00,79255.00,68.1
365,0.00,34512.00,34512.0,26.16,8.00,642.00,650.0,69.23,6,8.75,4715,0.57,4857,48,4,8.00,0.00,8.0,0.00,0.00,0.0,3.00,38055.00,61.8
366,0.00,32.00,32.0,15.47,18.00,819.00,837.0,69.23,3,8.75,4715,0.57,4858,48,4,18.00,0.00,18.0,0.00,0.00,0.0,0.00,47597.00,50.5
367,0.00,104.00,104.0,15.36,9.00,720.00,729.0,69.24,2,8.75,4715,0.57,4854,48,4,8.00,0.00,8.0,0.00,0.00,0.0,0.00,84270.00,50.2
368,0.00,28.00,28.0,23.28,12.00,861.00,873.0,69.25,3,8.75,4714,0.57,4849,48,4,12.00,0.00,12.0,0.00,0.00,0.0,0.00,87190.00,55.4
369,0.00,816.00,816.0,39.8,19.00,2080.00,2099.0,69.27,15,9.33,4714,0.57,4837,49,5,16.00,3.00,19.0,1.00,1.00,2.0,1.00,100902.00,65.4
370,0.00,15908.00,15908.0,80.25,14.00,2428.00,2442.0,69.28,10,9.33,4714,0.57,4819,49,5,12.00,2.00,14.0,0.00,0.00,0.0,0.00,161001.00,86.1
371,0.00,60.00,60.0,70.01,10.89,2397.03,2407.92,69.28,31,9.33,4712,0.57,4838,49,5,8.00,2.00,10.0,0.00,0.00,0.0,1.00,210340.00,85.8
372,0.00,732.67,732.67,81.37,2.00,1558.00,1560.0,69.31,16,9.33,4711,0.57,4832,49,5,2.00,1.00,3.0,0.00,0.00,0.0,0.00,133294.00,85.9
373,0.00,524.00,524.0,68.19,0.00,2098.00,2098.0,69.33,20,9.33,4713,0.57,4837,49,4,0.00,0.00,0.0,0.00,0.00,0.0,3.00,203829.00,85.7
374,0.00,1020.00,1020.0,68.26,0.00,3129.00,3129.0,69.36,4,9.38,4714,0.57,4849,49,4,0.00,0.00,0.0,0.00,0.00,0.0,3.00,183408.00,85.5
375,0.00,66384.00,66384.0,46.06,8.00,2696.00,2704.0,69.38,8,9.38,4714,0.57,4857,49,4,0.00,4.00,4.0,4.00,4.00,8.0,0.00,128191.00,72.7
376,0.00,1712.00,1712.0,18.2,7.00,1398.00,1405.0,69.4,3,9.38,4714,0.57,4861,49,4,4.00,1.00,5.0,0.00,0.00,0.0,0.00,50727.00,54.3
377,0.00,336.00,336.0,4.7,13.00,399.00,412.0,69.4,1,9.38,4714,0.57,4864,49,4,14.00,1.00,15.0,0.00,0.00,0.0,0.00,7199.00,39.0
378,0.00,0.00,0.0,2.93,10.00,373.00,383.0,69.39,1,9.38,4713,0.57,4856,49,4,10.00,0.00,10.0,0.00,0.00,0.0,0.00,8034.00,38.6
379,0.00,116.00,116.0,11.7,18.00,825.00,843.0,69.39,3,8.71,4712,0.57,4843,49,4,18.00,0.00,18.0,0.00,0.00,0.0,2.00,31206.00,45.1
380,0.00,42500.00,42500.0,35.37,12.00,1944.00,1956.0,69.4,13,8.71,4713,0.57,4844,49,4,12.00,0.00,12.0,0.00,0.00,0.0,2.00,148569.00,69.5
381,0.00,40.00,40.0,49.28,12.00,1509.00,1521.0,69.43,11,8.71,4711,0.57,4847,49,4,12.00,0.00,12.0,0.00,0.00,0.0,1.00,195832.00,77.9
382,0.00,512.00,512.0,32.31,10.00,1289.00,1299.0,69.45,1,8.71,4713,0.57,4855,49,4,10.00,0.00,10.0,0.00,0.00,0.0,2.00,149767.00,62.4
383,0.00,1488.00,1488.0,31.89,8.00,2010.00,2018.0,69.46,13,8.71,4713,0.57,4861,49,4,8.00,0.00,8.0,0.00,0.00,0.0,2.00,130897.00,62.4
384,0.00,568.00,568.0,29.1,15.00,1916.00,1931.0,69.48,2,8.01,4714,0.57,4869,49,4,14.00,1.00,15.0,0.00,0.00,0.0,2.00,63817.00,62.4
385,0.00,18860.00,18860.0,5.81,15.00,640.00,655.0,69.48,1,8.01,4714,0.57,4871,49,4,10.00,1.00,11.0,4.00,4.00,8.0,1.00,24374.00,40.0
386,0.00,112.00,112.0,28.11,6.00,1168.00,1174.0,69.5,4,8.01,4715,0.57,4867,49,4,6.00,0.00,6.0,0.00,0.00,0.0,1.00,83322.00,62.7
387,0.00,428.00,428.0,49.03,20.00,2359.00,2379.0,69.52,10,8.01,4715,0.57,4848,49,4,20.00,0.00,20.0,0.00,0.00,0.0,0.00,184649.00,75.8
388,0.00,420.00,420.0,76.27,10.00,2549.00,2559.0,69.49,17,8.01,4714,0.57,4850,49,4,10.00,0.00,10.0,0.00,0.00,0.0,0.00,173370.00,85.0
389,0.00,1180.00,1180.0,80.48,1.00,1566.00,1567.0,69.51,33,9.53,4714,0.57,4853,49,4,0.00,0.00,0.0,0.00,0.00,0.0,1.00,173674.00,85.0
390,0.00,16820.00,16820.0,76.46,8.00,2074.00,2082.0,69.53,31,9.53,4715,0.57,4827,49,4,8.00,0.00,8.0,0.00,0.00,0.0,3.00,186025.00,85.1
391,0.00,1016.00,1016.0,77.39,5.00,1584.00,1589.0,69.53,24,9.53,4713,0.57,4839,49,4,4.00,0.00,4.0,0.00,0.00,0.0,0.00,197089.00,85.1
392,0.00,288.00,288.0,75.69,2.00,1704.00,1706.0,69.56,16,9.53,4713,0.57,4831,49,4,0.00,0.99,0.99,0.00,0.00,0.0,0.00,183817.00,85.2
393,0.00,1600.00,1600.0,72.62,10.00,2950.00,2960.0,69.6,26,9.53,4713,0.57,4832,49,4,10.00,0.00,10.0,0.00,0.00,0.0,0.00,148735.00,85.0
394,0.00,840.00,840.0,74.56,7.00,2923.00,2930.0,69.6,3,9.17,4711,0.57,4837,49,4,6.00,0.00,6.0,0.00,0.00,0.0,0.00,119665.00,85.0
395,0.00,13900.00,13900.0,24.11,6.00,1416.00,1422.0,69.61,0,9.17,4712,0.57,4851,49,4,3.00,4.00,7.0,0.00,0.00,0.0,3.00,61551.00,58.0
396,0.00,40.00,40.0,24.29,12.00,1357.00,1369.0,69.61,12,9.17,4714,0.57,4852,49,4,12.00,0.00,12.0,0.00,0.00,0.0,3.00,85196.00,57.7
397,0.00,416.00,416.0,38.78,14.00,1921.00,1935.0,69.62,2,9.17,4715,0.57,4859,49,4,12.00,0.00,12.0,0.00,0.00,0.0,1.00,183014.00,68.5
398,0.00,192.00,192.0,59.72,14.00,1315.00,1329.0,69.64,12,9.17,4715,0.57,4854,49,4,14.00,0.00,14.0,0.00,0.00,0.0,1.00,196706.00,81.2
399,0.00,208.00,208.0,49.81,4.00,1483.00,1487.0,69.66,3,8.92,4715,0.57,4836,49,4,4.00,0.00,4.0,0.00,0.00,0.0,1.00,121276.00,75.3
400,0.00,36656.00,36656.0,44.42,10.00,2249.00,2259.0,69.69,6,8.92,4715,0.57,4834,49,4,10.00,0.00,10.0,0.00,0.00,0.0,2.00,111215.00,74.8
401,0.00,580.00,580.0,24.2,16.00,1230.00,1246.0,69.7,1,8.92,4714,0.57,4844,49,4,13.00,1.00,14.0,0.00,0.00,0.0,0.00,46200.00,62.1
402,0.00,392.00,392.0,5.93,18.00,411.00,429.0,69.71,1,8.92,4714,0.57,4843,49,4,20.00,14.00,34.0,0.00,0.00,0.0,0.00,13139.00,41.9
403,0.00,100.00,100.0,8.93,14.00,783.00,797.0,69.71,0,8.92,4714,0.57,4844,49,4,14.00,0.00,14.0,0.00,0.00,0.0,1.00,51419.00,42.0
404,0.00,172.00,172.0,16.77,23.00,825.00,848.0,69.72,3,8.28,4713,0.57,4838,49,5,22.00,0.00,22.0,1.00,1.00,2.0,0.00,92108.00,48.4
405,0.00,520.00,520.0,26.48,9.00,847.00,856.0,69.72,1,8.28,4712,0.57,4837,48,6,4.00,1.00,5.0,5.00,4.00,9.0,1.00,104114.00,58.6
406,0.00,52084.00,52084.0,44.19,12.00,1844.00,1856.0,69.74,3,8.28,4714,0.57,4827,48,6,12.00,0.00,12.0,0.00,0.00,0.0,2.00,134487.00,67.4
407,0.00,456.00,456.0,50.44,0.00,1961.00,1961.0,69.81,10,8.28,4715,0.57,4836,48,6,0.00,0.00,0.0,0.00,0.00,0.0,1.00,163943.00,76.4
408,0.00,224.00,224.0,70.79,0.00,1218.00,1218.0,69.85,7,8.28,4714,0.57,4844,48,5,0.00,0.00,0.0,0.00,0.00,0.0,1.00,163379.00,83.8
409,0.00,1320.00,1320.0,46.13,0.00,1466.00,1466.0,69.8,3,7.78,4715,0.57,4836,48,5,0.00,0.00,0.0,0.00,0.00,0.0,1.00,142775.00,74.6
410,0.00,1300.00,1300.0,31.87,4.00,2180.00,2184.0,69.82,2,7.78,4715,0.57,4848,48,5,2.00,1.00,3.0,1.00,0.00,1.0,1.00,97803.00,66.3
411,0.00,38392.00,38392.0,34.35,25.00,2420.00,2445.0,69.83,13,7.78,4715,0.57,4870,48,5,25.00,1.00,26.0,0.00,0.00,0.0,1.00,107985.00,66.2
412,0.00,64.00,64.0,45.86,2.00,1722.00,1724.0,69.82,12,7.78,4715,0.57,4860,48,5,2.00,0.00,2.0,0.00,0.00,0.0,0.00,127194.00,71.4
413,0.00,20.00,20.0,47.71,8.00,1414.00,1422.0,69.79,3,7.78,4715,0.57,4867,48,5,8.00,0.00,8.0,0.00,0.00,0.0,1.00,209928.00,71.7
414,0.00,568.00,568.0,50.64,16.00,1916.00,1932.0,69.82,15,7.88,4715,0.57,4853,48,5,16.00,0.00,16.0,0.00,0.00,0.0,0.00,157514.00,71.9
415,0.00,944.00,944.0,57.85,8.00,2782.00,2790.0,69.82,6,7.88,4715,0.57,4843,49,4,4.00,1.00,5.0,4.00,4.00,8.0,1.00,127199.00,77.3
416,4.00,25216.00,25220.0,37.9,8.00,1605.00,1613.0,69.83,0,7.88,4714,0.57,4844,48,4,6.00,0.00,6.0,0.00,0.00,0.0,0.00,141194.00,69.8
417,0.00,200.00,200.0,28.72,16.00,1843.00,1859.0,69.84,6,7.88,4714,0.57,4847,48,4,16.00,0.00,16.0,0.00,0.00,0.0,1.00,147322.00,60.4
418,0.00,896.00,896.0,41.06,2.00,1915.00,1917.0,69.84,2,7.88,4714,0.57,4855,48,4,2.00,0.00,2.0,0.00,0.00,0.0,0.00,153771.00,71.2
419,0.00,604.00,604.0,30.91,18.00,1242.00,1260.0,69.86,1,7.25,4714,0.57,4852,48,4,18.00,0.00,18.0,0.00,0.00,0.0,0.00,151073.00,63.2
420,0.00,796.00,796.0,29.85,11.00,1988.00,1999.0,69.85,5,7.25,4714,0.57,4837,48,4,10.00,0.00,10.0,0.00,0.00,0.0,1.00,133403.00,62.8
421,0.00,23116.00,23116.0,33.0,3.00,1877.00,1880.0,69.86,7,7.25,4715,0.57,4849,48,4,2.00,0.00,2.0,1.00,1.00,2.0,1.00,119216.00,63.0
422,0.00,84.00,84.0,25.9,20.00,1408.00,1428.0,69.88,11,7.25,4714,0.57,4841,48,4,20.00,0.00,20.0,0.00,0.00,0.0,0.00,113948.00,56.9
423,0.00,776.00,776.0,36.34,7.00,2176.00,2183.0,69.9,1,7.25,4714,0.57,4855,48,4,6.00,0.00,6.0,0.00,0.00,0.0,1.00,151604.00,66.2
424,0.00,680.00,680.0,48.01,11.00,2164.00,2175.0,69.92,2,7.39,4715,0.57,4859,48,4,10.00,0.00,10.0,0.00,0.00,0.0,4.00,225693.00,76.1
425,0.00,500.00,500.0,32.53,13.00,1531.00,1544.0,69.93,5,7.39,4715,0.57,4849,48,4,12.00,0.00,12.0,0.00,0.00,0.0,1.00,165347.00,65.3
426,0.00,28076.00,28076.0,33.0,2.00,2068.00,2070.0,69.93,6,7.39,4714,0.57,4859,48,4,2.00,0.00,2.0,0.00,0.00,0.0,1.00,106494.00,65.5
427,0.00,496.00,496.0,33.59,13.00,1856.00,1869.0,69.95,2,7.39,4714,0.57,4856,48,4,12.00,0.00,12.0,0.00,0.00,0.0,0.00,65700.00,65.4
428,0.00,24.00,24.0,25.39,14.00,1765.00,1779.0,69.9,16,7.39,4715,0.57,4860,48,4,14.00,0.00,14.0,0.00,0.00,0.0,1.00,114319.00,60.3
429,0.00,688.00,688.0,35.2,2.00,1574.00,1576.0,69.91,5,7.2,4715,0.57,4860,48,4,2.00,0.00,2.0,0.00,0.00,0.0,0.00,154034.00,60.7
430,4.00,324.00,328.0,62.9,18.00,1633.00,1651.0,69.92,4,7.2,4715,0.57,4843,48,4,18.00,0.00,18.0,0.00,0.00,0.0,1.00,185969.00,82.6
431,0.00,13260.00,13260.0,60.1,10.00,2044.00,2054.0,69.93,8,7.2,4714,0.57,4842,48,4,10.00,0.00,10.0,0.00,0.00,0.0,2.00,179061.00,82.2
432,0.00,620.00,620.0,41.54,2.00,2599.00,2601.0,69.95,12,7.2,4715,0.57,4849,48,4,2.00,0.00,2.0,0.00,0.00,0.0,1.00,165364.00,71.7
433,0.00,892.00,892.0,40.5,14.00,1766.00,1780.0,69.97,5,7.2,4714,0.57,4849,48,4,12.00,0.00,12.0,0.00,0.00,0.0,1.00,109356.00,71.6
434,0.00,800.00,800.0,46.72,8.00,1929.00,1937.0,69.99,3,7.02,4715,0.57,4852,48,4,10.00,0.00,10.0,0.00,0.00,0.0,0.00,131272.00,72.1
435,0.00,308.00,308.0,41.34,8.00,1619.00,1627.0,70.01,3,7.02,4715,0.57,4852,48,4,4.00,0.00,4.0,4.00,4.00,8.0,2.00,167888.00,71.7
436,0.00,59452.00,59452.0,28.37,18.00,1576.00,1594.0,70.03,2,7.02,4715,0.57,4848,48,4,18.00,0.00,18.0,0.00,0.00,0.0,0.00,151358.00,61.2
437,0.00,1220.00,1220.0,23.45,6.00,1732.00,1738.0,70.04,3,7.02,4714,0.57,4841,48,4,6.00,0.00,6.0,0.00,0.00,0.0,0.00,113261.00,60.8
438,0.00,1124.00,1124.0,31.61,11.00,1914.00,1925.0,70.03,10,7.02,4713,0.57,4842,48,6,10.00,0.00,10.0,2.00,1.00,3.0,0.00,141872.00,61.1
439,0.00,420.00,420.0,28.35,12.00,1935.00,1947.0,70.04,6,7.26,4715,0.57,4836,48,6,12.00,0.00,12.0,0.00,0.00,0.0,2.00,142429.00,61.1
440,0.00,128.00,128.0,46.51,6.00,2083.00,2089.0,70.06,19,7.26,4715,0.57,4838,48,6,6.00,0.00,6.0,0.00,0.00,0.0,1.00,168110.00,71.2
441,0.00,39856.00,39856.0,53.31,2.00,1348.00,1350.0,70.09,6,7.26,4715,0.57,4852,48,6,2.00,0.00,2.0,0.00,0.00,0.0,0.00,175023.00,77.4
442,0.00,548.00,548.0,46.59,0.00,1486.00,1486.0,70.15,1,7.26,4715,0.57,4852,48,5,0.00,0.00,0.0,0.00,0.00,0.0,0.00,152739.00,77.3
443,0.00,1124.00,1124.0,28.5,2.00,2239.00,2241.0,70.17,5,7.26,4714,0.57,4852,49,4,0.00,3.00,3.0,0.00,0.00,0.0,0.00,107188.00,63.6
444,0.00,237.62,237.62,20.76,4.00,1043.00,1047.0,70.18,0,6.76,4714,0.57,4856,49,4,2.00,2.00,4.0,0.00,0.00,0.0,1.00,35752.00,58.4
445,0.00,84.00,84.0,5.58,30.00,477.00,507.0,70.18,0,6.76,4713,0.57,4850,49,4,26.00,0.00,26.0,4.00,4.00,8.0,1.00,7964.00,38.8
446,0.00,424.00,424.0,3.31,2.00,268.00,270.0,70.15,1,6.76,4711,0.57,4845,49,4,2.00,0.00,2.0,0.00,0.00,0.0,0.00,6599.00,38.5
447,0.00,31924.00,31924.0,7.15,16.00,577.00,593.0,70.15,4,6.76,4709,0.57,4827,49,4,14.00,1.00,15.0,0.00,0.00,0.0,1.00,17565.00,38.9
448,0.00,532.00,532.0,23.38,26.00,1884.00,1910.0,70.16,5,6.76,4712,0.57,4832,49,4,24.00,2.00,26.0,0.00,0.00,0.0,4.00,126152.00,55.7
449,0.00,928.00,928.0,41.43,8.00,2013.00,2021.0,70.18,2,6.78,4709,0.57,4844,49,4,4.00,1.00,5.0,0.00,0.00,0.0,1.00,196017.00,69.5
450,0.00,432.00,432.0,51.23,13.00,1473.00,1486.0,70.21,5,6.78,4709,0.57,4845,49,4,14.00,0.00,14.0,0.00,0.00,0.0,2.00,213034.00,76.1
451,0.00,1080.00,1080.0,30.83,8.00,2082.00,2090.0,70.2,13,6.78,4713,0.57,4868,49,4,8.00,0.00,8.0,0.00,0.00,0.0,4.00,138693.00,62.7
452,0.00,23176.00,23176.0,34.66,10.00,2488.00,2498.0,70.22,10,6.78,4715,0.57,4859,49,4,8.00,2.00,10.0,0.00,0.00,0.0,2.00,105287.00,63.1
453,0.00,660.00,660.0,43.04,17.00,1943.00,1960.0,70.25,10,6.78,4715,0.57,4862,49,4,16.00,0.00,16.0,0.00,0.00,0.0,0.00,120559.00,73.8
454,0.00,228.00,228.0,31.87,0.00,2088.00,2088.0,70.23,2,6.23,4715,0.57,4874,49,4,0.00,0.00,0.0,0.00,0.00,0.0,1.00,168740.00,63.8
455,0.00,124.00,124.0,38.41,11.00,2473.00,2484.0,70.25,14,6.23,4715,0.57,4876,49,4,10.00,1.00,11.0,0.00,0.00,0.0,1.00,195437.00,64.2
456,0.00,492.00,492.0,57.47,20.00,2660.00,2680.0,70.28,3,6.23,4714,0.57,4855,49,4,16.00,2.00,18.0,0.00,0.00,0.0,0.00,208792.00,79.0
457,0.00,26872.00,26872.0,62.15,1.00,2784.00,2785.0,70.31,12,6.23,4714,0.57,4861,49,4,0.00,1.00,1.0,0.00,0.00,0.0,1.00,217443.00,79.4
458,0.00,1000.00,1000.0,70.16,3.96,3008.91,3012.87,70.34,11,6.23,4716,0.57,4839,49,4,4.00,0.00,4.0,0.00,0.00,0.0,3.00,194134.00,80.0
459,0.00,480.00,480.0,51.95,13.00,2156.00,2169.0,70.34,0,6.69,4716,0.57,4855,49,4,13.00,1.00,14.0,0.00,0.00,0.0,0.00,128734.00,79.5
460,0.00,1368.00,1368.0,39.07,3.00,2152.00,2155.0,70.37,2,6.69,4716,0.57,4853,49,4,1.00,3.00,4.0,0.00,0.00,0.0,1.00,94141.00,68.2
461,0.00,400.00,400.0,11.14,8.00,760.00,768.0,70.38,0,6.69,4715,0.57,4858,49,4,8.00,0.00,8.0,0.00,0.00,0.0,0.00,23359.00,46.3
462,0.00,31000.00,31000.0,3.44,20.00,389.00,409.0,70.37,0,6.69,4713,0.57,4853,49,4,20.00,0.00,20.0,0.00,0.00,0.0,0.00,7656.00,37.9
463,0.00,20.00,20.0,3.43,7.00,296.00,303.0,70.38,1,6.69,4711,0.57,4847,49,4,6.00,1.00,7.0,0.00,0.00,0.0,0.00,6940.00,37.6
464,0.00,216.00,216.0,8.22,17.00,824.00,841.0,70.38,0,6.16,4711,0.57,4840,49,4,16.00,1.00,17.0,0.00,0.00,0.0,2.00,36470.00,37.9
465,0.00,752.00,752.0,25.48,23.00,1968.00,1991.0,70.39,4,6.16,4711,0.57,4833,49,4,19.00,1.00,20.0,4.00,4.00,8.0,2.00,135897.00,57.1
466,0.00,184.00,184.0,55.2,6.00,1841.00,1847.0,70.41,7,6.16,4711,0.57,4844,49,4,6.00,0.00,6.0,0.00,0.00,0.0,2.00,210472.00,80.0
467,0.00,48160.00,48160.0,42.89,13.00,1534.00,1547.0,70.41,2,6.16,4713,0.57,4834,49,4,12.00,1.00,13.0,0.00,0.00,0.0,3.00,221669.00,71.7
468,0.00,456.00,456.0,34.9,10.00,2487.00,2497.0,70.43,12,6.16,4715,0.57,4839,49,4,8.00,2.00,10.0,0.00,0.00,0.0,2.00,142969.00,71.1
469,0.00,1364.00,1364.0,38.26,9.00,2455.00,2464.0,70.46,1,5.99,4716,0.57,4842,49,4,8.00,1.00,9.0,0.00,0.00,0.0,1.00,114732.00,71.1
470,0.00,372.00,372.0,23.33,12.00,1444.00,1456.0,70.47,3,5.99,4716,0.57,4841,49,4,12.00,0.00,12.0,0.00,0.00,0.0,1.00,98011.00,55.1
471,0.00,1392.00,1392.0,42.43,4.00,2159.00,2163.0,70.45,4,5.99,4716,0.57,4856,49,4,4.00,0.00,4.0,0.00,0.00,0.0,0.00,177986.00,72.9
472,0.00,44812.00,44812.0,47.01,17.00,2618.00,2635.0,70.47,6,5.99,4715,0.57,4854,49,5,16.00,0.00,16.0,1.00,1.00,2.0,0.00,207005.00,72.9
473,0.00,420.00,420.0,59.46,10.00,2397.00,2407.0,70.5,7,5.99,4714,0.57,4835,49,5,10.00,0.00,10.0,0.00,0.00,0.0,0.00,207036.00,81.6
474,0.00,1060.00,1060.0,62.52,0.00,2606.00,2606.0,70.53,15,6.23,4714,0.57,4830,49,5,0.00,0.00,0.0,0.00,0.00,0.0,2.97,215833.66,81.6
475,0.00,792.00,792.0,68.66,0.00,2871.00,2871.0,70.57,13,6.23,4715,0.57,4824,49,5,0.00,0.00,0.0,0.00,0.00,0.0,2.00,183680.00,81.9
476,0.00,752.00,752.0,70.24,1.00,2045.00,2046.0,70.59,2,6.23,4715,0.57,4839,48,4,0.00,0.00,0.0,0.00,0.00,0.0,0.00,118762.00,82.0
477,0.00,188.00,188.0,29.74,1.00,2143.00,2144.0,70.57,0,6.23,4714,0.57,4845,48,4,0.00,0.00,0.0,0.00,0.00,0.0,0.00,84454.00,61.5
478,0.00,4592.00,4592.0,12.01,0.00,699.00,699.0,70.57,0,6.23,4714,0.57,4850,48,4,0.00,0.00,0.0,0.00,0.00,0.0,0.00,28211.00,47.8
479,0.00,460.00,460.0,6.57,29.00,465.00,494.0,70.58,0,5.89,4711,0.57,4839,48,4,28.00,0.00,28.0,0.00,0.00,0.0,0.00,9648.00,40.7
480,0.00,68.00,68.0,2.65,4.00,287.00,291.0,70.58,0,5.89,4710,0.57,4833,48,4,4.00,0.00,4.0,0.00,0.00,0.0,1.00,6349.00,35.6
481,0.00,36.00,36.0,3.04,11.00,305.00,316.0,70.58,1,5.89,4708,0.57,4822,48,4,11.00,1.00,12.0,0.00,0.00,0.0,0.00,6945.00,35.6
482,0.00,60.00,60.0,3.45,29.00,439.00,468.0,70.58,0,5.89,4707,0.57,4816,48,4,29.00,1.00,30.0,0.00,0.00,0.0,1.00,8077.00,35.9
483,0.00,36400.00,36400.0,2.93,6.00,268.00,274.0,70.58,0,5.89,4703,0.57,4802,48,4,4.00,0.00,4.0,0.00,0.00,0.0,0.00,5978.00,35.9
484,0.00,648.00,648.0,3.97,12.00,476.00,488.0,70.58,0,5.5,4703,0.57,4798,48,4,12.00,0.00,12.0,0.00,0.00,0.0,4.00,19214.00,36.1
485,0.00,944.00,944.0,21.28,28.00,1978.00,2006.0,70.59,12,5.5,4707,0.57,4814,48,4,24.00,0.00,24.0,4.00,4.00,8.0,8.00,132841.00,53.7
486,0.00,248.00,248.0,35.9,5.00,2041.00,2046.0,70.61,3,5.5,4708,0.57,4837,48,4,4.00,0.00,4.0,0.00,0.00,0.0,1.00,197560.00,66.2
487,0.00,120.00,120.0,44.49,8.00,1560.00,1568.0,70.61,6,5.5,4709,0.57,4822,48,4,8.00,0.00,8.0,0.00,0.00,0.0,2.00,234092.00,73.6
488,0.00,32096.00,32096.0,45.95,14.00,3536.00,3550.0,70.59,18,5.5,4714,0.57,4832,48,4,14.00,0.00,14.0,0.00,0.00,0.0,5.00,191060.00,73.5
489,0.00,1672.00,1672.0,74.3,6.00,4174.00,4180.0,70.6,3,7.38,4716,0.57,4818,48,4,6.00,0.00,6.0,0.00,0.00,0.0,3.00,195608.00,85.5
490,0.00,640.00,640.0,77.65,4.00,3014.00,3018.0,70.62,34,7.38,4717,0.57,4832,48,4,4.00,0.00,4.0,0.00,0.00,0.0,2.00,187415.00,85.4
491,0.00,84.00,84.0,73.16,0.00,1795.00,1795.0,70.67,10,7.38,4717,0.57,4856,48,4,0.00,0.00,0.0,0.00,0.00,0.0,0.00,201909.00,85.4
492,0.00,464.00,464.0,65.56,1.00,2354.00,2355.0,70.7,24,7.38,4717,0.57,4854,48,4,0.00,0.00,0.0,0.00,0.00,0.0,0.00,218146.00,85.2
493,8.00,15152.00,15160.0,66.83,6.00,2958.00,2964.0,70.73,2,7.38,4717,0.57,4835,48,4,6.00,0.00,6.0,0.00,0.00,0.0,2.00,186174.00,85.0
494,0.00,944.00,944.0,51.02,6.00,3920.00,3926.0,70.77,12,7.83,4716,0.57,4842,48,4,6.00,0.00,6.0,0.00,0.00,0.0,1.00,157549.00,76.1
495,0.00,488.00,488.0,28.92,4.00,1959.00,1963.0,70.79,3,7.83,4714,0.57,4865,48,4,0.00,0.00,0.0,4.00,4.00,8.0,1.00,61315.00,63.0
496,0.00,148.00,148.0,6.09,13.00,378.00,391.0,70.8,0,7.83,4714,0.57,4868,48,4,13.00,3.00,16.0,0.00,0.00,0.0,1.00,9046.00,40.8
497,0.00,108.00,108.0,2.8,14.00,379.00,393.0,70.8,0,7.83,4714,0.57,4862,48,4,14.00,0.00,14.0,0.00,0.00,0.0,0.00,7944.00,40.2
498,0.00,75180.00,75180.0,3.4,14.00,349.00,363.0,70.8,0,7.83,4713,0.57,4858,48,4,14.00,0.00,14.0,0.00,0.00,0.0,0.00,7433.00,40.0
499,0.00,468.00,468.0,3.14,14.00,358.00,372.0,70.8,1,7.83,4713,0.57,4856,48,4,14.00,0.00,14.0,0.00,0.00,0.0,0.00,7323.00,39.6
500,0.00,68.00,68.0,3.19,14.00,330.00,344.0,70.8,0,7.28,4709,0.57,4842,48,4,14.00,0.00,14.0,0.00,0.00,0.0,1.00,7571.00,39.3
501,0.00,36.00,36.0,4.08,16.00,507.00,523.0,70.81,0,7.28,4707,0.57,4822,48,4,16.00,0.00,16.0,0.00,0.00,0.0,1.00,16665.00,39.1
502,0.00,80.00,80.0,14.8,13.00,1388.00,1401.0,70.82,0,7.28,4714,0.57,4840,48,4,13.00,1.00,14.0,0.00,0.00,0.0,8.00,97922.00,47.8
503,0.00,27468.00,27468.0,37.31,16.00,2117.00,2133.0,70.8,10,7.28,4711,0.57,4837,48,4,16.00,0.00,16.0,0.00,0.00,0.0,1.00,190943.00,67.9
504,0.00,1516.00,1516.0,43.17,10.00,1611.00,1621.0,70.82,7,7.28,4711,0.57,4835,48,4,10.00,0.00,10.0,0.00,0.00,0.0,2.00,200917.00,68.2
505,0.00,172.00,172.0,42.58,8.00,2018.00,2026.0,70.82,17,7.02,4715,0.57,4836,48,4,4.00,0.00,4.0,4.00,4.00,8.0,6.00,157261.00,68.6
506,0.00,1228.00,1228.0,55.86,16.00,3576.00,3592.0,70.86,12,7.02,4716,0.57,4831,49,5,12.00,3.00,15.0,1.00,1.00,2.0,1.00,175127.00,78.2
507,0.00,684.00,684.0,69.59,14.00,4128.00,4142.0,70.87,8,7.02,4716,0.57,4827,49,5,12.00,2.00,14.0,0.00,0.00,0.0,2.00,200879.00,84.6
508,0.00,15528.00,15528.0,67.47,2.00,2718.00,2720.0,70.9,9,7.02,4718,0.57,4851,49,5,0.00,2.00,2.0,0.00,0.00,0.0,1.00,227145.00,84.5
509,0.00,1024.00,1024.0,68.65,14.00,2233.00,2247.0,70.93,14,7.02,4720,0.57,4847,50,5,11.00,13.00,24.0,0.00,0.00,0.0,2.00,186013.00,84.5
510,0.00,1224.00,1224.0,62.33,3.00,2810.00,2813.0,70.97,23,9.1,4720,0.57,4841,50,4,0.00,2.00,2.0,0.00,0.00,0.0,2.00,181757.00,84.1
511,0.00,1384.00,1384.0,66.71,5.00,3854.00,3859.0,71.01,9,9.1,4717,0.57,4843,49,4,3.00,5.00,8.0,0.00,0.00,0.0,0.00,162990.00,84.0
512,0.00,720.00,720.0,33.97,3.00,2698.00,2701.0,71.03,0,9.1,4716,0.57,4861,49,4,0.00,2.00,2.0,0.00,0.00,0.0,0.00,91652.00,67.3
513,0.00,824.00,824.0,6.63,14.00,538.00,552.0,71.04,0,9.1,4716,0.57,4857,49,4,12.00,2.00,14.0,0.00,0.00,0.0,0.00,15822.00,40.8
514,0.00,152.00,152.0,2.8,6.00,267.00,273.0,71.04,0,9.1,4716,0.57,4856,49,4,6.00,0.00,6.0,0.00,0.00,0.0,0.00,5329.00,35.6
515,0.00,96.00,96.0,3.32,19.00,415.00,434.0,71.04,0,8.45,4713,0.57,4847,49,4,14.00,0.00,14.0,4.00,4.00,8.0,1.00,8750.00,35.7
516,0.00,32.00,32.0,2.94,27.00,414.00,441.0,71.04,0,8.45,4712,0.57,4845,49,4,24.00,0.00,24.0,0.00,0.00,0.0,0.00,7458.00,35.8
517,0.00,108.00,108.0,2.7,2.00,256.00,258.0,71.04,0,8.45,4706,0.57,4813,49,4,2.00,2.00,4.0,0.00,0.00,0.0,0.00,6145.00,35.7
518,0.00,1740.00,1740.0,3.78,16.00,351.00,367.0,71.05,0,8.45,4705,0.57,4809,49,4,16.00,0.00,16.0,0.00,0.00,0.0,0.00,7901.00,35.9
519,4.00,65600.00,65604.0,4.43,22.00,370.00,392.0,71.05,0,8.45,4703,0.57,4801,49,4,22.00,0.00,22.0,0.00,0.00,0.0,0.00,6955.00,36.3
520,0.00,796.00,796.0,1.92,6.00,272.00,278.0,71.05,0,7.93,4701,0.57,4795,49,4,4.00,2.00,6.0,0.00,0.00,0.0,1.00,6911.00,36.3
521,0.00,260.00,260.0,3.56,23.00,428.00,451.0,71.05,0,7.93,4702,0.57,4796,49,4,21.00,3.00,24.0,0.00,0.00,0.0,1.00,11831.00,36.4
522,0.00,568.00,568.0,16.39,16.00,1725.00,1741.0,71.06,12,7.93,4709,0.57,4815,49,4,16.00,0.00,16.0,0.00,0.00,0.0,8.00,89771.00,49.2
523,0.00,56.00,56.0,56.72,6.00,2688.00,2694.0,71.06,12,7.93,4709,0.57,4815,49,4,6.00,0.00,6.0,0.00,0.00,0.0,1.00,199387.00,79.3
524,0.00,21112.00,21112.0,69.62,16.00,3220.00,3236.0,71.06,6,7.93,4710,0.57,4840,49,4,16.00,0.00,16.0,0.00,0.00,0.0,1.00,203072.00,79.9
525,0.00,560.00,560.0,77.16,2.00,3137.00,3139.0,71.09,22,9.3,4714,0.57,4840,49,4,2.00,0.00,2.0,0.00,0.00,0.0,5.00,148316.00,85.0
526,0.00,828.00,828.0,75.87,0.00,3649.00,3649.0,71.13,32,9.3,4717,0.57,4851,49,4,0.00,0.00,0.0,0.00,0.00,0.0,3.00,154117.00,85.0
527,0.00,241.58,241.58,79.6,0.00,3200.00,3200.0,71.18,32,9.3,4718,0.57,4871,49,4,0.00,0.00,0.0,0.00,0.00,0.0,1.00,134550.00,85.1
528,0.00,1404.00,1404.0,79.87,2.00,3581.00,3583.0,71.17,11,9.3,4718,0.57,4853,48,4,0.00,1.00,1.0,0.00,0.00,0.0,0.00,132183.00,85.1
529,0.00,12104.00,12104.0,61.4,0.00,3089.00,3089.0,71.21,16,9.3,4718,0.57,4881,48,4,0.00,0.00,0.0,0.00,0.00,0.0,1.00,153541.00,84.7
530,0.00,1140.00,1140.0,56.94,2.00,3603.00,3605.0,71.27,10,9.52,4718,0.57,4869,48,4,2.00,0.00,2.0,0.00,0.00,0.0,1.00,130692.00,79.1
531,0.00,1092.00,1092.0,24.27,4.00,1367.00,1371.0,71.29,0,9.52,4716,0.57,4879,48,4,4.00,0.00,4.0,0.00,0.00,0.0,0.00,62223.00,59.4
532,0.00,64.00,64.0,4.18,14.00,368.00,382.0,71.29,0,9.52,4713,0.57,4866,48,4,14.00,0.00,14.0,0.00,0.00,0.0,0.00,7010.00,36.7
533,0.00,24.00,24.0,2.54,6.00,254.00,260.0,71.29,0,9.52,4712,0.57,4854,48,4,6.00,0.00,6.0,0.00,0.00,0.0,0.00,6505.00,36.5
534,4.00,85404.00,85408.0,3.93,20.00,428.00,448.0,71.29,0,9.52,4712,0.57,4846,48,4,18.00,0.00,18.0,0.00,0.00,0.0,0.00,9345.00,36.8
535,0.00,108.00,108.0,3.16,19.00,349.00,368.0,71.29,0,8.75,4709,0.57,4831,48,4,16.00,0.00,16.0,4.00,4.00,8.0,1.00,6845.00,36.7
536,0.00,344.00,344.0,2.8,7.00,260.00,267.0,71.29,1,8.75,4706,0.57,4824,48,4,6.00,0.00,6.0,0.00,0.00,0.0,0.00,6006.00,36.7
537,0.00,124.00,124.0,3.54,22.00,388.00,410.0,71.3,0,8.75,4700,0.57,4796,48,4,22.00,0.00,22.0,0.00,0.00,0.0,0.00,8160.00,36.6
538,0.00,304.00,304.0,2.54,12.00,317.00,329.0,71.3,0,8.75,4700,0.57,4796,48,4,12.00,0.00,12.0,0.00,0.00,0.0,0.00,6264.00,36.6
539,0.00,33460.00,33460.0,3.43,7.00,381.00,388.0,71.3,0,8.75,4700,0.57,4797,48,4,6.00,0.00,6.0,0.00,0.00,0.0,2.00,14473.00,36.6
540,0.00,408.00,408.0,14.86,26.00,1500.00,1526.0,71.31,3,8.05,4708,0.57,4814,48,4,26.00,0.00,26.0,0.00,0.00,0.0,8.00,75615.00,46.9
541,0.00,68.00,68.0,49.05,8.00,2511.00,2519.0,71.3,9,8.05,4709,0.57,4819,48,4,8.00,0.00,8.0,0.00,0.00,0.0,1.00,196702.00,73.5
542,0.00,424.00,424.0,56.22,7.00,2944.00,2951.0,71.33,24,8.05,4711,0.57,4840,48,4,4.00,0.00,4.0,0.00,0.00,0.0,2.00,239768.00,80.5
543,0.00,92.00,92.0,73.79,15.00,3258.00,3273.0,71.32,30,8.05,4714,0.57,4857,48,4,16.00,0.00,16.0,0.00,0.00,0.0,3.00,158460.00,81.0
544,0.00,12988.00,12988.0,80.78,0.00,2998.00,2998.0,71.33,36,8.05,4717,0.57,4858,48,4,0.00,0.00,0.0,0.00,0.00,0.0,6.00,119734.00,81.5
545,0.00,1580.00,1580.0,80.71,8.00,3849.00,3857.0,71.39,14,10.61,4717,0.57,4846,49,5,0.00,4.00,4.0,5.00,5.00,10.0,4.00,122805.00,82.1
546,0.00,588.00,588.0,76.41,1.00,2668.00,2669.0,71.43,21,10.61,4717,0.57,4856,49,5,0.00,0.00,0.0,0.00,0.00,0.0,0.99,194447.52,82.6
547,0.00,468.00,468.0,78.3,0.00,2142.00,2142.0,71.44,21,10.61,4717,0.57,4847,49,5,0.00,0.00,0.0,0.00,0.00,0.0,0.00,146993.00,82.9
548,0.00,412.00,412.0,60.03,4.00,2534.00,2538.0,71.48,7,10.61,4716,0.57,4857,49,5,0.00,3.00,3.0,0.00,0.00,0.0,1.00,141279.00,82.6
549,0.00,1180.00,1180.0,50.83,2.00,3049.00,3051.0,71.51,4,10.61,4716,0.57,4871,49,4,0.00,2.00,2.0,0.00,0.00,0.0,2.00,149811.00,76.5
550,0.00,412.00,412.0,46.78,0.00,1965.00,1965.0,71.54,1,10.16,4715,0.57,4879,49,4,0.00,0.00,0.0,0.00,0.00,0.0,1.00,67226.00,76.3
551,0.00,44.00,44.0,8.24,0.00,230.00,230.0,71.54,1,10.16,4715,0.57,4879,49,4,0.00,0.00,0.0,0.00,0.00,0.0,0.00,5824.00,45.7
552,0.00,68.00,68.0,5.06,26.00,503.00,529.0,71.54,0,10.16,4715,0.57,4866,49,4,24.00,2.00,26.0,0.00,0.00,0.0,0.00,9586.00,37.0
553,0.00,264.00,264.0,3.91,16.00,386.00,402.0,71.54,0,10.16,4714,0.57,4859,49,4,14.00,2.00,16.0,0.00,0.00,0.0,0.00,8254.00,36.9
554,0.00,144.00,144.0,3.16,5.00,268.00,273.0,71.54,0,10.16,4712,0.57,4855,49,4,4.00,1.00,5.0,0.00,0.00,0.0,0.00,6256.00,36.7
555,0.00,56848.00,56848.0,3.93,22.00,386.00,408.0,71.54,1,9.43,4707,0.57,4817,49,4,22.00,0.00,22.0,0.00,0.00,0.0,1.00,7823.00,36.8
556,0.00,0.00,0.0,3.68,14.00,339.00,353.0,71.54,0,9.43,4706,0.57,4811,49,4,14.00,0.00,14.0,0.00,0.00,0.0,0.00,6890.00,36.8
557,0.00,124.00,124.0,3.18,12.00,296.00,308.0,71.54,0,9.43,4704,0.57,4803,49,4,8.00,4.00,12.0,0.00,0.00,0.0,0.00,6667.00,36.7
558,0.00,400.00,400.0,4.17,18.00,357.00,375.0,71.54,0,9.43,4703,0.57,4801,49,4,18.00,0.00,18.0,0.00,0.00,0.0,1.00,6686.00,36.6
559,0.00,972.00,972.0,3.31,16.00,320.00,336.0,71.54,0,9.43,4702,0.57,4795,49,4,16.00,0.00,16.0,0.00,0.00,0.0,0.00,7214.00,36.7
560,0.00,41136.00,41136.0,7.53,9.00,882.00,891.0,71.55,9,8.83,4702,0.57,4787,49,4,6.00,3.00,9.0,0.00,0.00,0.0,3.00,44698.00,37.1
561,0.00,79.21,79.21,47.64,20.00,3102.00,3122.0,71.57,21,8.83,4709,0.57,4806,49,4,18.00,2.00,20.0,0.00,0.00,0.0,7.00,176435.00,70.8
562,0.00,568.00,568.0,67.41,17.00,4075.00,4092.0,71.62,11,8.83,4710,0.57,4836,49,4,15.84,0.99,16.83,0.00,0.00,0.0,1.00,193415.00,83.2
563,0.00,236.00,236.0,74.43,1.00,2585.00,2586.0,71.65,29,8.83,4711,0.57,4889,48,4,0.00,0.00,0.0,0.00,0.00,0.0,1.00,160508.00,83.3
564,0.00,1104.00,1104.0,70.84,0.00,2924.00,2924.0,71.67,15,8.83,4713,0.57,4863,48,4,0.00,0.00,0.0,0.00,0.00,0.0,3.00,170551.00,83.5
565,4.00,648.00,652.0,75.38,4.00,3558.00,3562.0,71.74,25,10.29,4718,0.57,4865,48,4,0.00,0.00,0.0,4.00,4.00,8.0,5.00,150012.00,83.7
566,0.00,2024.00,2024.0,70.79,1.00,5089.00,5090.0,71.74,7,10.29,4718,0.57,4852,48,4,0.00,0.00,0.0,0.00,0.00,0.0,1.00,168362.00,83.8
567,0.00,616.00,616.0,77.83,0.00,4194.00,4194.0,71.79,12,10.29,4718,0.57,4864,48,4,0.00,0.00,0.0,0.00,0.00,0.0,0.00,167030.00,84.1
568,0.00,732.67,732.67,47.27,0.00,2994.00,2994.0,71.83,2,10.29,4718,0.57,4888,48,4,0.00,0.00,0.0,0.00,0.00,0.0,0.00,100770.00,74.0
569,0.00,440.00,440.0,6.66,5.00,404.00,409.0,71.83,0,10.29,4718,0.57,4892,48,4,4.00,0.00,4.0,0.00,0.00,0.0,0.00,7905.00,39.9
570,4.00,75960.00,75964.0,3.03,7.00,277.00,284.0,71.83,0,9.54,4715,0.57,4883,49,5,6.00,0.00,6.0,2.00,2.00,4.0,2.00,7256.00,39.6
571,0.00,460.00,460.0,5.2,24.00,504.00,528.0,71.83,1,9.54,4713,0.57,4846,49,5,22.00,1.00,23.0,0.00,0.00,0.0,0.00,10505.00,39.3
572,0.00,260.00,260.0,3.56,18.00,326.00,344.0,71.83,0,9.54,4712,0.57,4840,49,5,14.00,3.00,17.0,0.00,0.00,0.0,0.00,6452.00,38.9
573,0.00,360.00,360.0,2.43,6.00,263.00,269.0,71.83,0,9.54,4711,0.57,4837,50,5,4.00,3.00,7.0,0.00,0.00,0.0,0.00,6258.00,38.5
574,0.00,172.00,172.0,4.3,26.00,429.00,455.0,71.83,1,9.54,4708,0.57,4821,50,5,26.00,0.00,26.0,0.00,0.00,0.0,0.00,7668.00,38.3
575,0.00,52312.00,52312.0,3.19,15.00,311.00,326.0,71.83,1,8.78,4704,0.57,4812,50,6,10.00,0.00,10.0,6.00,6.00,12.0,1.00,6201.00,38.1
576,0.00,16.00,16.0,3.43,10.00,262.00,272.0,71.84,0,8.78,4699,0.57,4799,49,4,6.00,0.00,6.0,0.00,0.00,0.0,0.00,6721.00,37.8
577,0.00,132.00,132.0,3.7,28.00,417.00,445.0,71.84,0,8.78,4699,0.57,4799,49,4,28.00,0.00,28.0,0.00,0.00,0.0,0.00,8303.00,37.7
578,0.00,432.00,432.0,7.04,6.00,890.00,896.0,71.84,2,8.78,4702,0.57,4803,49,4,6.00,0.00,6.0,0.00,0.00,0.0,3.00,39172.00,37.9
579,0.00,128.00,128.0,27.88,10.00,2144.00,2154.0,71.87,0,8.78,4708,0.57,4823,49,4,10.00,0.00,10.0,0.00,0.00,0.0,6.00,156325.00,58.0
580,0.00,18244.00,18244.0,61.1,28.00,3680.00,3708.0,71.9,28,8.4,4709,0.57,4837,49,4,24.00,3.00,27.0,0.00,0.00,0.0,2.00,197718.00,80.3
581,0.00,788.00,788.0,75.88,2.00,3495.00,3497.0,71.91,30,8.4,4711,0.57,4859,50,4,0.00,3.00,3.0,0.00,0.00,0.0,3.00,145479.00,80.8
582,0.00,876.00,876.0,76.07,0.00,3232.00,3232.0,71.95,19,8.4,4715,0.57,4880,50,4,0.00,0.00,0.0,0.00,0.00,0.0,3.00,147376.00,81.3
583,0.00,480.00,480.0,75.31,5.00,2840.00,2845.0,72.01,31,8.4,4717,0.57,4886,50,4,5.00,6.00,11.0,0.00,0.00,0.0,2.00,135472.00,81.7
584,0.00,704.00,704.0,75.69,3.00,3518.00,3521.0,72.08,12,8.4,4718,0.57,4866,50,5,1.00,2.00,3.0,1.00,1.00,2.0,1.00,165565.00,82.2
585,0.00,1416.00,1416.0,76.19,5.00,3662.00,3667.0,72.09,23,8.77,4719,0.57,4871,50,5,0.00,1.00,1.0,4.00,4.00,8.0,2.00,169085.00,82.7
586,0.00,1232.00,1232.0,69.77,1.00,4808.00,4809.0,72.12,12,8.77,4719,0.57,4877,49,5,0.00,0.00,0.0,0.00,0.00,0.0,0.00,153472.00,83.0
587,0.00,336.00,336.0,26.84,1.00,1346.00,1347.0,72.11,0,8.77,4719,0.57,4885,49,5,1.00,1.00,2.0,0.00,0.00,0.0,0.00,60843.00,60.9
588,0.00,60.00,60.0,3.32,3.00,227.00,230.0,72.1,0,8.77,4715,0.57,4890,50,4,0.00,4.00,4.0,0.00,0.00,0.0,0.00,4752.00,35.3
589,0.00,108.00,108.0,3.3,3.00,257.00,260.0,72.1,0,8.77,4714,0.57,4885,50,4,2.00,1.00,3.0,0.00,0.00,0.0,0.00,5522.00,35.3
590,0.00,5756.00,5756.0,2.03,1.00,151.00,152.0,72.1,0,8.06,4713,0.57,4875,50,4,1.00,1.00,2.0,0.00,0.00,0.0,1.00,5606.00,35.4
591,0.00,25592.00,25592.0,5.56,28.00,580.00,608.0,72.1,0,8.06,4711,0.57,4841,50,4,28.00,0.00,28.0,0.00,0.00,0.0,0.00,12569.00,35.7
592,0.00,244.00,244.0,3.05,12.00,321.00,333.0,72.1,0,8.06,4707,0.57,4832,50,4,12.00,0.00,12.0,0.00,0.00,0.0,0.00,5587.00,35.9
593,0.00,72.00,72.0,2.3,0.00,222.00,222.0,72.1,3,8.06,4706,0.57,4830,50,4,0.00,0.00,0.0,0.00,0.00,0.0,0.00,6067.00,35.9
594,0.00,124.00,124.0,5.03,28.00,444.00,472.0,72.1,0,8.06,4700,0.57,4800,50,4,28.00,0.00,28.0,0.00,0.00,0.0,0.00,9357.00,36.0
595,0.00,20.00,20.0,3.43,18.00,326.00,344.0,72.11,0,7.58,4700,0.57,4800,50,4,12.00,2.00,14.0,4.00,4.00,8.0,1.00,5597.00,36.0
596,0.00,55180.00,55180.0,1.91,4.00,239.00,243.0,72.11,0,7.58,4700,0.57,4800,50,4,2.00,2.00,4.0,0.00,0.00,0.0,0.00,6281.00,36.0
597,0.00,520.00,520.0,4.94,31.00,526.00,557.0,72.11,4,7.58,4701,0.57,4801,50,4,30.00,1.00,31.0,0.00,0.00,0.0,1.00,12364.00,36.2
598,0.00,572.00,572.0,6.82,9.00,521.00,530.0,72.11,0,7.58,4709,0.57,4828,49,4,8.00,0.00,8.0,0.00,0.00,0.0,8.00,36833.00,36.8
599,0.00,400.00,400.0,9.45,13.00,996.00,1009.0,72.12,4,7.58,4710,0.57,4832,50,4,9.00,5.00,14.0,0.00,0.00,0.0,1.00,76677.00,42.3
600,0.00,92.00,92.0,51.8,27.00,3389.00,3416.0,72.14,14,7.05,4711,0.57,4817,50,4,26.00,1.00,27.0,0.00,0.00,0.0,2.00,182279.00,72.9
601,4.00,15324.00,15328.0,79.95,5.00,3214.00,3219.0,72.19,23,7.05,4717,0.57,4877,49,4,4.00,0.00,4.0,0.00,0.00,0.0,6.00,162843.00,85.2
602,0.00,160.00,160.0,80.03,1.98,2979.21,2981.19,72.24,31,7.05,4719,0.57,4856,49,4,1.00,1.00,2.0,0.00,0.00,0.0,2.00,130383.00,85.2
603,0.00,592.00,592.0,73.93,3.00,2711.00,2714.0,72.23,19,7.05,4719,0.57,4881,49,4,2.00,2.00,4.0,0.00,0.00,0.0,1.00,149076.00,85.1
604,0.00,772.00,772.0,76.92,0.00,2442.00,2442.0,72.25,11,7.05,4719,0.57,4864,49,4,0.00,0.00,0.0,0.00,0.00,0.0,3.00,146509.00,85.1
605,4.00,1108.00,1112.0,70.8,6.00,4734.00,4740.0,72.24,27,7.85,4719,0.57,4869,49,4,0.00,0.00,0.0,4.00,4.00,8.0,1.00,165724.00,85.0
606,0.00,1728.00,1728.0,72.47,5.00,4124.00,4129.0,72.28,8,7.85,4719,0.57,4877,50,4,2.00,4.00,6.0,0.00,0.00,0.0,2.00,180030.00,85.0
607,0.00,580.00,580.0,59.97,3.00,4276.00,4279.0,72.33,1,7.85,4718,0.57,4887,50,4,0.00,2.00,2.0,0.00,0.00,0.0,2.00,123728.00,84.5
608,0.00,272.00,272.0,13.3,2.00,719.00,721.0,72.34,1,7.85,4716,0.57,4897,50,4,0.00,2.00,2.0,0.00,0.00,0.0,0.00,33614.00,48.1
609,0.00,72.00,72.0,3.18,10.00,338.00,348.0,72.34,0,7.85,4715,0.57,4877,50,4,8.00,2.00,10.0,0.00,0.00,0.0,0.00,7693.00,35.9
610,0.00,232.00,232.0,3.54,17.00,414.00,431.0,72.34,1,7.22,4715,0.57,4866,49,4,16.00,0.00,16.0,0.00,0.00,0.0,1.00,9510.00,36.0
611,0.00,103056.00,103056.0,3.95,16.00,365.00,381.0,72.34,0,7.22,4712,0.57,4859,49,4,16.00,0.00,16.0,0.00,0.00,0.0,0.00,8585.00,36.1
612,0.00,28.00,28.0,3.3,12.00,306.00,318.0,72.34,0,7.22,4712,0.57,4859,49,4,12.00,0.00,12.0,0.00,0.00,0.0,0.00,6594.00,36.4
613,0.00,592.00,592.0,3.93,16.00,350.00,366.0,72.34,0,7.22,4706,0.57,4819,49,4,16.00,0.00,16.0,0.00,0.00,0.0,0.00,8152.00,36.4
614,0.00,92.00,92.0,3.95,10.00,380.00,390.0,72.34,0,7.22,4706,0.57,4820,49,4,10.00,0.00,10.0,0.00,0.00,0.0,1.00,10164.00,36.5
615,0.00,24.00,24.0,7.13,12.00,585.00,597.0,72.34,1,6.72,4714,0.57,4842,49,4,12.00,0.00,12.0,0.00,0.00,0.0,9.00,39039.00,36.9
616,0.00,41988.00,41988.0,7.86,20.00,614.00,634.0,72.35,2,6.72,4713,0.57,4838,49,4,20.00,0.00,20.0,0.00,0.00,0.0,1.00,42545.00,37.4
617,0.00,40.00,40.0,10.0,10.00,573.00,583.0,72.35,0,6.72,4711,0.57,4835,50,4,8.00,3.00,11.0,0.00,0.00,0.0,0.00,47172.00,42.6
618,0.00,520.00,520.0,19.03,12.00,1875.00,1887.0,72.33,1,6.72,4716,0.57,4831,50,4,12.00,0.00,12.0,0.00,0.00,0.0,5.00,121341.00,51.6
619,0.00,1088.00,1088.0,62.11,20.00,3769.00,3789.0,72.4,33,6.72,4717,0.57,4830,50,4,20.00,0.00,20.0,0.00,0.00,0.0,1.00,196718.00,80.0
620,0.00,1548.00,1548.0,75.91,9.00,3294.00,3303.0,72.43,33,8.75,4717,0.57,4868,49,5,6.00,1.00,7.0,1.00,1.00,2.0,1.00,137740.00,85.8
621,0.00,277.23,277.23,77.61,0.00,2684.00,2684.0,72.44,33,8.75,4718,0.57,4865,49,5,0.00,0.00,0.0,0.00,0.00,0.0,1.00,138677.00,85.7
622,0.00,16440.00,16440.0,81.55,0.00,2038.00,2038.0,72.43,28,8.75,4718,0.57,4892,49,5,0.00,0.00,0.0,0.00,0.00,0.0,0.00,112686.00,85.7
623,0.00,564.00,564.0,81.83,0.00,2725.00,2725.0,72.51,32,8.75,4718,0.57,4859,49,5,0.00,0.00,0.0,0.00,0.00,0.0,0.99,117465.35,85.7
624,0.00,1672.00,1672.0,76.26,1.00,3297.00,3298.0,72.5,27,8.75,4720,0.57,4859,49,4,0.00,0.00,0.0,0.00,0.00,0.0,2.00,130133.00,85.7
625,0.00,1232.00,1232.0,82.87,4.00,4121.00,4125.0,72.53,29,10.93,4719,0.57,4870,49,4,0.00,0.00,0.0,4.00,4.00,8.0,1.00,151522.00,85.8
626,0.00,984.00,984.0,66.8,1.00,4254.00,4255.0,72.59,9,10.93,4719,0.57,4860,49,4,0.00,0.00,0.0,0.00,0.00,0.0,0.00,145608.00,85.6
627,0.00,184.00,184.0,38.78,4.00,1393.00,1397.0,72.57,0,10.93,4719,0.57,4878,49,4,4.00,0.00,4.0,0.00,0.00,0.0,0.00,55474.00,69.7
628,0.00,244.00,244.0,3.18,10.00,304.00,314.0,72.57,0,10.93,4718,0.57,4875,49,4,8.00,0.00,8.0,0.00,0.00,0.0,0.00,6193.00,37.3
629,0.00,260.00,260.0,4.92,14.00,386.00,400.0,72.57,0,10.93,4717,0.57,4868,49,4,14.00,0.00,14.0,0.00,0.00,0.0,0.00,8321.00,37.3
630,0.00,216.00,216.0,3.9,20.00,413.00,433.0,72.57,1,10.21,4712,0.57,4826,48,4,16.00,0.00,16.0,2.00,0.00,2.0,1.00,8666.00,37.2
631,0.00,252.00,252.0,2.66,11.00,273.00,284.0,72.57,0,10.21,4710,0.57,4818,48,4,10.00,0.00,10.0,0.00,0.00,0.0,0.00,6320.00,37.0
632,0.00,56364.00,56364.0,2.68,16.00,351.00,367.0,72.57,0,10.21,4710,0.57,4818,48,4,16.00,0.00,16.0,0.00,0.00,0.0,0.00,7745.00,37.0
633,0.00,1000.00,1000.0,2.54,14.00,344.00,358.0,72.58,0,10.21,4706,0.57,4804,48,4,14.00,0.00,14.0,0.00,0.00,0.0,0.00,6929.00,37.0
634,0.00,252.00,252.0,2.03,11.00,207.00,218.0,72.58,0,10.21,4704,0.57,4800,48,4,9.90,0.00,9.9,0.00,0.00,0.0,0.00,5659.00,36.9
635,0.00,20.00,20.0,2.56,4.00,133.00,137.0,72.58,0,9.47,4701,0.57,4794,48,4,0.00,0.00,0.0,4.00,4.00,8.0,1.00,5385.00,36.7
636,0.00,96.00,96.0,8.08,21.00,630.00,651.0,72.58,7,9.47,4702,0.57,4796,48,4,20.00,0.00,20.0,0.00,0.00,0.0,2.00,23847.00,42.3
637,0.00,31660.00,31660.0,18.15,20.00,1712.00,1732.0,72.56,7,9.47,4710,0.57,4821,48,4,20.00,0.00,20.0,0.00,0.00,0.0,7.00,116672.00,50.8
638,0.00,124.00,124.0,40.68,0.00,1682.00,1682.0,72.57,2,9.47,4711,0.57,4832,48,4,0.00,0.00,0.0,0.00,0.00,0.0,2.00,194827.00,68.3
639,0.00,988.00,988.0,54.11,26.00,2939.00,2965.0,72.61,13,9.47,4714,0.57,4817,48,4,26.00,0.00,26.0,0.00,0.00,0.0,2.00,229050.00,76.1
640,0.00,812.00,812.0,71.63,2.00,3657.00,3659.0,72.65,32,10.88,4717,0.57,4837,48,4,2.00,0.00,2.0,0.00,0.00,0.0,4.00,186233.00,83.4
641,0.00,1536.00,1536.0,74.91,0.00,3713.00,3713.0,72.7,31,10.88,4719,0.57,4856,48,4,0.00,0.00,0.0,0.00,0.00,0.0,2.00,186639.00,83.6
642,0.00,1272.00,1272.0,73.23,0.00,3121.00,3121.0,72.74,27,10.88,4719,0.57,4870,48,4,0.00,0.00,0.0,0.00,0.00,0.0,3.00,210561.00,83.8
643,0.00,404.00,404.0,77.09,0.00,1615.00,1615.0,72.74,13,10.88,4719,0.57,4885,48,4,0.00,0.00,0.0,0.00,0.00,0.0,0.00,141290.00,83.9
644,0.00,644.00,644.0,58.56,0.00,2721.00,2721.0,72.78,24,10.88,4719,0.57,4871,48,4,0.00,0.00,0.0,0.00,0.00,0.0,0.00,183858.00,83.3
645,0.00,780.00,780.0,71.12,4.00,4385.00,4389.0,72.84,6,11.93,4719,0.57,4863,48,4,4.00,0.00,4.0,4.00,4.00,8.0,2.00,169577.00,83.4
646,0.00,1080.00,1080.0,65.74,12.00,4361.00,4373.0,72.86,3,11.93,4718,0.57,4875,48,4,8.00,0.00,8.0,0.00,0.00,0.0,2.00,120175.00,83.4
647,0.00,82296.00,82296.0,17.81,6.00,779.00,785.0,72.86,0,11.93,4716,0.57,4885,48,4,6.00,0.00,6.0,0.00,0.00,0.0,0.00,35580.00,54.0
648,0.00,96.00,96.0,2.54,4.00,245.00,249.0,72.87,0,11.93,4716,0.57,4885,48,4,4.00,0.00,4.0,0.00,0.00,0.0,0.00,5278.00,35.9
649,0.00,44.00,44.0,3.31,13.00,373.00,386.0,72.87,0,11.93,4715,0.57,4878,48,4,13.00,1.00,14.0,0.00,0.00,0.0,0.00,8481.00,35.9
650,0.00,624.00,624.0,4.94,24.00,432.00,456.0,72.87,0,10.97,4714,0.57,4873,48,4,24.00,0.00,24.0,0.00,0.00,0.0,1.00,8302.00,36.0
651,0.00,56.00,56.0,3.05,6.00,261.00,267.0,72.87,0,10.97,4714,0.57,4873,48,4,6.00,0.00,6.0,0.00,0.00,0.0,0.00,5876.00,36.0
652,0.00,37532.00,37532.0,2.9,16.00,344.00,360.0,72.87,0,10.97,4708,0.57,4835,48,4,16.00,0.00,16.0,0.00,0.00,0.0,0.00,7585.00,36.1
653,0.00,164.00,164.0,6.75,20.00,653.00,673.0,72.88,0,10.97,4709,0.57,4820,48,4,20.00,0.00,20.0,0.00,0.00,0.0,2.00,25469.00,36.5
654,0.00,104.00,104.0,18.41,10.00,1335.00,1345.0,72.89,3,10.97,4714,0.57,4833,49,5,8.00,2.00,10.0,1.00,1.00,2.0,7.00,106917.00,52.2
655,0.00,52.00,52.0,34.8,19.00,1733.00,1752.0,72.9,9,10.25,4713,0.57,4837,49,5,16.00,2.00,18.0,2.00,2.00,4.0,2.00,197849.00,63.0
656,0.00,644.00,644.0,35.35,16.00,1860.00,1876.0,72.83,5,10.25,4714,0.57,4838,49,5,12.00,0.00,12.0,2.00,2.00,4.0,3.00,209847.00,63.3
657,0.00,13868.00,13868.0,38.43,0.00,2275.00,2275.0,72.87,7,10.25,4719,0.57,4844,49,5,0.00,0.00,0.0,0.00,0.00,0.0,5.00,178832.00,63.9
658,0.00,26720.00,26720.0,43.43,3.00,1920.00,1923.0,72.83,1,10.25,4720,0.57,4855,49,4,2.00,1.00,3.0,0.00,0.00,0.0,1.00,138578.00,74.7
659,0.00,1092.00,1092.0,27.43,0.00,1799.00,1799.0,72.86,4,10.25,4719,0.57,4858,49,4,0.00,0.00,0.0,0.00,0.00,0.0,0.00,87592.00,63.5
660,0.00,396.00,396.0,11.88,0.00,1058.00,1058.0,72.87,0,9.67,4719,0.57,4860,49,4,0.00,0.00,0.0,0.00,0.00,0.0,1.00,39113.00,49.3
661,0.00,68.00,68.0,11.75,17.00,1435.00,1452.0,72.88,3,9.67,4719,0.57,4849,49,4,16.00,0.00,16.0,0.00,0.00,0.0,0.00,65841.00,43.2
662,0.00,240.00,240.0,47.61,20.00,3372.00,3392.0,72.9,20,9.67,4718,0.57,4853,49,4,18.00,2.00,20.0,0.00,0.00,0.0,1.00,219439.00,72.7
663,0.00,1112.00,1112.0,49.42,5.00,2679.00,2684.0,72.93,19,9.67,4718,0.57,4855,49,4,4.00,0.00,4.0,0.00,0.00,0.0,0.00,235492.00,73.2
664,0.00,528.00,528.0,58.64,7.00,2023.00,2030.0,72.95,0,9.67,4718,0.57,4860,49,4,6.00,0.00,6.0,0.00,0.00,0.0,3.00,196091.00,81.4
665,0.00,748.00,748.0,49.87,8.00,3498.00,3506.0,73.0,12,8.98,4720,0.57,4855,49,4,6.00,2.00,8.0,0.00,0.00,0.0,3.00,196342.00,73.6
666,0.00,980.00,980.0,64.33,9.00,4832.00,4841.0,73.06,16,8.98,4719,0.57,4874,49,4,4.00,1.00,5.0,4.00,4.00,8.0,0.00,126602.00,82.5
667,0.00,148.00,148.0,32.92,9.00,1114.00,1123.0,73.08,0,8.98,4718,0.57,4890,49,4,6.00,2.00,8.0,0.00,0.00,0.0,0.00,62201.00,64.8
668,0.00,42956.00,42956.0,2.79,6.00,314.00,320.0,73.09,0,8.98,4715,0.57,4886,49,4,6.00,0.00,6.0,0.00,0.00,0.0,0.00,5948.00,36.2
669,0.00,48.00,48.0,3.05,7.00,303.00,310.0,73.08,0,8.98,4714,0.57,4876,49,4,6.00,1.00,7.0,0.00,0.00,0.0,0.00,6771.00,36.2
670,0.00,492.00,492.0,6.38,28.00,896.00,924.0,73.08,2,8.9,4716,0.57,4862,49,4,28.00,0.00,28.0,0.00,0.00,0.0,4.00,37242.00,36.6
671,0.00,40.00,40.0,21.72,8.00,1749.00,1757.0,73.08,10,8.9,4715,0.57,4843,49,4,8.00,0.00,8.0,0.00,0.00,0.0,1.00,138689.00,52.2
672,0.00,288.00,288.0,43.07,9.00,1729.00,1738.0,73.11,0,8.9,4713,0.57,4843,49,4,8.00,1.00,9.0,0.00,0.00,0.0,1.00,182541.00,70.3
673,0.00,44260.00,44260.0,36.89,22.00,1920.00,1942.0,73.08,3,8.9,4717,0.57,4862,49,4,20.00,2.00,22.0,0.00,0.00,0.0,5.00,204254.00,69.9
674,0.00,1028.00,1028.0,36.35,1.00,2380.00,2381.0,73.11,2,8.9,4719,0.57,4868,49,4,1.00,1.00,2.0,0.00,0.00,0.0,1.00,154796.00,69.7
675,0.00,340.00,340.0,54.53,8.00,2571.00,2579.0,73.12,2,11.23,4720,0.57,4876,49,4,8.00,0.00,8.0,0.00,0.00,0.0,2.00,130385.00,76.4
676,0.00,684.00,684.0,28.7,18.00,1640.00,1658.0,73.13,7,11.23,4720,0.57,4874,49,4,16.00,2.00,18.0,0.00,0.00,0.0,0.00,66467.00,64.4
677,0.00,32.00,32.0,11.71,1.00,685.00,686.0,73.1,0,11.23,4720,0.57,4876,49,4,0.00,1.00,1.0,0.00,0.00,0.0,0.00,19822.00,46.0
678,0.00,10364.00,10364.0,8.11,12.00,1109.00,1121.0,73.11,0,11.23,4719,0.57,4870,49,4,12.00,0.00,12.0,0.00,0.00,0.0,0.00,52704.00,45.5
679,0.00,96.00,96.0,44.95,24.00,3059.00,3083.0,73.13,16,11.23,4719,0.57,4853,49,4,24.00,0.00,24.0,0.00,0.00,0.0,1.00,191521.00,70.1
680,0.00,1736.00,1736.0,66.54,3.00,2604.00,2607.0,73.12,11,12.97,4718,0.57,4862,49,4,2.00,1.00,3.0,0.00,0.00,0.0,1.00,207891.00,83.2
681,0.00,284.00,284.0,67.51,8.00,1814.00,1822.0,73.18,18,12.97,4718,0.57,4866,49,4,6.00,2.00,8.0,0.00,0.00,0.0,0.00,214784.00,83.3
682,0.00,676.00,676.0,65.11,8.00,2455.00,2463.0,73.22,18,12.97,4720,0.57,4857,49,4,8.00,0.00,8.0,0.00,0.00,0.0,2.00,172374.00,83.2
683,0.00,764.00,764.0,67.51,5.00,4369.00,4374.0,73.29,7,12.97,4720,0.57,4849,49,4,5.00,1.00,6.0,0.00,0.00,0.0,0.00,172053.00,83.2
