0,0.00,444.00,444.0,2.03,6.00,6.00,12.0,60.81,0,0.5,4264,0.80,3946,49,4,9.00,17.00,26.0,0.00,0.00,0.0,5.00,11997.00,36.4
1,0.00,260.00,260.0,3.18,0.00,0.00,0.0,60.81,1,0.46,4264,0.80,3946,49,4,0.00,0.00,0.0,0.00,0.00,0.0,1.00,10824.00,36.3
2,0.00,420.00,420.0,2.53,0.00,0.00,0.0,60.81,0,0.46,4264,0.80,3946,49,4,0.00,0.00,0.0,0.00,0.00,0.0,0.00,12394.00,36.4
3,0.00,92.00,92.0,3.3,0.00,0.00,0.0,60.81,0,0.46,4264,0.80,3946,49,4,0.00,0.00,0.0,0.00,0.00,0.0,0.00,11577.00,36.3
4,0.00,128.00,128.0,2.66,0.00,0.00,0.0,60.81,0,0.46,4264,0.80,3946,49,4,0.00,0.00,0.0,0.00,0.00,0.0,0.00,10703.00,36.3
5,0.00,24.00,24.0,1.53,0.00,0.00,0.0,60.81,0,0.46,4264,0.80,3946,49,4,0.00,0.00,0.0,0.00,0.00,0.0,0.00,11219.00,36.2
6,4.00,356.00,360.0,2.65,0.00,0.00,0.0,60.82,11,0.42,4264,0.80,3946,49,4,0.00,0.00,0.0,0.00,0.00,0.0,1.00,12666.00,36.3
7,0.00,144.00,144.0,3.41,4.00,12.00,16.0,60.82,1,0.42,4264,0.80,3946,49,4,0.00,0.00,0.0,4.00,4.00,8.0,0.00,11604.00,36.3
8,0.00,292.00,292.0,2.68,1.00,1.00,2.0,60.82,1,0.42,4264,0.80,3946,49,4,0.00,0.00,0.0,0.00,0.00,0.0,0.00,12237.00,36.3
9,0.00,80.00,80.0,9.03,0.00,5.00,5.0,60.83,5,0.42,4264,0.80,3948,49,4,0.00,0.00,0.0,0.00,0.00,0.0,0.00,12210.00,45.4
10,0.00,284.00,284.0,70.32,2.00,62.00,64.0,60.95,25,0.42,4267,0.80,3986,49,4,2.00,1.00,3.0,0.00,0.00,0.0,3.00,24361.00,83.8
11,0.00,28.00,28.0,87.86,1.00,124.00,125.0,61.16,28,1.59,4282,0.80,4015,49,4,0.00,0.00,0.0,0.00,0.00,0.0,16.00,26233.00,84.2
12,0.00,152.00,152.0,94.24,0.00,150.00,150.0,61.27,21,1.59,4290,0.80,4037,49,4,0.00,0.00,0.0,0.00,0.00,0.0,8.00,25801.00,84.7
13,0.00,460.00,460.0,89.34,0.00,204.00,204.0,61.3,22,1.59,4294,0.80,4043,49,4,0.00,0.00,0.0,0.00,0.00,0.0,4.00,39738.00,84.8
14,0.00,344.00,344.0,93.95,1.00,172.00,173.0,61.27,14,1.59,4300,0.80,4058,49,4,0.00,0.00,0.0,0.00,0.00,0.0,6.00,31297.00,85.4
15,0.00,280.00,280.0,93.73,0.00,210.00,210.0,61.41,9,1.59,4312,0.80,4077,49,4,0.00,0.00,0.0,0.00,0.00,0.0,27.00,27664.00,85.7
16,0.00,1052.00,1052.0,55.81,0.00,118.00,118.0,61.47,4,1.86,4312,0.80,4077,49,4,0.00,0.00,0.0,0.00,0.00,0.0,1.00,18628.00,79.7
17,0.00,1120.00,1120.0,79.7,0.00,137.00,137.0,61.56,30,1.86,4313,0.80,4110,49,4,0.00,0.00,0.0,0.00,0.00,0.0,1.00,22189.00,87.6
18,0.00,84.00,84.0,91.95,0.00,312.00,312.0,61.55,13,1.86,4321,0.80,4127,49,4,0.00,0.00,0.0,0.00,0.00,0.0,8.00,32622.00,87.9
19,0.00,80.00,80.0,92.12,0.00,60.00,60.0,61.61,10,1.86,4330,0.80,4154,49,4,0.00,0.00,0.0,0.00,0.00,0.0,9.00,23209.00,88.1
20,0.00,264.00,264.0,89.57,0.00,192.00,192.0,61.64,13,1.86,4330,0.80,4182,49,4,0.00,0.00,0.0,0.00,0.00,0.0,0.00,31284.00,88.3
21,0.00,24.00,24.0,89.7,0.00,100.00,100.0,61.69,23,2.35,4346,0.80,4235,49,4,0.00,0.00,0.0,0.00,0.00,0.0,17.00,29527.00,88.5
22,0.00,556.00,556.0,91.61,0.00,0.00,0.0,61.77,14,2.35,4346,0.80,4213,49,4,0.00,0.00,0.0,0.00,0.00,0.0,1.00,51103.00,88.4
23,0.00,17664.00,17664.0,92.49,0.00,44.00,44.0,61.78,14,2.35,4347,0.80,4205,49,4,0.00,0.00,0.0,0.00,0.00,0.0,1.00,47412.00,88.2
24,0.00,912.00,912.0,92.57,0.00,154.00,154.0,61.87,12,2.35,4352,0.80,4247,49,4,0.00,0.00,0.0,0.00,0.00,0.0,5.00,27564.00,88.2
25,0.00,44.00,44.0,87.91,0.00,235.00,235.0,61.87,26,2.35,4355,0.80,4255,49,4,0.00,0.00,0.0,0.00,0.00,0.0,3.00,36076.00,88.0
26,0.00,12.00,12.0,84.51,0.00,346.00,346.0,62.04,15,2.89,4356,0.80,4261,49,4,0.00,0.00,0.0,0.00,0.00,0.0,2.00,40740.00,88.1
27,0.00,0.00,0.0,94.1,4.00,76.00,80.0,62.16,31,2.89,4358,0.80,4265,49,4,0.00,0.00,0.0,4.00,4.00,8.0,3.00,26758.00,88.2
28,0.00,88.00,88.0,91.57,0.00,418.00,418.0,62.26,12,2.89,4364,0.80,4300,49,4,0.00,0.00,0.0,0.00,0.00,0.0,6.00,31253.00,88.2
29,0.00,352.00,352.0,84.97,0.00,360.00,360.0,62.28,18,2.89,4375,0.80,4344,49,4,0.00,0.00,0.0,0.00,0.00,0.0,12.00,35090.00,88.0
30,0.00,1100.00,1100.0,20.53,0.00,4.00,4.0,62.27,2,2.89,4375,0.80,4335,49,4,0.00,0.00,0.0,0.00,0.00,0.0,0.00,14446.00,51.8
31,0.00,1352.00,1352.0,65.15,1.00,137.00,138.0,62.35,22,3.22,4375,0.80,4328,49,4,0.00,0.00,0.0,0.00,0.00,0.0,2.00,23045.00,82.0
32,0.00,488.00,488.0,93.47,0.00,744.00,744.0,62.2,28,3.22,4374,0.80,4342,49,4,0.00,0.00,0.0,0.00,0.00,0.0,0.00,45921.00,88.8
33,0.00,104.00,104.0,94.25,0.00,485.00,485.0,62.27,24,3.22,4377,0.80,4352,49,4,0.00,0.00,0.0,0.00,0.00,0.0,4.00,32482.00,88.6
34,0.00,976.00,976.0,55.11,0.00,107.00,107.0,62.37,3,3.22,4384,0.80,4368,49,4,0.00,0.00,0.0,0.00,0.00,0.0,8.00,17894.00,74.0
35,0.00,1284.00,1284.0,56.4,0.00,63.00,63.0,62.4,24,3.22,4384,0.80,4373,49,4,0.00,0.00,0.0,0.00,0.00,0.0,1.00,21860.00,80.9
36,0.00,1004.00,1004.0,92.73,0.00,300.00,300.0,62.43,18,4.48,4387,0.80,4394,49,4,0.00,0.00,0.0,0.00,0.00,0.0,5.00,40408.00,88.2
37,0.00,92.00,92.0,94.36,4.00,295.00,299.0,62.48,14,4.48,4386,0.80,4383,49,4,0.00,0.00,0.0,4.00,4.00,8.0,0.00,29457.00,88.2
38,0.00,336.00,336.0,36.49,2.00,2.00,4.0,62.5,1,4.48,4386,0.80,4386,50,5,0.00,1.00,1.0,1.00,1.00,2.0,0.00,11931.68,57.7
39,0.00,304.00,304.0,3.79,2.00,2.00,4.0,62.5,1,4.48,4386,0.80,4386,50,5,0.00,2.00,2.0,0.00,0.00,0.0,0.00,12205.00,37.9
40,0.00,28.00,28.0,2.41,2.00,4.00,6.0,62.49,3,4.48,4386,0.80,4386,50,5,0.00,2.00,2.0,0.00,0.00,0.0,0.00,12337.00,37.6
41,0.00,28.00,28.0,2.8,2.00,2.00,4.0,62.49,2,4.2,4385,0.80,4382,50,5,0.00,1.00,1.0,0.00,0.00,0.0,1.00,11460.00,37.4
42,0.00,444.00,444.0,11.39,1.00,133.00,134.0,62.49,2,4.2,4385,0.80,4390,50,4,0.00,1.00,1.0,0.00,0.00,0.0,0.00,15884.00,44.6
43,0.00,104.00,104.0,3.81,2.00,126.00,128.0,62.5,2,4.2,4385,0.80,4390,50,4,0.00,2.00,2.0,0.00,0.00,0.0,0.00,11686.00,36.9
44,0.00,504.00,504.0,4.3,3.00,102.00,105.0,62.5,9,4.2,4385,0.80,4389,50,4,0.00,2.00,2.0,0.00,0.00,0.0,0.00,12256.00,37.3
45,0.00,760.00,760.0,19.47,21.00,328.00,349.0,62.51,1,4.2,4384,0.80,4388,50,4,20.00,1.00,21.0,0.00,0.00,0.0,16.00,19338.00,51.4
46,0.00,0.00,0.0,3.18,1.00,116.00,117.0,62.5,2,3.86,4383,0.80,4386,50,4,0.00,1.00,1.0,0.00,0.00,0.0,1.00,12272.00,36.1
47,0.00,0.00,0.0,4.69,6.00,177.00,183.0,62.5,3,3.86,4383,0.80,4386,50,4,4.00,2.00,6.0,0.00,0.00,0.0,0.00,15062.00,36.3
48,0.00,84.00,84.0,8.48,18.00,235.00,253.0,62.51,1,3.86,4383,0.80,4386,50,4,16.00,2.00,18.0,0.00,0.00,0.0,0.00,12643.00,36.9
49,0.00,56.00,56.0,4.27,1.00,111.00,112.0,62.51,1,3.86,4383,0.80,4386,50,4,0.00,1.00,1.0,0.00,0.00,0.0,0.00,10537.00,37.0
50,0.00,200.00,200.0,10.2,15.00,271.00,286.0,62.52,3,3.86,4383,0.80,4386,50,4,14.00,1.00,15.0,0.00,0.00,0.0,0.00,15525.00,46.6
51,0.00,28.00,28.0,11.24,8.00,170.00,178.0,62.53,1,3.56,4383,0.80,4386,50,4,6.00,2.00,8.0,0.00,0.00,0.0,1.00,11349.00,46.6
52,0.00,336.00,336.0,3.18,2.00,105.00,107.0,62.53,1,3.56,4383,0.80,4386,50,4,0.00,1.00,1.0,0.00,0.00,0.0,0.00,12374.00,37.2
53,0.00,116.00,116.0,64.92,20.00,906.00,926.0,62.57,21,3.56,4385,0.80,4395,50,4,20.00,0.00,20.0,0.00,0.00,0.0,2.00,52077.00,78.5
54,4.00,17356.00,17360.0,84.56,0.00,966.00,966.0,62.61,16,3.56,4390,0.80,4419,50,4,0.00,0.00,0.0,0.00,0.00,0.0,5.00,60652.00,87.0
55,0.00,536.00,536.0,82.76,2.00,259.00,261.0,62.69,16,3.56,4391,0.80,4458,50,4,0.00,2.00,2.0,0.00,0.00,0.0,1.00,32196.00,87.1
56,0.00,0.00,0.0,94.6,1.00,117.00,118.0,62.74,29,4.55,4393,0.80,4476,49,4,0.00,0.00,0.0,0.00,0.00,0.0,3.00,25549.00,87.4
57,0.00,0.00,0.0,92.97,4.00,273.00,277.0,62.77,22,4.55,4393,0.80,4482,49,4,0.00,0.00,0.0,4.00,4.00,8.0,0.00,39223.00,87.6
58,0.00,56.00,56.0,93.85,1.00,324.00,325.0,62.84,17,4.55,4394,0.80,4481,49,4,0.00,0.00,0.0,0.00,0.00,0.0,1.00,30221.00,87.6
59,0.00,6416.00,6416.0,82.94,0.00,174.00,174.0,62.92,13,4.55,4397,0.80,4565,49,4,0.00,0.00,0.0,0.00,0.00,0.0,3.00,37332.00,87.7
60,0.00,940.00,940.0,88.71,0.00,38.00,38.0,62.94,34,4.55,4412,0.80,4555,49,4,0.00,0.00,0.0,0.00,0.00,0.0,15.00,71981.00,87.8
61,0.00,320.00,320.0,90.6,0.00,239.00,239.0,62.99,46,5.31,4416,0.80,4579,49,4,0.00,0.00,0.0,0.00,0.00,0.0,5.00,66925.00,87.7
62,0.00,724.00,724.0,90.1,1.00,85.00,86.0,63.03,35,5.31,4416,0.80,4560,49,4,0.00,0.00,0.0,0.00,0.00,0.0,0.00,74558.00,87.6
63,0.00,248.00,248.0,93.86,0.00,406.00,406.0,63.07,15,5.31,4415,0.80,4546,49,4,0.00,0.00,0.0,0.00,0.00,0.0,0.00,27495.00,87.7
64,0.00,2136.00,2136.0,92.35,0.00,652.00,652.0,63.11,30,5.31,4425,0.80,4550,49,4,0.00,0.00,0.0,0.00,0.00,0.0,12.00,44069.00,87.8
65,0.00,32.00,32.0,92.6,0.00,575.00,575.0,63.12,18,5.31,4426,0.80,4558,49,4,0.00,0.00,0.0,0.00,0.00,0.0,1.00,39516.00,87.8
66,0.00,788.00,788.0,86.69,1.00,553.00,554.0,63.16,22,6.73,4428,0.80,4577,49,4,0.00,0.00,0.0,0.00,0.00,0.0,3.00,61265.00,87.9
67,0.00,532.00,532.0,90.49,5.00,294.00,299.0,63.2,29,6.73,4428,0.80,4558,49,4,0.00,0.00,0.0,5.00,5.00,10.0,0.00,64880.00,87.8
68,0.00,532.00,532.0,90.51,0.00,117.00,117.0,63.27,24,6.73,4429,0.80,4608,49,4,0.00,0.00,0.0,0.00,0.00,0.0,1.00,50319.00,87.9
69,0.00,744.00,744.0,87.36,1.00,1.00,2.0,63.31,46,6.73,4428,0.80,4579,49,4,0.00,0.00,0.0,0.00,0.00,0.0,1.00,102436.00,87.9
70,0.00,736.00,736.0,88.38,0.00,63.00,63.0,63.33,37,6.73,4428,0.80,4565,49,4,0.00,0.00,0.0,0.00,0.00,0.0,2.00,94184.00,87.8
71,0.00,28.00,28.0,87.62,0.00,48.00,48.0,63.36,44,9.15,4431,0.80,4569,49,4,0.00,0.00,0.0,0.00,0.00,0.0,4.00,92767.00,87.7
72,0.00,160.00,160.0,89.38,1.00,138.00,139.0,63.4,43,9.15,4431,0.80,4533,49,4,0.00,0.00,0.0,0.00,0.00,0.0,0.00,90019.00,87.6
73,0.00,116.00,116.0,92.11,0.00,536.00,536.0,63.43,22,9.15,4432,0.80,4528,49,4,0.00,0.00,0.0,0.00,0.00,0.0,1.00,57465.00,87.7
74,0.00,1176.00,1176.0,87.72,0.00,274.00,274.0,63.44,27,9.15,4433,0.80,4537,49,4,0.00,0.00,0.0,0.00,0.00,0.0,1.00,85436.00,87.7
75,0.00,36.00,36.0,92.08,0.00,495.00,495.0,63.47,34,9.15,4441,0.80,4544,49,4,0.00,0.00,0.0,0.00,0.00,0.0,8.00,58248.00,87.6
76,0.00,896.00,896.0,91.12,0.00,658.00,658.0,63.47,31,10.58,4436,0.80,4560,49,4,0.00,0.00,0.0,0.00,0.00,0.0,19.00,55401.00,87.7
77,0.00,12.00,12.0,92.61,0.00,495.00,495.0,63.49,34,10.58,4438,0.80,4561,49,4,0.00,0.00,0.0,0.00,0.00,0.0,2.00,55148.00,87.8
78,0.00,289.11,289.11,91.12,0.00,484.00,484.0,63.5,52,10.58,4438,0.80,4567,49,4,0.00,0.00,0.0,0.00,0.00,0.0,0.00,60946.00,87.9
79,0.00,368.00,368.0,92.5,0.00,372.00,372.0,63.51,54,10.58,4437,0.80,4557,49,4,0.00,0.00,0.0,0.00,0.00,0.0,0.00,60566.00,87.9
80,0.00,56.00,56.0,91.88,0.00,405.00,405.0,63.54,55,10.58,4437,0.80,4544,49,4,0.00,0.00,0.0,0.00,0.00,0.0,1.00,57421.00,87.9
81,0.00,76.00,76.0,92.38,0.00,603.00,603.0,63.57,39,12.94,4438,0.80,4534,49,4,0.00,0.00,0.0,0.00,0.00,0.0,3.00,49340.00,88.0
82,0.00,952.00,952.0,92.49,1.00,729.00,730.0,63.58,36,12.94,4437,0.80,4530,50,5,0.00,1.00,1.0,1.00,1.00,2.0,0.00,55271.00,88.0
83,0.00,616.00,616.0,94.75,0.00,685.00,685.0,63.62,32,12.94,4437,0.80,4532,50,5,0.00,0.00,0.0,0.00,0.00,0.0,0.00,48912.00,88.0
84,0.00,1664.00,1664.0,95.24,0.00,563.00,563.0,63.66,20,12.94,4436,0.80,4530,50,5,0.00,0.00,0.0,0.00,0.00,0.0,0.00,41076.00,88.0
85,0.00,224.00,224.0,82.46,1.00,282.00,283.0,63.69,1,12.94,4434,0.80,4513,50,5,0.00,1.00,1.0,0.00,0.00,0.0,0.00,31471.00,82.6
86,0.00,0.00,0.0,5.3,0.00,130.00,130.0,63.7,0,11.9,4429,0.80,4511,50,4,0.00,0.00,0.0,0.00,0.00,0.0,1.00,11461.00,39.7
87,0.00,0.00,0.0,2.9,4.00,124.00,128.0,63.69,0,11.9,4428,0.80,4511,50,4,0.00,0.00,0.0,4.00,4.00,8.0,0.00,11446.00,39.2
88,0.00,20.00,20.0,8.61,6.00,189.00,195.0,63.65,1,11.9,4428,0.80,4506,50,4,2.00,4.00,6.0,0.00,0.00,0.0,0.00,14325.00,39.7
89,0.00,48.00,48.0,13.58,18.00,288.00,306.0,63.66,0,11.9,4428,0.80,4501,50,4,18.00,0.00,18.0,0.00,0.00,0.0,0.00,14104.00,47.6
90,0.00,31500.00,31500.0,2.17,1.00,107.00,108.0,63.66,0,11.9,4426,0.80,4497,50,4,0.00,0.00,0.0,0.00,0.00,0.0,0.00,11073.00,37.0
91,0.00,416.00,416.0,8.84,13.00,241.00,254.0,63.66,0,10.95,4426,0.80,4497,50,4,12.00,1.00,13.0,0.00,0.00,0.0,1.00,14154.00,46.6
92,0.00,564.00,564.0,4.8,10.00,180.00,190.0,63.66,0,10.95,4426,0.80,4497,50,4,8.00,2.00,10.0,0.00,0.00,0.0,0.00,12416.00,38.5
93,0.00,92.00,92.0,3.82,1.00,106.00,107.0,63.66,2,10.95,4426,0.80,4497,50,4,0.00,1.00,1.0,0.00,0.00,0.0,0.00,11024.00,38.3
94,0.00,100.00,100.0,13.93,22.00,258.00,280.0,63.67,2,10.95,4426,0.80,4497,50,4,22.00,1.00,23.0,0.00,0.00,0.0,0.00,13564.00,52.4
95,4.00,11032.00,11036.0,3.32,0.00,158.00,158.0,63.67,0,10.95,4426,0.80,4497,50,4,0.00,0.00,0.0,0.00,0.00,0.0,0.00,11117.00,37.5
96,0.00,596.00,596.0,13.54,7.00,318.00,325.0,63.67,7,10.07,4427,0.80,4492,50,4,2.00,4.00,6.0,0.00,0.00,0.0,2.00,22011.00,47.3
97,0.00,8.00,8.0,77.0,23.00,1406.00,1429.0,63.7,30,10.07,4428,0.80,4489,50,4,18.00,1.00,19.0,4.00,4.00,8.0,1.00,72115.00,86.7
98,0.00,540.00,540.0,91.38,0.00,682.00,682.0,63.73,51,10.07,4434,0.80,4506,50,4,0.00,0.00,0.0,0.00,0.00,0.0,6.00,68969.00,86.8
99,0.00,316.00,316.0,90.64,1.00,509.00,510.0,63.76,57,10.07,4435,0.80,4510,50,4,0.00,0.00,0.0,0.00,0.00,0.0,1.00,76008.00,86.8
100,0.00,2580.00,2580.0,92.38,2.00,378.00,380.0,63.8,65,10.07,4435,0.80,4518,50,4,0.00,2.00,2.0,0.00,0.00,0.0,0.00,62568.00,87.0
101,0.00,36.00,36.0,92.87,1.00,561.00,562.0,63.88,50,13.51,4435,0.80,4511,50,4,0.00,1.00,1.0,0.00,0.00,0.0,1.00,59810.00,87.0
102,0.00,620.00,620.0,90.99,1.00,411.00,412.0,63.92,55,13.51,4436,0.80,4516,50,4,0.00,0.00,0.0,0.00,0.00,0.0,1.00,80782.00,87.1
103,0.00,68.00,68.0,92.63,0.00,524.00,524.0,63.92,29,13.51,4435,0.80,4519,50,4,0.00,0.00,0.0,0.00,0.00,0.0,1.00,70032.00,87.2
104,0.00,532.00,532.0,88.99,4.00,637.00,641.0,63.97,41,13.51,4436,0.80,4526,50,4,0.00,4.00,4.0,0.00,0.00,0.0,1.00,79082.00,87.2
105,0.00,2872.00,2872.0,88.6,1.00,417.00,418.0,64.0,41,13.51,4437,0.80,4544,50,4,0.00,1.00,1.0,0.00,0.00,0.0,1.00,95940.00,87.2
106,0.00,232.00,232.0,88.1,0.00,211.00,211.0,63.99,32,13.79,4436,0.80,4545,50,4,0.00,0.00,0.0,0.00,0.00,0.0,20.00,93202.00,87.3
107,0.00,12.00,12.0,84.75,0.00,242.00,242.0,64.01,37,13.79,4435,0.80,4540,50,4,0.00,0.00,0.0,0.00,0.00,0.0,0.00,123765.00,87.2
108,0.00,71.29,71.29,87.98,2.00,225.00,227.0,64.02,36,13.79,4435,0.80,4540,49,4,0.00,1.00,1.0,0.00,0.00,0.0,0.00,96353.00,87.2
109,0.00,80.00,80.0,88.47,0.00,277.00,277.0,64.04,30,13.79,4435,0.80,4517,49,4,0.00,0.00,0.0,0.00,0.00,0.0,2.00,97392.00,87.3
110,0.00,5468.00,5468.0,90.25,0.00,513.00,513.0,64.1,46,13.79,4436,0.80,4516,49,4,0.00,0.00,0.0,0.00,0.00,0.0,1.00,76934.00,87.3
111,0.00,24.00,24.0,90.89,0.00,538.00,538.0,64.11,51,15.73,4437,0.80,4519,49,4,0.00,0.00,0.0,0.00,0.00,0.0,2.00,75898.00,87.3
112,0.00,628.00,628.0,90.51,1.00,573.00,574.0,64.14,63,15.73,4439,0.80,4522,49,4,0.00,0.00,0.0,0.00,0.00,0.0,2.00,73737.00,87.3
113,0.00,288.00,288.0,90.5,0.00,670.00,670.0,64.13,65,15.73,4439,0.80,4528,49,4,0.00,0.00,0.0,0.00,0.00,0.0,1.00,73993.00,87.3
114,0.00,420.00,420.0,90.24,0.00,816.00,816.0,64.14,61,15.73,4441,0.80,4532,49,4,0.00,0.00,0.0,0.00,0.00,0.0,2.00,67614.00,87.3
115,0.00,1276.00,1276.0,91.38,1.00,642.00,643.0,64.18,59,15.73,4440,0.80,4536,49,4,0.00,0.00,0.0,0.00,0.00,0.0,0.00,66718.00,87.2
116,0.00,444.00,444.0,91.5,2.00,668.00,670.0,64.19,63,18.71,4440,0.80,4533,50,5,0.00,2.00,2.0,1.00,1.00,2.0,1.00,66586.00,87.2
117,0.00,56.00,56.0,94.25,4.00,685.00,689.0,64.22,38,18.71,4440,0.80,4526,50,5,0.00,0.00,0.0,4.00,4.00,8.0,1.00,50181.00,87.2
118,0.00,448.00,448.0,94.12,0.00,682.00,682.0,64.22,33,18.71,4437,0.80,4522,50,5,0.00,0.00,0.0,0.00,0.00,0.0,0.00,45705.00,87.2
119,0.00,276.00,276.0,92.45,2.00,510.00,512.0,64.25,11,18.71,4435,0.80,4513,50,5,0.00,2.00,2.0,0.00,0.00,0.0,0.00,40945.00,87.4
120,0.00,276.00,276.0,16.75,2.00,112.00,114.0,64.26,2,18.71,4434,0.80,4517,50,4,0.00,2.00,2.0,0.00,0.00,0.0,0.00,11138.00,50.5
121,0.00,0.00,0.0,2.15,1.00,113.00,114.0,64.25,2,17.21,4433,0.80,4513,50,4,0.00,1.00,1.0,0.00,0.00,0.0,1.00,11925.00,36.2
122,0.00,792.00,792.0,3.16,0.00,94.00,94.0,64.25,2,17.21,4432,0.80,4511,50,4,0.00,0.00,0.0,0.00,0.00,0.0,0.00,12114.00,36.5
123,0.00,100.00,100.0,13.05,20.00,347.00,367.0,64.25,3,17.21,4430,0.80,4491,50,4,20.00,0.00,20.0,0.00,0.00,0.0,0.00,15863.00,48.3
124,0.00,96.00,96.0,3.94,3.00,121.00,124.0,64.25,5,17.21,4427,0.80,4485,50,4,0.00,2.00,2.0,0.00,0.00,0.0,0.00,11792.00,36.7
125,0.00,16528.00,16528.0,4.7,5.00,164.00,169.0,64.25,1,17.21,4427,0.80,4485,50,4,4.00,1.00,5.0,0.00,0.00,0.0,0.00,13622.00,36.8
126,0.00,436.00,436.0,5.92,16.00,243.00,259.0,64.25,0,15.83,4427,0.80,4485,50,4,16.00,0.00,16.0,0.00,0.00,0.0,1.00,13000.00,37.2
127,0.00,228.00,228.0,1.78,5.00,122.00,127.0,64.26,3,15.83,4426,0.80,4481,50,4,0.00,0.00,0.0,4.00,4.00,8.0,0.00,10920.00,37.2
128,0.00,76.00,76.0,4.71,12.00,207.00,219.0,64.26,0,15.83,4426,0.80,4480,50,4,12.00,0.00,12.0,0.00,0.00,0.0,0.00,14544.00,37.3
129,0.00,320.00,320.0,3.94,8.00,193.00,201.0,64.26,0,15.83,4426,0.80,4481,50,4,8.00,0.00,8.0,0.00,0.00,0.0,0.00,11619.00,37.4
130,0.00,1480.00,1480.0,3.57,1.00,105.00,106.0,64.26,3,15.83,4426,0.80,4481,50,4,0.00,0.00,0.0,0.00,0.00,0.0,0.00,11546.00,37.4
131,0.00,30460.00,30460.0,44.95,18.00,1326.00,1344.0,64.28,26,15.53,4428,0.80,4482,50,4,18.00,0.00,18.0,0.00,0.00,0.0,3.00,64038.00,69.2
132,0.00,196.00,196.0,83.8,4.00,1148.00,1152.0,64.31,49,15.53,4435,0.80,4494,50,4,2.00,2.00,4.0,0.00,0.00,0.0,7.00,88958.00,87.2
133,0.00,120.00,120.0,87.27,0.00,624.00,624.0,64.34,61,15.53,4435,0.80,4502,50,4,0.00,0.00,0.0,0.00,0.00,0.0,0.00,102311.00,87.1
134,0.00,1388.00,1388.0,90.75,0.00,536.00,536.0,64.36,50,15.53,4435,0.80,4517,50,4,0.00,0.00,0.0,0.00,0.00,0.0,0.00,87213.00,87.1
135,0.00,11.88,11.88,89.86,0.00,649.00,649.0,64.39,41,15.53,4435,0.80,4504,50,4,0.00,0.00,0.0,0.00,0.00,0.0,0.00,88242.00,87.1
136,0.00,3108.00,3108.0,88.97,0.00,791.00,791.0,64.44,29,17.01,4435,0.80,4505,50,4,0.00,0.00,0.0,0.00,0.00,0.0,16.00,81523.00,87.1
137,0.00,0.00,0.0,86.98,4.00,579.00,583.0,64.47,23,17.01,4435,0.80,4509,50,4,0.00,0.00,0.0,4.00,4.00,8.0,3.00,119489.00,87.0
138,0.00,72.00,72.0,86.25,0.00,332.00,332.0,64.5,33,17.01,4435,0.80,4522,50,4,0.00,0.00,0.0,0.00,0.00,0.0,0.00,125281.00,87.0
139,0.00,52.00,52.0,86.18,3.00,336.00,339.0,64.54,35,17.01,4436,0.80,4533,50,4,0.00,3.00,3.0,0.00,0.00,0.0,1.00,126830.00,87.0
140,0.00,40.00,40.0,87.12,0.00,451.00,451.0,64.56,35,17.01,4437,0.80,4521,50,4,0.00,0.00,0.0,0.00,0.00,0.0,1.00,114747.00,87.0
141,0.00,5196.00,5196.0,88.64,0.00,670.00,670.0,64.52,44,18.69,4437,0.80,4518,50,4,0.00,0.00,0.0,0.00,0.00,0.0,3.00,100198.00,87.1
142,0.00,176.00,176.0,89.85,0.00,604.00,604.0,64.54,34,18.69,4437,0.80,4526,50,4,0.00,0.00,0.0,0.00,0.00,0.0,2.00,86183.00,87.1
143,0.00,1132.00,1132.0,90.14,0.00,636.00,636.0,64.57,54,18.69,4438,0.80,4518,50,4,0.00,0.00,0.0,0.00,0.00,0.0,2.00,72088.00,87.3
144,0.00,1176.00,1176.0,92.12,0.00,771.00,771.0,64.61,48,18.69,4439,0.80,4528,50,4,0.00,0.00,0.0,0.00,0.00,0.0,1.00,67811.00,87.4
145,0.00,296.00,296.0,91.12,0.00,840.00,840.0,64.66,41,18.69,4439,0.80,4525,50,4,0.00,0.00,0.0,0.00,0.00,0.0,0.00,68114.00,87.5
146,0.00,7444.00,7444.0,91.5,0.00,724.00,724.0,64.69,46,20.72,4439,0.80,4537,50,4,0.00,0.00,0.0,0.00,0.00,0.0,2.00,71119.00,87.5
147,0.00,216.00,216.0,92.37,2.00,902.00,904.0,64.7,26,20.72,4438,0.80,4521,50,4,0.00,2.00,2.0,0.00,0.00,0.0,2.00,57839.00,87.5
148,0.00,128.00,128.0,93.37,2.00,774.00,776.0,64.73,19,20.72,4437,0.80,4522,50,4,2.00,0.00,2.0,0.00,0.00,0.0,0.00,46631.00,87.6
149,0.00,248.00,248.0,91.65,2.00,394.00,396.0,64.74,6,20.72,4436,0.80,4518,50,4,2.00,0.00,2.0,0.00,0.00,0.0,0.00,25932.00,87.7
150,0.00,20.00,20.0,37.7,9.00,171.00,180.0,64.74,1,20.72,4435,0.80,4508,50,5,6.00,2.00,8.0,1.00,1.00,2.0,0.00,10867.00,64.8
151,0.00,496.00,496.0,3.7,8.00,136.00,144.0,64.72,2,19.14,4434,0.80,4495,50,5,6.00,1.00,7.0,0.00,0.00,0.0,1.00,13757.00,38.5
152,0.00,432.00,432.0,3.32,12.00,87.00,99.0,64.71,2,19.14,4430,0.80,4483,50,5,10.00,2.00,12.0,0.00,0.00,0.0,0.00,12419.00,38.3
153,0.00,76.00,76.0,3.45,2.00,2.00,4.0,64.69,0,19.14,4429,0.80,4481,50,5,0.00,2.00,2.0,0.00,0.00,0.0,0.00,10874.00,38.3
154,0.00,88.00,88.0,3.43,2.00,44.00,46.0,64.69,3,19.14,4428,0.80,4486,49,4,0.00,0.00,0.0,0.00,0.00,0.0,0.00,12730.00,38.1
155,0.00,20.00,20.0,3.43,0.00,166.00,166.0,64.69,2,19.14,4428,0.80,4486,49,4,0.00,0.00,0.0,0.00,0.00,0.0,0.00,11742.00,37.9
156,0.00,15176.00,15176.0,2.78,0.00,95.00,95.0,64.7,0,17.6,4427,0.80,4482,49,4,0.00,0.00,0.0,0.00,0.00,0.0,1.00,11827.00,37.8
157,0.00,0.00,0.0,5.22,21.00,250.00,271.0,64.7,2,17.6,4426,0.80,4485,49,5,16.00,0.00,16.0,4.00,4.00,8.0,0.00,13338.00,38.0
158,0.00,284.00,284.0,3.8,4.00,154.00,158.0,64.7,1,17.6,4426,0.80,4480,49,4,4.00,0.00,4.0,0.00,0.00,0.0,1.00,11396.00,38.0
159,0.00,128.00,128.0,4.77,0.00,123.00,123.0,64.7,2,17.6,4426,0.80,4479,49,4,0.00,0.00,0.0,0.00,0.00,0.0,0.00,13784.00,37.9
160,0.00,320.00,320.0,25.63,21.00,796.00,817.0,64.7,3,17.6,4429,0.80,4483,49,4,20.00,0.00,20.0,0.00,0.00,0.0,3.00,44826.00,54.5
161,0.00,8452.00,8452.0,65.77,0.00,671.00,671.0,64.73,9,16.35,4435,0.80,4510,49,4,0.00,0.00,0.0,0.00,0.00,0.0,7.00,87205.00,79.9
162,0.00,752.00,752.0,46.9,2.00,802.00,804.0,64.76,13,16.35,4436,0.80,4512,49,4,2.00,0.00,2.0,0.00,0.00,0.0,1.00,99084.00,71.5
163,0.00,92.00,92.0,82.43,12.00,1073.00,1085.0,64.79,30,16.35,4437,0.80,4499,49,4,12.00,0.00,12.0,0.00,0.00,0.0,1.00,127582.00,86.3
164,0.00,848.00,848.0,86.89,0.00,1062.00,1062.0,64.8,30,16.35,4438,0.80,4512,49,4,0.00,0.00,0.0,0.00,0.00,0.0,1.00,100176.00,86.3
165,0.00,824.00,824.0,86.39,0.00,933.00,933.0,64.82,40,16.35,4440,0.80,4542,49,4,0.00,0.00,0.0,0.00,0.00,0.0,2.00,107741.00,86.4
166,0.00,512.00,512.0,87.03,0.00,694.00,694.0,64.87,48,17.13,4441,0.80,4529,49,4,0.00,0.00,0.0,0.00,0.00,0.0,23.00,106513.00,86.4
167,4.00,38160.00,38164.0,87.91,0.00,988.00,988.0,64.89,39,17.13,4444,0.80,4532,49,4,0.00,0.00,0.0,0.00,0.00,0.0,3.00,97286.00,86.6
168,0.00,104.00,104.0,86.11,4.00,897.00,901.0,64.96,36,17.13,4444,0.80,4547,49,4,0.00,0.00,0.0,4.00,4.00,8.0,0.00,107568.00,86.7
169,0.00,96.00,96.0,86.0,0.00,534.00,534.0,65.0,36,17.13,4444,0.80,4543,49,4,0.00,0.00,0.0,0.00,0.00,0.0,0.00,115582.00,86.7
170,0.00,516.00,516.0,84.96,2.00,310.00,312.0,65.02,24,17.13,4442,0.80,4550,49,4,2.00,0.00,2.0,0.00,0.00,0.0,1.00,124166.00,86.7
171,0.00,404.00,404.0,86.7,0.00,764.00,764.0,65.02,20,16.88,4442,0.80,4515,49,4,0.00,0.00,0.0,0.00,0.00,0.0,5.00,112588.00,86.7
172,0.00,6364.00,6364.0,82.91,5.00,1058.00,1063.0,65.04,15,16.88,4441,0.80,4511,49,4,4.00,0.00,4.0,0.00,0.00,0.0,0.00,74863.00,86.6
173,0.00,128.00,128.0,86.47,2.00,849.00,851.0,65.03,17,16.88,4441,0.80,4517,49,4,2.00,0.00,2.0,0.00,0.00,0.0,0.00,93619.00,86.7
174,0.00,544.00,544.0,90.86,1.00,1092.00,1093.0,65.09,24,16.88,4442,0.80,4525,49,4,0.00,0.00,0.0,0.00,0.00,0.0,1.00,55893.00,86.8
175,0.00,192.00,192.0,85.04,6.00,759.00,765.0,65.2,1,16.88,4441,0.80,4526,49,4,6.00,0.00,6.0,0.00,0.00,0.0,0.00,48943.00,86.7
176,0.00,0.00,0.0,4.56,4.00,180.00,184.0,65.15,0,15.52,4439,0.80,4523,49,4,4.00,0.00,4.0,0.00,0.00,0.0,1.00,12346.00,39.7
177,0.00,6824.00,6824.0,2.91,2.00,133.00,135.0,65.15,0,15.52,4438,0.80,4520,49,4,2.00,0.00,2.0,0.00,0.00,0.0,0.00,12456.00,39.3
178,0.00,72.00,72.0,8.17,14.00,308.00,322.0,65.09,4,15.52,4437,0.80,4511,49,4,14.00,0.00,14.0,0.00,0.00,0.0,0.00,16505.00,39.5
179,0.00,72.00,72.0,18.52,4.00,377.00,381.0,65.09,2,15.52,4442,0.80,4518,49,4,4.00,0.00,4.0,0.00,0.00,0.0,6.00,34384.00,52.8
180,0.00,704.00,704.0,20.99,6.00,646.00,652.0,65.1,12,15.52,4440,0.80,4515,49,4,6.00,0.00,6.0,0.00,0.00,0.0,0.00,54529.00,53.2
181,0.00,36.00,36.0,70.84,12.00,710.00,722.0,65.11,15,15.48,4440,0.80,4511,49,4,12.00,0.00,12.0,0.00,0.00,0.0,2.00,93597.00,80.6
182,0.00,1025.74,1025.74,76.31,0.00,558.00,558.0,65.17,5,15.48,4441,0.80,4517,49,4,0.00,0.00,0.0,0.00,0.00,0.0,2.00,68982.00,81.0
183,0.00,96.00,96.0,66.25,7.00,708.00,715.0,65.18,1,15.48,4444,0.80,4518,49,4,6.00,0.00,6.0,0.00,0.00,0.0,4.00,112208.00,81.1
184,0.00,152.00,152.0,84.65,8.00,857.00,865.0,65.38,19,15.48,4444,0.80,4514,49,4,8.00,0.00,8.0,0.00,0.00,0.0,1.00,64199.00,81.6
185,0.00,52.00,52.0,85.19,1.00,770.00,771.0,65.4,11,15.48,4445,0.80,4507,50,5,0.00,1.00,1.0,1.00,1.00,2.0,1.00,94754.00,87.0
186,0.00,80.00,80.0,86.22,13.00,1327.00,1340.0,65.41,20,16.8,4445,0.80,4514,50,5,8.00,4.00,12.0,0.00,0.00,0.0,3.00,87813.00,86.9
187,0.00,15804.00,15804.0,83.73,5.00,979.00,984.0,65.43,19,16.8,4446,0.80,4522,50,5,3.00,3.00,6.0,0.00,0.00,0.0,1.00,135022.00,86.9
188,0.00,468.00,468.0,84.65,5.00,935.00,940.0,65.37,13,16.8,4446,0.80,4511,50,5,0.00,0.99,0.99,4.00,4.00,8.0,0.00,125357.00,86.9
189,0.00,424.00,424.0,75.38,3.00,1117.00,1120.0,65.36,24,16.8,4442,0.80,4532,50,4,0.00,2.00,2.0,0.00,0.00,0.0,0.00,123086.00,86.6
190,0.00,332.00,332.0,82.6,2.00,759.00,761.0,65.38,24,16.8,4442,0.80,4517,50,4,0.00,2.00,2.0,0.00,0.00,0.0,1.00,137647.00,86.6
191,0.00,956.00,956.0,79.17,2.00,904.00,906.0,65.4,17,16.82,4441,0.80,4524,50,4,2.00,0.00,2.0,0.00,0.00,0.0,3.00,123600.00,86.4
192,0.00,11036.00,11036.0,86.86,4.00,723.00,727.0,65.53,11,16.82,4441,0.80,4523,50,4,4.00,0.00,4.0,0.00,0.00,0.0,1.00,73504.00,86.5
193,0.00,684.00,684.0,74.78,2.00,1118.00,1120.0,65.43,11,16.82,4442,0.80,4524,50,4,0.00,2.00,2.0,0.00,0.00,0.0,2.00,91156.00,86.2
194,0.00,1096.00,1096.0,58.79,12.00,1049.00,1061.0,65.5,3,16.82,4440,0.80,4514,50,4,10.00,2.00,12.0,0.00,0.00,0.0,1.00,54815.00,79.3
195,0.00,40.00,40.0,17.55,2.00,248.00,250.0,65.66,0,16.82,4439,0.80,4520,50,4,0.00,2.00,2.0,0.00,0.00,0.0,0.00,17342.00,53.0
196,0.00,208.00,208.0,2.91,2.00,142.00,144.0,65.52,0,15.47,4439,0.80,4519,50,4,2.00,0.00,2.0,0.00,0.00,0.0,1.00,13000.00,37.5
197,0.00,38004.00,38004.0,5.72,16.00,276.00,292.0,65.52,0,15.47,4438,0.80,4509,50,4,16.00,0.00,16.0,0.00,0.00,0.0,16.00,17382.00,38.0
198,0.00,80.00,80.0,3.05,9.00,154.00,163.0,65.52,0,15.47,4437,0.80,4509,50,4,2.00,3.00,5.0,4.00,4.00,8.0,0.00,12343.00,37.9
199,0.00,72.00,72.0,4.18,7.00,219.00,226.0,65.52,0,15.47,4439,0.80,4512,51,5,4.00,2.00,6.0,2.00,2.00,4.0,2.00,16265.00,38.0
200,0.00,36.00,36.0,22.98,18.00,879.00,897.0,65.53,9,15.47,4443,0.80,4521,51,5,16.00,2.00,18.0,0.00,0.00,0.0,4.00,60707.00,52.5
201,0.00,36.00,36.0,49.81,2.00,824.00,826.0,65.55,10,14.71,4443,0.80,4522,51,5,0.00,2.00,2.0,0.00,0.00,0.0,1.00,86892.00,74.9
202,0.00,7636.00,7636.0,64.91,8.00,656.00,664.0,65.56,4,14.71,4443,0.80,4513,51,5,6.00,2.00,8.0,0.00,0.00,0.0,2.00,147646.00,81.9
203,0.00,960.00,960.0,63.54,10.00,900.00,910.0,65.58,13,14.71,4442,0.80,4508,51,5,8.00,2.00,10.0,0.00,0.00,0.0,3.00,87073.00,81.9
204,0.00,960.00,960.0,69.54,4.95,1133.66,1138.6100000000001,65.6,12,14.71,4443,0.80,4501,50,4,2.00,0.00,2.0,2.00,2.00,4.0,3.00,107598.00,82.0
205,0.00,644.00,644.0,80.68,4.00,1437.00,1441.0,65.63,22,14.71,4443,0.80,4497,50,4,4.00,0.00,4.0,0.00,0.00,0.0,2.00,111371.00,82.5
206,0.00,464.00,464.0,75.22,7.00,1351.00,1358.0,65.66,4,14.34,4445,0.80,4510,51,4,4.00,4.00,8.0,0.00,0.00,0.0,3.00,143217.00,82.9
207,0.00,16.00,16.0,69.29,1.00,1268.00,1269.0,65.67,26,14.34,4445,0.80,4514,51,4,0.00,1.00,1.0,0.00,0.00,0.0,0.00,140319.00,82.7
208,0.00,1600.00,1600.0,74.97,7.00,1058.00,1065.0,65.69,23,14.34,4444,0.80,4516,50,4,2.00,0.00,2.0,4.00,4.00,8.0,0.00,161983.00,83.2
209,0.00,408.00,408.0,85.04,4.00,720.00,724.0,65.81,26,14.34,4441,0.80,4512,51,4,2.00,3.00,5.0,0.00,0.00,0.0,0.00,115307.00,83.7
210,0.00,80.00,80.0,85.05,2.00,794.00,796.0,66.05,4,14.34,4443,0.80,4506,51,4,0.00,2.00,2.0,0.00,0.00,0.0,3.00,89908.00,84.1
211,0.00,1364.00,1364.0,59.47,10.00,1223.00,1233.0,66.02,14,13.51,4444,0.80,4516,51,4,7.00,8.00,15.0,0.00,0.00,0.0,2.00,91563.00,79.0
212,0.00,180.00,180.0,34.09,8.00,1049.00,1057.0,66.03,15,13.51,4443,0.80,4519,50,4,6.00,0.00,6.0,0.00,0.00,0.0,0.00,59509.00,64.1
213,0.00,2592.00,2592.0,7.84,2.00,285.00,287.0,65.95,0,13.51,4443,0.80,4523,50,4,2.00,0.00,2.0,0.00,0.00,0.0,0.00,16391.00,40.7
214,0.00,132.00,132.0,3.92,9.00,196.00,205.0,65.95,0,13.51,4442,0.80,4520,51,4,6.00,4.00,10.0,0.00,0.00,0.0,0.00,13498.00,40.4
215,0.00,24.00,24.0,5.94,12.00,220.00,232.0,65.96,1,13.51,4439,0.80,4515,51,4,10.00,1.00,11.0,0.00,0.00,0.0,0.00,13095.00,40.2
216,0.00,560.00,560.0,6.88,7.00,250.00,257.0,65.93,1,12.75,4437,0.80,4503,50,4,6.00,0.00,6.0,0.00,0.00,0.0,2.00,17724.00,40.2
217,0.00,76.00,76.0,27.43,10.00,775.00,785.0,65.94,5,12.75,4441,0.80,4519,50,4,10.00,0.00,10.0,0.00,0.00,0.0,5.00,62346.00,59.2
218,4.00,26900.00,26904.0,42.23,13.00,859.00,872.0,65.95,2,12.75,4440,0.80,4525,50,4,8.00,0.00,8.0,4.00,4.00,8.0,1.00,112779.00,68.6
219,0.00,636.00,636.0,31.79,0.00,603.00,603.0,65.97,9,12.75,4441,0.80,4508,50,4,0.00,0.00,0.0,0.00,0.00,0.0,0.00,141405.00,68.0
220,0.00,552.00,552.0,39.85,7.00,893.00,900.0,65.98,3,12.75,4443,0.80,4518,50,5,6.00,0.00,6.0,1.00,1.00,2.0,4.00,75793.00,68.4
221,0.00,92.00,92.0,59.31,10.00,1224.00,1234.0,65.99,12,11.89,4444,0.80,4522,51,5,8.00,3.00,11.0,0.00,0.00,0.0,4.00,98709.00,80.3
222,0.00,896.00,896.0,54.59,1.00,794.00,795.0,66.02,3,11.89,4445,0.80,4535,50,5,0.00,0.00,0.0,0.00,0.00,0.0,1.00,104617.00,79.8
223,0.00,9320.00,9320.0,28.75,0.00,355.00,355.0,66.02,1,11.89,4445,0.80,4523,50,5,0.00,0.00,0.0,0.00,0.00,0.0,0.00,93688.00,63.2
224,0.00,480.00,480.0,32.58,2.00,552.00,554.0,66.03,1,11.89,4445,0.80,4525,51,4,0.00,3.00,3.0,0.00,0.00,0.0,0.00,54614.00,63.2
225,0.00,488.00,488.0,15.93,1.00,650.00,651.0,66.04,0,11.89,4444,0.80,4527,50,4,0.00,0.00,0.0,0.00,0.00,0.0,0.00,39947.00,51.6
226,0.00,264.00,264.0,7.18,0.00,262.00,262.0,66.04,4,10.93,4444,0.80,4526,50,4,0.00,0.00,0.0,0.00,0.00,0.0,2.00,23072.00,42.9
227,3.96,201.98,205.94,26.97,16.00,1269.00,1285.0,66.05,11,10.93,4443,0.80,4520,50,4,16.00,0.00,16.0,0.00,0.00,0.0,18.00,81079.00,55.7
228,0.00,772.00,772.0,47.46,6.00,1336.00,1342.0,66.07,2,10.93,4442,0.80,4518,50,4,2.00,0.00,2.0,4.00,4.00,8.0,0.00,122484.00,73.8
229,0.00,88.00,88.0,66.71,4.00,593.00,597.0,66.09,12,10.93,4442,0.80,4536,50,4,4.00,0.00,4.0,0.00,0.00,0.0,0.99,155184.16,79.7
230,0.00,40.00,40.0,60.23,4.00,733.00,737.0,66.11,2,10.93,4442,0.80,4519,50,4,4.00,0.00,4.0,0.00,0.00,0.0,3.00,120901.00,79.9
231,0.00,68.00,68.0,60.97,4.00,928.00,932.0,66.17,14,11.82,4442,0.80,4521,50,4,4.00,0.00,4.0,0.00,0.00,0.0,4.00,93082.00,79.5
232,0.00,1012.00,1012.0,84.74,7.00,1362.00,1369.0,66.32,12,11.82,4444,0.80,4522,50,4,6.00,0.00,6.0,0.00,0.00,0.0,4.00,68856.00,86.7
233,4.00,36452.00,36456.0,62.55,1.00,646.00,647.0,66.33,1,11.82,4444,0.80,4535,50,4,0.00,0.00,0.0,0.00,0.00,0.0,0.00,40421.00,80.2
234,0.00,13624.00,13624.0,5.21,4.00,187.00,191.0,66.33,0,11.82,4444,0.80,4534,50,4,4.00,0.00,4.0,0.00,0.00,0.0,0.00,13174.00,40.0
235,0.00,32.00,32.0,18.04,12.00,636.00,648.0,66.28,8,11.82,4444,0.80,4530,49,4,8.00,0.00,8.0,2.00,0.00,2.0,0.00,40085.00,48.9
236,0.00,20.00,20.0,44.3,10.00,1089.00,1099.0,66.3,10,10.95,4445,0.80,4523,49,4,10.00,0.00,10.0,0.00,0.00,0.0,4.00,101884.00,73.0
237,0.00,448.00,448.0,61.27,2.00,904.00,906.0,66.3,9,10.95,4445,0.80,4523,49,4,2.00,0.00,2.0,0.00,0.00,0.0,2.00,143397.00,73.4
238,0.00,124.00,124.0,57.47,6.00,1004.00,1010.0,66.3,14,10.95,4445,0.80,4520,49,4,2.00,0.00,2.0,4.00,4.00,8.0,0.00,132214.00,79.4
239,0.00,9008.00,9008.0,77.47,8.00,883.00,891.0,66.31,11,10.95,4445,0.80,4508,49,4,8.00,0.00,8.0,0.00,0.00,0.0,0.00,127381.00,79.9
240,0.00,800.00,800.0,80.55,2.00,1106.00,1108.0,66.36,2,10.95,4446,0.80,4510,49,4,2.00,0.00,2.0,0.00,0.00,0.0,1.00,90665.00,80.6
241,0.00,388.00,388.0,63.06,9.00,870.00,879.0,66.37,1,10.4,4446,0.80,4508,49,4,8.00,0.00,8.0,0.00,0.00,0.0,1.00,59499.00,80.7
242,0.00,840.00,840.0,24.27,0.00,538.00,538.0,66.36,1,10.4,4443,0.80,4514,49,4,0.00,0.00,0.0,0.00,0.00,0.0,0.00,32904.00,61.8
243,0.00,228.00,228.0,6.99,4.00,328.00,332.0,66.36,0,10.4,4443,0.80,4514,49,4,4.00,0.00,4.0,0.00,0.00,0.0,0.00,24224.00,41.7
244,0.00,432.00,432.0,26.98,13.00,1101.00,1114.0,66.37,1,10.4,4443,0.80,4518,49,4,12.00,0.00,12.0,0.00,0.00,0.0,1.00,74463.00,57.5
245,0.00,52.00,52.0,72.58,2.00,1119.00,1121.0,66.41,7,10.4,4444,0.80,4510,49,4,2.00,0.00,2.0,0.00,0.00,0.0,1.00,132777.00,84.0
246,0.00,16.00,16.0,60.68,4.00,980.00,984.0,66.43,12,10.52,4445,0.80,4527,49,4,4.00,0.00,4.0,0.00,0.00,0.0,3.00,151074.00,83.5
247,0.00,1236.00,1236.0,60.59,5.00,813.00,818.0,66.5,5,10.52,4445,0.80,4522,49,4,4.00,0.00,4.0,0.00,0.00,0.0,0.00,142487.00,83.3
248,0.00,180.00,180.0,53.03,8.00,1215.00,1223.0,66.49,16,10.52,4446,0.80,4516,49,4,4.00,0.00,4.0,4.00,4.00,8.0,1.00,103329.00,74.9
249,0.00,21888.00,21888.0,55.5,6.00,1308.00,1314.0,66.49,13,10.52,4446,0.80,4522,49,4,6.00,0.00,6.0,0.00,0.00,0.0,0.00,66028.00,75.1
250,0.00,44.00,44.0,13.64,2.00,314.00,316.0,66.5,0,10.52,4445,0.80,4528,49,4,2.00,0.00,2.0,0.00,0.00,0.0,1.00,22575.00,49.6
251,0.00,468.00,468.0,4.7,4.00,236.00,240.0,66.49,0,9.68,4445,0.80,4524,49,4,4.00,0.00,4.0,0.00,0.00,0.0,1.00,18343.00,39.3
252,0.00,160.00,160.0,26.3,8.00,748.00,756.0,66.47,7,9.68,4446,0.80,4523,49,4,8.00,0.00,8.0,0.00,0.00,0.0,3.00,59763.00,62.2
253,0.00,384.00,384.0,53.72,8.00,1186.00,1194.0,66.59,12,9.68,4445,0.80,4514,49,4,8.00,0.00,8.0,0.00,0.00,0.0,0.00,111694.00,78.8
254,0.00,21408.00,21408.0,53.18,7.00,976.00,983.0,66.59,14,9.68,4445,0.80,4518,49,6,4.00,1.00,5.0,2.00,1.00,3.0,0.00,156940.00,78.3
255,0.00,884.00,884.0,41.69,6.00,1060.00,1066.0,66.59,0,9.68,4446,0.80,4527,49,6,6.00,0.00,6.0,0.00,0.00,0.0,2.00,142624.00,71.2
256,0.00,288.00,288.0,46.31,2.00,1111.00,1113.0,66.6,12,9.23,4446,0.80,4523,49,6,2.00,0.00,2.0,0.00,0.00,0.0,2.00,123599.00,71.3
257,0.00,1008.00,1008.0,36.28,0.00,981.00,981.0,66.62,0,9.23,4447,0.80,4523,49,6,0.00,0.00,0.0,0.00,0.00,0.0,18.00,76038.00,70.8
258,0.00,132.00,132.0,22.15,0.00,468.00,468.0,66.62,1,9.23,4447,0.80,4533,49,5,0.00,0.00,0.0,0.00,0.00,0.0,0.00,34156.00,60.4
259,0.00,528.00,528.0,11.11,0.00,238.00,238.0,66.62,0,9.23,4447,0.80,4535,50,4,0.00,1.00,1.0,0.00,0.00,0.0,0.00,15258.00,49.0
260,0.00,28.00,28.0,3.93,0.00,95.00,95.0,66.63,0,9.23,4447,0.80,4533,50,4,0.00,0.00,0.0,0.00,0.00,0.0,0.00,12079.00,38.1
261,0.00,28.00,28.0,6.06,18.00,300.00,318.0,66.63,0,8.49,4446,0.80,4526,50,4,18.00,0.00,18.0,0.00,0.00,0.0,1.00,15460.00,38.3
262,0.00,496.00,496.0,2.94,4.00,133.00,137.0,66.63,0,8.49,4442,0.80,4512,49,5,2.00,0.00,2.0,1.00,0.00,1.0,0.00,11089.00,38.1
263,0.00,504.00,504.0,3.93,0.00,176.00,176.0,66.63,5,8.49,4443,0.80,4513,49,5,0.00,0.00,0.0,0.00,0.00,0.0,1.00,17342.00,38.1
264,0.00,644.00,644.0,23.06,20.00,1160.00,1180.0,66.64,6,8.49,4446,0.80,4523,49,5,20.00,0.00,20.0,0.00,0.00,0.0,4.00,72049.00,54.0
265,0.00,624.00,624.0,57.75,0.00,1330.00,1330.0,66.63,2,8.49,4442,0.80,4515,49,5,0.00,0.00,0.0,0.00,0.00,0.0,0.00,128458.00,77.6
266,0.00,12.00,12.0,54.12,6.00,855.00,861.0,66.65,12,8.85,4440,0.80,4513,49,5,6.00,0.00,6.0,0.00,0.00,0.0,2.00,192808.00,77.5
267,0.00,36.00,36.0,41.17,4.00,844.00,848.0,66.67,3,8.85,4441,0.80,4509,50,4,4.00,0.00,4.0,0.00,0.00,0.0,3.00,109971.00,69.5
268,0.00,612.00,612.0,46.85,4.00,1425.00,1429.0,66.69,3,8.85,4446,0.80,4516,50,4,0.00,1.00,1.0,4.00,4.00,8.0,5.00,111399.00,69.8
269,4.00,39796.00,39800.0,32.06,9.00,1627.00,1636.0,66.7,1,8.85,4447,0.80,4520,50,4,8.00,0.00,8.0,0.00,0.00,0.0,1.00,81062.00,63.5
270,0.00,16756.00,16756.0,52.45,3.00,1209.00,1212.0,66.72,8,8.85,4447,0.80,4522,50,4,2.00,0.00,2.0,0.00,0.00,0.0,0.00,115137.00,72.3
271,0.00,516.00,516.0,43.99,3.00,1193.00,1196.0,66.73,23,8.62,4447,0.80,4530,49,5,0.00,0.00,0.0,1.00,0.00,1.0,1.00,116866.00,72.4
272,0.00,716.00,716.0,63.94,8.00,781.00,789.0,66.76,14,8.62,4447,0.80,4529,49,5,8.00,0.00,8.0,0.00,0.00,0.0,0.00,180498.00,82.5
273,0.00,716.00,716.0,31.03,2.00,896.00,898.0,66.77,4,8.62,4446,0.80,4527,49,5,2.00,0.00,2.0,0.00,0.00,0.0,0.00,86040.00,60.4
274,0.00,452.00,452.0,51.91,3.00,1663.00,1666.0,66.84,2,8.62,4447,0.80,4534,49,5,2.00,0.00,2.0,0.00,0.00,0.0,1.00,82258.00,74.6
275,0.00,192.00,192.0,21.47,8.00,635.00,643.0,66.85,0,8.62,4447,0.80,4543,49,5,8.00,0.00,8.0,0.00,0.00,0.0,0.00,36670.00,54.3
276,0.00,536.00,536.0,4.81,2.00,116.00,118.0,66.85,0,8.09,4447,0.80,4543,50,4,0.00,3.00,3.0,0.00,0.00,0.0,1.00,12197.00,39.9
277,0.00,0.00,0.0,3.18,5.00,167.00,172.0,66.85,0,8.09,4447,0.80,4542,50,4,2.00,2.00,4.0,0.00,0.00,0.0,0.00,12688.00,39.6
278,0.00,96.00,96.0,5.58,20.00,258.00,278.0,66.86,0,8.09,4446,0.80,4536,50,4,18.00,2.00,20.0,0.00,0.00,0.0,0.00,14133.00,39.7
279,0.00,304.00,304.0,2.41,2.00,106.00,108.0,66.81,0,8.09,4441,0.80,4520,50,4,0.00,2.00,2.0,0.00,0.00,0.0,0.00,11387.00,39.4
280,0.00,17352.00,17352.0,14.43,14.00,797.00,811.0,66.82,0,8.09,4444,0.80,4523,50,4,12.00,2.00,14.0,0.00,0.00,0.0,3.00,45444.00,47.2
281,0.00,56.00,56.0,38.32,8.00,1390.00,1398.0,66.83,8,7.6,4445,0.80,4523,50,4,8.00,0.00,8.0,0.00,0.00,0.0,3.00,130394.00,67.1
282,0.00,612.00,612.0,61.5,0.00,984.00,984.0,66.88,10,7.6,4443,0.80,4515,50,4,0.00,0.00,0.0,0.00,0.00,0.0,1.00,156618.00,80.0
283,0.00,324.00,324.0,74.31,12.00,721.00,733.0,66.9,10,7.6,4441,0.80,4505,50,4,10.00,2.00,12.0,0.00,0.00,0.0,2.00,144833.00,86.0
284,0.00,204.00,204.0,72.54,0.00,900.00,900.0,66.89,18,7.6,4444,0.80,4506,50,4,0.00,0.00,0.0,0.00,0.00,0.0,4.00,85670.00,85.9
285,0.00,14992.00,14992.0,57.83,0.00,1399.00,1399.0,67.01,5,7.6,4447,0.80,4515,50,4,0.00,0.00,0.0,0.00,0.00,0.0,3.00,92318.00,79.0
286,0.00,560.00,560.0,52.72,12.00,1726.00,1738.0,67.02,8,7.15,4446,0.80,4516,50,4,10.00,2.00,12.0,0.00,0.00,0.0,1.00,89046.00,78.6
287,0.00,364.00,364.0,60.23,2.00,1328.00,1330.0,67.0,1,7.15,4447,0.80,4521,50,4,0.00,2.00,2.0,0.00,0.00,0.0,20.00,130736.00,78.9
288,0.00,99.01,99.01,55.09,7.00,781.00,788.0,67.05,14,7.15,4447,0.80,4534,50,4,2.00,1.00,3.0,4.00,4.00,8.0,0.00,171278.00,78.7
289,0.00,120.00,120.0,36.5,11.00,887.00,898.0,67.07,3,7.15,4447,0.80,4512,50,5,10.00,1.00,11.0,1.00,1.00,2.0,0.00,119421.00,66.0
290,0.00,8440.00,8440.0,41.47,0.00,1263.00,1263.0,67.07,10,7.15,4446,0.80,4508,50,5,0.00,0.00,0.0,0.00,0.00,0.0,1.00,113515.00,66.5
291,0.00,608.00,608.0,33.5,3.00,1358.00,1361.0,67.07,0,6.9,4446,0.80,4513,49,5,2.00,0.00,2.0,0.00,0.00,0.0,2.00,69570.00,66.5
292,0.00,488.00,488.0,2.68,2.00,2.00,4.0,67.08,0,6.9,4446,0.80,4513,49,5,0.00,0.00,0.0,0.00,0.00,0.0,0.00,11011.00,36.7
293,0.00,112.00,112.0,3.92,0.00,129.00,129.0,67.08,0,6.9,4445,0.80,4521,49,4,0.00,0.00,0.0,0.00,0.00,0.0,0.00,12062.00,36.8
294,0.00,152.00,152.0,3.3,0.00,117.00,117.0,67.08,0,6.9,4443,0.80,4521,49,4,0.00,0.00,0.0,0.00,0.00,0.0,0.00,11826.00,36.8
295,0.00,556.00,556.0,4.07,4.00,187.00,191.0,67.08,0,6.9,4439,0.80,4510,49,4,4.00,0.00,4.0,0.00,0.00,0.0,0.00,13772.00,37.0
296,0.00,0.00,0.0,4.69,16.00,255.00,271.0,67.08,0,6.35,4436,0.80,4492,49,4,16.00,0.00,16.0,0.00,0.00,0.0,1.00,12989.00,37.2
297,0.00,188.00,188.0,2.68,0.00,102.00,102.0,67.08,0,6.35,4434,0.80,4484,49,4,0.00,0.00,0.0,0.00,0.00,0.0,0.00,11538.00,37.0
298,0.00,100.00,100.0,4.69,18.00,333.00,351.0,67.08,3,6.35,4434,0.80,4481,49,4,14.00,0.00,14.0,4.00,4.00,8.0,1.00,18263.00,37.2
299,0.00,104.00,104.0,13.92,7.00,418.00,425.0,67.09,0,6.35,4439,0.80,4502,49,4,6.00,0.00,6.0,0.00,0.00,0.0,7.00,44399.00,46.7
300,4.00,34888.00,34892.0,14.76,0.00,331.00,331.0,67.11,3,6.35,4439,0.80,4507,49,4,0.00,0.00,0.0,0.00,0.00,0.0,1.00,63339.00,46.8
301,0.00,744.00,744.0,16.75,16.00,892.00,908.0,67.1,1,5.92,4439,0.80,4499,49,4,16.00,0.00,16.0,0.00,0.00,0.0,1.00,64963.00,47.4
302,0.00,796.00,796.0,57.63,3.00,1412.00,1415.0,67.14,10,5.92,4442,0.80,4499,49,4,2.00,0.00,2.0,0.00,0.00,0.0,4.00,121543.00,79.4
303,0.00,748.00,748.0,56.44,4.00,1217.00,1221.0,67.2,23,5.92,4444,0.80,4519,49,4,4.00,0.00,4.0,0.00,0.00,0.0,2.00,150138.00,79.2
304,0.00,196.00,196.0,74.3,6.00,1449.00,1455.0,67.16,8,5.92,4445,0.80,4510,49,4,6.00,0.00,6.0,0.00,0.00,0.0,5.00,157244.00,84.4
305,0.00,476.00,476.0,76.68,0.00,1579.00,1579.0,67.18,12,5.92,4446,0.80,4507,49,4,0.00,0.00,0.0,0.00,0.00,0.0,1.00,157665.00,84.4
306,0.00,19292.00,19292.0,76.16,3.00,1632.00,1635.0,67.19,18,6.73,4449,0.80,4504,49,4,2.00,0.00,2.0,0.00,0.00,0.0,22.00,162373.00,84.6
307,0.00,892.00,892.0,66.79,0.00,1282.00,1282.0,67.22,2,6.73,4448,0.80,4511,49,4,0.00,0.00,0.0,0.00,0.00,0.0,0.00,170269.00,84.4
308,0.00,164.00,164.0,32.52,4.00,1131.00,1135.0,67.22,15,6.73,4449,0.80,4522,49,4,0.00,0.00,0.0,4.00,4.00,8.0,1.00,114263.00,63.0
309,0.00,1020.00,1020.0,43.29,2.00,1632.00,1634.0,67.23,2,6.73,4448,0.80,4516,49,4,2.00,0.00,2.0,0.00,0.00,0.0,0.00,95278.00,73.0
310,0.00,264.00,264.0,16.14,6.00,656.00,662.0,67.24,0,6.73,4448,0.80,4521,49,4,6.00,0.00,6.0,0.00,0.00,0.0,0.00,34695.00,50.5
311,0.00,14992.00,14992.0,2.52,2.00,129.00,131.0,67.24,0,6.19,4447,0.80,4521,49,4,2.00,0.00,2.0,0.00,0.00,0.0,1.00,12278.00,38.7
312,0.00,180.00,180.0,5.19,10.00,179.00,189.0,67.24,0,6.19,4446,0.80,4519,49,4,10.00,1.00,11.0,0.00,0.00,0.0,0.00,13626.00,38.5
313,0.00,116.00,116.0,4.44,12.00,240.00,252.0,67.24,0,6.19,4445,0.80,4514,49,4,12.00,0.00,12.0,0.00,0.00,0.0,0.00,14017.00,38.6
314,0.00,164.00,164.0,3.06,0.00,151.00,151.0,67.24,0,6.19,4438,0.80,4485,49,4,0.00,0.00,0.0,0.00,0.00,0.0,0.00,13263.00,38.4
315,0.00,752.00,752.0,11.44,12.00,451.00,463.0,67.24,1,6.19,4444,0.80,4498,49,4,12.00,0.00,12.0,0.00,0.00,0.0,8.00,35480.00,47.0
316,0.00,11152.00,11152.0,11.44,8.00,426.00,434.0,67.25,0,5.69,4443,0.80,4501,49,4,8.00,0.00,8.0,0.00,0.00,0.0,1.00,45677.00,46.5
317,0.00,724.00,724.0,10.78,0.00,255.00,255.0,67.26,0,5.69,4443,0.80,4499,49,4,0.00,0.00,0.0,0.00,0.00,0.0,17.00,67054.00,46.5
318,0.00,300.00,300.0,20.3,16.00,943.00,959.0,67.27,5,5.69,4444,0.80,4504,49,4,16.00,0.00,16.0,0.00,0.00,0.0,4.00,61555.00,51.6
319,0.00,152.00,152.0,51.97,2.00,1408.00,1410.0,67.29,7,5.69,4445,0.80,4502,49,4,2.00,0.00,2.0,0.00,0.00,0.0,1.00,113174.00,75.8
320,0.00,48.00,48.0,46.87,2.00,1028.00,1030.0,67.33,9,5.69,4447,0.80,4529,49,4,2.00,0.00,2.0,0.00,0.00,0.0,2.00,174501.00,75.7
321,0.00,10212.00,10212.0,67.38,8.00,1498.00,1506.0,67.32,18,7.24,4447,0.80,4493,49,4,8.00,0.00,8.0,0.00,0.00,0.0,1.00,141432.00,83.2
322,0.00,652.00,652.0,78.82,2.00,1476.00,1478.0,67.34,11,7.24,4448,0.80,4486,49,4,2.00,0.00,2.0,0.00,0.00,0.0,1.00,147335.00,83.4
323,0.00,1288.00,1288.0,77.97,0.00,1711.00,1711.0,67.37,20,7.24,4446,0.80,4479,49,4,0.00,0.00,0.0,0.00,0.00,0.0,1.00,155508.00,83.7
324,0.00,668.00,668.0,68.48,4.00,1242.00,1246.0,67.4,3,7.24,4446,0.80,4499,50,5,0.00,4.00,4.0,1.00,1.00,2.0,0.00,182898.00,83.7
325,0.00,844.00,844.0,49.3,5.00,958.00,963.0,67.41,0,7.24,4447,0.80,4509,50,5,2.00,3.00,5.0,0.00,0.00,0.0,3.00,96770.00,74.1
326,0.00,812.00,812.0,35.74,2.00,1587.00,1589.0,67.42,2,7.14,4447,0.80,4509,50,5,0.00,2.00,2.0,0.00,0.00,0.0,1.00,107018.00,66.7
327,0.00,168.00,168.0,17.2,2.00,591.00,593.0,67.43,0,7.14,4446,0.80,4514,50,5,0.00,2.00,2.0,0.00,0.00,0.0,0.00,43045.00,51.6
328,0.00,108.00,108.0,3.9,7.00,145.00,152.0,67.43,2,7.14,4445,0.80,4522,50,4,0.00,2.00,2.0,4.00,4.00,8.0,0.00,11559.00,37.5
329,0.00,104.00,104.0,2.9,1.00,108.00,109.0,67.43,0,7.14,4445,0.80,4522,50,4,0.00,0.00,0.0,0.00,0.00,0.0,0.00,11480.00,37.4
330,0.00,32.00,32.0,4.47,0.00,132.00,132.0,67.43,0,7.14,4439,0.80,4494,50,4,0.00,0.00,0.0,0.00,0.00,0.0,0.00,15889.00,37.5
331,0.00,33188.00,33188.0,5.18,24.00,316.00,340.0,67.44,0,6.57,4439,0.80,4485,50,4,20.00,2.00,22.0,0.00,0.00,0.0,1.00,14335.00,37.5
332,0.00,1088.00,1088.0,2.4,1.00,117.00,118.0,67.44,0,6.57,4438,0.80,4481,50,4,0.00,0.00,0.0,0.00,0.00,0.0,0.00,11365.00,37.6
333,0.00,340.00,340.0,4.16,6.00,169.00,175.0,67.44,0,6.57,4437,0.80,4477,50,4,6.00,0.00,6.0,0.00,0.00,0.0,0.00,14085.00,37.7
334,0.00,140.00,140.0,9.06,16.00,477.00,493.0,67.44,5,6.57,4439,0.80,4480,50,4,14.00,2.00,16.0,0.00,0.00,0.0,3.00,27753.00,38.2
335,0.00,40.00,40.0,12.5,1.00,365.00,366.0,67.44,1,6.57,4439,0.80,4488,50,4,0.00,0.00,0.0,0.00,0.00,0.0,3.00,43071.00,45.5
336,0.00,524.00,524.0,14.36,18.00,396.00,414.0,67.45,0,6.04,4441,0.80,4496,50,4,16.00,0.00,16.0,0.00,0.00,0.0,3.00,72920.00,45.6
337,0.00,19428.00,19428.0,8.58,0.00,361.00,361.0,67.45,0,6.04,4445,0.80,4504,50,4,2.00,0.00,2.0,0.00,0.00,0.0,4.00,36324.00,45.3
338,0.00,136.00,136.0,10.93,4.00,536.00,540.0,67.46,1,6.04,4446,0.80,4504,50,4,0.00,0.00,0.0,4.00,4.00,8.0,1.00,30516.00,45.5
339,0.00,508.00,508.0,31.11,18.00,1708.00,1726.0,67.47,14,6.04,4447,0.80,4492,50,4,18.00,0.00,18.0,0.00,0.00,0.0,1.00,95038.00,59.5
340,0.00,572.00,572.0,75.38,0.00,1824.00,1824.0,67.5,7,6.04,4447,0.80,4504,50,4,0.00,0.00,0.0,0.00,0.00,0.0,2.00,175893.00,85.7
341,0.00,168.00,168.0,58.89,4.95,1667.33,1672.28,67.52,21,6.52,4446,0.80,4516,50,4,2.00,3.00,5.0,0.00,0.00,0.0,1.00,213219.00,80.2
342,0.00,21892.00,21892.0,65.1,1.00,1274.00,1275.0,67.55,18,6.52,4447,0.80,4523,50,4,0.00,1.00,1.0,0.00,0.00,0.0,2.00,165391.00,80.4
343,0.00,768.00,768.0,61.22,0.00,1788.00,1788.0,67.57,19,6.52,4449,0.80,4526,50,4,0.00,0.00,0.0,0.00,0.00,0.0,2.00,139222.00,80.2
344,0.00,268.00,268.0,78.51,2.00,1893.00,1895.0,67.61,7,6.52,4449,0.80,4525,50,4,2.00,0.00,2.0,0.00,0.00,0.0,1.00,119245.00,80.8
345,0.00,928.00,928.0,43.13,0.00,1495.00,1495.0,67.64,1,6.52,4449,0.80,4537,50,4,0.00,0.00,0.0,0.00,0.00,0.0,0.00,71709.00,72.4
346,0.00,220.00,220.0,4.83,0.00,143.00,143.0,67.63,0,6.0,4449,0.80,4538,50,4,0.00,0.00,0.0,0.00,0.00,0.0,1.00,11337.00,41.7
347,8.00,4508.00,4516.0,4.05,6.00,192.00,198.0,67.64,0,6.0,4449,0.80,4533,50,4,6.00,0.00,6.0,0.00,0.00,0.0,16.00,16018.00,41.3
348,0.00,116.00,116.0,4.53,14.00,247.00,261.0,67.64,0,6.0,4447,0.80,4529,50,4,12.00,0.00,12.0,0.00,0.00,0.0,0.00,13250.00,41.0
349,0.00,72.00,72.0,5.44,5.00,209.00,214.0,67.62,0,6.0,4445,0.80,4520,50,4,4.00,3.00,7.0,0.00,0.00,0.0,1.00,15983.00,40.6
350,0.00,40.00,40.0,9.77,8.00,424.00,432.0,67.62,1,6.0,4447,0.80,4520,50,4,8.00,0.00,8.0,0.00,0.00,0.0,5.00,42995.00,40.9
351,0.00,40.00,40.0,11.6,10.00,413.00,423.0,67.62,3,5.52,4447,0.80,4519,50,4,10.00,0.00,10.0,0.00,0.00,0.0,2.00,50620.00,41.3
352,0.00,12172.00,12172.0,11.73,4.00,276.00,280.0,67.63,1,5.52,4442,0.80,4500,49,4,2.00,0.00,2.0,0.00,0.00,0.0,0.00,48173.00,47.2
353,0.00,368.00,368.0,8.72,10.00,466.00,476.0,67.63,0,5.52,4445,0.80,4502,49,4,10.00,0.00,10.0,0.00,0.00,0.0,4.00,39540.00,46.6
354,0.00,188.00,188.0,7.83,6.00,437.00,443.0,67.64,0,5.52,4445,0.80,4504,49,4,6.00,0.00,6.0,0.00,0.00,0.0,2.00,23874.00,46.2
355,0.00,36.00,36.0,5.3,2.00,342.00,344.0,67.64,1,5.52,4446,0.80,4504,49,4,2.00,0.00,2.0,0.00,0.00,0.0,1.00,24534.00,38.4
356,0.00,272.00,272.0,28.63,12.00,1492.00,1504.0,67.65,14,6.2,4446,0.80,4497,49,4,12.00,0.00,12.0,0.00,0.00,0.0,1.00,106385.00,59.2
357,0.00,9164.00,9164.0,57.45,6.00,2039.00,2045.0,67.67,12,6.2,4446,0.80,4496,49,4,6.00,0.00,6.0,0.00,0.00,0.0,0.00,174001.00,77.9
358,0.00,108.00,108.0,67.65,7.00,1591.00,1598.0,67.7,10,6.2,4447,0.80,4514,49,4,1.00,1.00,2.0,4.00,4.00,8.0,0.99,191873.27,83.4
359,0.00,140.00,140.0,68.15,0.00,1208.00,1208.0,67.72,14,6.2,4447,0.80,4492,49,4,0.00,0.00,0.0,0.00,0.00,0.0,1.00,209075.00,83.5
360,0.00,616.00,616.0,78.03,3.00,1513.00,1516.0,67.77,17,6.2,4444,0.80,4496,50,5,2.00,1.00,3.0,1.00,1.00,2.0,0.00,134566.00,83.6
361,0.00,716.00,716.0,76.11,5.00,1773.00,1778.0,67.79,18,6.9,4447,0.80,4504,50,5,0.00,4.00,4.0,0.00,0.00,0.0,4.00,119204.00,83.7
362,0.00,1640.00,1640.0,49.62,0.00,1629.00,1629.0,67.81,2,6.9,4447,0.80,4512,50,5,0.00,0.00,0.0,0.00,0.00,0.0,0.00,77513.00,75.8
363,0.00,448.00,448.0,23.34,0.00,219.00,219.0,67.81,1,6.9,4447,0.80,4513,50,5,0.00,0.00,0.0,0.00,0.00,0.0,0.00,24270.00,60.6
364,0.00,128.00,128.0,9.69,2.00,134.00,136.0,67.81,0,6.9,4446,0.80,4521,50,4,0.00,1.00,1.0,0.00,0.00,0.0,0.00,11687.00,47.0
365,0.00,40.00,40.0,2.44,0.00,119.00,119.0,67.81,0,6.9,4442,0.80,4507,50,4,0.00,0.00,0.0,0.00,0.00,0.0,0.00,11779.00,36.4
366,0.00,0.00,0.0,3.32,2.00,185.00,187.0,67.81,0,6.35,4440,0.80,4496,50,4,2.00,0.00,2.0,0.00,0.00,0.0,1.00,13330.00,36.5
367,0.00,34936.00,34936.0,3.8,18.00,259.00,277.0,67.81,0,6.35,4440,0.80,4492,50,4,18.00,0.00,18.0,0.00,0.00,0.0,0.00,13661.00,36.7
368,0.00,14172.00,14172.0,3.04,4.00,123.00,127.0,67.81,0,6.35,4435,0.80,4474,50,4,0.00,0.00,0.0,4.00,4.00,8.0,0.00,12459.00,37.0
369,0.00,320.00,320.0,5.29,16.00,338.00,354.0,67.81,2,6.35,4435,0.80,4469,50,4,16.00,0.00,16.0,0.00,0.00,0.0,1.00,18460.00,37.3
370,0.00,44.00,44.0,10.17,4.00,432.00,436.0,67.81,0,6.35,4440,0.80,4493,50,4,4.00,0.00,4.0,0.00,0.00,0.0,5.00,44556.00,44.2
371,0.00,612.00,612.0,12.23,3.00,295.00,298.0,67.81,1,6.16,4440,0.80,4495,50,4,0.00,3.00,3.0,0.00,0.00,0.0,2.00,67797.00,44.3
372,0.00,208.00,208.0,11.36,20.00,428.00,448.0,67.82,0,6.16,4442,0.80,4499,50,4,18.00,2.00,20.0,0.00,0.00,0.0,2.00,32794.00,44.5
373,4.00,29796.00,29800.0,14.09,2.00,444.00,446.0,67.83,1,6.16,4446,0.80,4509,50,4,0.00,2.00,2.0,0.00,0.00,0.0,4.00,38713.00,45.1
374,0.00,140.00,140.0,10.24,4.00,575.00,579.0,67.83,0,6.16,4448,0.80,4509,50,4,4.00,0.00,4.0,0.00,0.00,0.0,2.00,36016.00,45.1
375,0.00,1188.00,1188.0,41.21,14.00,1826.00,1840.0,67.85,12,6.16,4448,0.80,4501,50,4,14.00,0.00,14.0,0.00,0.00,0.0,2.00,119824.00,66.8
376,0.00,24.00,24.0,79.72,2.00,1650.00,1652.0,67.91,24,6.79,4448,0.80,4501,50,4,0.00,2.00,2.0,0.00,0.00,0.0,1.00,164475.00,85.7
377,0.00,522.77,522.77,76.83,3.00,1301.00,1304.0,68.09,15,6.79,4448,0.80,4521,50,4,3.00,1.00,4.0,0.00,0.00,0.0,0.00,179411.00,85.7
378,0.00,544.00,544.0,73.99,0.00,1157.00,1157.0,68.12,9,6.79,4448,0.80,4525,50,4,0.00,0.00,0.0,0.00,0.00,0.0,19.00,153153.00,85.5
379,0.00,324.00,324.0,68.56,2.00,1500.00,1502.0,68.07,9,6.79,4448,0.80,4516,50,4,0.00,2.00,2.0,0.00,0.00,0.0,0.00,147196.00,85.2
380,0.00,640.00,640.0,66.84,3.00,2513.00,2516.0,68.09,9,6.79,4448,0.80,4509,50,4,2.00,1.00,3.0,0.00,0.00,0.0,1.00,140257.00,84.8
381,0.00,488.00,488.0,30.69,2.00,1624.00,1626.0,68.1,0,6.32,4447,0.80,4526,50,4,0.00,2.00,2.0,0.00,0.00,0.0,1.00,74665.00,59.1
382,0.00,204.00,204.0,4.18,3.00,142.00,145.0,68.07,0,6.32,4447,0.80,4526,50,4,0.00,1.00,1.0,0.00,0.00,0.0,0.00,12261.00,39.0
383,0.00,13104.00,13104.0,3.95,2.00,173.00,175.0,68.07,0,6.32,4447,0.80,4523,50,4,4.00,0.00,4.0,0.00,0.00,0.0,0.00,13320.00,39.0
384,0.00,740.00,740.0,4.96,16.00,267.00,283.0,68.07,2,6.32,4446,0.80,4515,50,4,16.00,0.00,16.0,0.00,0.00,0.0,0.00,13651.00,39.0
385,0.00,616.00,616.0,4.71,2.00,277.00,279.0,68.07,0,6.32,4442,0.80,4498,50,4,2.00,0.00,2.0,0.00,0.00,0.0,2.00,20953.00,39.1
386,0.00,8.00,8.0,12.28,5.00,476.00,481.0,68.08,0,5.82,4447,0.80,4512,50,4,5.00,1.00,6.0,0.00,0.00,0.0,7.00,47038.00,48.3
387,0.00,8.00,8.0,12.53,15.00,372.00,387.0,68.08,1,5.82,4447,0.80,4518,50,4,14.00,0.00,14.0,0.00,0.00,0.0,2.00,73569.00,47.8
388,0.00,6656.00,6656.0,11.77,4.00,309.00,313.0,68.12,9,5.82,4445,0.80,4508,50,4,0.00,0.00,0.0,4.00,4.00,8.0,2.00,30529.00,48.0
389,0.00,432.00,432.0,12.8,16.00,586.00,602.0,68.09,0,5.82,4446,0.80,4508,50,4,12.00,3.00,15.0,0.00,0.00,0.0,3.00,31828.00,47.8
390,0.00,44.00,44.0,5.1,7.00,235.00,242.0,68.09,0,5.82,4447,0.80,4511,49,4,6.00,0.00,6.0,0.00,0.00,0.0,1.00,16584.00,40.0
391,0.00,36.00,36.0,3.55,2.00,263.00,265.0,68.1,0,5.43,4447,0.80,4508,49,4,0.00,0.00,0.0,0.00,0.00,0.0,1.00,20542.00,39.6
392,0.00,976.00,976.0,36.86,18.00,1787.00,1805.0,68.11,2,5.43,4446,0.80,4508,49,4,18.00,0.00,18.0,0.00,0.00,0.0,0.00,105185.00,69.5
393,0.00,11584.00,11584.0,69.1,2.00,1972.00,1974.0,68.13,13,5.43,4446,0.80,4509,49,4,2.00,0.00,2.0,0.00,0.00,0.0,0.00,180918.00,84.4
394,0.00,112.00,112.0,76.84,1.00,1236.00,1237.0,68.16,15,5.43,4446,0.80,4511,49,4,0.00,0.00,0.0,0.00,0.00,0.0,0.00,175636.00,84.5
395,0.00,68.00,68.0,76.9,2.00,665.00,667.0,68.18,17,5.43,4447,0.80,4533,50,5,0.00,0.99,0.99,1.00,1.00,2.0,1.00,198751.00,84.6
396,0.00,64.00,64.0,58.28,3.00,1450.00,1453.0,68.21,16,5.64,4447,0.80,4518,50,5,2.00,1.00,3.0,0.00,0.00,0.0,2.00,160305.00,79.0
397,0.00,1500.00,1500.0,66.75,2.00,2226.00,2228.0,68.25,4,5.64,4448,0.80,4519,50,5,0.00,2.00,2.0,0.00,0.00,0.0,1.00,154772.00,79.3
398,0.00,1428.00,1428.0,43.82,5.00,2116.00,2121.0,68.27,7,5.64,4448,0.80,4527,50,5,0.00,1.00,1.0,4.00,4.00,8.0,0.00,97303.00,72.6
399,0.00,420.00,420.0,14.38,0.00,183.00,183.0,68.27,0,5.64,4448,0.80,4538,50,4,0.00,0.00,0.0,0.00,0.00,0.0,0.00,17144.00,52.1
400,0.00,220.00,220.0,6.33,0.00,168.00,168.0,68.26,0,5.64,4446,0.80,4531,50,4,0.00,0.00,0.0,0.00,0.00,0.0,0.00,11849.00,41.0
401,0.00,40.00,40.0,1.54,3.00,89.00,92.0,68.26,0,5.18,4442,0.80,4517,50,4,0.00,3.00,3.0,0.00,0.00,0.0,1.00,11453.00,40.5
402,0.00,208.00,208.0,5.18,15.00,307.00,322.0,68.27,0,5.18,4441,0.80,4496,50,4,14.00,1.00,15.0,0.00,0.00,0.0,0.00,15493.00,40.3
403,0.00,360.00,360.0,2.81,6.00,166.00,172.0,68.27,0,5.18,4439,0.80,4490,50,4,6.00,0.00,6.0,0.00,0.00,0.0,0.00,12203.00,39.9
404,0.00,64432.00,64432.0,2.29,0.00,108.00,108.0,68.27,0,5.18,4436,0.80,4480,50,4,0.00,0.00,0.0,0.00,0.00,0.0,0.00,12332.00,39.6
405,0.00,524.00,524.0,5.05,14.00,366.00,380.0,68.27,0,5.18,4435,0.80,4477,50,4,14.00,0.00,14.0,0.00,0.00,0.0,1.00,20322.00,39.7
406,0.00,472.00,472.0,10.1,4.00,420.00,424.0,68.27,0,4.77,4440,0.80,4491,50,4,1.00,4.00,5.0,0.00,0.00,0.0,9.00,44541.00,40.2
407,0.00,128.00,128.0,20.25,0.00,320.00,320.0,68.28,1,4.77,4440,0.80,4493,50,4,0.00,0.00,0.0,0.00,0.00,0.0,1.00,65166.00,55.4
408,0.00,292.00,292.0,10.91,22.00,404.00,426.0,68.29,0,4.77,4442,0.80,4501,50,4,18.00,0.00,18.0,4.00,4.00,8.0,18.00,34944.00,46.4
409,4.00,10832.00,10836.0,11.71,0.00,490.00,490.0,68.3,0,4.77,4446,0.80,4513,50,4,0.00,0.00,0.0,0.00,0.00,0.0,4.00,36169.00,46.6
410,0.00,48.00,48.0,9.46,10.00,893.00,903.0,68.3,0,4.77,4447,0.80,4510,50,4,10.00,0.00,10.0,0.00,0.00,0.0,1.00,49474.00,46.2
411,0.00,432.00,432.0,57.12,8.00,1795.00,1803.0,68.32,11,5.27,4447,0.80,4512,50,4,8.00,0.00,8.0,0.00,0.00,0.0,3.00,141960.00,75.0
412,0.00,232.00,232.0,61.14,1.00,2047.00,2048.0,68.34,7,5.27,4447,0.80,4519,50,4,0.00,0.00,0.0,0.00,0.00,0.0,0.00,171370.00,81.7
413,0.00,548.00,548.0,75.35,2.00,922.00,924.0,68.37,24,5.27,4448,0.80,4533,50,4,2.00,0.00,2.0,0.00,0.00,0.0,1.00,199991.00,82.2
414,0.00,1360.00,1360.0,77.05,0.00,986.00,986.0,68.41,21,5.27,4448,0.80,4512,50,4,0.00,0.00,0.0,0.00,0.00,0.0,1.00,169830.00,82.6
415,0.00,732.00,732.0,55.34,0.00,1869.00,1869.0,68.44,18,5.27,4449,0.80,4509,50,4,0.00,0.00,0.0,0.00,0.00,0.0,1.00,139791.00,77.3
416,0.00,344.00,344.0,58.1,5.00,2552.00,2557.0,68.48,17,5.09,4447,0.80,4518,50,4,2.00,3.00,5.0,0.00,0.00,0.0,1.00,131392.00,77.4
417,0.00,204.00,204.0,22.32,1.00,1032.00,1033.0,68.48,0,5.09,4447,0.80,4531,50,4,0.00,1.00,1.0,0.00,0.00,0.0,0.00,51793.00,54.0
418,0.00,60.00,60.0,4.92,7.00,160.00,167.0,68.48,0,5.09,4447,0.80,4531,50,4,2.00,1.00,3.0,4.00,4.00,8.0,0.00,12669.00,37.5
419,0.00,17988.00,17988.0,3.43,7.00,200.00,207.0,68.48,0,5.09,4447,0.80,4527,50,4,4.00,2.00,6.0,0.00,0.00,0.0,0.00,13323.00,37.5
420,0.00,0.00,0.0,4.3,16.00,253.00,269.0,68.46,0,5.09,4445,0.80,4520,50,4,14.00,2.00,16.0,0.00,0.00,0.0,0.00,13535.00,37.5
421,0.00,448.00,448.0,4.18,5.00,273.00,278.0,68.46,0,4.68,4442,0.80,4497,50,4,2.00,2.00,4.0,0.00,0.00,0.0,3.00,21514.00,37.7
422,0.00,572.00,572.0,16.73,13.00,529.00,542.0,68.47,0,4.68,4447,0.80,4517,50,4,10.00,0.00,10.0,2.00,2.00,4.0,6.00,45834.00,52.1
423,0.00,412.00,412.0,12.13,8.00,352.00,360.0,68.47,0,4.68,4445,0.80,4515,50,4,8.00,0.00,8.0,0.00,0.00,0.0,1.00,73015.00,44.8
424,0.00,4096.00,4096.0,11.84,4.00,290.00,294.0,68.48,1,4.68,4445,0.80,4508,49,4,2.00,1.00,3.0,0.00,0.00,0.0,3.00,33731.00,44.9
425,0.00,72.00,72.0,14.68,14.00,586.00,600.0,68.48,0,4.68,4447,0.80,4510,49,4,14.00,0.00,14.0,0.00,0.00,0.0,3.00,28967.00,50.7
426,0.00,8.00,8.0,5.6,2.00,204.00,206.0,68.49,0,4.3,4448,0.80,4514,49,4,2.00,0.00,2.0,0.00,0.00,0.0,2.00,17663.00,39.3
427,0.00,4.00,4.0,7.63,6.00,574.00,580.0,68.49,2,4.3,4448,0.80,4510,49,4,6.00,0.00,6.0,0.00,0.00,0.0,0.00,36605.00,39.3
428,0.00,1192.00,1192.0,43.89,12.00,1956.00,1968.0,68.5,5,4.3,4448,0.80,4500,49,4,12.00,0.00,12.0,0.00,0.00,0.0,0.00,141062.00,70.1
429,0.00,13472.00,13472.0,74.17,2.00,1633.00,1635.0,68.53,30,4.3,4446,0.80,4508,49,4,2.00,0.00,2.0,0.00,0.00,0.0,0.00,179196.00,86.7
430,0.00,292.00,292.0,76.22,0.00,1256.00,1256.0,68.57,24,4.3,4446,0.80,4496,49,4,0.00,0.00,0.0,0.00,0.00,0.0,1.00,186502.00,86.5
431,0.00,456.00,456.0,61.13,6.00,1300.00,1306.0,68.6,0,4.92,4448,0.80,4511,50,5,2.00,4.00,6.0,1.00,1.00,2.0,3.00,216875.00,81.4
432,0.00,1324.00,1324.0,63.14,0.00,1755.00,1755.0,68.63,13,4.92,4448,0.80,4504,50,5,0.00,0.00,0.0,0.00,0.00,0.0,1.00,143059.00,81.4
433,0.00,684.00,684.0,62.3,0.00,2503.00,2503.0,68.66,4,4.92,4448,0.80,4511,50,5,0.00,0.00,0.0,0.00,0.00,0.0,0.00,129866.00,81.3
434,0.00,416.00,416.0,38.34,3.00,962.00,965.0,68.67,1,4.92,4448,0.80,4517,50,5,0.00,3.00,3.0,0.00,0.00,0.0,0.00,52932.00,68.9
435,0.00,492.00,492.0,11.03,0.00,42.00,42.0,68.67,0,4.92,4448,0.80,4525,50,4,0.00,0.00,0.0,0.00,0.00,0.0,0.00,13522.00,50.7
436,0.00,0.00,0.0,3.43,0.00,154.00,154.0,68.67,1,4.53,4446,0.80,4521,50,4,0.00,0.00,0.0,0.00,0.00,0.0,1.00,13557.00,37.5
437,0.00,296.00,296.0,2.55,4.00,94.00,98.0,68.67,0,4.53,4441,0.80,4503,50,4,0.00,4.00,4.0,0.00,0.00,0.0,0.00,12499.00,37.5
438,0.00,288.00,288.0,4.78,22.00,314.00,336.0,68.67,0,4.53,4440,0.80,4490,50,4,16.00,2.00,18.0,4.00,4.00,8.0,16.00,17066.00,37.6
439,4.00,54936.00,54940.0,2.66,6.00,156.00,162.0,68.67,0,4.53,4438,0.80,4482,50,4,4.00,2.00,6.0,0.00,0.00,0.0,0.00,11564.00,37.5
440,0.00,20.00,20.0,4.11,1.00,121.00,122.0,68.67,0,4.53,4435,0.80,4476,50,4,0.00,1.00,1.0,0.00,0.00,0.0,0.00,15652.00,37.6
441,0.00,20.00,20.0,5.93,22.00,386.00,408.0,68.67,0,4.24,4432,0.80,4465,50,4,20.00,2.00,22.0,0.00,0.00,0.0,2.00,20525.00,37.8
442,0.00,184.00,184.0,9.85,1.00,410.00,411.0,68.68,0,4.24,4438,0.80,4489,50,4,0.00,1.00,1.0,0.00,0.00,0.0,8.00,45034.00,43.1
443,0.00,616.00,616.0,10.71,4.00,348.00,352.0,68.69,0,4.24,4439,0.80,4495,50,4,4.00,0.00,4.0,0.00,0.00,0.0,1.00,66675.00,43.2
444,0.00,596.00,596.0,8.53,14.00,386.00,400.0,68.68,0,4.24,4442,0.80,4501,50,4,14.00,0.00,14.0,0.00,0.00,0.0,3.00,32254.00,43.3
445,0.00,11708.00,11708.0,8.09,0.00,474.00,474.0,68.68,0,4.24,4445,0.80,4505,50,4,0.00,0.00,0.0,0.00,0.00,0.0,3.00,38710.00,43.3
446,0.00,8.00,8.0,13.72,14.00,1060.00,1074.0,68.69,0,4.7,4446,0.80,4502,50,4,12.00,1.00,13.0,0.00,0.00,0.0,2.00,57096.00,43.7
447,0.00,228.00,228.0,55.8,6.00,2136.00,2142.0,68.71,14,4.7,4447,0.80,4503,50,4,6.00,0.00,6.0,0.00,0.00,0.0,1.98,164007.92,76.2
448,0.00,84.00,84.0,58.85,4.00,1886.00,1890.0,68.74,15,4.7,4447,0.80,4504,50,4,0.00,0.00,0.0,4.00,4.00,8.0,0.00,175237.00,76.6
449,0.00,64.00,64.0,76.32,2.00,665.00,667.0,68.76,24,4.7,4447,0.80,4522,50,4,0.00,0.00,0.0,0.00,0.00,0.0,1.00,202982.00,85.5
450,0.00,7004.00,7004.0,64.99,0.00,1248.00,1248.0,68.79,4,4.7,4448,0.80,4519,50,4,0.00,0.00,0.0,0.00,0.00,0.0,1.00,172775.00,84.9
451,0.00,472.00,472.0,60.53,3.00,2000.00,2003.0,68.82,17,6.41,4448,0.80,4514,50,4,2.00,0.00,2.0,0.00,0.00,0.0,2.00,152267.00,78.8
452,0.00,780.00,780.0,49.87,1.00,2744.00,2745.0,68.85,2,6.41,4448,0.80,4517,50,4,0.00,0.00,0.0,0.00,0.00,0.0,1.00,110548.00,73.2
453,0.00,1044.00,1044.0,15.13,3.00,540.00,543.0,68.85,0,6.41,4448,0.80,4533,50,4,0.00,3.00,3.0,0.00,0.00,0.0,0.00,35269.00,49.2
454,0.00,92.00,92.0,3.71,4.00,155.00,159.0,68.86,0,6.41,4447,0.80,4531,49,4,2.00,1.00,3.0,0.00,0.00,0.0,0.00,14532.00,37.9
455,0.00,17844.00,17844.0,2.55,8.00,204.00,212.0,68.86,2,6.41,4447,0.80,4527,49,4,8.00,0.00,8.0,0.00,0.00,0.0,1.00,12889.00,37.8
456,0.00,0.00,0.0,4.16,10.00,244.00,254.0,68.86,0,6.22,4445,0.80,4520,49,4,10.00,0.00,10.0,0.00,0.00,0.0,1.00,15215.00,37.8
457,0.00,548.00,548.0,6.2,2.00,353.00,355.0,68.86,2,6.22,4445,0.80,4498,49,4,2.00,0.00,2.0,0.00,0.00,0.0,4.00,27384.00,38.0
458,0.00,316.00,316.0,10.09,16.00,494.00,510.0,68.87,0,6.22,4446,0.80,4512,49,4,12.00,0.00,12.0,4.00,4.00,8.0,4.00,50534.00,44.2
459,0.00,436.00,436.0,14.14,6.00,309.00,315.0,68.87,2,6.22,4445,0.80,4508,49,4,6.00,0.00,6.0,0.00,0.00,0.0,1.00,62239.00,44.7
460,0.00,10984.00,10984.0,8.79,6.00,414.00,420.0,68.88,2,6.22,4447,0.80,4512,49,4,6.00,0.00,6.0,0.00,0.00,0.0,5.00,37588.00,44.6
461,0.00,176.00,176.0,8.93,12.00,524.00,536.0,68.88,0,5.8,4448,0.80,4516,49,4,12.00,0.00,12.0,0.00,0.00,0.0,2.00,27061.00,44.4
462,0.00,84.00,84.0,2.53,0.00,124.00,124.0,68.89,0,5.8,4447,0.80,4516,49,4,0.00,0.00,0.0,0.00,0.00,0.0,0.00,12113.00,36.5
463,0.00,464.00,464.0,10.61,8.00,828.00,836.0,68.89,9,5.8,4447,0.80,4508,49,4,8.00,0.00,8.0,0.00,0.00,0.0,0.00,52259.00,45.4
464,0.00,404.00,404.0,46.09,10.00,2289.00,2299.0,68.91,4,5.8,4448,0.80,4502,49,4,10.00,0.00,10.0,0.00,0.00,0.0,1.00,167263.00,72.4
465,0.00,13384.00,13384.0,63.61,2.00,1807.00,1809.0,68.94,16,5.8,4447,0.80,4506,49,4,2.00,0.00,2.0,0.00,0.00,0.0,0.00,213899.00,83.8
466,0.00,732.00,732.0,66.45,0.00,1200.00,1200.0,68.97,27,5.8,4448,0.80,4513,49,4,0.00,0.00,0.0,0.00,0.00,0.0,2.00,222206.00,83.7
467,0.00,480.00,480.0,66.37,3.00,1619.00,1622.0,69.0,2,7.18,4448,0.80,4498,50,5,2.00,1.00,3.0,1.00,1.00,2.0,2.00,177193.00,83.6
468,0.00,784.00,784.0,59.21,2.00,2400.00,2402.0,69.03,5,7.18,4449,0.80,4504,50,5,0.00,2.00,2.0,0.00,0.00,0.0,19.00,139030.00,83.2
469,0.00,448.00,448.0,43.95,0.00,1690.00,1690.0,69.06,10,7.18,4449,0.80,4517,50,5,0.00,0.00,0.0,0.00,0.00,0.0,0.00,73718.00,69.5
470,0.00,14680.00,14680.0,5.67,0.00,133.00,133.0,69.07,0,7.18,4449,0.80,4519,50,5,0.00,0.00,0.0,0.00,0.00,0.0,0.00,19518.00,39.6
471,0.00,20.00,20.0,2.3,2.00,44.00,46.0,69.06,0,7.18,4449,0.80,4526,50,4,0.00,2.00,2.0,0.00,0.00,0.0,1.00,11717.00,39.3
472,0.00,44.00,44.0,4.59,3.00,167.00,170.0,69.06,2,6.68,4445,0.80,4519,50,4,0.00,2.00,2.0,0.00,0.00,0.0,0.00,11305.00,39.1
473,0.00,456.00,456.0,2.89,2.00,88.00,90.0,69.06,0,6.68,4444,0.80,4514,50,4,0.00,2.00,2.0,0.00,0.00,0.0,0.00,11633.00,38.8
474,0.00,112.00,112.0,5.18,18.00,322.00,340.0,69.06,0,6.68,4442,0.80,4497,50,4,16.00,1.00,17.0,0.00,0.00,0.0,0.00,15229.00,38.8
475,0.00,36180.00,36180.0,2.3,4.00,151.00,155.0,69.06,0,6.68,4438,0.80,4479,50,4,4.00,0.00,4.0,0.00,0.00,0.0,0.00,11555.00,38.5
476,0.00,0.00,0.0,3.03,0.00,116.00,116.0,69.07,0,6.68,4436,0.80,4475,50,4,0.00,0.00,0.0,0.00,0.00,0.0,1.00,12399.00,38.3
477,0.00,4.00,4.0,8.48,22.00,484.00,506.0,69.07,2,6.23,4436,0.80,4472,50,4,20.00,1.00,21.0,0.00,0.00,0.0,3.00,26879.00,38.7
478,0.00,448.00,448.0,8.15,4.00,414.00,418.0,69.07,0,6.23,4440,0.80,4487,50,4,0.00,0.00,0.0,4.00,4.00,8.0,6.00,43430.00,39.1
479,0.00,76.00,76.0,21.19,7.00,336.00,343.0,69.08,0,6.23,4442,0.80,4497,50,4,6.00,0.00,6.0,0.00,0.00,0.0,2.00,71318.00,55.1
480,0.00,16944.00,16944.0,12.15,14.00,393.00,407.0,69.09,2,6.23,4446,0.80,4501,50,4,12.00,1.00,13.0,0.00,0.00,0.0,4.00,32197.00,48.4
481,0.00,588.00,588.0,7.81,2.00,486.00,488.0,69.09,0,6.23,4448,0.80,4501,50,4,0.00,2.00,2.0,0.00,0.00,0.0,3.00,30595.00,42.6
482,0.00,468.00,468.0,13.81,14.00,1069.00,1083.0,69.09,6,5.89,4449,0.80,4497,50,4,14.00,0.00,14.0,0.00,0.00,0.0,2.00,61130.00,43.1
483,0.00,456.00,456.0,57.41,4.00,2332.00,2336.0,69.12,4,5.89,4449,0.80,4519,50,4,4.00,0.00,4.0,0.00,0.00,0.0,0.00,183093.00,80.3
484,0.00,256.00,256.0,59.97,3.96,1812.87,1816.83,69.14,16,5.89,4448,0.80,4507,50,4,2.00,2.00,4.0,0.00,0.00,0.0,0.00,222135.00,80.5
485,0.00,4148.00,4148.0,58.87,1.00,1353.00,1354.0,69.18,1,5.89,4447,0.80,4528,50,4,0.00,1.00,1.0,0.00,0.00,0.0,1.00,211237.00,80.4
486,0.00,460.00,460.0,51.86,0.00,1892.00,1892.0,69.21,17,5.89,4449,0.80,4533,50,4,0.00,0.00,0.0,0.00,0.00,0.0,3.00,151494.00,79.8
487,0.00,352.00,352.0,78.43,2.00,2574.00,2576.0,69.24,7,6.78,4450,0.80,4530,50,4,2.00,0.00,2.0,0.00,0.00,0.0,2.00,120528.00,84.9
488,0.00,640.00,640.0,59.42,5.00,1068.00,1073.0,69.25,0,6.78,4449,0.80,4542,50,4,0.00,1.00,1.0,4.00,4.00,8.0,0.00,53345.00,75.9
489,0.00,508.00,508.0,2.4,0.00,116.00,116.0,69.25,0,6.78,4449,0.80,4542,50,4,0.00,0.00,0.0,0.00,0.00,0.0,0.00,11949.00,38.4
490,0.00,24.00,24.0,3.2,8.00,204.00,212.0,69.25,0,6.78,4449,0.80,4538,50,4,8.00,0.00,8.0,0.00,0.00,0.0,0.00,12726.00,38.2
491,4.00,20792.00,20796.0,4.05,12.00,253.00,265.0,69.26,0,6.78,4448,0.80,4533,50,4,12.00,0.00,12.0,0.00,0.00,0.0,1.00,13670.00,38.2
492,0.00,676.00,676.0,4.79,0.00,191.00,191.0,69.26,0,6.32,4445,0.80,4524,50,4,0.00,0.00,0.0,0.00,0.00,0.0,1.00,16419.00,38.3
493,0.00,72.00,72.0,10.21,10.00,431.00,441.0,69.26,0,6.32,4448,0.80,4518,50,4,10.00,0.00,10.0,0.00,0.00,0.0,7.00,44688.00,43.4
494,0.00,128.00,128.0,8.87,10.00,407.00,417.0,69.27,1,6.32,4448,0.80,4518,50,4,10.00,0.00,10.0,0.00,0.00,0.0,1.00,47138.00,43.3
495,0.00,596.00,596.0,8.94,0.00,268.00,268.0,69.27,0,6.32,4445,0.80,4504,50,4,0.00,0.00,0.0,0.00,0.00,0.0,0.00,49305.00,43.2
496,0.00,9604.00,9604.0,11.45,14.00,519.00,533.0,69.28,0,6.32,4447,0.80,4504,50,4,14.00,0.00,14.0,0.00,0.00,0.0,6.00,39357.00,43.5
497,0.00,396.00,396.0,7.88,4.00,408.00,412.0,69.28,0,6.05,4448,0.80,4508,50,4,4.00,0.00,4.0,0.00,0.00,0.0,2.00,23478.00,43.6
498,0.00,416.00,416.0,6.12,4.00,477.00,481.0,69.29,0,6.05,4448,0.80,4504,50,4,4.00,1.00,5.0,0.00,0.00,0.0,16.00,33839.00,43.3
499,0.00,96.00,96.0,35.53,16.00,2006.00,2022.0,69.3,4,6.05,4449,0.80,4502,50,5,14.00,0.00,14.0,2.00,2.00,4.0,1.00,149049.00,66.5
500,0.00,44.00,44.0,73.78,2.00,1863.00,1865.0,69.32,20,6.05,4449,0.80,4494,50,5,2.00,0.00,2.0,0.00,0.00,0.0,0.00,166029.00,85.2
501,0.00,22308.91,22308.91,70.93,0.00,1306.00,1306.0,69.35,11,6.05,4448,0.80,4501,50,5,0.00,0.00,0.0,0.00,0.00,0.0,2.00,208374.00,85.1
502,0.00,808.00,808.0,57.03,0.00,1474.00,1474.0,69.38,9,6.93,4450,0.80,4513,50,5,0.00,0.00,0.0,0.00,0.00,0.0,2.00,197838.00,79.7
503,0.00,804.00,804.0,70.23,4.00,2084.00,2088.0,69.41,22,6.93,4449,0.80,4504,50,6,2.00,0.00,2.0,1.00,1.00,2.0,1.00,143214.00,80.2
504,0.00,1332.00,1332.0,61.58,2.00,2269.00,2271.0,69.45,1,6.93,4449,0.80,4518,50,5,0.00,0.00,0.0,2.00,2.00,4.0,1.00,111269.00,79.8
505,0.00,596.00,596.0,12.17,0.00,638.00,638.0,69.46,0,6.93,4449,0.80,4522,50,5,0.00,0.00,0.0,0.00,0.00,0.0,0.00,40602.00,46.3
506,0.00,60.00,60.0,1.92,0.00,0.00,0.0,69.46,0,6.93,4449,0.80,4522,50,5,0.00,0.00,0.0,0.00,0.00,0.0,1.00,12301.00,37.2
507,0.00,0.00,0.0,3.94,1.00,160.00,161.0,69.46,0,6.53,4447,0.80,4528,50,4,0.00,0.00,0.0,0.00,0.00,0.0,0.00,12169.00,37.2
508,0.00,80.00,80.0,2.03,4.00,97.00,101.0,69.46,0,6.53,4442,0.80,4504,50,4,0.00,0.00,0.0,4.00,4.00,8.0,0.00,10825.00,37.1
509,0.00,76.00,76.0,4.3,13.00,232.00,245.0,69.46,0,6.53,4441,0.80,4491,50,4,6.00,3.00,9.0,2.00,0.00,2.0,0.00,14329.00,37.1
510,0.00,24.00,24.0,3.92,17.00,248.00,265.0,69.46,0,6.53,4441,0.80,4489,50,4,14.00,2.00,16.0,0.00,0.00,0.0,0.00,12333.00,37.1
511,0.00,38640.00,38640.0,2.43,7.00,118.00,125.0,69.47,0,6.53,4437,0.80,4472,49,4,5.00,6.00,11.0,0.00,0.00,0.0,1.00,11434.00,37.1
512,0.00,128.00,128.0,4.94,18.00,352.00,370.0,69.47,0,6.25,4435,0.80,4467,49,4,16.00,0.00,16.0,0.00,0.00,0.0,1.00,19891.00,37.3
513,0.00,1136.00,1136.0,8.57,2.00,429.00,431.0,69.47,0,6.25,4440,0.80,4488,49,4,4.00,0.00,4.0,0.00,0.00,0.0,6.00,45417.00,44.9
514,0.00,132.00,132.0,9.79,0.00,327.00,327.0,69.48,0,6.25,4441,0.80,4490,49,4,0.00,0.00,0.0,0.00,0.00,0.0,1.00,65234.00,44.6
515,0.00,36.00,36.0,7.98,18.00,424.00,442.0,69.48,0,6.25,4444,0.80,4502,49,4,18.00,0.00,18.0,0.00,0.00,0.0,3.00,33064.00,44.2
516,0.00,17948.00,17948.0,8.78,0.00,476.00,476.0,69.49,0,6.25,4449,0.80,4510,49,4,0.00,0.00,0.0,0.00,0.00,0.0,6.00,36004.00,44.1
517,0.00,8.00,8.0,6.74,8.00,552.00,560.0,69.5,2,5.99,4451,0.80,4511,50,4,8.00,2.00,10.0,0.00,0.00,0.0,2.00,33638.00,43.8
518,0.00,900.00,900.0,47.2,23.00,1979.00,2002.0,69.51,20,5.99,4452,0.80,4509,50,4,19.00,9.00,28.0,4.00,4.00,8.0,1.00,129756.00,72.6
519,0.00,552.00,552.0,66.71,0.00,1925.00,1925.0,69.53,7,5.99,4452,0.80,4515,50,4,0.00,0.00,0.0,0.00,0.00,0.0,0.00,171570.00,81.4
520,0.00,488.00,488.0,60.1,5.00,1380.00,1385.0,69.56,21,5.99,4450,0.80,4520,49,4,5.00,3.00,8.0,0.00,0.00,0.0,0.00,250547.52,81.6
521,0.00,3620.00,3620.0,59.32,0.00,1418.00,1418.0,69.59,9,5.99,4449,0.80,4520,49,4,0.00,0.00,0.0,0.00,0.00,0.0,2.00,158689.00,81.1
522,0.00,536.00,536.0,50.76,2.00,2498.00,2500.0,69.62,13,6.31,4450,0.80,4527,49,4,2.00,0.00,2.0,0.00,0.00,0.0,1.00,161747.00,80.6
523,0.00,964.00,964.0,40.84,0.00,2336.00,2336.0,69.64,2,6.31,4450,0.80,4538,49,4,0.00,0.00,0.0,0.00,0.00,0.0,0.00,101129.00,68.2
524,0.00,140.00,140.0,6.68,0.00,267.00,267.0,69.65,0,6.31,4450,0.80,4543,49,4,0.00,0.00,0.0,0.00,0.00,0.0,3.00,15517.00,39.6
525,0.00,376.00,376.0,2.56,2.00,138.00,140.0,69.65,0,6.31,4450,0.80,4542,49,4,2.00,0.00,2.0,0.00,0.00,0.0,0.00,12457.00,39.3
526,0.00,19200.00,19200.0,3.68,17.00,289.00,306.0,69.65,0,6.31,4449,0.80,4534,49,4,17.00,1.00,18.0,0.00,0.00,0.0,1.00,14297.00,39.2
527,0.00,0.00,0.0,3.3,2.00,157.00,159.0,69.66,2,5.96,4447,0.80,4532,49,4,2.00,0.00,2.0,0.00,0.00,0.0,0.00,12134.00,38.9
528,0.00,404.00,404.0,5.73,12.00,360.00,372.0,69.66,3,5.96,4444,0.80,4497,49,4,6.00,0.00,6.0,4.00,4.00,8.0,19.00,25305.00,39.1
529,0.00,84.00,84.0,9.15,12.00,489.00,501.0,69.66,0,5.96,4448,0.80,4511,49,4,14.00,0.00,14.0,0.00,0.00,0.0,7.00,45299.00,39.5
530,0.00,256.00,256.0,11.67,0.00,303.00,303.0,69.66,0,5.96,4446,0.80,4505,49,4,0.00,0.00,0.0,0.00,0.00,0.0,1.00,71850.00,40.1
531,0.00,36.00,36.0,7.76,6.00,364.00,370.0,69.67,2,5.96,4446,0.80,4503,49,4,6.00,0.00,6.0,0.00,0.00,0.0,4.00,34532.00,40.3
532,4.00,27364.00,27368.0,7.59,14.00,564.00,578.0,69.67,0,5.49,4447,0.80,4508,49,4,12.00,0.00,12.0,0.00,0.00,0.0,2.00,30363.00,40.6
533,0.00,376.00,376.0,4.56,0.00,212.00,212.0,69.68,0,5.49,4448,0.80,4510,49,4,0.00,0.00,0.0,0.00,0.00,0.0,1.00,15856.00,40.4
534,0.00,136.00,136.0,19.75,15.00,1214.00,1229.0,69.69,12,5.49,4448,0.80,4500,49,4,15.00,1.00,16.0,0.00,0.00,0.0,0.00,71377.00,55.1
535,0.00,320.00,320.0,64.97,5.00,2124.00,2129.0,69.71,21,5.49,4448,0.80,4511,49,4,3.96,0.00,3.96,0.00,0.00,0.0,0.00,174406.00,80.3
536,0.00,140.00,140.0,74.91,3.00,1571.00,1574.0,69.73,16,5.49,4448,0.80,4499,49,4,2.00,0.00,2.0,0.00,0.00,0.0,1.00,171711.00,80.7
537,0.00,8248.00,8248.0,73.96,0.00,825.00,825.0,69.76,16,6.97,4449,0.80,4523,49,4,0.00,0.00,0.0,0.00,0.00,0.0,1.00,213853.00,81.2
538,0.00,152.00,152.0,50.25,5.00,1551.00,1556.0,69.79,13,6.97,4451,0.80,4535,50,5,2.00,3.00,5.0,1.00,1.00,2.0,2.00,173074.00,75.2
539,0.00,544.00,544.0,69.52,1.00,2019.00,2020.0,69.82,11,6.97,4451,0.80,4538,50,5,0.00,0.00,0.0,0.00,0.00,0.0,0.00,148923.00,82.5
540,0.00,556.00,556.0,38.73,0.00,2495.00,2495.0,69.85,4,6.97,4451,0.80,4544,50,5,0.00,0.00,0.0,0.00,0.00,0.0,0.00,103184.00,67.3
541,0.00,296.00,296.0,6.76,2.00,225.00,227.0,69.86,1,6.97,4451,0.80,4548,50,5,0.00,2.00,2.0,0.00,0.00,0.0,1.00,21993.00,40.4
542,0.00,396.00,396.0,4.94,2.00,110.00,112.0,69.86,1,6.49,4451,0.80,4556,50,4,0.00,2.00,2.0,0.00,0.00,0.0,0.00,12554.00,40.1
543,0.00,328.00,328.0,2.4,0.00,104.00,104.0,69.86,1,6.49,4446,0.80,4544,50,4,0.00,0.00,0.0,0.00,0.00,0.0,0.00,11278.00,39.8
544,0.00,140.00,140.0,2.65,0.00,96.00,96.0,69.86,1,6.49,4442,0.80,4512,50,4,0.00,0.00,0.0,0.00,0.00,0.0,0.00,11759.00,39.4
545,0.00,28.00,28.0,5.98,23.00,331.00,354.0,69.86,3,6.49,4441,0.80,4491,50,4,20.00,3.00,23.0,0.00,0.00,0.0,0.00,14587.00,39.3
546,0.00,0.00,0.0,1.92,2.00,141.00,143.0,69.86,1,6.49,4438,0.80,4483,50,4,0.00,2.00,2.0,0.00,0.00,0.0,1.00,11737.00,38.9
547,0.00,37560.00,37560.0,3.55,1.00,203.00,204.0,69.86,2,5.97,4436,0.80,4467,50,4,0.00,1.00,1.0,0.00,0.00,0.0,1.00,18192.00,38.7
548,0.00,500.00,500.0,13.15,26.00,510.00,536.0,69.86,1,5.97,4441,0.80,4488,50,4,20.00,2.00,22.0,4.00,4.00,8.0,7.00,44778.00,45.8
549,0.00,948.00,948.0,7.22,0.00,326.00,326.0,69.87,6,5.97,4442,0.80,4492,50,4,0.00,0.00,0.0,0.00,0.00,0.0,1.00,48941.00,45.5
550,0.00,36.00,36.0,11.44,12.00,373.00,385.0,69.88,2,5.97,4442,0.80,4492,50,4,12.00,0.00,12.0,0.00,0.00,0.0,0.00,48345.00,45.7
551,0.00,56.00,56.0,12.47,8.00,460.00,468.0,69.88,1,5.97,4447,0.80,4510,50,4,8.00,1.00,9.0,0.00,0.00,0.0,6.00,37723.00,45.7
552,0.00,23532.00,23532.0,7.48,0.00,374.00,374.0,69.89,1,5.49,4449,0.80,4516,50,4,0.00,0.00,0.0,0.00,0.00,0.0,2.00,24062.00,45.4
553,0.00,112.00,112.0,24.09,18.00,1511.00,1529.0,69.9,10,5.49,4449,0.80,4502,50,4,18.00,0.00,18.0,0.00,0.00,0.0,0.00,75734.00,58.1
554,0.00,752.00,752.0,70.16,0.00,2024.00,2024.0,69.92,11,5.49,4449,0.80,4517,50,4,0.00,0.00,0.0,0.00,0.00,0.0,2.00,176402.00,83.5
555,0.00,204.00,204.0,57.99,2.00,1732.00,1734.0,69.95,16,5.49,4449,0.80,4536,50,4,2.00,0.00,2.0,0.00,0.00,0.0,0.00,199069.00,82.9
556,0.00,752.00,752.0,71.82,0.00,695.00,695.0,70.0,13,5.49,4450,0.80,4528,50,4,0.00,0.00,0.0,0.00,0.00,0.0,2.00,201656.00,83.0
557,0.00,240.00,240.0,71.61,0.00,1488.00,1488.0,70.05,6,6.33,4450,0.80,4511,50,4,0.00,0.00,0.0,0.00,0.00,0.0,1.00,129617.00,83.1
558,0.00,1291.09,1291.09,78.04,8.00,2032.00,2040.0,70.06,24,6.33,4459,0.80,4515,49,5,2.00,1.00,3.0,5.00,4.00,9.0,9.00,140214.00,83.3
559,0.00,852.00,852.0,85.41,0.00,2265.00,2265.0,70.06,16,6.33,4450,0.80,4530,49,5,0.00,0.00,0.0,0.00,0.00,0.0,11.00,74936.00,83.6
560,0.00,152.00,152.0,40.65,2.00,613.00,615.0,70.08,1,6.33,4450,0.80,4544,49,5,2.00,0.00,2.0,0.00,0.00,0.0,0.00,35900.00,69.7
561,0.00,28.00,28.0,3.06,0.00,122.00,122.0,70.08,1,6.33,4449,0.80,4543,49,5,0.00,0.00,0.0,0.00,0.00,0.0,1.00,12456.00,37.5
562,0.00,152.00,152.0,3.21,11.00,173.00,184.0,70.08,0,5.91,4447,0.80,4537,49,5,10.00,0.00,10.0,0.00,0.00,0.0,0.00,13310.00,37.5
563,0.00,35136.00,35136.0,3.29,1.00,66.00,67.0,70.08,0,5.91,4441,0.80,4503,49,5,0.00,1.00,1.0,1.00,0.00,1.0,0.00,11876.00,37.4
564,0.00,764.00,764.0,6.8,4.00,229.00,233.0,70.07,1,5.91,4440,0.80,4490,49,5,4.00,0.00,4.0,0.00,0.00,0.0,0.00,20075.00,37.9
565,0.00,248.00,248.0,12.47,18.00,483.00,501.0,70.07,0,5.91,4448,0.80,4520,49,5,17.00,1.00,18.0,0.00,0.00,0.0,9.00,53202.00,45.5
566,0.00,392.00,392.0,7.15,0.00,337.00,337.0,70.08,9,5.91,4444,0.80,4502,49,5,0.00,0.00,0.0,0.00,0.00,0.0,1.00,37470.00,45.0
567,0.00,108.00,108.0,13.15,12.00,388.00,400.0,70.09,4,6.16,4443,0.80,4504,49,5,12.00,0.00,12.0,0.00,0.00,0.0,1.00,63125.00,45.2
568,0.00,10776.00,10776.0,16.48,11.00,424.00,435.0,70.09,0,6.16,4449,0.80,4517,49,5,6.00,0.00,6.0,4.00,4.00,8.0,6.00,37637.00,52.2
569,0.00,104.00,104.0,7.22,1.00,424.00,425.0,70.1,0,6.16,4450,0.80,4518,50,4,0.00,1.00,1.0,0.00,0.00,0.0,2.00,23225.00,41.6
570,0.00,32.00,32.0,9.28,18.00,797.00,815.0,70.1,0,6.16,4449,0.80,4511,50,4,18.00,0.00,18.0,0.00,0.00,0.0,0.00,46040.00,41.7
571,0.00,56.00,56.0,36.93,0.00,1518.00,1518.0,70.12,1,6.16,4450,0.80,4516,50,4,0.00,0.00,0.0,0.00,0.00,0.0,2.00,144187.00,66.2
572,0.00,564.00,564.0,39.38,2.00,1231.00,1233.0,70.14,7,6.14,4450,0.80,4513,50,4,2.00,0.00,2.0,0.00,0.00,0.0,0.00,193071.00,66.6
573,0.00,9552.00,9552.0,38.07,8.00,1964.00,1972.0,70.17,12,6.14,4450,0.80,4515,50,4,8.00,0.00,8.0,0.00,0.00,0.0,1.00,165063.00,66.8
574,0.00,1444.00,1444.0,58.76,0.00,2433.00,2433.0,70.2,16,6.14,4451,0.80,4520,50,4,0.00,0.00,0.0,0.00,0.00,0.0,1.00,162250.00,80.2
575,0.00,352.00,352.0,68.42,3.00,1641.00,1644.0,70.23,2,6.14,4451,0.80,4514,50,5,2.00,0.00,2.0,1.00,1.00,2.0,0.00,189415.00,80.2
576,0.00,176.00,176.0,22.69,3.00,778.00,781.0,70.24,1,6.14,4451,0.80,4510,49,6,2.00,1.00,3.0,1.00,0.00,1.0,1.00,84033.00,55.2
577,0.00,248.00,248.0,39.51,0.00,1547.00,1547.0,70.27,1,6.05,4451,0.80,4510,49,6,0.00,0.00,0.0,0.00,0.00,0.0,0.00,90441.00,69.1
578,0.00,3292.00,3292.0,12.42,0.00,431.00,431.0,70.27,0,6.05,4448,0.80,4514,49,6,0.00,0.00,0.0,0.00,0.00,0.0,0.00,35674.00,47.0
579,0.00,328.00,328.0,2.94,0.00,128.00,128.0,70.27,0,6.05,4447,0.80,4522,49,5,0.00,0.00,0.0,0.00,0.00,0.0,0.00,11342.00,37.6
580,0.00,264.00,264.0,2.05,0.00,120.00,120.0,70.27,0,6.05,4444,0.80,4508,49,5,0.00,0.00,0.0,0.00,0.00,0.0,0.00,11525.00,37.5
581,0.00,28.00,28.0,3.17,2.00,179.00,181.0,70.28,0,6.05,4442,0.80,4502,50,4,2.00,1.00,3.0,0.00,0.00,0.0,1.00,14420.00,37.4
582,0.00,168.00,168.0,5.96,20.00,287.00,307.0,70.28,4,5.57,4442,0.80,4491,50,4,18.00,2.00,20.0,0.00,0.00,0.0,0.00,13548.00,37.6
583,0.00,36612.00,36612.0,2.67,1.00,109.00,110.0,70.28,0,5.57,4439,0.80,4480,49,4,0.00,0.00,0.0,0.00,0.00,0.0,0.00,11744.00,37.6
584,0.00,152.00,152.0,5.6,16.00,357.00,373.0,70.28,0,5.57,4437,0.80,4475,49,4,14.00,0.00,14.0,0.00,0.00,0.0,4.00,20346.00,37.9
585,0.00,520.00,520.0,9.32,5.00,456.00,461.0,70.29,0,5.57,4441,0.80,4489,49,4,7.00,1.00,8.0,0.00,0.00,0.0,4.00,42626.00,43.1
586,0.00,480.00,480.0,10.36,1.00,305.00,306.0,70.3,0,5.57,4442,0.80,4495,49,4,1.00,1.00,2.0,0.00,0.00,0.0,2.00,67798.00,43.1
587,0.00,12.00,12.0,8.44,18.00,409.00,427.0,70.3,0,6.08,4444,0.80,4503,49,4,18.00,0.00,18.0,0.00,0.00,0.0,2.00,33133.00,42.8
588,0.00,17772.00,17772.0,8.44,4.00,508.00,512.0,70.31,0,6.08,4447,0.80,4511,49,4,0.00,0.00,0.0,4.00,4.00,8.0,3.00,37680.00,42.9
589,0.00,568.00,568.0,7.7,4.00,471.00,475.0,70.31,2,6.08,4448,0.80,4511,49,4,4.00,0.00,4.0,0.00,0.00,0.0,19.00,33614.00,43.1
590,0.00,40.00,40.0,45.32,14.00,1924.00,1938.0,70.33,7,6.08,4448,0.80,4517,49,4,14.00,0.00,14.0,0.00,0.00,0.0,1.00,119495.00,74.0
591,0.00,292.00,292.0,49.17,1.00,2328.00,2329.0,70.35,16,6.08,4448,0.80,4524,49,4,0.00,0.00,0.0,0.00,0.00,0.0,1.00,192705.00,74.0
592,0.00,440.00,440.0,65.86,3.00,1266.00,1269.0,70.39,17,6.88,4449,0.80,4551,49,4,2.00,0.00,2.0,0.00,0.00,0.0,1.00,231492.00,83.5
593,0.00,4844.00,4844.0,40.36,0.00,1572.00,1572.0,70.42,3,6.88,4450,0.80,4547,49,4,0.00,0.00,0.0,0.00,0.00,0.0,1.00,150637.00,70.5
594,0.00,884.00,884.0,53.36,3.00,2731.00,2734.0,70.46,6,6.88,4450,0.80,4547,49,4,2.00,0.00,2.0,0.00,0.00,0.0,1.00,145210.00,77.3
595,0.00,348.00,348.0,39.85,0.00,2121.00,2121.0,70.48,2,6.88,4451,0.80,4571,49,4,0.00,0.00,0.0,0.00,0.00,0.0,1.00,88889.00,68.5
596,0.00,76.00,76.0,16.02,0.00,166.00,166.0,70.49,0,6.88,4451,0.80,4575,49,4,0.00,0.00,0.0,0.00,0.00,0.0,1.00,10589.00,49.9
597,0.00,0.00,0.0,3.05,4.00,135.00,139.0,70.49,0,6.33,4451,0.80,4574,49,4,3.00,1.00,4.0,0.00,0.00,0.0,0.00,12330.00,36.4
598,0.00,42564.00,42564.0,4.42,23.00,314.00,337.0,70.49,0,6.33,4451,0.80,4566,49,4,18.00,0.00,18.0,4.00,4.00,8.0,0.00,14693.00,36.5
599,0.00,96.00,96.0,2.55,0.00,170.00,170.0,70.49,0,6.33,4450,0.80,4563,49,4,0.00,0.00,0.0,0.00,0.00,0.0,0.00,13373.00,36.7
600,0.00,36.00,36.0,8.16,8.00,413.00,421.0,70.49,0,6.33,4451,0.80,4543,49,4,8.00,0.00,8.0,0.00,0.00,0.0,9.00,42022.00,42.3
601,0.00,584.00,584.0,6.56,12.00,433.00,445.0,70.5,2,6.33,4450,0.80,4537,49,4,12.00,0.00,12.0,0.00,0.00,0.0,1.00,36006.00,42.1
602,0.00,452.00,452.0,10.91,0.00,262.00,262.0,70.5,0,5.9,4448,0.80,4519,49,4,0.00,0.00,0.0,0.00,0.00,0.0,1.00,63047.00,42.4
603,0.00,5888.00,5888.0,8.07,6.00,429.00,435.0,70.51,0,5.9,4448,0.80,4515,49,4,6.00,0.00,6.0,0.00,0.00,0.0,4.00,35627.00,42.4
604,0.00,184.00,184.0,15.58,12.00,547.00,559.0,70.51,1,5.9,4448,0.80,4517,49,4,12.00,0.00,12.0,0.00,0.00,0.0,1.00,25600.00,56.9
605,0.00,32.00,32.0,6.87,0.00,112.00,112.0,70.51,0,5.9,4448,0.80,4517,49,4,0.00,0.00,0.0,0.00,0.00,0.0,0.00,12763.00,41.3
606,0.00,8.00,8.0,19.62,16.00,1511.00,1527.0,70.52,6,5.9,4448,0.80,4510,49,4,16.00,0.00,16.0,0.00,0.00,0.0,1.00,80579.00,53.1
607,0.00,356.00,356.0,55.07,4.00,2272.00,2276.0,70.54,9,6.23,4448,0.80,4517,49,4,4.00,0.00,4.0,0.00,0.00,0.0,0.00,196246.00,74.9
608,0.00,124.00,124.0,56.35,0.00,1723.00,1723.0,70.59,10,6.23,4449,0.80,4530,49,4,0.00,0.00,0.0,0.00,0.00,0.0,1.00,228654.00,80.5
609,0.00,14472.00,14472.0,73.64,0.00,1077.00,1077.0,70.64,17,6.23,4449,0.80,4509,49,4,0.00,0.00,0.0,0.00,0.00,0.0,0.00,181741.00,85.7
610,0.00,556.00,556.0,64.16,4.00,1873.00,1877.0,70.66,10,6.23,4448,0.80,4507,50,5,2.00,2.00,4.0,1.00,1.00,2.0,2.00,137899.00,85.1
611,0.00,444.00,444.0,48.03,2.00,2638.00,2640.0,70.7,1,6.23,4449,0.80,4511,50,5,0.00,2.00,2.0,0.00,0.00,0.0,2.00,140878.00,74.7
612,0.00,768.00,768.0,24.94,1.98,1112.87,1114.85,70.71,0,6.05,4449,0.80,4518,50,5,0.00,2.00,2.0,0.00,0.00,0.0,0.00,60006.00,55.9
613,0.00,120.00,120.0,2.17,0.00,0.00,0.0,70.71,0,6.05,4449,0.80,4518,50,5,0.00,0.00,0.0,0.00,0.00,0.0,0.00,12350.00,37.2
614,0.00,176.00,176.0,4.95,0.00,124.00,124.0,70.71,0,6.05,4449,0.80,4526,50,4,0.00,0.00,0.0,0.00,0.00,0.0,0.00,11925.00,37.2
615,0.00,32.00,32.0,2.55,4.00,121.00,125.0,70.71,0,6.05,4442,0.80,4506,50,4,0.00,4.00,4.0,0.00,0.00,0.0,0.00,11473.00,37.1
616,0.00,660.00,660.0,2.53,4.00,189.00,193.0,70.71,1,6.05,4442,0.80,4501,50,4,2.00,2.00,4.0,0.00,0.00,0.0,1.00,13823.00,37.3
617,0.00,0.00,0.0,3.32,19.00,273.00,292.0,70.71,0,5.56,4441,0.80,4495,50,4,18.00,1.00,19.0,0.00,0.00,0.0,0.00,12938.00,37.3
618,0.00,400.00,400.0,2.29,4.00,123.00,127.0,70.71,0,5.56,4436,0.80,4477,50,4,0.00,0.00,0.0,4.00,4.00,8.0,0.00,11500.00,37.3
619,4.00,21652.00,21656.0,6.71,12.00,316.00,328.0,70.72,2,5.56,4436,0.80,4476,50,4,12.00,0.00,12.0,0.00,0.00,0.0,19.00,21448.00,37.9
620,0.00,40.00,40.0,16.04,10.00,421.00,431.0,70.73,0,5.56,4441,0.80,4496,50,4,8.00,2.00,10.0,0.00,0.00,0.0,6.00,42679.00,54.2
621,0.00,32.00,32.0,9.17,1.00,317.00,318.0,70.73,0,5.56,4441,0.80,4502,50,4,0.00,0.00,0.0,0.00,0.00,0.0,2.00,65391.00,42.6
622,0.00,196.00,196.0,7.85,18.00,432.00,450.0,70.73,0,5.12,4442,0.80,4499,50,4,18.00,0.00,18.0,0.00,0.00,0.0,1.00,31793.00,42.3
623,0.00,504.00,504.0,8.28,1.00,480.00,481.0,70.74,1,5.12,4447,0.80,4514,50,4,0.00,1.00,1.0,0.00,0.00,0.0,5.00,37141.00,42.4
624,0.00,20440.00,20440.0,8.52,3.00,455.00,458.0,70.74,0,5.12,4449,0.80,4518,50,4,2.00,0.00,2.0,0.00,0.00,0.0,2.00,30548.00,42.3
625,0.00,1060.00,1060.0,29.71,16.00,1923.00,1939.0,70.75,3,5.12,4449,0.80,4512,50,4,16.00,0.00,16.0,0.00,0.00,0.0,0.00,113410.00,63.5
626,0.00,684.00,684.0,59.95,1.00,2193.00,2194.0,70.78,7,5.12,4449,0.80,4513,50,4,0.00,1.00,1.0,0.00,0.00,0.0,1.00,188205.00,80.5
627,0.00,12.00,12.0,71.82,5.00,1185.00,1190.0,70.8,18,5.59,4450,0.80,4532,50,4,2.00,2.00,4.0,0.00,0.00,0.0,0.00,214523.00,81.0
628,0.00,284.00,284.0,65.37,4.00,1160.00,1164.0,70.83,9,5.59,4448,0.80,4534,50,4,0.00,0.00,0.0,4.00,4.00,8.0,1.00,195143.00,81.2
629,4.00,15028.00,15032.0,50.32,0.00,2244.00,2244.0,70.87,8,5.59,4450,0.80,4532,50,4,0.00,0.00,0.0,0.00,0.00,0.0,2.00,161989.00,74.7
630,0.00,624.00,624.0,46.05,5.00,3081.00,3086.0,70.91,1,5.59,4450,0.80,4546,50,4,3.00,3.00,6.0,0.00,0.00,0.0,0.00,112847.00,74.2
631,0.00,132.00,132.0,11.49,1.00,526.00,527.0,70.91,0,5.59,4450,0.80,4558,50,4,0.00,1.00,1.0,0.00,0.00,0.0,1.00,34542.00,44.5
632,0.00,188.00,188.0,3.06,3.00,126.00,129.0,70.92,1,5.14,4450,0.80,4558,50,4,2.00,1.00,3.0,0.00,0.00,0.0,0.00,11868.00,37.2
633,0.00,124.00,124.0,4.29,10.00,233.00,243.0,70.92,0,5.14,4450,0.80,4552,50,4,10.00,0.00,10.0,0.00,0.00,0.0,0.00,13361.00,37.2
634,0.00,26060.00,26060.0,4.15,8.00,211.00,219.0,70.92,0,5.14,4448,0.80,4545,50,4,8.00,0.00,8.0,0.00,0.00,0.0,0.00,12161.00,37.4
635,0.00,36.00,36.0,4.68,4.00,246.00,250.0,70.92,0,5.14,4442,0.80,4501,49,4,2.00,1.00,3.0,0.00,0.00,0.0,1.00,17676.00,37.7
636,0.00,240.00,240.0,9.63,14.00,513.00,527.0,70.93,0,5.14,4448,0.80,4517,49,4,12.00,0.00,12.0,0.00,0.00,0.0,8.00,45234.00,45.5
637,0.00,4.00,4.0,20.13,4.00,351.00,355.0,70.93,1,4.89,4447,0.80,4521,49,4,6.00,0.00,6.0,0.00,0.00,0.0,1.00,62762.00,54.6
638,0.00,796.00,796.0,8.27,8.00,340.00,348.0,70.94,1,4.89,4446,0.80,4515,49,4,4.00,0.00,4.0,4.00,4.00,8.0,2.00,32384.00,45.4
639,0.00,6772.00,6772.0,11.4,14.00,588.00,602.0,70.95,0,4.89,4447,0.80,4513,49,4,14.00,0.00,14.0,0.00,0.00,0.0,4.00,37562.00,45.6
640,0.00,324.00,324.0,6.93,0.00,222.00,222.0,70.95,0,4.89,4448,0.80,4517,49,4,0.00,0.00,0.0,0.00,0.00,0.0,1.00,18166.00,45.0
641,0.00,40.00,40.0,8.37,8.00,780.00,788.0,70.95,0,4.89,4448,0.80,4511,49,4,8.00,0.00,8.0,0.00,0.00,0.0,1.00,46119.00,44.7
642,0.00,236.00,236.0,52.77,18.00,2263.00,2281.0,70.98,9,5.22,4450,0.80,4508,50,4,18.00,10.00,28.0,0.00,0.00,0.0,2.00,159875.00,76.2
643,0.00,512.00,512.0,66.71,3.00,1849.00,1852.0,71.02,13,5.22,4450,0.80,4501,50,4,3.00,1.00,4.0,0.00,0.00,0.0,0.00,196056.00,83.1
644,0.00,10116.00,10116.0,69.92,0.00,1214.00,1214.0,71.07,14,5.22,4450,0.80,4518,50,4,0.00,0.00,0.0,0.00,0.00,0.0,4.00,201350.00,83.3
645,0.00,1112.00,1112.0,57.6,4.00,1725.00,1729.0,71.08,14,5.22,4449,0.80,4508,49,4,3.00,3.00,6.0,0.00,0.00,0.0,1.00,166607.00,82.9
646,0.00,1284.00,1284.0,75.82,5.00,2525.00,2530.0,71.11,10,5.22,4449,0.80,4514,50,5,2.00,3.00,5.0,1.00,1.00,2.0,3.00,132183.00,83.2
647,0.00,408.00,408.0,43.91,1.00,1995.00,1996.0,71.13,0,5.2,4448,0.80,4518,50,5,0.00,1.00,1.0,0.00,0.00,0.0,0.00,83161.00,69.5
648,0.00,116.00,116.0,3.8,6.00,80.00,86.0,71.13,0,5.2,4447,0.80,4520,50,5,0.00,2.00,2.0,4.00,4.00,8.0,0.00,14494.00,38.4
649,0.00,316.00,316.0,2.8,2.00,2.00,4.0,71.11,1,5.2,4446,0.80,4520,50,5,0.00,2.00,2.0,0.00,0.00,0.0,17.00,13719.00,38.3
650,0.00,44692.00,44692.0,2.42,1.00,101.00,102.0,71.12,0,5.2,4445,0.80,4523,50,4,0.00,1.00,1.0,0.00,0.00,0.0,0.00,12568.00,38.3
651,0.00,32.00,32.0,3.45,3.00,131.00,134.0,71.11,1,5.2,4441,0.80,4498,50,4,0.00,2.00,2.0,0.00,0.00,0.0,1.00,11332.00,38.1
652,0.00,164.00,164.0,3.15,3.00,132.00,135.0,71.12,0,4.78,4441,0.80,4496,50,4,0.00,2.00,2.0,0.00,0.00,0.0,0.00,13201.00,38.0
653,0.00,616.00,616.0,3.94,21.00,315.00,336.0,71.12,0,4.78,4440,0.80,4485,50,4,20.00,0.00,20.0,0.00,0.00,0.0,0.00,14769.00,38.1
654,0.00,160.00,160.0,3.03,0.00,115.00,115.0,71.12,0,4.78,4437,0.80,4477,50,4,0.00,0.00,0.0,0.00,0.00,0.0,0.00,11248.00,37.8
655,0.00,9800.00,9800.0,3.8,5.00,236.00,241.0,71.12,0,4.78,4435,0.80,4470,50,4,4.00,1.00,5.0,0.00,0.00,0.0,1.00,17209.00,37.8
656,0.00,224.00,224.0,8.68,19.00,489.00,508.0,71.13,0,4.78,4440,0.80,4490,50,4,16.00,2.00,18.0,0.00,0.00,0.0,9.00,43374.00,38.3
657,0.00,4.00,4.0,8.43,0.00,316.00,316.0,71.13,3,4.4,4441,0.80,4496,50,4,0.00,0.00,0.0,0.00,0.00,0.0,1.00,46095.00,38.7
658,0.00,84.00,84.0,11.07,12.00,386.00,398.0,71.13,0,4.4,4442,0.80,4498,50,4,12.00,0.00,12.0,0.00,0.00,0.0,1.00,49359.00,44.5
659,0.00,356.00,356.0,7.66,10.00,463.00,473.0,71.14,0,4.4,4447,0.80,4510,50,4,7.00,4.00,11.0,0.00,0.00,0.0,5.00,36104.00,44.1
660,0.00,38560.00,38560.0,6.42,2.00,479.00,481.0,71.15,0,4.4,4449,0.80,4513,50,4,0.00,2.00,2.0,0.00,0.00,0.0,2.00,27031.00,43.8
661,0.00,592.00,592.0,22.16,19.00,1682.00,1701.0,71.16,14,4.4,4448,0.80,4505,50,4,18.00,0.00,18.0,0.00,0.00,0.0,3.00,97126.00,57.4
662,0.00,324.00,324.0,63.52,0.00,2206.00,2206.0,71.18,3,4.37,4449,0.80,4525,50,4,0.00,0.00,0.0,0.00,0.00,0.0,1.00,192424.00,80.3
663,0.00,936.00,936.0,65.25,3.00,1485.00,1488.0,71.22,23,4.37,4449,0.80,4521,50,4,2.00,1.00,3.0,0.00,0.00,0.0,0.99,220029.70,80.7
664,0.00,372.00,372.0,52.91,0.00,1449.00,1449.0,71.27,4,4.37,4449,0.80,4514,50,4,0.00,0.00,0.0,0.00,0.00,0.0,1.00,203018.00,80.1
665,0.00,416.00,416.0,46.56,0.00,2342.00,2342.0,71.3,12,4.37,4450,0.80,4526,50,4,0.00,0.00,0.0,0.00,0.00,0.0,1.00,163932.00,74.0
666,0.00,516.00,516.0,41.96,3.00,2884.00,2887.0,71.33,5,4.37,4448,0.80,4529,50,4,2.00,1.00,3.0,0.00,0.00,0.0,1.00,109804.00,73.7
667,0.00,92.00,92.0,9.11,2.00,378.00,380.0,71.32,0,4.74,4448,0.80,4537,49,4,0.00,1.00,1.0,0.00,0.00,0.0,0.00,22798.00,41.3
668,0.00,76.00,76.0,2.67,4.00,152.00,156.0,71.32,0,4.74,4448,0.80,4536,49,4,0.00,0.00,0.0,4.00,4.00,8.0,0.00,11019.00,40.7
669,0.00,860.00,860.0,4.07,14.00,268.00,282.0,71.32,0,4.74,4448,0.80,4529,49,4,14.00,0.00,14.0,0.00,0.00,0.0,0.00,14550.00,40.5
670,4.00,26392.00,26396.0,2.8,6.00,173.00,179.0,71.32,1,4.74,4446,0.80,4526,49,4,6.00,0.00,6.0,0.00,0.00,0.0,0.00,11495.00,40.1
671,0.00,36.00,36.0,3.69,6.00,252.00,258.0,71.32,1,4.74,4443,0.80,4497,49,4,6.00,0.00,6.0,0.00,0.00,0.0,2.00,18563.00,39.9
672,0.00,612.00,612.0,8.14,14.00,506.00,520.0,71.32,2,4.36,4448,0.80,4513,49,4,14.00,0.00,14.0,0.00,0.00,0.0,7.00,45225.00,40.2
673,0.00,448.00,448.0,9.82,1.00,313.00,314.0,71.33,0,4.36,4448,0.80,4519,49,4,0.00,0.00,0.0,0.00,0.00,0.0,1.00,65577.00,40.7
674,0.00,140.00,140.0,6.21,4.00,330.00,334.0,71.33,0,4.36,4446,0.80,4511,49,4,4.00,0.00,4.0,0.00,0.00,0.0,3.00,33532.00,40.7
675,0.00,5776.00,5776.0,10.33,14.00,637.00,651.0,71.34,0,4.36,4448,0.80,4513,49,4,14.00,0.00,14.0,0.00,0.00,0.0,4.00,38968.00,41.0
676,0.00,680.00,680.0,4.43,0.00,343.00,343.0,71.34,0,4.36,4449,0.80,4515,49,4,0.00,0.00,0.0,0.00,0.00,0.0,2.00,22973.00,40.9
677,0.00,8.00,8.0,16.17,10.00,1191.00,1201.0,71.35,0,4.01,4449,0.80,4520,49,4,10.00,0.00,10.0,0.00,0.00,0.0,0.00,85350.00,49.6
678,0.00,820.00,820.0,46.71,12.00,2021.00,2033.0,71.37,12,4.01,4449,0.80,4519,49,4,8.00,0.00,8.0,4.00,4.00,8.0,0.00,153029.00,73.3
679,0.00,316.00,316.0,49.42,3.00,1940.00,1943.0,71.43,25,4.01,4449,0.80,4533,49,4,2.00,0.00,2.0,0.00,0.00,0.0,18.00,185857.00,73.4
680,0.00,10456.00,10456.0,65.46,0.00,1373.00,1373.0,71.44,4,4.01,4449,0.80,4531,49,4,0.00,0.00,0.0,0.00,0.00,0.0,2.00,184371.00,81.1
681,0.00,628.00,628.0,40.08,6.00,2195.00,2201.0,71.48,13,4.01,4450,0.80,4545,50,5,2.00,4.00,6.0,1.00,1.00,2.0,2.00,143257.00,68.6
682,0.00,656.00,656.0,42.8,1.00,2968.00,2969.0,71.51,2,4.09,4450,0.80,4536,50,5,0.00,0.00,0.0,0.00,0.00,0.0,0.00,131799.00,68.8
683,0.00,260.00,260.0,12.88,0.00,554.00,554.0,71.51,2,4.09,4451,0.80,4540,50,5,0.00,0.00,0.0,0.00,0.00,0.0,1.00,39845.00,45.4
