0,,,,,,,,,,,,,,,,,,,,,,,,36.8
1,0.00,52.00,52.0,2.78,2.00,2.00,4.0,62.98,1,0.63,4243,0.65,3938,49,4,2.00,1.00,3.0,0.00,0.00,0.0,0.00,10634.00,36.8
2,0.00,52.00,52.0,4.06,7.00,15.00,22.0,62.98,1,0.63,4243,0.65,3938,49,4,1.00,1.00,2.0,4.00,4.00,8.0,1.00,12988.00,36.8
3,0.00,3376.00,3376.0,2.75,0.00,0.00,0.0,62.98,0,0.66,4243,0.65,3938,49,4,0.00,0.00,0.0,0.00,0.00,0.0,0.00,11780.00,36.8
4,0.00,124.00,124.0,2.53,0.00,0.00,0.0,62.98,1,0.66,4243,0.65,3938,49,4,0.00,0.00,0.0,0.00,0.00,0.0,0.00,10949.00,36.7
5,0.00,232.00,232.0,2.05,1.00,1.00,2.0,62.98,1,0.66,4243,0.65,3938,49,4,0.00,0.00,0.0,0.00,0.00,0.0,0.00,11925.00,36.7
6,0.00,128.00,128.0,2.53,0.00,0.00,0.0,62.98,2,0.66,4243,0.65,3938,49,4,0.00,0.00,0.0,0.00,0.00,0.0,0.00,10627.00,36.6
7,0.00,28.00,28.0,2.4,1.00,1.00,2.0,62.99,0,0.66,4243,0.65,3938,49,4,0.00,0.00,0.0,0.00,0.00,0.0,1.00,10859.00,36.7
8,0.00,400.00,400.0,4.05,0.00,0.00,0.0,62.98,0,0.61,4243,0.65,3938,49,4,0.00,0.00,0.0,0.00,0.00,0.0,0.00,12436.00,36.8
9,0.00,76.00,76.0,3.68,0.00,5.00,5.0,62.99,3,0.61,4243,0.65,3940,49,4,0.00,0.00,0.0,0.00,0.00,0.0,0.00,11869.00,56.2
10,0.00,24.00,24.0,59.52,0.00,60.00,60.0,63.08,13,0.61,4246,0.65,3980,49,4,0.00,0.00,0.0,0.00,0.00,0.0,5.00,27615.00,84.9
11,0.00,60.00,60.0,86.02,1.00,157.00,158.0,63.24,17,0.61,4257,0.65,3994,49,4,0.00,0.00,0.0,0.00,0.00,0.0,9.00,28969.00,85.1
12,0.00,400.00,400.0,87.8,1.00,115.00,116.0,63.39,10,0.61,4270,0.65,4031,49,4,0.00,0.00,0.0,0.00,0.00,0.0,14.00,30309.00,85.5
13,0.00,32.00,32.0,88.8,0.00,275.00,275.0,63.29,14,1.52,4272,0.65,4042,49,4,0.00,0.00,0.0,0.00,0.00,0.0,2.00,40440.00,85.6
14,0.00,416.00,416.0,88.41,0.00,210.00,210.0,63.44,9,1.52,4285,0.65,4059,49,4,0.00,0.00,0.0,0.00,0.00,0.0,13.00,32715.00,85.5
15,0.00,724.00,724.0,52.92,0.00,205.00,205.0,63.51,1,1.52,4296,0.65,4079,49,4,0.00,0.00,0.0,0.00,0.00,0.0,10.89,26663.37,55.2
16,0.00,1504.00,1504.0,38.66,0.00,13.00,13.0,63.54,13,1.52,4296,0.65,4084,49,4,0.00,0.00,0.0,0.00,0.00,0.0,17.00,16695.00,83.8
17,0.00,864.00,864.0,91.67,0.00,179.00,179.0,63.62,16,1.52,4298,0.65,4108,49,4,0.00,0.00,0.0,0.00,0.00,0.0,3.00,32764.00,89.8
18,0.00,484.00,484.0,92.3,0.00,257.00,257.0,63.66,16,2.36,4305,0.65,4146,49,4,0.00,0.00,0.0,0.00,0.00,0.0,7.00,29397.00,89.6
19,0.00,188.00,188.0,90.83,0.00,251.00,251.0,63.7,11,2.36,4315,0.65,4165,49,4,0.00,0.00,0.0,0.00,0.00,0.0,10.00,31131.00,89.4
20,0.00,24.00,24.0,85.53,0.00,100.00,100.0,63.78,19,2.36,4322,0.65,4207,49,4,0.00,0.00,0.0,0.00,0.00,0.0,7.00,30406.00,89.3
21,0.00,52.00,52.0,90.3,0.00,0.00,0.0,63.87,22,2.36,4330,0.65,4213,49,4,0.00,0.00,0.0,0.00,0.00,0.0,9.00,48245.00,89.0
22,0.00,52.00,52.0,91.97,5.00,13.00,18.0,63.92,31,2.36,4331,0.65,4223,49,4,0.00,0.00,0.0,4.00,4.00,8.0,2.00,43416.00,88.6
23,12.00,10156.00,10168.0,93.2,0.00,160.00,160.0,63.91,14,3.45,4331,0.65,4210,49,4,0.00,0.00,0.0,0.00,0.00,0.0,0.00,32297.00,88.6
24,0.00,1052.00,1052.0,87.66,0.00,160.00,160.0,64.05,19,3.45,4339,0.65,4262,49,4,0.00,0.00,0.0,0.00,0.00,0.0,8.00,32889.00,88.6
25,0.00,32.00,32.0,94.35,0.00,226.00,226.0,64.08,8,3.45,4341,0.65,4252,49,4,0.00,0.00,0.0,0.00,0.00,0.0,2.00,29116.00,88.5
26,0.00,100.00,100.0,83.08,0.00,222.00,222.0,64.21,14,3.45,4345,0.65,4290,49,4,0.00,0.00,0.0,0.00,0.00,0.0,4.00,39269.00,88.6
27,0.00,36.00,36.0,92.84,0.00,479.00,479.0,64.26,13,3.45,4344,0.65,4278,49,4,0.00,0.00,0.0,0.00,0.00,0.0,1.00,35887.00,88.5
28,0.00,104.00,104.0,92.78,0.00,300.00,300.0,64.19,12,4.22,4348,0.65,4295,49,4,0.00,0.00,0.0,0.00,0.00,0.0,4.00,26409.00,88.2
29,0.00,7756.00,7756.0,68.61,1.00,61.00,62.0,64.26,1,4.22,4358,0.65,4315,49,4,0.00,0.00,0.0,0.00,0.00,0.0,11.00,24345.00,69.5
30,0.00,1148.00,1148.0,37.11,0.00,62.00,62.0,64.29,14,4.22,4357,0.65,4312,49,4,0.00,0.00,0.0,0.00,0.00,0.0,0.00,15808.00,80.6
31,0.00,1116.00,1116.0,77.82,0.00,283.00,283.0,64.3,22,4.22,4357,0.65,4304,49,4,0.00,0.00,0.0,0.00,0.00,0.0,1.00,28952.00,87.0
32,0.00,208.00,208.0,92.01,6.00,691.00,697.0,64.24,28,4.22,4358,0.65,4319,49,4,1.00,1.00,2.0,4.00,4.00,8.0,3.00,45011.00,87.0
33,0.00,348.00,348.0,89.34,0.00,433.00,433.0,64.26,4,5.24,4368,0.65,4348,49,4,0.00,0.00,0.0,0.00,0.00,0.0,10.00,32165.00,78.8
34,0.00,1216.00,1216.0,29.96,0.00,6.00,6.0,64.28,9,5.24,4368,0.65,4344,49,4,0.00,0.00,0.0,0.00,0.00,0.0,1.00,14781.00,73.0
35,0.00,924.00,924.0,77.69,2.00,139.00,141.0,64.36,33,5.24,4368,0.65,4368,49,4,0.00,0.00,0.0,0.00,0.00,0.0,0.99,33435.64,86.6
36,0.00,832.00,832.0,93.84,0.00,368.00,368.0,64.46,22,5.24,4370,0.65,4371,49,4,0.00,0.00,0.0,0.00,0.00,0.0,4.00,35526.00,86.5
37,0.00,440.00,440.0,52.64,3.00,120.00,123.0,64.52,0,5.24,4370,0.65,4378,50,5,0.00,3.00,3.0,1.00,1.00,2.0,1.00,21421.00,51.0
38,0.00,304.00,304.0,1.78,2.00,2.00,4.0,64.52,0,4.82,4370,0.65,4378,50,5,0.00,2.00,2.0,0.00,0.00,0.0,0.00,11247.00,37.0
39,0.00,452.00,452.0,2.41,0.00,0.00,0.0,64.48,0,4.82,4369,0.65,4374,50,5,0.00,0.00,0.0,0.00,0.00,0.0,0.00,11851.00,37.1
40,0.00,24.00,24.0,3.56,0.00,2.00,2.0,64.46,0,4.82,4369,0.65,4374,50,5,0.00,0.00,0.0,0.00,0.00,0.0,0.00,11250.00,37.0
41,0.00,24.00,24.0,7.56,1.00,103.00,104.0,64.45,4,4.82,4368,0.65,4378,50,4,0.00,0.00,0.0,0.00,0.00,0.0,0.00,15018.00,44.9
42,0.00,396.00,396.0,13.41,4.00,177.00,181.0,64.45,3,4.82,4369,0.65,4378,50,4,0.00,0.00,0.0,4.00,4.00,8.0,2.00,16542.00,45.3
43,0.00,624.00,624.0,9.66,0.00,194.00,194.0,64.46,0,4.43,4369,0.65,4378,50,4,0.00,0.00,0.0,0.00,0.00,0.0,0.00,12487.00,38.7
44,0.00,132.00,132.0,4.23,0.00,91.00,91.0,64.47,1,4.43,4369,0.65,4374,50,4,0.00,0.00,0.0,0.00,0.00,0.0,1.00,12499.00,38.8
45,0.00,528.00,528.0,4.4,0.00,121.00,121.0,64.47,0,4.43,4368,0.65,4372,50,4,0.00,0.00,0.0,0.00,0.00,0.0,0.00,11853.00,38.9
46,0.00,336.00,336.0,11.85,0.00,204.00,204.0,64.48,1,4.43,4368,0.65,4372,50,4,0.00,0.00,0.0,0.00,0.00,0.0,16.00,17638.00,44.2
47,0.00,0.00,0.0,3.3,0.00,110.00,110.0,64.48,0,4.43,4368,0.65,4372,50,4,0.00,0.00,0.0,0.00,0.00,0.0,4.00,12316.00,37.2
48,0.00,108.00,108.0,3.3,0.00,108.00,108.0,64.48,0,4.16,4368,0.65,4372,50,4,0.00,1.00,1.0,0.00,0.00,0.0,0.00,12041.00,37.2
49,0.00,80.00,80.0,4.82,2.00,157.00,159.0,64.49,2,4.16,4368,0.65,4371,49,5,0.00,0.00,0.0,1.00,0.00,1.0,0.00,13079.00,37.4
50,0.00,24.00,24.0,6.85,0.00,169.00,169.0,64.49,1,4.16,4368,0.65,4372,49,5,0.00,0.00,0.0,0.00,0.00,0.0,0.00,13717.00,37.6
51,0.00,260.00,260.0,3.31,0.00,87.00,87.0,64.49,0,4.16,4368,0.65,4372,49,5,0.00,0.00,0.0,0.00,0.00,0.0,0.00,10555.00,37.6
52,0.00,52.00,52.0,4.45,0.00,90.00,90.0,64.49,0,4.16,4368,0.65,4372,49,5,0.00,0.00,0.0,0.00,0.00,0.0,1.00,13261.00,37.5
53,0.00,32.00,32.0,33.21,0.00,376.00,376.0,64.51,10,4.23,4369,0.65,4372,49,5,0.00,0.00,0.0,0.00,0.00,0.0,1.00,25154.00,80.8
54,0.00,16572.00,16572.0,89.76,2.00,875.00,877.0,64.55,23,4.23,4371,0.65,4388,49,5,0.00,1.00,1.0,1.00,0.00,1.0,2.00,54644.00,87.0
55,0.00,996.00,996.0,86.95,0.00,690.10,690.1,64.6,13,4.23,4375,0.65,4412,49,5,0.00,0.00,0.0,0.00,0.00,0.0,4.00,43563.00,87.0
56,0.00,452.00,452.0,82.93,0.00,226.00,226.0,64.67,32,4.23,4381,0.65,4463,49,5,0.00,0.00,0.0,0.00,0.00,0.0,6.00,38775.00,87.0
57,0.00,16.00,16.0,94.6,0.00,184.00,184.0,64.73,21,4.23,4381,0.65,4478,49,5,0.00,0.00,0.0,0.00,0.00,0.0,1.00,32173.00,87.2
58,0.00,120.00,120.0,91.33,1.00,485.00,486.0,64.78,9,5.73,4381,0.65,4484,49,5,0.00,0.00,0.0,0.00,0.00,0.0,0.00,41670.00,87.3
59,0.00,1840.00,1840.0,83.35,0.00,325.00,325.0,64.92,15,5.73,4383,0.65,4536,49,5,0.00,0.00,0.0,0.00,0.00,0.0,2.00,41427.00,87.9
60,0.00,532.00,532.0,92.21,2.00,4.00,6.0,64.93,33,5.73,4394,0.65,4544,49,5,0.00,1.00,1.0,1.00,0.00,1.0,11.00,44507.00,88.0
61,0.00,48.00,48.0,90.74,1.00,98.00,99.0,64.98,30,5.73,4400,0.65,4528,49,5,0.00,0.00,0.0,0.00,0.00,0.0,6.00,74253.00,87.9
62,0.00,56.00,56.0,91.0,5.00,209.00,214.0,65.0,28,5.73,4401,0.65,4535,49,5,0.00,0.00,0.0,4.00,4.00,8.0,2.00,70236.00,87.7
63,0.00,380.00,380.0,91.38,0.00,329.00,329.0,65.03,19,7.27,4400,0.65,4514,49,5,0.00,0.00,0.0,0.00,0.00,0.0,0.00,59390.00,87.7
64,0.00,424.00,424.0,90.42,1.00,588.00,589.0,65.08,17,7.27,4400,0.65,4511,49,5,0.00,0.00,0.0,0.00,0.00,0.0,1.00,37652.00,88.0
65,0.00,6768.00,6768.0,92.08,1.98,594.06,596.04,65.1,13,7.27,4401,0.65,4517,50,4,0.00,3.00,3.0,0.00,0.00,0.0,1.00,45433.00,87.9
66,0.00,108.00,108.0,86.15,2.00,691.00,693.0,65.15,21,7.27,4403,0.65,4535,50,4,0.00,2.00,2.0,0.00,0.00,0.0,3.00,59520.00,87.8
67,0.00,20.00,20.0,91.97,2.00,270.00,272.0,65.19,17,7.27,4403,0.65,4535,50,4,0.00,2.00,2.0,0.00,0.00,0.0,1.00,73093.00,87.7
68,0.00,116.00,116.0,90.46,3.00,169.00,172.0,65.29,29,8.05,4403,0.65,4570,50,4,0.00,2.00,2.0,0.00,0.00,0.0,0.00,55995.00,87.7
69,0.00,892.00,892.0,88.75,1.00,1.00,2.0,65.34,38,8.05,4403,0.65,4561,50,4,0.00,1.00,1.0,0.00,0.00,0.0,1.00,94680.00,87.6
70,0.00,264.00,264.0,87.14,5.00,47.00,52.0,65.43,43,8.05,4404,0.65,4553,50,4,2.00,4.00,6.0,0.00,0.00,0.0,3.00,93710.00,87.4
71,0.00,47.52,47.52,89.36,2.00,65.00,67.0,65.44,39,8.05,4402,0.65,4535,50,4,1.00,2.00,3.0,0.00,0.00,0.0,0.00,86680.00,87.4
72,0.00,680.00,680.0,87.73,4.00,61.00,65.0,65.48,47,8.05,4410,0.65,4520,50,4,0.00,0.00,0.0,4.00,4.00,8.0,9.00,90352.00,87.3
73,0.00,36.00,36.0,92.76,0.00,451.00,451.0,65.57,27,9.49,4410,0.65,4491,50,4,0.00,0.00,0.0,0.00,0.00,0.0,0.00,47916.00,87.3
74,0.00,548.00,548.0,89.12,1.00,371.00,372.0,65.58,46,9.49,4410,0.65,4511,49,4,0.00,0.00,0.0,0.00,0.00,0.0,1.00,85351.00,87.2
75,0.00,240.00,240.0,92.12,2.00,448.00,450.0,65.59,27,9.49,4409,0.65,4514,49,4,2.00,2.00,4.0,0.00,0.00,0.0,0.00,59347.00,87.3
76,0.00,996.00,996.0,91.6,4.00,499.00,503.0,65.6,27,9.49,4410,0.65,4509,50,5,0.00,3.00,3.0,2.00,2.00,4.0,18.00,51484.00,87.4
77,0.00,756.00,756.0,92.12,2.00,595.00,597.0,65.55,35,9.49,4413,0.65,4523,51,5,0.00,3.00,3.0,0.00,0.00,0.0,4.00,58826.00,87.4
78,0.00,740.00,740.0,90.24,0.00,468.00,468.0,65.58,48,11.53,4413,0.65,4541,51,5,0.00,0.00,0.0,0.00,0.00,0.0,1.00,69326.00,87.3
79,0.00,100.00,100.0,91.88,2.00,352.00,354.0,65.6,51,11.53,4413,0.65,4543,51,5,0.00,2.00,2.0,0.00,0.00,0.0,1.00,66512.00,87.2
80,0.00,292.00,292.0,92.63,2.00,502.00,504.0,65.64,51,11.53,4413,0.65,4530,51,5,0.00,2.00,2.0,0.00,0.00,0.0,0.00,52519.00,87.4
81,0.00,352.00,352.0,93.62,3.00,584.00,587.0,65.67,55,11.53,4414,0.65,4530,51,4,0.00,1.00,1.0,2.00,2.00,4.0,2.00,45522.00,87.5
82,0.00,280.00,280.0,93.62,0.00,611.00,611.0,65.69,36,11.53,4413,0.65,4527,51,4,0.00,0.00,0.0,0.00,0.00,0.0,1.00,45058.00,87.5
83,0.00,256.00,256.0,93.88,4.00,730.00,734.0,65.7,36,14.21,4414,0.65,4528,50,5,0.00,1.00,1.0,1.00,1.00,2.0,1.00,46781.00,87.6
84,0.00,692.00,692.0,93.5,3.00,675.00,678.0,65.73,33,14.21,4413,0.65,4526,51,5,0.00,4.00,4.0,0.00,0.00,0.0,0.00,50674.00,87.5
85,0.00,18300.00,18300.0,90.24,1.00,487.00,488.0,65.74,15,14.21,4413,0.65,4529,51,5,0.00,1.00,1.0,0.00,0.00,0.0,1.00,41667.00,74.0
86,0.00,392.00,392.0,17.19,0.00,40.00,40.0,65.73,0,14.21,4412,0.65,4520,51,5,0.00,0.00,0.0,0.00,0.00,0.0,0.00,13643.00,37.2
87,0.00,20.00,20.0,4.05,4.00,16.00,20.0,65.73,0,14.21,4409,0.65,4509,50,4,0.00,2.00,2.0,0.00,0.00,0.0,1.00,11996.00,37.3
88,0.00,84.00,84.0,3.57,4.00,146.00,150.0,65.73,0,13.08,4408,0.65,4509,52,4,1.00,6.00,7.0,0.00,0.00,0.0,0.00,11781.00,37.2
89,0.00,412.00,412.0,3.3,7.00,89.00,96.0,65.73,0,13.08,4407,0.65,4502,51,4,5.00,7.00,12.0,0.00,0.00,0.0,0.00,11129.00,37.2
90,0.00,8608.00,8608.0,3.3,2.00,98.00,100.0,65.71,0,13.08,4406,0.65,4498,51,4,0.00,1.00,1.0,0.00,0.00,0.0,0.00,12095.00,47.6
91,0.00,652.00,652.0,15.83,5.00,326.00,331.0,65.73,0,13.08,4404,0.65,4483,50,4,4.00,0.00,4.0,0.00,0.00,0.0,0.00,16747.00,47.0
92,0.00,44.00,44.0,4.14,7.00,109.00,116.0,65.73,0,13.08,4404,0.65,4484,51,4,1.00,4.00,5.0,4.00,4.00,8.0,1.00,11951.00,37.0
93,0.00,32.00,32.0,2.56,3.00,99.00,102.0,65.73,0,12.03,4403,0.65,4482,51,4,0.00,2.00,2.0,0.00,0.00,0.0,0.00,12902.00,37.3
94,0.00,120.00,120.0,7.23,1.00,200.00,201.0,65.73,0,12.03,4403,0.65,4482,51,4,0.00,1.00,1.0,0.00,0.00,0.0,0.00,12804.00,37.7
95,0.00,6448.00,6448.0,4.88,1.00,162.00,163.0,65.74,0,12.03,4402,0.65,4479,50,4,0.00,0.00,0.0,0.00,0.00,0.0,0.00,12113.00,37.7
96,0.00,428.00,428.0,4.56,3.00,117.00,120.0,65.73,0,12.03,4402,0.65,4475,51,4,0.00,4.00,4.0,0.00,0.00,0.0,0.00,12643.00,37.7
97,0.00,572.00,572.0,5.43,2.00,142.00,144.0,65.73,1,12.03,4402,0.65,4475,51,4,0.00,2.00,2.0,0.00,0.00,0.0,1.00,12391.00,38.2
98,0.00,448.00,448.0,6.89,1.00,250.00,251.0,65.74,0,11.3,4402,0.65,4475,51,4,0.00,1.00,1.0,0.00,0.00,0.0,0.00,12529.00,38.6
99,0.00,316.00,316.0,3.18,1.00,89.00,90.0,65.74,0,11.3,4402,0.65,4474,50,4,0.00,0.00,0.0,0.00,0.00,0.0,0.00,10403.00,38.5
100,0.00,9480.00,9480.0,2.92,4.00,101.00,105.0,65.74,0,11.3,4402,0.65,4473,49,4,0.00,2.00,2.0,0.00,0.00,0.0,0.00,12596.00,47.6
101,0.00,52.00,52.0,54.36,0.00,1335.00,1335.0,65.76,15,11.3,4404,0.65,4470,49,4,0.00,0.00,0.0,0.00,0.00,0.0,2.00,70590.00,85.5
102,0.00,320.00,320.0,88.07,4.00,1031.00,1035.0,65.79,51,11.3,4408,0.65,4476,49,4,0.00,0.00,0.0,4.00,4.00,8.0,5.00,77548.00,85.7
103,0.00,1520.00,1520.0,90.76,0.00,597.00,597.0,65.81,44,14.24,4412,0.65,4491,49,4,0.00,0.00,0.0,0.00,0.00,0.0,4.00,75986.00,85.9
104,0.00,128.00,128.0,90.38,0.00,384.00,384.0,65.83,56,14.24,4412,0.65,4512,49,4,0.00,0.00,0.0,0.00,0.00,0.0,0.00,71908.00,86.1
105,0.00,632.00,632.0,90.49,0.00,334.00,334.0,65.83,42,14.24,4412,0.65,4507,49,4,0.00,0.00,0.0,0.00,0.00,0.0,0.00,84649.00,86.3
106,0.00,2680.00,2680.0,91.61,0.00,374.00,374.0,65.86,37,14.24,4420,0.65,4509,49,4,0.00,0.00,0.0,0.00,0.00,0.0,10.00,70755.00,86.4
107,0.00,404.00,404.0,89.99,0.00,816.00,816.0,65.87,31,14.24,4412,0.65,4507,49,4,0.00,0.00,0.0,0.00,0.00,0.0,15.00,73278.00,86.6
108,0.00,116.00,116.0,90.5,0.00,487.00,487.0,65.89,33,15.67,4413,0.65,4507,49,4,0.00,0.00,0.0,0.00,0.00,0.0,2.00,82785.00,86.7
109,0.00,76.00,76.0,89.61,0.00,367.00,367.0,65.91,34,15.67,4413,0.65,4521,49,4,0.00,0.00,0.0,0.00,0.00,0.0,0.00,88929.00,86.9
110,0.00,36.00,36.0,86.23,0.00,323.00,323.0,65.94,39,15.67,4413,0.65,4508,49,4,0.00,0.00,0.0,0.00,0.00,0.0,0.00,111744.00,86.8
111,0.00,3988.00,3988.0,87.38,0.00,152.00,152.0,65.95,41,15.67,4412,0.65,4529,49,4,0.00,0.00,0.0,0.00,0.00,0.0,1.00,111391.00,86.8
112,0.00,484.00,484.0,88.22,0.00,299.00,299.0,65.98,32,15.67,4411,0.65,4513,49,4,0.00,0.00,0.0,0.00,0.00,0.0,1.00,94907.00,86.8
113,0.00,164.00,164.0,89.15,0.00,286.00,286.0,66.01,37,16.97,4411,0.65,4530,49,4,0.00,0.00,0.0,0.00,0.00,0.0,4.00,90953.00,86.8
114,0.00,138.61,138.61,89.86,0.00,428.00,428.0,66.02,47,16.97,4414,0.65,4499,49,4,0.00,0.00,0.0,0.00,0.00,0.0,3.00,81294.00,86.9
115,0.00,32.00,32.0,91.38,0.00,607.00,607.0,66.05,39,16.97,4415,0.65,4494,49,4,0.00,0.00,0.0,0.00,0.00,0.0,1.00,66246.00,86.9
116,0.00,17568.00,17568.0,90.99,1.00,624.00,625.0,66.09,57,16.97,4417,0.65,4513,49,4,0.00,0.00,0.0,0.00,0.00,0.0,2.00,75665.00,87.0
117,0.00,36.00,36.0,92.75,0.00,498.00,498.0,66.12,56,16.97,4417,0.65,4502,49,4,0.00,0.00,0.0,0.00,0.00,0.0,2.00,59821.00,87.1
118,0.00,796.00,796.0,92.75,0.00,754.00,754.0,66.15,52,19.54,4417,0.65,4487,49,4,0.00,0.00,0.0,0.00,0.00,0.0,0.00,52792.08,87.1
119,0.00,128.00,128.0,92.38,4.00,634.00,638.0,66.17,41,19.54,4415,0.65,4494,50,5,0.00,3.00,3.0,1.00,1.00,2.0,0.00,61852.00,87.1
120,0.00,796.00,796.0,88.62,1.00,609.00,610.0,66.18,53,19.54,4417,0.65,4507,50,5,0.00,1.00,1.0,0.00,0.00,0.0,2.00,72503.00,87.1
121,0.00,148.00,148.0,92.75,0.00,683.00,683.0,66.25,43,19.54,4417,0.65,4508,50,5,0.00,0.00,0.0,0.00,0.00,0.0,1.00,54368.00,87.2
122,0.00,472.00,472.0,92.87,6.00,791.00,797.0,66.25,22,19.54,4417,0.65,4506,50,5,0.00,0.00,0.0,4.00,4.00,8.0,1.00,51269.00,87.5
123,0.00,188.00,188.0,93.62,4.00,556.00,560.0,66.28,15,19.34,4416,0.65,4510,50,4,0.00,3.00,3.0,0.00,0.00,0.0,0.00,37492.00,78.4
124,0.00,400.00,400.0,17.32,0.00,135.00,135.0,66.32,0,19.34,4415,0.65,4510,50,4,0.00,0.00,0.0,0.00,0.00,0.0,0.00,12216.00,37.3
125,0.00,108.00,108.0,2.15,1.00,95.00,96.0,66.32,0,19.34,4414,0.65,4510,50,4,1.00,1.00,2.0,0.00,0.00,0.0,0.00,10809.00,37.5
126,0.00,380.00,380.0,11.12,2.00,251.00,253.0,66.32,0,19.34,4411,0.65,4495,50,4,2.00,0.00,2.0,0.00,0.00,0.0,0.00,14696.00,45.5
127,0.00,20.00,20.0,5.2,2.00,180.00,182.0,66.3,0,19.34,4409,0.65,4488,50,4,0.00,0.00,0.0,0.00,0.00,0.0,1.00,13292.00,38.2
128,0.00,116.00,116.0,3.18,0.00,97.00,97.0,66.3,0,17.79,4406,0.65,4472,50,4,0.00,0.00,0.0,0.00,0.00,0.0,0.00,11403.00,38.1
129,0.00,472.00,472.0,5.56,2.00,174.00,176.0,66.26,0,17.79,4406,0.65,4472,50,4,2.00,0.00,2.0,0.00,0.00,0.0,0.00,13069.00,38.4
130,0.00,32.00,32.0,3.93,4.00,157.00,161.0,66.26,0,17.79,4404,0.65,4464,50,4,0.00,4.00,4.0,0.00,0.00,0.0,0.00,12852.00,38.4
131,0.00,6292.00,6292.0,3.7,1.00,105.00,106.0,66.26,0,17.79,4404,0.65,4464,50,4,0.00,1.00,1.0,0.00,0.00,0.0,0.00,10417.00,38.2
132,0.00,424.00,424.0,3.55,5.00,145.00,150.0,66.27,0,17.79,4403,0.65,4462,50,4,0.00,1.00,1.0,4.00,4.00,8.0,1.00,14594.00,38.7
133,0.00,20.00,20.0,5.87,0.00,184.00,184.0,66.27,0,16.36,4403,0.65,4462,50,4,0.00,0.00,0.0,0.00,0.00,0.0,0.00,12543.00,38.6
134,0.00,376.00,376.0,3.79,0.00,132.00,132.0,66.27,2,16.36,4403,0.65,4462,50,4,0.00,0.00,0.0,0.00,0.00,0.0,0.00,12844.00,38.4
135,0.00,188.00,188.0,2.54,1.00,110.00,111.0,66.27,1,16.36,4403,0.65,4462,50,4,0.00,1.00,1.0,0.00,0.00,0.0,0.00,13408.00,38.9
136,0.00,24532.00,24532.0,30.96,0.00,988.00,988.0,66.28,13,16.36,4406,0.65,4462,50,4,0.00,0.00,0.0,0.00,0.00,0.0,3.00,56067.00,78.1
137,4.00,1496.00,1500.0,85.46,0.00,927.00,927.0,66.31,36,16.36,4412,0.65,4483,50,4,0.00,0.00,0.0,0.00,0.00,0.0,24.00,82269.00,87.8
138,0.00,316.00,316.0,90.14,4.00,802.00,806.0,66.34,46,18.66,4412,0.65,4480,50,4,0.00,4.00,4.0,0.00,0.00,0.0,0.00,81365.00,87.7
139,0.00,484.00,484.0,88.36,0.00,751.00,751.0,66.35,46,18.66,4412,0.65,4482,50,4,0.00,0.00,0.0,0.00,0.00,0.0,0.00,89904.95,87.6
140,0.00,48.00,48.0,88.89,0.00,743.00,743.0,66.39,44,18.66,4412,0.65,4476,50,4,0.00,0.00,0.0,0.00,0.00,0.0,0.00,82369.00,87.5
141,0.00,2636.00,2636.0,88.5,1.00,555.00,556.0,66.47,34,18.66,4411,0.65,4477,50,4,0.00,1.00,1.0,0.00,0.00,0.0,0.00,98150.00,87.4
142,0.00,56.00,56.0,87.09,6.00,502.00,508.0,66.53,33,18.66,4412,0.65,4503,50,4,0.00,0.00,0.0,4.00,4.00,8.0,5.00,103434.00,87.3
143,0.00,28.00,28.0,82.48,0.00,545.00,545.0,66.45,31,19.0,4413,0.65,4507,50,4,0.00,0.00,0.0,0.00,0.00,0.0,1.00,119414.00,87.2
144,0.00,840.00,840.0,85.12,0.00,338.00,338.0,66.51,36,19.0,4413,0.65,4509,50,4,0.00,0.00,0.0,0.00,0.00,0.0,0.00,130451.00,87.1
145,0.00,16.00,16.0,84.84,2.00,386.00,388.0,66.57,40,19.0,4414,0.65,4502,50,4,0.00,0.00,0.0,0.00,0.00,0.0,1.00,131412.00,87.0
146,0.00,488.00,488.0,87.47,0.00,606.00,606.0,66.59,28,19.0,4414,0.65,4494,50,4,0.00,0.00,0.0,0.00,0.00,0.0,1.00,111504.00,87.0
147,0.00,21024.00,21024.0,87.97,1.00,686.00,687.0,66.6,41,19.0,4415,0.65,4489,50,4,1.00,1.00,2.0,0.00,0.00,0.0,7.00,94130.00,87.0
148,0.00,476.00,476.0,91.75,2.00,773.00,775.0,66.59,42,19.96,4418,0.65,4487,50,4,0.00,0.00,0.0,0.00,1.00,1.0,3.00,69480.00,87.0
149,0.00,860.00,860.0,92.87,0.00,799.00,799.0,66.6,55,19.96,4418,0.65,4485,50,4,0.00,0.00,0.0,0.00,0.00,0.0,0.00,65880.00,86.9
150,0.00,404.00,404.0,91.12,0.00,646.00,646.0,66.6,46,19.96,4419,0.65,4487,50,4,0.00,0.00,0.0,0.00,0.00,0.0,1.00,75657.00,86.8
151,0.00,1204.00,1204.0,89.79,1.00,758.00,759.0,66.65,55,19.96,4418,0.65,4497,50,4,0.00,1.00,1.0,0.00,0.00,0.0,0.00,76141.00,87.0
152,0.00,2628.00,2628.0,93.62,0.00,683.00,683.0,66.72,49,19.96,4415,0.65,4492,50,4,0.00,0.00,0.0,0.00,0.00,0.0,2.00,47705.00,87.1
153,0.00,328.00,328.0,94.76,1.00,632.00,633.0,66.75,28,21.25,4415,0.65,4491,50,5,0.00,0.00,0.0,1.00,1.00,2.0,0.00,40962.00,87.3
154,0.00,380.00,380.0,93.73,2.00,646.00,648.0,66.81,15,21.25,4415,0.65,4493,50,5,0.00,2.00,2.0,0.00,0.00,0.0,0.00,44152.00,87.2
155,0.00,148.00,148.0,55.3,2.00,257.00,259.0,66.86,2,21.25,4414,0.65,4489,50,5,2.00,0.00,2.0,0.00,0.00,0.0,1.00,25603.00,50.2
156,0.00,80.00,80.0,1.79,1.00,6.00,7.0,66.86,1,21.25,4413,0.65,4485,50,5,1.00,1.00,2.0,0.00,0.00,0.0,0.00,11060.00,37.2
157,0.00,564.00,564.0,2.41,3.00,45.00,48.0,66.82,2,21.25,4408,0.65,4476,49,4,0.00,2.00,2.0,0.00,0.00,0.0,1.00,12412.00,37.4
158,0.00,472.00,472.0,4.4,0.00,113.00,113.0,66.82,1,19.63,4407,0.65,4472,49,4,0.00,0.00,0.0,0.00,0.00,0.0,0.00,11123.00,37.4
159,0.00,88.00,88.0,2.9,0.00,90.00,90.0,66.77,1,19.63,4407,0.65,4472,49,4,0.00,0.00,0.0,0.00,0.00,0.0,0.00,11821.00,37.4
160,0.00,272.00,272.0,3.05,1.00,140.00,141.0,66.76,3,19.63,4406,0.65,4471,49,4,0.00,0.00,0.0,0.00,0.00,0.0,0.00,13924.00,37.5
161,0.00,24.00,24.0,6.38,0.00,263.00,263.0,66.76,1,19.63,4407,0.65,4466,49,4,0.00,0.00,0.0,0.00,0.00,0.0,1.00,13027.00,37.6
162,0.00,24.00,24.0,2.3,4.00,109.00,113.0,66.76,1,19.63,4407,0.65,4466,49,4,0.00,0.00,0.0,4.00,4.00,8.0,1.00,12778.00,37.6
163,0.00,604.00,604.0,1.91,0.00,117.00,117.0,66.76,2,18.06,4405,0.65,4458,49,4,0.00,0.00,0.0,0.00,0.00,0.0,0.00,11472.00,37.8
164,0.00,96.00,96.0,6.09,6.00,233.00,239.0,66.77,1,18.06,4405,0.65,4459,49,4,6.00,0.00,6.0,0.00,0.00,0.0,0.00,14186.00,37.9
165,0.00,0.00,0.0,2.41,0.00,115.00,115.0,66.77,1,18.06,4405,0.65,4459,49,4,0.00,0.00,0.0,0.00,0.00,0.0,0.00,11110.00,37.9
166,0.00,588.00,588.0,2.53,0.00,92.00,92.0,66.77,1,18.06,4405,0.65,4459,49,4,0.00,0.00,0.0,0.00,0.00,0.0,0.00,11461.00,38.1
167,0.00,29812.00,29812.0,17.29,0.00,619.00,619.0,66.78,4,18.06,4407,0.65,4460,49,4,0.00,0.00,0.0,0.00,0.00,0.0,22.00,39046.00,65.7
168,0.00,68.00,68.0,82.75,0.00,783.00,783.0,66.79,22,17.65,4414,0.65,4476,49,4,0.00,0.00,0.0,0.00,0.00,0.0,7.00,75148.00,86.7
169,0.00,72.00,72.0,76.2,0.00,775.00,775.0,66.81,15,17.65,4414,0.65,4474,49,4,0.00,0.00,0.0,0.00,0.00,0.0,0.00,79581.00,81.6
170,0.00,0.00,0.0,73.01,0.00,584.00,584.0,66.83,20,17.65,4415,0.65,4479,49,4,0.00,0.00,0.0,0.00,0.00,0.0,0.99,135645.54,86.7
171,0.00,332.00,332.0,82.32,2.00,1028.00,1030.0,66.85,18,17.65,4416,0.65,4477,49,4,2.00,0.00,2.0,0.00,0.00,0.0,1.00,124593.00,86.7
172,0.00,4480.00,4480.0,87.39,4.00,1110.00,1114.0,66.88,44,17.65,4417,0.65,4485,49,4,0.00,0.00,0.0,4.00,4.00,8.0,3.00,110098.00,86.6
173,0.00,276.00,276.0,88.75,0.00,838.00,838.0,66.9,44,19.2,4419,0.65,4491,49,4,0.00,0.00,0.0,0.00,0.00,0.0,4.00,95031.00,86.6
174,0.00,88.00,88.0,86.72,0.00,806.00,806.0,66.89,41,19.2,4420,0.65,4487,49,4,0.00,0.00,0.0,0.00,0.00,0.0,1.00,110901.00,86.6
175,0.00,404.00,404.0,88.5,1.00,792.00,793.0,66.91,34,19.2,4421,0.65,4493,49,4,0.00,0.00,0.0,0.00,0.00,0.0,2.00,95101.00,86.6
176,0.00,360.00,360.0,88.36,0.00,727.00,727.0,66.93,41,19.2,4423,0.65,4504,49,4,0.00,0.00,0.0,0.00,0.00,0.0,2.00,90616.00,86.5
177,0.00,8704.00,8704.0,85.75,0.00,732.00,732.0,66.94,41,19.2,4422,0.65,4503,49,4,0.00,0.00,0.0,0.00,0.00,0.0,2.00,116378.00,86.4
178,0.00,96.00,96.0,87.11,1.00,464.00,465.0,66.96,19,19.74,4420,0.65,4491,49,4,0.00,0.00,0.0,0.00,0.00,0.0,1.00,109878.00,86.3
179,0.00,60.00,60.0,84.38,0.00,640.00,640.0,66.99,3,19.74,4422,0.65,4491,49,4,0.00,0.00,0.0,0.00,0.00,0.0,2.00,106231.00,86.2
180,0.00,764.00,764.0,82.7,2.00,882.00,884.0,67.02,28,19.74,4421,0.65,4500,49,4,2.00,0.00,2.0,0.00,0.00,0.0,0.00,84265.35,86.3
181,0.00,436.00,436.0,85.29,1.00,979.00,980.0,67.03,19,19.74,4422,0.65,4496,49,4,0.00,0.00,0.0,0.00,0.00,0.0,1.00,83845.00,86.4
182,0.00,21284.00,21284.0,76.04,5.00,1078.00,1083.0,67.11,16,19.74,4421,0.65,4495,49,4,4.00,0.00,4.0,0.00,0.00,0.0,1.00,61349.00,77.4
183,0.00,324.00,324.0,29.3,0.00,439.00,439.0,67.12,1,18.24,4420,0.65,4503,49,4,0.00,0.00,0.0,0.00,0.00,0.0,1.00,29175.00,46.4
184,0.00,368.00,368.0,3.28,2.00,135.00,137.0,67.13,1,18.24,4419,0.65,4500,49,4,2.00,0.00,2.0,0.00,0.00,0.0,0.00,11862.00,37.2
185,0.00,0.00,0.0,3.05,0.00,151.00,151.0,67.12,1,18.24,4419,0.65,4499,49,4,0.00,0.00,0.0,0.00,0.00,0.0,0.00,12362.00,37.3
186,0.00,388.00,388.0,5.71,2.00,197.00,199.0,67.11,2,18.24,4416,0.65,4481,49,4,2.00,0.00,2.0,0.00,0.00,0.0,0.00,15299.00,37.4
187,0.00,992.00,992.0,3.45,4.00,142.00,146.0,67.11,1,18.24,4414,0.65,4481,50,5,2.00,2.00,4.0,1.00,1.00,2.0,2.00,18200.00,37.4
188,0.00,84.00,84.0,3.49,1.00,112.00,113.0,67.07,1,16.78,4410,0.65,4464,50,5,0.00,1.00,1.0,0.00,0.00,0.0,0.00,17554.00,37.5
189,0.00,364.00,364.0,3.68,3.00,93.00,96.0,67.07,1,16.78,4408,0.65,4456,50,5,0.00,2.00,2.0,0.00,0.00,0.0,0.00,12685.00,37.8
190,0.00,24.00,24.0,5.9,4.00,235.00,239.0,67.07,1,16.78,4409,0.65,4456,50,5,2.00,2.00,4.0,0.00,0.00,0.0,3.00,23717.00,48.6
191,0.00,48.00,48.0,23.95,1.00,289.00,290.0,67.08,1,16.78,4415,0.65,4487,50,4,0.00,1.00,1.0,0.00,0.00,0.0,6.00,41808.00,48.9
192,0.00,424.00,424.0,19.7,7.00,306.00,313.0,67.08,7,16.78,4416,0.65,4491,50,4,0.00,0.00,0.0,4.00,4.00,8.0,2.00,81547.00,59.7
193,0.00,456.00,456.0,14.25,1.00,239.00,240.0,67.09,2,15.44,4417,0.65,4497,50,4,0.00,2.00,2.0,0.00,0.00,0.0,2.00,27082.00,48.4
194,0.00,508.00,508.0,20.73,0.00,376.00,376.0,67.1,5,15.44,4420,0.65,4504,50,4,0.00,0.00,0.0,0.00,0.00,0.0,3.00,38037.00,63.2
195,0.00,268.00,268.0,33.33,0.00,853.00,853.0,67.2,2,15.44,4421,0.65,4506,50,4,0.00,0.00,0.0,0.00,0.00,0.0,1.00,48697.00,63.4
196,0.00,312.00,312.0,61.24,0.00,764.00,764.0,67.21,2,15.44,4421,0.65,4508,50,4,0.00,0.00,0.0,0.00,0.00,0.0,2.00,88594.00,72.4
197,0.00,1288.00,1288.0,58.07,1.00,553.00,554.0,67.32,8,15.44,4430,0.65,4506,50,4,0.00,0.00,0.0,1.00,1.00,2.0,17.00,100286.00,85.5
198,0.00,10324.00,10324.0,76.19,0.00,953.00,953.0,67.44,14,15.4,4422,0.65,4494,50,4,0.00,0.00,0.0,0.00,0.00,0.0,1.00,118814.00,85.3
199,0.00,588.00,588.0,81.62,0.00,1382.00,1382.0,67.38,43,15.4,4423,0.65,4497,50,4,0.00,0.00,0.0,0.00,0.00,0.0,2.00,108076.00,85.5
200,0.00,288.00,288.0,85.21,2.00,950.00,952.0,67.41,25,15.4,4421,0.65,4486,50,4,0.00,2.00,2.0,0.00,0.00,0.0,0.00,135313.00,85.7
201,0.00,120.00,120.0,76.07,1.00,1690.00,1691.0,67.42,10,15.4,4422,0.65,4491,50,4,0.00,1.00,1.0,0.00,0.00,0.0,2.00,116084.00,85.4
202,0.00,64.00,64.0,78.31,7.00,607.00,614.0,67.68,23,15.4,4422,0.65,4522,50,4,0.00,2.00,2.0,4.00,4.00,8.0,1.00,150692.00,85.5
203,4.00,41796.00,41800.0,79.97,2.00,577.00,579.0,67.7,17,15.93,4421,0.65,4499,50,4,0.00,2.00,2.0,0.00,0.00,0.0,1.00,137252.00,85.4
204,0.00,692.00,692.0,80.43,2.00,754.00,756.0,67.79,27,15.93,4421,0.65,4507,50,4,0.00,2.00,2.0,0.00,0.00,0.0,1.00,80379.00,85.6
205,0.00,176.00,176.0,88.94,5.00,838.00,843.0,67.67,18,15.93,4421,0.65,4513,50,4,2.00,2.00,4.0,0.00,0.00,0.0,1.00,85637.00,85.6
206,0.00,588.00,588.0,86.54,2.00,1332.00,1334.0,67.77,10,15.93,4418,0.65,4500,50,4,0.00,2.00,2.0,0.00,0.00,0.0,1.00,71066.00,85.6
207,0.00,396.00,396.0,54.03,2.00,820.00,822.0,67.65,3,15.93,4418,0.65,4515,49,4,0.00,1.00,1.0,0.00,0.00,0.0,1.00,49155.00,64.5
208,0.00,8612.00,8612.0,7.88,2.00,123.00,125.0,67.66,1,14.66,4418,0.65,4515,49,4,0.00,0.00,0.0,0.00,0.00,0.0,0.00,12377.00,39.9
209,0.00,532.00,532.0,8.82,0.00,343.00,343.0,67.65,4,14.66,4420,0.65,4518,49,4,0.00,0.00,0.0,0.00,0.00,0.0,2.00,27747.00,50.4
210,0.00,24.00,24.0,20.46,0.00,445.00,445.0,67.64,1,14.66,4421,0.65,4520,49,4,0.00,0.00,0.0,0.00,0.00,0.0,2.00,42388.00,50.4
211,0.00,852.00,852.0,18.88,1.00,341.00,342.0,67.64,2,14.66,4422,0.65,4510,49,4,0.00,0.00,0.0,0.00,0.00,0.0,1.00,76436.00,50.5
212,0.00,60.00,60.0,10.49,4.00,296.00,300.0,67.62,1,14.66,4422,0.65,4502,49,4,0.00,0.00,0.0,4.00,4.00,8.0,1.00,32485.00,50.1
213,0.00,19080.00,19080.0,13.79,0.00,432.00,432.0,67.62,2,13.48,4422,0.65,4506,49,4,0.00,0.00,0.0,0.00,0.00,0.0,1.00,27686.00,49.5
214,0.00,120.00,120.0,6.36,2.00,310.00,312.0,67.63,2,13.48,4421,0.65,4507,49,4,2.00,2.00,4.0,0.00,0.00,0.0,0.00,23522.00,38.8
215,0.00,4.00,4.0,19.02,1.00,445.00,446.0,67.63,15,13.48,4421,0.65,4507,49,4,1.00,1.00,2.0,0.00,0.00,0.0,0.00,45872.00,57.5
216,0.00,616.00,616.0,32.78,2.00,779.00,781.0,67.67,15,13.48,4421,0.65,4504,49,4,2.00,0.00,2.0,0.00,0.00,0.0,0.00,70385.00,77.0
217,0.00,632.00,632.0,63.91,0.00,659.00,659.0,67.78,3,13.48,4421,0.65,4510,49,4,0.00,0.00,0.0,0.00,0.00,0.0,1.00,118615.00,71.5
218,0.00,868.00,868.0,35.84,0.00,611.00,611.0,67.8,11,12.4,4423,0.65,4513,49,4,0.00,0.00,0.0,0.00,0.00,0.0,2.00,110301.00,70.9
219,0.00,404.00,404.0,29.94,0.00,762.00,762.0,67.82,3,12.4,4423,0.65,4510,49,4,0.00,0.00,0.0,0.00,0.00,0.0,0.00,70501.00,65.1
220,0.00,956.00,956.0,43.58,1.00,842.00,843.0,67.78,4,12.4,4424,0.65,4513,49,4,0.00,0.00,0.0,0.00,0.00,0.0,1.00,60718.00,71.5
221,0.00,80.00,80.0,43.87,0.00,1269.00,1269.0,67.78,16,12.4,4424,0.65,4498,49,4,0.00,0.00,0.0,0.00,0.00,0.0,0.00,76974.00,77.3
222,0.00,304.00,304.0,73.04,0.00,1250.00,1250.0,67.8,19,12.4,4424,0.65,4504,49,4,0.00,0.00,0.0,0.00,0.00,0.0,1.00,114786.00,85.2
223,0.00,1840.00,1840.0,79.27,1.00,881.00,882.0,67.83,22,12.53,4423,0.65,4501,50,5,0.00,1.00,1.0,1.00,1.00,2.0,0.00,134985.00,85.3
224,0.00,2020.00,2020.0,75.16,2.00,700.00,702.0,67.85,21,12.53,4423,0.65,4496,50,5,0.00,2.00,2.0,0.00,0.00,0.0,0.00,161322.00,85.3
225,0.00,160.00,160.0,85.84,0.00,665.00,665.0,68.04,23,12.53,4423,0.65,4490,50,5,0.00,0.00,0.0,0.00,0.00,0.0,1.00,102815.00,85.5
226,0.00,1300.00,1300.0,87.0,0.00,743.00,743.0,68.06,20,12.53,4423,0.65,4487,50,5,0.00,0.00,0.0,0.00,0.00,0.0,0.00,90788.00,85.7
227,0.00,688.00,688.0,88.35,0.00,1111.00,1111.0,68.1,11,12.53,4422,0.65,4489,50,4,0.00,0.00,0.0,0.00,0.00,0.0,6.00,77174.00,85.3
228,0.00,612.00,612.0,47.06,0.00,1219.00,1219.0,68.1,0,11.85,4422,0.65,4501,50,4,0.00,0.00,0.0,0.00,0.00,0.0,19.00,61309.00,56.0
229,0.00,12892.00,12892.0,4.19,0.00,150.00,150.0,68.06,1,11.85,4420,0.65,4498,50,4,0.00,0.00,0.0,0.00,0.00,0.0,0.00,16368.00,37.2
230,0.00,24.00,24.0,1.78,0.00,66.00,66.0,68.04,1,11.85,4417,0.65,4498,50,4,0.00,0.00,0.0,0.00,0.00,0.0,0.00,11305.00,37.2
231,0.00,48.00,48.0,6.87,0.00,252.00,252.0,68.04,1,11.85,4414,0.65,4485,50,4,0.00,0.00,0.0,0.00,0.00,0.0,1.00,18583.00,37.5
232,0.00,56.00,56.0,12.45,4.00,439.00,443.0,68.04,2,11.85,4420,0.65,4502,50,4,0.00,0.00,0.0,4.00,4.00,8.0,7.00,48166.00,46.6
233,0.00,336.00,336.0,14.7,0.00,347.00,347.0,68.05,3,10.9,4419,0.65,4501,50,4,0.00,0.00,0.0,0.00,0.00,0.0,1.00,59700.00,56.0
234,0.00,28812.00,28812.0,20.0,2.00,272.00,274.0,67.99,1,10.9,4417,0.65,4493,50,4,1.00,2.00,3.0,0.00,0.00,0.0,0.00,37417.00,55.6
235,0.00,24.00,24.0,13.17,1.00,396.00,397.0,67.99,1,10.9,4420,0.65,4499,50,4,0.00,1.00,1.0,0.00,0.00,0.0,4.00,38091.00,45.5
236,0.00,556.00,556.0,12.92,2.00,394.00,396.0,67.99,1,10.9,4421,0.65,4503,50,4,0.00,2.00,2.0,0.00,0.00,0.0,1.00,25076.00,45.0
237,0.00,28.00,28.0,2.54,2.00,103.00,105.0,67.99,1,10.9,4419,0.65,4499,50,4,0.00,1.00,1.0,0.00,0.00,0.0,1.00,12219.00,44.4
238,0.00,108.00,108.0,11.52,0.00,583.00,583.0,68.0,11,10.19,4420,0.65,4498,50,4,0.00,0.00,0.0,0.00,0.00,0.0,1.00,42054.00,56.5
239,0.00,2368.00,2368.0,39.9,0.00,933.00,933.0,68.0,1,10.19,4421,0.65,4498,50,4,0.00,0.00,0.0,0.00,0.00,0.0,1.00,97473.00,56.9
240,0.00,272.00,272.0,42.71,3.00,633.00,636.0,68.15,15,10.19,4421,0.65,4503,50,4,0.00,2.00,2.0,0.00,0.00,0.0,0.00,129285.00,77.4
241,0.00,176.00,176.0,34.27,0.00,532.00,532.0,68.18,0,10.19,4422,0.65,4504,50,4,0.00,0.00,0.0,0.00,0.00,0.0,1.00,82824.00,57.4
242,0.00,108.00,108.0,35.83,1.00,1012.00,1013.0,68.11,17,10.19,4424,0.65,4501,50,4,0.00,0.00,0.0,0.00,0.00,0.0,3.00,88437.00,71.5
243,0.00,88.00,88.0,67.88,0.00,1631.00,1631.0,68.13,20,10.41,4424,0.65,4496,50,4,0.00,0.00,0.0,0.00,0.00,0.0,1.00,101657.00,84.1
244,0.00,25688.00,25688.0,72.84,2.00,1373.00,1375.0,68.13,13,10.41,4424,0.65,4499,50,4,0.00,2.00,2.0,0.00,0.00,0.0,1.00,117332.00,83.7
245,0.00,12.00,12.0,58.04,1.00,1099.00,1100.0,68.14,16,10.41,4424,0.65,4501,50,4,0.00,1.00,1.0,0.00,0.00,0.0,0.00,188460.40,83.4
246,0.00,669.31,669.31,81.13,2.00,623.00,625.0,68.16,21,10.41,4422,0.65,4496,50,4,0.00,2.00,2.0,0.00,0.00,0.0,2.00,132328.00,83.7
247,0.00,244.00,244.0,78.5,1.00,995.00,996.0,68.21,16,10.41,4420,0.65,4486,50,4,0.00,0.00,0.0,0.00,0.00,0.0,2.00,108458.00,83.8
248,0.00,496.00,496.0,85.34,0.00,1178.00,1178.0,68.33,31,10.46,4420,0.65,4478,50,4,0.00,0.00,0.0,0.00,0.00,0.0,2.00,91089.00,84.1
249,0.00,5056.00,5056.0,91.25,4.00,995.00,999.0,68.49,23,10.46,4421,0.65,4486,50,4,0.00,4.00,4.0,0.00,0.00,0.0,1.00,60616.00,84.4
250,0.00,300.00,300.0,68.38,3.00,669.00,672.0,68.52,2,10.46,4422,0.65,4495,50,4,0.00,2.00,2.0,0.00,0.00,0.0,1.00,35712.00,72.0
251,0.00,64.00,64.0,27.87,2.00,392.00,394.0,68.5,0,10.46,4423,0.65,4505,50,4,0.00,2.00,2.0,0.00,0.00,0.0,2.00,42825.00,53.6
252,0.00,52.00,52.0,10.71,6.00,352.00,358.0,68.5,10,10.46,4423,0.65,4504,49,4,0.00,1.00,1.0,4.00,4.00,8.0,1.00,58565.00,46.3
253,0.00,564.00,564.0,13.76,0.00,289.00,289.0,68.49,1,9.7,4422,0.65,4504,49,4,0.00,0.00,0.0,0.00,0.00,0.0,0.00,42549.00,46.2
254,0.00,7348.00,7348.0,10.46,0.00,430.00,430.0,68.4,1,9.7,4422,0.65,4500,49,4,0.00,0.00,0.0,0.00,0.00,0.0,0.00,38556.00,46.1
255,0.00,452.00,452.0,8.51,0.00,359.00,359.0,68.41,1,9.7,4421,0.65,4502,49,4,0.00,0.00,0.0,0.00,0.00,0.0,0.00,24070.00,40.4
256,0.00,140.00,140.0,4.95,0.00,276.00,276.0,68.41,0,9.7,4421,0.65,4501,49,4,0.00,0.00,0.0,0.00,0.00,0.0,0.00,18061.00,40.5
257,0.00,520.00,520.0,40.8,5.00,566.00,571.0,68.44,7,9.7,4421,0.65,4498,50,5,0.00,5.00,5.0,1.00,1.00,2.0,1.00,48084.00,75.3
258,0.00,952.00,952.0,36.5,3.00,718.00,721.0,68.44,8,9.24,4421,0.65,4503,50,5,2.00,1.00,3.0,0.00,0.00,0.0,19.00,99348.00,74.9
259,0.00,4968.00,4968.0,65.65,1.00,616.00,617.0,68.49,10,9.24,4422,0.65,4493,50,5,0.00,1.00,1.0,0.00,0.00,0.0,1.00,95861.00,84.6
260,0.00,48.00,48.0,69.9,2.00,566.00,568.0,68.54,4,9.24,4423,0.65,4496,50,5,0.00,2.00,2.0,0.00,0.00,0.0,4.00,97912.00,75.0
261,0.00,112.00,112.0,47.22,0.00,720.00,720.0,68.57,4,9.24,4424,0.65,4498,50,4,0.00,0.00,0.0,0.00,0.00,0.0,1.00,65804.00,74.7
262,0.00,108.00,108.0,30.59,5.00,712.00,717.0,68.57,3,9.24,4424,0.65,4500,50,4,0.00,0.00,0.0,4.00,4.00,8.0,1.00,49675.00,60.9
263,0.00,52.00,52.0,23.98,2.00,304.00,306.0,68.54,1,8.66,4424,0.65,4502,50,4,0.00,0.00,0.0,0.00,0.00,0.0,0.00,21276.00,60.8
264,0.00,692.00,692.0,16.62,2.00,318.00,320.0,68.54,4,8.66,4423,0.65,4497,50,4,0.00,0.00,0.0,0.00,0.00,0.0,0.00,23464.00,61.1
265,0.00,24736.00,24736.0,46.1,2.00,1180.00,1182.0,68.5,17,8.66,4423,0.65,4494,50,4,4.00,0.00,4.0,0.00,0.00,0.0,1.00,83954.00,79.4
266,0.00,168.00,168.0,76.71,1.00,1051.00,1052.0,68.53,3,8.66,4422,0.65,4491,50,4,0.00,0.00,0.0,0.00,0.00,0.0,0.00,101871.00,79.6
267,0.00,36.00,36.0,64.29,2.00,808.00,810.0,68.55,9,8.66,4422,0.65,4505,50,4,2.00,0.00,2.0,0.00,0.00,0.0,1.00,166233.00,84.9
268,0.00,140.00,140.0,71.52,0.00,783.00,783.0,68.56,3,8.61,4421,0.65,4491,50,4,0.00,0.00,0.0,0.00,0.00,0.0,0.00,125971.00,84.4
269,0.00,1056.00,1056.0,62.58,1.00,1242.00,1243.0,68.58,10,8.61,4421,0.65,4497,50,4,0.00,0.00,0.0,0.00,0.00,0.0,1.00,124054.00,84.0
270,0.00,14888.00,14888.0,71.88,0.00,1579.00,1579.0,68.57,7,8.61,4424,0.65,4499,50,4,0.00,1.00,1.0,0.00,0.00,0.0,3.00,97860.00,83.9
271,0.00,612.00,612.0,46.24,1.00,744.00,745.0,68.58,2,8.61,4424,0.65,4504,49,5,0.00,0.00,0.0,1.00,0.00,1.0,0.00,69957.00,57.4
272,0.00,436.00,436.0,34.97,2.00,554.00,556.0,68.6,9,8.61,4424,0.65,4491,49,5,2.00,0.00,2.0,0.00,0.00,0.0,1.00,55798.00,74.6
273,0.00,404.00,404.0,39.62,2.00,636.00,638.0,68.71,1,8.16,4424,0.65,4502,49,5,2.00,0.00,2.0,0.00,0.00,0.0,0.00,50552.00,66.2
274,0.00,152.00,152.0,17.25,2.00,347.00,349.0,68.72,0,8.16,4423,0.65,4504,49,5,2.00,0.00,2.0,0.00,0.00,0.0,0.00,65131.00,41.9
275,0.00,19280.00,19280.0,13.55,0.00,571.00,571.0,68.72,0,8.16,4423,0.65,4498,49,5,0.00,0.00,0.0,0.00,0.00,0.0,2.00,47201.00,53.6
276,0.00,524.00,524.0,22.94,2.00,969.00,971.0,68.73,1,8.16,4423,0.65,4496,49,5,0.00,0.00,0.0,2.00,2.00,4.0,0.00,72639.00,59.1
277,0.00,880.00,880.0,40.98,3.00,846.00,849.0,68.74,9,8.16,4423,0.65,4493,49,5,2.00,1.00,3.0,1.00,0.00,1.0,1.00,118657.00,73.2
278,0.00,788.00,788.0,37.45,2.00,681.00,683.0,68.75,3,8.07,4423,0.65,4497,49,5,2.00,0.00,2.0,0.00,0.00,0.0,0.00,115111.00,72.7
279,0.00,732.00,732.0,25.22,0.00,720.00,720.0,68.77,1,8.07,4423,0.65,4498,49,5,0.00,0.00,0.0,0.00,0.00,0.0,0.00,84433.00,59.7
280,0.00,9336.00,9336.0,31.03,6.00,813.00,819.0,68.78,0,8.07,4422,0.65,4500,49,5,6.00,0.00,6.0,0.00,0.00,0.0,1.00,55613.00,59.5
281,0.00,284.00,284.0,17.35,5.00,510.00,515.0,68.79,0,8.07,4421,0.65,4504,49,5,4.00,0.00,4.0,0.00,0.00,0.0,0.00,31354.00,45.1
282,0.00,56.00,56.0,2.53,4.00,110.00,114.0,68.79,0,8.07,4421,0.65,4504,50,4,0.00,1.00,1.0,4.00,4.00,8.0,1.00,11910.00,37.0
283,0.00,252.00,252.0,4.31,4.00,218.00,222.0,68.79,0,7.42,4421,0.65,4502,49,5,2.00,0.00,2.0,1.00,0.00,1.0,0.00,16756.00,43.4
284,0.00,604.00,604.0,20.53,2.00,874.00,876.0,68.8,4,7.42,4422,0.65,4501,49,5,2.00,0.00,2.0,0.00,0.00,0.0,1.00,69543.00,59.5
285,0.00,3616.00,3616.0,38.49,0.00,1363.00,1363.0,68.81,7,7.42,4421,0.65,4494,49,5,0.00,0.00,0.0,0.00,0.00,0.0,0.00,135242.00,74.6
286,0.00,1136.00,1136.0,53.99,0.00,948.00,948.0,68.84,6,7.42,4421,0.65,4486,49,5,0.00,0.00,0.0,0.00,0.00,0.0,1.00,159108.00,74.6
287,0.00,280.00,280.0,54.18,0.00,1011.00,1011.0,68.86,9,7.42,4422,0.65,4497,49,5,0.00,0.00,0.0,0.00,0.00,0.0,7.00,155711.00,74.9
288,4.00,704.00,708.0,62.9,0.00,1423.00,1423.0,68.88,13,7.31,4424,0.65,4499,50,4,0.00,1.00,1.0,0.00,0.00,0.0,16.00,111600.00,75.0
289,0.00,184.00,184.0,42.37,2.00,1431.00,1433.0,68.9,1,7.31,4424,0.65,4498,50,4,0.00,2.00,2.0,0.00,0.00,0.0,0.00,112783.00,74.5
290,0.00,12432.00,12432.0,21.25,0.00,551.00,551.0,68.91,0,7.31,4424,0.65,4507,50,4,0.00,0.00,0.0,0.00,0.00,0.0,0.00,45203.00,47.8
291,0.00,472.00,472.0,18.41,1.00,626.00,627.0,68.92,0,7.31,4424,0.65,4506,50,5,0.00,0.00,0.0,1.00,1.00,2.0,0.00,68024.00,53.7
292,0.00,76.00,76.0,15.33,7.00,502.00,509.0,68.92,3,7.31,4423,0.65,4508,50,5,0.00,2.00,2.0,4.00,4.00,8.0,1.00,62636.00,53.1
293,0.00,44.00,44.0,14.03,1.00,411.00,412.0,68.93,0,6.72,4422,0.65,4497,50,5,0.00,1.00,1.0,0.00,0.00,0.0,0.00,51770.00,46.1
294,0.00,176.00,176.0,22.66,1.00,570.00,571.0,68.94,1,6.72,4423,0.65,4493,50,5,0.00,1.00,1.0,0.00,0.00,0.0,1.00,65263.00,58.6
295,0.00,28820.00,28820.0,20.63,2.00,504.00,506.0,68.95,0,6.72,4423,0.65,4503,50,4,0.00,1.00,1.0,0.00,0.00,0.0,0.00,77087.00,51.1
296,0.00,568.00,568.0,9.08,0.00,303.00,303.0,68.95,0,6.72,4423,0.65,4499,50,4,0.00,0.00,0.0,0.00,0.00,0.0,0.00,32183.00,43.1
297,0.00,60.00,60.0,11.01,0.00,378.00,378.0,68.96,2,6.72,4422,0.65,4499,50,4,0.00,0.00,0.0,0.00,0.00,0.0,1.00,36964.00,43.2
298,0.00,136.00,136.0,7.24,2.00,232.00,234.0,68.96,0,6.18,4422,0.65,4500,49,4,0.00,1.00,1.0,0.00,0.00,0.0,0.00,19678.00,43.2
299,0.00,96.00,96.0,24.87,1.00,657.00,658.0,68.98,3,6.18,4421,0.65,4497,49,4,0.00,0.00,0.0,0.00,0.00,0.0,1.00,35873.00,70.6
300,0.00,10032.00,10032.0,38.04,0.00,638.00,638.0,69.12,0,6.18,4421,0.65,4502,49,4,0.00,0.00,0.0,0.00,0.00,0.0,0.00,64689.00,55.9
301,0.00,764.00,764.0,23.92,2.00,439.00,441.0,69.12,0,6.18,4421,0.65,4505,49,4,2.00,0.00,2.0,0.00,0.00,0.0,0.00,130553.00,55.6
302,0.00,288.00,288.0,16.69,7.00,507.00,514.0,69.05,2,6.18,4422,0.65,4509,49,4,6.00,0.00,6.0,0.00,0.00,0.0,2.00,53477.00,55.6
303,0.00,268.00,268.0,37.55,4.00,789.00,793.0,69.27,0,6.17,4423,0.65,4509,49,4,4.00,0.00,4.0,0.00,0.00,0.0,2.00,40232.00,65.9
304,0.00,552.00,552.0,9.01,0.00,247.00,247.0,69.16,0,6.17,4423,0.65,4512,49,4,0.00,0.00,0.0,0.00,0.00,0.0,0.00,19709.00,37.8
305,0.00,12088.00,12088.0,6.84,2.00,341.00,343.0,69.16,3,6.17,4421,0.65,4506,49,4,2.00,0.00,2.0,0.00,0.00,0.0,1.00,25807.00,45.1
306,0.00,672.00,672.0,34.73,4.00,1231.00,1235.0,69.13,13,6.17,4422,0.65,4497,49,4,4.00,0.00,4.0,0.00,0.00,0.0,2.00,92812.00,76.2
307,0.00,52.00,52.0,67.09,2.00,1243.00,1245.0,69.17,2,6.17,4421,0.65,4493,49,4,2.00,0.00,2.0,0.00,0.00,0.0,2.00,103584.00,76.6
308,0.00,140.00,140.0,65.82,3.00,755.00,758.0,69.18,11,7.28,4421,0.65,4493,49,4,2.00,0.00,2.0,0.00,0.00,0.0,0.00,186769.00,77.1
309,0.00,128.00,128.0,49.49,2.00,1118.00,1120.0,69.2,6,7.28,4422,0.65,4489,49,4,2.00,0.00,2.0,0.00,0.00,0.0,2.00,113540.00,77.5
310,0.00,1072.00,1072.0,74.81,3.00,1557.00,1560.0,69.3,13,7.28,4423,0.65,4480,49,4,2.00,0.00,2.0,0.00,0.00,0.0,3.00,135523.00,78.0
311,0.00,17596.00,17596.0,56.05,0.00,1825.00,1825.0,69.31,12,7.28,4424,0.65,4486,49,4,0.00,0.00,0.0,0.00,0.00,0.0,1.00,106780.00,78.3
312,0.00,440.00,440.0,57.67,4.00,656.00,660.0,69.32,0,7.28,4424,0.65,4498,49,4,0.00,0.00,0.0,4.00,4.00,8.0,1.00,121683.00,60.7
313,0.00,876.00,876.0,25.22,0.00,641.00,641.0,69.33,5,7.33,4423,0.65,4500,49,4,0.00,0.00,0.0,0.00,0.00,0.0,0.00,97239.00,68.5
314,0.00,672.00,672.0,31.34,0.00,936.00,936.0,69.34,0,7.33,4422,0.65,4503,49,4,0.00,0.00,0.0,0.00,0.00,0.0,1.00,65130.00,55.4
315,0.00,344.00,344.0,16.56,0.00,684.00,684.0,69.31,0,7.33,4423,0.65,4503,49,4,0.00,0.00,0.0,0.00,0.00,0.0,2.00,48415.00,46.9
316,0.00,2188.00,2188.0,9.22,0.00,290.00,290.0,69.28,0,7.33,4423,0.65,4504,49,4,0.00,0.00,0.0,0.00,0.00,0.0,0.00,23137.00,46.4
317,0.00,44.00,44.0,22.49,0.00,600.00,600.0,69.29,1,7.33,4423,0.65,4503,49,4,0.00,0.00,0.0,0.00,0.00,0.0,1.00,53112.00,68.0
318,0.00,1340.00,1340.0,29.81,0.00,656.00,656.0,69.33,5,7.63,4423,0.65,4501,49,4,0.00,0.00,0.0,0.00,0.00,0.0,19.00,88752.00,67.5
319,0.00,524.00,524.0,30.74,0.00,488.00,488.0,69.34,1,7.63,4423,0.65,4500,49,4,0.00,0.00,0.0,0.00,0.00,0.0,0.00,97922.00,67.3
320,0.00,60.00,60.0,19.69,0.00,540.00,540.0,69.37,0,7.63,4423,0.65,4500,49,4,0.00,0.00,0.0,0.00,0.00,0.0,2.00,62421.00,51.4
321,0.00,19536.00,19536.0,15.29,0.00,703.00,703.0,69.38,0,7.63,4423,0.65,4500,49,4,0.00,0.00,0.0,0.00,0.00,0.0,1.00,38149.00,50.9
322,0.00,444.00,444.0,9.05,10.00,225.00,235.0,69.35,0,7.63,4422,0.65,4502,49,4,4.00,0.00,4.0,4.00,4.00,8.0,0.00,13755.00,37.2
323,0.00,36.00,36.0,2.41,1.00,116.00,117.0,69.33,0,7.02,4422,0.65,4502,49,4,0.00,0.00,0.0,0.00,0.00,0.0,1.00,10754.00,37.2
324,0.00,408.00,408.0,2.53,0.00,156.00,156.0,69.33,1,7.02,4420,0.65,4497,49,4,0.00,0.00,0.0,0.00,0.00,0.0,0.00,13460.00,37.5
325,0.00,128.00,128.0,20.81,7.00,1086.00,1093.0,69.33,7,7.02,4421,0.65,4496,49,4,6.00,0.00,6.0,0.00,0.00,0.0,2.00,66393.00,66.7
326,0.00,17480.00,17480.0,58.37,3.00,1364.00,1367.0,69.36,5,7.02,4422,0.65,4491,50,5,0.00,3.00,3.0,1.00,1.00,2.0,1.00,128928.00,80.3
327,0.00,40.00,40.0,68.54,2.00,782.00,784.0,69.42,14,7.02,4422,0.65,4496,50,5,0.00,2.00,2.0,0.00,0.00,0.0,0.00,175759.00,80.7
328,0.00,352.00,352.0,51.07,9.00,995.00,1004.0,69.44,4,7.1,4422,0.65,4488,50,5,6.00,2.00,8.0,0.00,0.00,0.0,2.00,122672.00,70.9
329,0.00,780.00,780.0,57.25,1.00,1627.00,1628.0,69.48,11,7.1,4424,0.65,4483,50,5,0.00,1.00,1.0,0.00,0.00,0.0,2.00,137779.00,79.3
330,0.00,348.00,348.0,60.56,2.00,1724.00,1726.0,69.49,2,7.1,4423,0.65,4494,50,4,0.00,0.00,0.0,0.00,0.00,0.0,0.00,128496.00,72.0
331,0.00,12600.00,12600.0,18.89,0.00,581.00,581.0,69.49,1,7.1,4423,0.65,4497,50,4,0.00,2.00,2.0,0.00,0.00,0.0,0.00,96717.00,58.6
332,0.00,780.00,780.0,23.71,2.00,547.00,549.0,69.5,0,7.1,4424,0.65,4500,50,4,0.00,2.00,2.0,0.00,0.00,0.0,1.00,56955.00,52.1
333,0.00,320.00,320.0,12.33,2.00,621.00,623.0,69.47,0,6.53,4423,0.65,4497,50,4,0.00,2.00,2.0,0.00,0.00,0.0,1.00,36088.00,45.2
334,0.00,176.00,176.0,10.45,2.00,563.00,565.0,69.47,0,6.53,4422,0.65,4494,50,4,0.00,2.00,2.0,0.00,0.00,0.0,0.00,33022.00,44.9
335,0.00,4.00,4.0,8.75,1.00,359.00,360.0,69.48,1,6.53,4421,0.65,4496,50,4,0.00,1.00,1.0,0.00,0.00,0.0,0.00,41983.00,44.5
336,0.00,6636.00,6636.0,12.71,2.00,278.00,280.0,69.48,0,6.53,4421,0.65,4495,50,4,0.00,2.00,2.0,0.00,0.00,0.0,0.00,73972.00,44.5
337,0.00,728.00,728.0,11.89,1.00,666.00,667.0,69.49,1,6.53,4422,0.65,4490,50,4,0.00,0.00,0.0,1.00,1.00,2.0,1.00,48498.00,52.8
338,0.00,708.00,708.0,23.51,0.00,996.00,996.0,69.5,3,6.41,4423,0.65,4496,50,4,0.00,0.00,0.0,0.00,0.00,0.0,2.00,89791.00,53.1
339,0.00,488.00,488.0,21.14,3.00,511.00,514.0,69.51,3,6.41,4423,0.65,4498,50,4,0.00,3.00,3.0,0.00,0.00,0.0,0.00,126430.00,53.1
340,0.00,532.00,532.0,14.92,1.00,485.00,486.0,69.51,0,6.41,4423,0.65,4500,50,4,0.00,0.00,0.0,0.00,0.00,0.0,0.00,49540.00,53.0
341,0.00,23552.00,23552.0,24.09,0.00,796.00,796.0,69.52,0,6.41,4423,0.65,4492,50,4,0.00,0.00,0.0,0.00,0.00,0.0,0.00,50565.00,53.3
342,0.00,252.00,252.0,9.31,7.00,370.00,377.0,69.52,1,6.41,4421,0.65,4494,49,4,0.00,2.00,2.0,4.00,4.00,8.0,0.00,26151.00,39.7
343,0.00,308.00,308.0,4.67,0.00,169.00,169.0,69.52,2,5.89,4420,0.65,4493,49,4,0.00,0.00,0.0,0.00,0.00,0.0,1.00,15821.00,39.7
344,0.00,676.00,676.0,12.32,0.00,782.00,782.0,69.52,4,5.89,4420,0.65,4487,49,4,0.00,0.00,0.0,0.00,0.00,0.0,0.00,60056.00,55.7
345,0.00,28.00,28.0,40.79,2.00,1390.00,1392.0,69.54,7,5.89,4420,0.65,4482,49,4,2.00,0.00,2.0,0.00,0.00,0.0,0.00,123883.00,75.9
346,0.00,9328.00,9328.0,60.66,0.00,1043.00,1043.0,69.56,9,5.89,4420,0.65,4486,49,4,0.00,0.00,0.0,0.00,0.00,0.0,0.00,165320.00,81.7
347,0.00,440.00,440.0,51.57,0.00,1116.00,1116.0,69.59,9,5.89,4421,0.65,4494,49,4,0.00,0.00,0.0,0.00,0.00,0.0,5.00,169491.00,75.6
348,4.00,684.00,688.0,69.35,0.00,1515.00,1515.0,69.63,22,7.26,4424,0.65,4481,49,4,0.00,0.00,0.0,0.00,0.00,0.0,20.00,106644.00,83.4
349,0.00,540.00,540.0,66.37,0.00,1607.00,1607.0,69.63,9,7.26,4424,0.65,4485,49,4,0.00,0.00,0.0,0.00,0.00,0.0,0.00,130215.00,78.1
350,0.00,232.00,232.0,35.01,0.00,834.00,834.0,69.64,1,7.26,4424,0.65,4499,49,4,0.00,0.00,0.0,0.00,0.00,0.0,0.00,100437.00,56.6
351,0.00,320.00,320.0,16.08,1.00,593.00,594.0,69.65,0,7.26,4423,0.65,4491,49,4,0.00,0.00,0.0,0.00,0.00,0.0,0.00,57166.00,50.7
352,0.00,6980.00,6980.0,11.08,4.00,569.00,573.0,69.66,0,7.26,4422,0.65,4495,49,4,0.00,0.00,0.0,4.00,4.00,8.0,0.00,32647.00,43.5
353,0.00,48.00,48.0,8.18,0.00,326.00,326.0,69.66,0,6.68,4420,0.65,4493,49,4,0.00,0.00,0.0,0.00,0.00,0.0,1.00,23267.00,43.2
354,0.00,324.00,324.0,10.21,1.00,414.00,415.0,69.67,2,6.68,4420,0.65,4495,49,4,0.00,0.00,0.0,0.00,0.00,0.0,1.00,43677.00,43.5
355,0.00,0.00,0.0,12.75,0.00,362.00,362.0,69.67,6,6.68,4420,0.65,4491,49,4,0.00,0.00,0.0,0.00,0.00,0.0,0.00,68011.00,51.3
356,0.00,144.00,144.0,23.08,1.00,623.00,624.0,69.68,5,6.68,4421,0.65,4484,49,4,1.00,1.00,2.0,0.00,0.00,0.0,1.00,55584.00,63.2
357,0.00,25000.00,25000.0,39.1,3.00,910.00,913.0,69.69,9,6.68,4423,0.65,4495,49,4,2.00,2.00,4.0,0.00,0.00,0.0,2.00,87709.00,63.4
358,0.00,524.00,524.0,27.51,0.00,706.00,706.0,69.7,2,6.22,4423,0.65,4493,49,4,0.00,0.00,0.0,0.00,0.00,0.0,1.00,110633.00,52.1
359,0.00,276.00,276.0,17.04,0.00,512.00,512.0,69.7,5,6.22,4423,0.65,4495,49,4,0.00,0.00,0.0,0.00,0.00,0.0,0.00,67524.00,52.2
360,0.00,284.00,284.0,17.53,0.00,740.00,740.0,69.71,0,6.22,4424,0.65,4494,49,4,0.00,0.00,0.0,0.00,0.00,0.0,1.00,51587.00,46.1
361,0.00,424.00,424.0,6.5,8.00,383.00,391.0,69.72,1,6.22,4424,0.65,4495,50,5,3.00,6.00,9.0,1.00,1.00,2.0,1.00,24999.00,39.9
362,0.00,21124.00,21124.0,3.92,2.00,65.00,67.0,69.73,2,6.22,4423,0.65,4494,50,5,0.00,1.00,1.0,0.00,0.00,0.0,0.00,11100.00,39.6
363,0.00,40.00,40.0,4.59,2.00,261.00,263.0,69.73,5,5.89,4423,0.65,4490,50,5,0.00,2.00,2.0,0.00,0.00,0.0,1.00,24679.00,39.7
364,0.00,704.00,704.0,25.91,2.00,968.00,970.0,69.74,8,5.89,4423,0.65,4494,50,5,2.00,0.00,2.0,0.00,0.00,0.0,1.00,92605.00,67.3
365,0.00,16.00,16.0,39.2,0.00,1061.00,1061.0,69.75,2,5.89,4422,0.65,4497,50,4,0.00,0.00,0.0,0.00,0.00,0.0,0.00,104371.00,67.3
366,0.00,552.00,552.0,51.22,4.00,643.00,647.0,69.77,2,5.89,4423,0.65,4497,50,4,0.00,4.00,4.0,0.00,0.00,0.0,1.00,157819.00,72.9
367,0.00,7012.00,7012.0,33.42,2.00,894.00,896.0,69.78,3,5.89,4425,0.65,4499,50,4,0.00,1.00,1.0,0.00,0.00,0.0,4.00,94282.00,67.3
368,0.00,228.00,228.0,42.8,8.00,1842.00,1850.0,69.8,14,5.58,4426,0.65,4495,50,4,6.00,2.00,8.0,0.00,0.00,0.0,2.00,95623.00,67.8
369,0.00,388.00,388.0,34.23,1.00,1157.00,1158.0,69.82,1,5.58,4426,0.65,4514,50,4,0.00,0.00,0.0,0.00,0.00,0.0,0.00,100529.00,54.6
370,0.00,496.00,496.0,36.36,0.00,585.00,585.0,69.83,3,5.58,4426,0.65,4504,50,4,0.00,0.00,0.0,0.00,0.00,0.0,0.00,133322.00,68.5
371,0.00,232.00,232.0,29.29,3.00,610.00,613.0,69.84,0,5.58,4426,0.65,4512,50,4,0.00,3.00,3.0,0.00,0.00,0.0,0.00,55232.00,58.3
372,0.00,18420.00,18420.0,22.71,4.00,1048.00,1052.0,69.85,2,5.58,4425,0.65,4509,50,4,0.00,0.00,0.0,4.00,4.00,8.0,0.00,73700.00,58.4
373,0.00,472.00,472.0,20.23,1.00,727.00,728.0,69.86,0,5.37,4424,0.65,4514,50,4,1.00,1.00,2.0,0.00,0.00,0.0,1.00,37888.00,45.8
374,0.00,352.00,352.0,2.79,4.00,81.00,85.0,69.86,0,5.37,4423,0.65,4512,50,4,0.00,4.00,4.0,0.00,0.00,0.0,0.00,12434.00,37.3
375,0.00,144.00,144.0,2.17,1.00,102.00,103.0,69.86,0,5.37,4421,0.65,4508,50,4,0.00,1.00,1.0,0.00,0.00,0.0,0.00,10952.00,37.4
376,0.00,200.00,200.0,8.76,6.00,383.00,389.0,69.86,0,5.37,4422,0.65,4494,51,5,0.00,5.00,5.0,2.00,2.00,4.0,3.00,26724.00,45.5
377,0.00,14804.00,14804.0,10.64,2.00,438.00,440.0,69.87,0,5.37,4421,0.65,4495,51,5,0.00,2.00,2.0,0.00,0.00,0.0,2.00,43412.00,45.2
378,0.00,1376.00,1376.0,19.52,2.00,436.00,438.0,69.87,1,5.26,4420,0.65,4490,51,5,0.00,0.00,0.0,0.00,0.00,0.0,1.00,80489.00,61.6
379,4.00,628.00,632.0,19.82,0.00,749.00,749.0,69.89,1,5.26,4424,0.65,4493,51,5,0.00,2.00,2.0,0.00,0.00,0.0,21.00,74625.00,53.0
380,0.00,76.00,76.0,23.82,3.00,966.00,969.0,69.9,10,5.26,4425,0.65,4501,51,5,0.00,2.00,2.0,0.00,0.00,0.0,1.00,110234.00,60.3
381,0.00,400.00,400.0,31.83,4.00,512.00,516.0,69.91,2,5.26,4424,0.65,4498,51,4,0.00,2.00,2.0,2.00,2.00,4.0,1.00,82744.00,60.9
382,0.00,4060.00,4060.0,23.89,8.00,721.00,729.0,69.92,1,5.26,4424,0.65,4497,51,4,0.00,2.00,2.0,4.00,4.00,8.0,0.00,58111.00,60.3
383,0.00,384.00,384.0,25.74,4.00,1260.00,1264.0,69.92,5,5.08,4424,0.65,4488,51,4,2.00,1.00,3.0,0.00,0.00,0.0,1.00,96140.00,60.4
384,0.00,696.00,696.0,32.66,1.00,1278.00,1279.0,69.93,2,5.08,4422,0.65,4490,50,4,0.00,0.00,0.0,0.00,0.00,0.0,0.00,124819.00,60.9
385,0.00,116.00,116.0,36.59,0.00,804.00,804.0,69.95,6,5.08,4423,0.65,4494,50,4,0.00,0.00,0.0,0.00,0.00,0.0,1.00,178148.00,61.2
386,0.00,196.00,196.0,26.67,0.99,912.87,913.86,69.96,1,5.08,4423,0.65,4481,50,4,0.00,0.00,0.0,0.00,0.00,0.0,1.00,105425.00,61.3
387,0.00,22416.00,22416.0,47.31,0.00,1878.00,1878.0,69.97,5,5.08,4425,0.65,4484,50,4,0.00,0.00,0.0,0.00,0.00,0.0,2.00,104287.00,76.2
388,0.00,476.00,476.0,32.39,0.00,1440.00,1440.0,69.98,0,5.55,4425,0.65,4486,51,4,0.00,1.00,1.0,0.00,0.00,0.0,1.00,110964.00,58.9
389,0.00,88.00,88.0,36.95,7.00,605.00,612.0,70.0,1,5.55,4425,0.65,4488,51,4,5.00,8.00,13.0,0.00,0.00,0.0,0.00,170931.00,64.1
390,0.00,476.00,476.0,14.08,2.00,653.00,655.0,70.0,5,5.55,4424,0.65,4486,51,4,0.00,2.00,2.0,0.00,0.00,0.0,0.00,65524.00,51.0
391,0.00,616.00,616.0,20.81,1.00,1208.00,1209.0,70.02,11,5.55,4423,0.65,4479,50,4,0.00,0.00,0.0,0.00,0.00,0.0,0.00,61720.00,51.4
392,0.00,428.00,428.0,11.14,2.00,366.00,368.0,70.02,2,5.55,4421,0.65,4485,50,4,2.00,0.00,2.0,0.00,0.00,0.0,0.00,23237.00,39.6
393,0.00,1812.00,1812.0,3.42,0.00,109.00,109.0,70.02,0,5.11,4421,0.65,4485,50,4,0.00,0.00,0.0,0.00,0.00,0.0,1.00,12750.00,39.2
394,0.00,144.00,144.0,4.33,0.00,275.00,275.0,70.02,2,5.11,4420,0.65,4484,50,4,0.00,0.00,0.0,0.00,0.00,0.0,0.00,20813.00,39.3
395,0.00,8.00,8.0,10.24,1.00,459.00,460.0,70.02,1,5.11,4421,0.65,4483,50,5,0.00,0.00,0.0,1.00,1.00,2.0,1.00,45874.00,45.1
396,0.00,168.00,168.0,17.32,0.00,416.00,416.0,70.03,0,5.11,4421,0.65,4480,50,5,0.00,0.00,0.0,0.00,0.00,0.0,0.00,75917.00,54.0
397,0.00,780.00,780.0,15.45,0.00,681.00,681.0,70.04,0,5.11,4421,0.65,4478,50,5,0.00,0.00,0.0,0.00,0.00,0.0,1.00,67169.00,53.6
398,0.00,30656.00,30656.0,23.8,0.00,851.00,851.0,70.05,1,4.94,4423,0.65,4478,50,5,0.00,0.00,0.0,0.00,0.00,0.0,3.00,119909.00,54.1
399,0.00,576.00,576.0,19.1,0.00,616.00,616.0,70.06,2,4.94,4424,0.65,4487,50,4,0.00,0.00,0.0,0.00,0.00,0.0,1.00,94500.00,54.3
400,0.00,244.00,244.0,15.73,6.00,627.00,633.0,70.06,0,4.94,4424,0.65,4483,50,4,0.00,3.00,3.0,2.00,0.00,2.0,0.00,48703.00,53.8
401,0.00,604.00,604.0,14.75,3.00,522.00,525.0,70.07,0,4.94,4426,0.65,4489,50,4,0.00,2.00,2.0,0.00,0.00,0.0,2.00,43040.00,48.0
402,0.00,64.00,64.0,18.65,5.00,658.00,663.0,70.07,3,4.94,4425,0.65,4487,50,4,0.00,1.00,1.0,4.00,4.00,8.0,0.00,35409.00,64.8
403,0.00,17028.00,17028.0,62.67,2.00,828.00,830.0,70.09,2,5.18,4424,0.65,4483,50,4,0.00,2.00,2.0,0.00,0.00,0.0,1.00,81864.00,78.1
404,0.00,632.00,632.0,39.7,0.00,714.00,714.0,70.11,10,5.18,4424,0.65,4501,50,4,0.00,0.00,0.0,0.00,0.00,0.0,0.00,126889.00,77.4
405,0.00,16.00,16.0,37.61,2.00,787.00,789.0,70.12,3,5.18,4425,0.65,4483,50,4,2.00,0.00,2.0,0.00,0.00,0.0,1.00,86714.00,68.8
406,0.00,828.00,828.0,56.19,3.00,1068.00,1071.0,70.13,6,5.18,4426,0.65,4483,50,4,0.00,3.00,3.0,0.00,0.00,0.0,1.98,100522.77,77.0
407,0.00,600.00,600.0,43.92,0.00,1135.00,1135.0,70.14,1,5.18,4426,0.65,4492,50,4,0.00,0.00,0.0,0.00,0.00,0.0,3.00,90405.00,69.5
408,0.00,12728.00,12728.0,13.54,0.00,378.00,378.0,70.15,1,4.85,4426,0.65,4489,50,4,0.00,0.00,0.0,0.00,0.00,0.0,1.00,35964.00,46.6
409,0.00,724.00,724.0,25.48,5.00,1090.00,1095.0,70.16,10,4.85,4426,0.65,4488,49,4,0.00,3.00,3.0,0.00,0.00,0.0,19.00,91136.00,67.9
410,0.00,60.00,60.0,30.89,0.00,1010.00,1010.0,70.19,2,4.85,4425,0.65,4492,49,4,0.00,0.00,0.0,0.00,0.00,0.0,0.00,108701.00,54.5
411,0.00,260.00,260.0,30.57,0.00,609.00,609.0,70.2,0,4.85,4425,0.65,4499,49,4,0.00,0.00,0.0,0.00,0.00,0.0,1.00,152397.00,55.1
412,0.00,356.00,356.0,25.69,5.00,754.00,759.0,70.2,13,4.85,4425,0.65,4492,49,4,0.00,0.00,0.0,4.00,4.00,8.0,0.00,77571.00,61.5
413,0.00,8068.00,8068.0,25.03,0.00,1315.00,1315.0,70.21,0,4.54,4427,0.65,4492,49,4,0.00,0.00,0.0,0.00,0.00,0.0,3.00,61287.00,61.0
414,0.00,164.00,164.0,15.14,0.00,485.00,485.0,70.21,0,4.54,4427,0.65,4495,49,4,0.00,0.00,0.0,0.00,0.00,0.0,0.00,47477.00,46.1
415,0.00,8.00,8.0,11.34,1.00,294.00,295.0,70.22,0,4.54,4427,0.65,4493,49,4,0.00,0.00,0.0,0.00,0.00,0.0,0.00,73553.00,45.8
416,0.00,176.00,176.0,8.71,0.00,509.00,509.0,70.22,0,4.54,4426,0.65,4491,49,4,0.00,0.00,0.0,0.00,0.00,0.0,0.00,43315.00,45.7
417,0.00,448.00,448.0,37.23,0.00,1017.00,1017.0,70.36,2,4.54,4426,0.65,4473,49,4,0.00,0.00,0.0,0.00,0.00,0.0,0.00,82177.00,69.1
418,0.00,20452.00,20452.0,21.46,0.00,593.00,593.0,70.35,3,4.34,4425,0.65,4482,49,4,0.00,0.00,0.0,0.00,0.00,0.0,1.00,91919.00,59.2
419,0.00,124.00,124.0,16.96,0.00,416.00,416.0,70.36,5,4.34,4425,0.65,4486,49,4,0.00,0.00,0.0,0.00,0.00,0.0,1.00,72580.00,44.2
420,0.00,80.00,80.0,14.69,0.00,698.00,698.0,70.37,2,4.34,4426,0.65,4486,49,4,0.00,0.00,0.0,0.00,0.00,0.0,1.00,63027.00,44.7
421,0.00,716.00,716.0,10.71,2.00,606.00,608.0,70.37,1,4.34,4426,0.65,4491,49,4,0.00,0.00,0.0,2.00,2.00,4.0,1.00,32180.00,44.4
422,0.00,56.00,56.0,3.3,5.00,256.00,261.0,70.29,0,4.34,4426,0.65,4489,49,4,0.00,0.00,0.0,4.00,4.00,8.0,0.00,18027.00,38.7
423,0.00,2360.00,2360.0,18.23,2.00,584.00,586.0,70.31,19,4.07,4426,0.65,4487,49,4,2.00,0.00,2.0,0.00,0.00,0.0,1.00,53335.00,63.3
424,0.00,716.00,716.0,39.39,2.00,828.00,830.0,70.53,7,4.07,4425,0.65,4487,49,4,2.00,0.00,2.0,0.00,0.00,0.0,0.00,72584.00,63.6
425,0.00,16.00,16.0,34.36,2.00,939.00,941.0,70.54,5,4.07,4426,0.65,4483,49,4,2.00,0.00,2.0,0.00,0.00,0.0,1.00,143473.00,63.2
426,0.00,732.00,732.0,25.58,0.00,960.00,960.0,70.49,2,4.07,4426,0.65,4485,49,4,0.00,0.00,0.0,0.00,0.00,0.0,1.00,134295.00,57.8
427,0.00,404.00,404.0,29.42,1.00,1374.00,1375.0,70.49,2,4.07,4427,0.65,4479,49,4,0.00,0.00,0.0,0.00,0.00,0.0,1.00,125462.00,58.2
428,0.00,23928.00,23928.0,35.86,0.00,1238.00,1238.0,70.5,2,4.22,4426,0.65,4471,49,4,0.00,0.00,0.0,0.00,0.00,0.0,1.00,99966.00,71.8
429,0.00,444.00,444.0,34.7,1.00,1175.00,1176.0,70.51,8,4.22,4427,0.65,4491,49,4,0.00,0.00,0.0,0.00,0.00,0.0,1.00,125652.00,62.9
430,0.00,556.00,556.0,25.06,3.00,692.00,695.0,70.52,9,4.22,4425,0.65,4491,50,5,0.00,3.00,3.0,1.00,1.00,2.0,0.00,113225.00,62.6
431,0.00,404.00,404.0,34.22,1.00,859.00,860.0,70.48,2,4.22,4426,0.65,4484,50,5,0.00,1.00,1.0,0.00,0.00,0.0,1.00,85222.00,62.3
432,0.00,356.00,356.0,26.28,6.00,1139.00,1145.0,70.48,1,4.22,4426,0.65,4481,50,5,0.00,2.00,2.0,4.00,4.00,8.0,0.00,81502.00,56.3
433,0.00,18424.00,18424.0,14.63,2.00,508.00,510.0,70.49,0,3.97,4427,0.65,4483,50,5,0.00,2.00,2.0,0.00,0.00,0.0,2.00,50441.00,49.6
434,0.00,604.00,604.0,12.32,0.00,245.00,245.0,70.49,0,3.97,4426,0.65,4490,50,4,0.00,0.00,0.0,0.00,0.00,0.0,0.00,63262.00,42.8
435,0.00,20.00,20.0,10.94,0.00,336.00,336.0,70.5,0,3.97,4427,0.65,4492,50,4,0.00,0.00,0.0,0.00,0.00,0.0,1.00,34629.00,43.4
436,0.00,588.00,588.0,6.58,3.00,430.00,433.0,70.51,0,3.97,4426,0.65,4492,50,4,0.00,3.00,3.0,0.00,0.00,0.0,0.00,25593.00,42.8
437,0.00,24.00,24.0,4.46,2.00,303.00,305.0,70.51,1,3.97,4426,0.65,4487,50,4,2.00,0.00,2.0,0.00,0.00,0.0,1.00,20302.00,42.5
438,0.00,788.12,788.12,13.98,0.00,702.00,702.0,70.52,2,4.05,4425,0.65,4486,50,4,0.00,0.00,0.0,0.00,0.00,0.0,1.00,68454.00,51.4
439,4.00,15424.00,15428.0,15.39,1.00,534.00,535.0,70.52,7,4.05,4425,0.65,4488,50,4,0.00,0.00,0.0,0.00,0.00,0.0,17.00,93285.00,52.0
440,0.00,60.00,60.0,16.15,0.00,390.00,390.0,70.53,0,4.05,4425,0.65,4492,50,4,0.00,0.00,0.0,0.00,0.00,0.0,0.00,78230.00,45.1
441,0.00,92.00,92.0,13.76,0.00,655.00,655.0,70.54,0,4.05,4427,0.65,4487,50,4,0.00,0.00,0.0,0.00,0.00,0.0,2.00,64519.00,45.3
442,0.00,376.00,376.0,11.4,2.00,699.00,701.0,70.54,0,4.05,4427,0.65,4495,50,4,0.00,0.00,0.0,0.00,0.00,0.0,0.00,37092.00,45.1
443,0.00,20.00,20.0,2.93,3.00,107.00,110.0,70.54,0,3.72,4427,0.65,4495,50,4,0.00,2.00,2.0,0.00,0.00,0.0,1.00,17683.00,37.6
444,0.00,8424.00,8424.0,5.03,2.00,293.00,295.0,70.55,0,3.72,4427,0.65,4494,50,4,0.00,2.00,2.0,0.00,0.00,0.0,0.00,32101.00,43.5
445,0.00,4.00,4.0,11.56,1.00,560.00,561.0,70.55,1,3.72,4427,0.65,4492,50,4,0.00,0.00,0.0,0.00,0.00,0.0,0.00,54888.00,43.3
446,0.00,148.00,148.0,25.32,0.00,864.00,864.0,70.57,0,3.72,4426,0.65,4492,50,4,0.00,0.00,0.0,0.00,0.00,0.0,0.00,121479.00,56.9
447,0.00,40.00,40.0,18.25,0.00,722.00,722.0,70.58,14,3.72,4426,0.65,4495,50,4,0.00,0.00,0.0,0.00,0.00,0.0,1.00,80616.00,64.7
448,0.00,100.00,100.0,65.33,0.00,649.00,649.0,70.6,0,3.75,4426,0.65,4470,50,4,0.00,0.00,0.0,0.00,0.00,0.0,2.00,85638.00,65.0
449,0.00,20876.00,20876.0,23.54,0.00,1226.00,1226.0,70.61,0,3.75,4426,0.65,4474,50,4,0.00,0.00,0.0,0.00,0.00,0.0,1.00,93342.00,64.5
450,0.00,580.00,580.0,43.96,0.00,1882.00,1882.0,70.62,5,3.75,4426,0.65,4483,50,4,0.00,0.00,0.0,0.00,0.00,0.0,1.00,139965.00,75.8
451,0.00,460.00,460.0,65.99,1.00,1067.00,1068.0,70.65,17,3.75,4425,0.65,4476,50,4,0.00,1.00,1.0,0.00,0.00,0.0,1.00,155936.00,84.0
452,0.00,716.00,716.0,72.49,6.00,865.00,871.0,70.7,3,3.75,4424,0.65,4486,50,4,0.00,2.00,2.0,4.00,4.00,8.0,1.00,119195.00,83.8
453,0.00,252.00,252.0,59.7,1.00,1126.00,1127.0,70.72,3,4.17,4426,0.65,4490,50,4,0.00,1.00,1.0,0.00,0.00,0.0,2.00,129574.00,74.7
454,0.00,2644.00,2644.0,23.28,2.00,1447.00,1449.0,70.73,9,4.17,4426,0.65,4487,50,4,0.99,1.98,2.9699999999999998,0.00,0.00,0.0,0.00,73585.00,54.2
455,0.00,44.00,44.0,13.33,0.00,612.00,612.0,70.73,0,4.17,4426,0.65,4484,50,4,0.00,0.00,0.0,0.00,0.00,0.0,0.00,42876.00,43.5
456,0.00,404.00,404.0,7.21,0.00,473.00,473.0,70.71,1,4.17,4426,0.65,4486,50,4,0.00,0.00,0.0,0.00,0.00,0.0,1.00,31767.00,43.3
457,0.00,396.00,396.0,16.54,3.00,732.00,735.0,70.71,1,4.17,4426,0.65,4487,50,4,2.00,1.00,3.0,0.00,0.00,0.0,0.00,75557.00,50.2
458,0.00,476.00,476.0,25.42,0.00,555.00,555.0,70.71,1,4.55,4425,0.65,4490,50,4,0.00,0.00,0.0,0.00,0.00,0.0,2.00,118519.00,65.3
459,0.00,22732.00,22732.0,19.85,1.00,410.00,411.0,70.73,0,4.55,4425,0.65,4493,50,4,0.00,0.00,0.0,0.00,1.00,1.0,0.00,38315.00,56.5
460,0.00,28.00,28.0,15.28,6.00,744.00,750.0,70.74,0,4.55,4425,0.65,4498,49,4,2.00,3.00,5.0,0.00,0.00,0.0,2.00,47151.00,48.0
461,0.00,788.00,788.0,10.23,5.00,534.00,539.0,70.74,0,4.55,4426,0.65,4510,49,4,4.00,0.00,4.0,0.00,0.00,0.0,1.00,25292.00,41.4
462,0.00,28.00,28.0,4.34,10.00,339.00,349.0,70.74,0,4.55,4426,0.65,4509,49,4,6.00,0.00,6.0,4.00,4.00,8.0,0.00,22656.00,41.4
463,0.00,380.00,380.0,11.5,2.00,394.00,396.0,70.75,0,4.35,4425,0.65,4511,49,4,2.00,0.00,2.0,0.00,0.00,0.0,1.00,47352.00,47.2
464,0.00,3304.00,3304.0,26.22,5.00,659.00,664.0,70.76,3,4.35,4426,0.65,4499,50,5,2.00,3.00,5.0,1.00,1.00,2.0,1.00,90775.00,61.0
465,0.00,180.00,180.0,22.37,4.00,807.00,811.0,70.76,2,4.35,4424,0.65,4485,50,5,4.00,0.00,4.0,0.00,0.00,0.0,3.00,94881.00,60.3
466,0.00,704.00,704.0,24.87,0.00,853.00,853.0,70.78,13,4.35,4427,0.65,4490,50,5,0.00,0.00,0.0,0.00,0.00,0.0,2.00,118280.00,60.5
467,0.00,612.00,612.0,30.15,3.00,858.00,861.0,70.79,0,4.35,4427,0.65,4489,50,5,1.00,3.00,4.0,0.00,0.00,0.0,3.00,95331.00,60.2
468,0.00,360.00,360.0,30.74,2.00,1093.00,1095.0,70.8,2,4.64,4427,0.65,4496,50,4,0.00,1.00,1.0,0.00,0.00,0.0,1.00,97480.00,65.4
469,4.00,19672.00,19676.0,20.49,0.00,790.00,790.0,70.82,1,4.64,4426,0.65,4500,50,4,0.00,0.00,0.0,0.00,0.00,0.0,17.00,105200.00,55.4
470,0.00,32.00,32.0,15.86,0.00,500.00,500.0,70.82,4,4.64,4427,0.65,4496,50,4,0.00,0.00,0.0,0.00,0.00,0.0,1.00,69154.00,50.1
471,0.00,96.00,96.0,16.28,2.00,676.00,678.0,70.83,0,4.64,4427,0.65,4502,50,4,1.00,1.00,2.0,0.00,0.00,0.0,1.00,45780.00,49.9
472,0.00,44.00,44.0,15.41,0.00,912.00,912.0,70.84,2,4.64,4427,0.65,4499,50,4,0.00,0.00,0.0,0.00,0.00,0.0,0.00,51688.00,50.4
473,0.00,44.00,44.0,27.24,0.00,1011.00,1011.0,70.84,0,4.43,4427,0.65,4494,50,4,0.00,0.00,0.0,0.00,0.00,0.0,1.00,98350.00,55.6
474,0.00,15392.00,15392.0,25.98,1.00,638.00,639.0,70.86,1,4.43,4427,0.65,4502,50,4,0.00,0.00,0.0,0.00,0.00,0.0,0.00,155366.00,55.9
475,0.00,24.00,24.0,16.2,4.00,671.00,675.0,70.87,0,4.43,4427,0.65,4507,50,4,0.00,0.00,0.0,0.00,0.00,0.0,0.00,69210.00,55.3
476,0.00,160.00,160.0,19.64,0.00,1221.00,1221.0,70.88,1,4.43,4428,0.65,4506,50,4,0.00,4.00,4.0,0.00,0.00,0.0,1.00,69388.00,55.1
477,0.00,416.00,416.0,15.12,0.00,365.00,365.0,70.91,0,4.43,4427,0.65,4510,50,4,0.00,0.00,0.0,0.00,0.00,0.0,0.00,23078.00,44.6
478,0.00,68.00,68.0,2.92,0.00,152.00,152.0,70.91,0,4.16,4427,0.65,4509,50,4,0.00,0.00,0.0,0.00,0.00,0.0,1.00,14546.00,39.0
479,0.00,28.00,28.0,7.27,4.00,474.00,478.0,70.91,7,4.16,4428,0.65,4513,50,4,4.00,0.00,4.0,0.00,0.00,0.0,1.00,40042.00,39.6
480,0.00,30776.00,30776.0,14.83,0.00,708.00,708.0,70.9,3,4.16,4427,0.65,4505,50,4,0.00,0.00,0.0,0.00,0.00,0.0,0.00,72105.00,56.8
481,0.00,324.00,324.0,24.3,0.00,541.00,541.0,70.91,0,4.16,4428,0.65,4504,50,4,0.00,0.00,0.0,0.00,0.00,0.0,2.00,115426.00,56.3
482,0.00,280.00,280.0,31.78,7.00,909.00,916.0,70.92,0,4.16,4428,0.65,4495,50,4,2.00,0.00,2.0,4.00,4.00,8.0,0.00,82744.00,63.6
483,0.00,320.00,320.0,23.98,1.00,1399.00,1400.0,70.93,4,4.14,4428,0.65,4490,50,4,0.00,1.00,1.0,0.00,0.00,0.0,1.00,112237.00,63.1
484,0.00,556.00,556.0,25.46,2.00,967.00,969.0,70.95,3,4.14,4428,0.65,4494,50,4,0.00,2.00,2.0,0.00,0.00,0.0,0.00,135948.00,54.3
485,0.00,6180.00,6180.0,21.37,4.00,813.00,817.0,70.95,4,4.14,4427,0.65,4489,50,4,2.00,2.00,4.0,0.00,0.00,0.0,0.00,109892.00,54.8
486,0.00,992.00,992.0,29.74,2.00,1498.00,1500.0,70.97,0,4.14,4427,0.65,4493,50,4,0.00,0.00,0.0,0.00,0.00,0.0,2.00,101833.00,61.6
487,0.00,72.00,72.0,23.37,0.00,1108.00,1108.0,70.98,0,4.14,4427,0.65,4490,50,4,2.00,0.00,2.0,0.00,0.00,0.0,0.00,122655.00,54.5
488,0.00,460.00,460.0,17.1,2.00,561.00,563.0,71.0,0,4.21,4426,0.65,4490,50,4,0.00,1.00,1.0,0.00,0.00,0.0,1.00,91682.00,49.2
489,0.00,256.00,256.0,13.25,2.00,660.00,662.0,71.01,2,4.21,4426,0.65,4490,50,4,0.00,2.00,2.0,0.00,0.00,0.0,0.00,63268.00,49.6
490,0.00,13120.00,13120.0,25.03,2.00,1032.00,1034.0,71.04,1,4.21,4425,0.65,4489,50,4,0.00,2.00,2.0,0.00,0.00,0.0,0.00,53707.00,66.5
491,0.00,60.00,60.0,28.23,0.00,981.00,981.0,71.03,5,4.21,4425,0.65,4493,50,4,0.00,0.00,0.0,0.00,0.00,0.0,1.00,81960.00,66.6
492,0.00,56.00,56.0,47.07,4.00,694.00,698.0,71.04,1,4.21,4425,0.65,4492,50,4,0.00,0.00,0.0,4.00,4.00,8.0,0.00,135271.00,60.6
493,0.00,304.00,304.0,25.7,5.00,677.00,682.0,71.06,4,4.11,4426,0.65,4491,50,4,2.00,2.00,4.0,0.00,0.00,0.0,2.00,109469.00,61.0
494,0.00,908.00,908.0,24.4,2.00,1099.00,1101.0,71.06,0,4.11,4427,0.65,4490,50,4,0.00,2.00,2.0,0.00,0.00,0.0,1.00,65796.00,55.2
495,0.00,10728.00,10728.0,15.99,0.00,616.00,616.0,71.07,1,4.11,4428,0.65,4494,50,4,0.00,0.00,0.0,0.00,0.00,0.0,1.00,38702.00,46.1
496,0.00,596.00,596.0,5.49,0.00,360.00,360.0,71.07,0,4.11,4428,0.65,4495,50,4,0.00,0.00,0.0,0.00,0.00,0.0,0.00,23262.00,45.7
497,0.00,28.00,28.0,13.58,2.00,510.00,512.0,71.08,0,4.11,4428,0.65,4495,49,4,0.00,0.00,0.0,0.00,0.00,0.0,0.00,47483.00,46.0
498,0.00,700.00,700.0,17.84,0.00,616.00,616.0,71.09,3,4.27,4427,0.65,4491,49,4,0.00,0.00,0.0,0.00,0.00,0.0,1.00,103284.00,51.1
499,0.00,832.00,832.0,11.75,1.00,475.00,476.0,71.1,5,4.27,4427,0.65,4496,50,5,0.00,1.00,1.0,1.00,1.00,2.0,9.00,78984.00,51.1
500,4.00,21172.00,21176.0,14.8,3.00,915.00,918.0,71.11,2,4.27,4428,0.65,4488,50,5,2.00,0.00,2.0,0.00,0.00,0.0,10.00,65713.00,50.9
501,0.00,96.00,96.0,22.56,0.00,1075.00,1075.0,71.12,3,4.27,4427,0.65,4485,50,5,0.00,0.00,0.0,0.00,0.00,0.0,0.00,106193.00,51.5
502,0.00,80.00,80.0,37.04,5.00,965.00,970.0,71.15,4,4.27,4428,0.65,4483,50,5,4.00,3.00,7.0,0.00,0.00,0.0,1.00,148104.00,68.9
503,0.00,52.00,52.0,29.46,2.00,595.00,597.0,71.16,5,4.16,4428,0.65,4500,50,4,1.00,1.00,2.0,0.00,0.00,0.0,1.00,89422.00,68.4
504,0.00,816.00,816.0,21.41,1.00,980.00,981.0,71.16,0,4.16,4427,0.65,4499,50,4,0.00,0.00,0.0,0.00,0.00,0.0,0.00,73068.00,52.7
505,0.00,11032.00,11032.0,12.66,0.00,622.00,622.0,71.17,6,4.16,4428,0.65,4496,50,4,0.00,0.00,0.0,0.00,0.00,0.0,1.00,47861.00,44.6
506,0.00,140.00,140.0,8.87,0.00,525.00,525.0,71.17,1,4.16,4426,0.65,4496,50,4,0.00,0.00,0.0,0.00,0.00,0.0,0.00,32603.00,44.2
507,0.00,40.00,40.0,13.97,0.00,722.00,722.0,71.18,2,4.16,4427,0.65,4496,50,4,0.00,0.00,0.0,0.00,0.00,0.0,1.00,72252.00,44.8
508,0.00,100.00,100.0,14.43,0.00,554.00,554.0,71.18,6,3.99,4427,0.65,4495,50,4,0.00,0.00,0.0,0.00,0.00,0.0,1.00,100023.00,54.0
509,0.00,420.00,420.0,15.79,2.00,473.00,475.0,71.18,0,3.99,4427,0.65,4489,50,4,0.00,3.00,3.0,0.00,0.00,0.0,0.00,57959.00,44.2
510,0.00,684.00,684.0,23.76,0.00,1082.00,1082.0,71.19,0,3.99,4428,0.65,4491,50,4,0.00,0.00,0.0,0.00,0.00,0.0,2.00,74743.00,64.4
511,0.00,29044.00,29044.0,30.88,0.00,1167.00,1167.0,71.2,0,3.99,4428,0.65,4499,50,4,0.00,0.00,0.0,0.00,0.00,0.0,1.00,86184.00,58.7
512,0.00,864.00,864.0,28.48,4.00,499.00,503.0,71.21,0,3.99,4427,0.65,4505,50,4,0.00,0.00,0.0,4.00,4.00,8.0,0.00,109323.00,58.5
513,0.00,40.00,40.0,10.69,2.00,529.00,531.0,71.22,6,3.67,4427,0.65,4502,50,4,2.00,0.00,2.0,0.00,0.00,0.0,1.00,53990.00,47.6
514,0.00,152.00,152.0,18.39,0.00,1115.00,1115.0,71.23,1,3.67,4429,0.65,4504,50,4,0.00,0.00,0.0,0.00,0.00,0.0,2.00,68725.00,48.2
515,0.00,292.00,292.0,19.4,0.00,537.00,537.0,71.24,2,3.67,4427,0.65,4508,50,4,0.00,0.00,0.0,0.00,0.00,0.0,0.00,58927.00,56.8
516,0.00,11636.00,11636.0,10.04,2.00,276.00,278.0,71.25,0,3.67,4427,0.65,4506,50,4,0.00,2.00,2.0,0.00,0.00,0.0,0.00,47988.00,41.6
517,0.00,60.00,60.0,10.18,2.00,694.00,696.0,71.25,1,3.67,4427,0.65,4504,50,4,0.00,2.00,2.0,0.00,0.00,0.0,1.00,52881.00,51.3
518,0.00,916.00,916.0,23.21,2.00,927.00,929.0,71.26,4,3.38,4428,0.65,4500,50,4,0.00,0.00,0.0,0.00,0.00,0.0,2.00,79499.00,62.9
519,0.00,956.00,956.0,40.71,2.00,846.00,848.0,71.27,6,3.38,4428,0.65,4498,50,4,2.00,2.00,4.0,0.00,0.00,0.0,1.00,107452.00,73.8
520,0.00,52.00,52.0,57.34,2.00,1100.00,1102.0,71.31,12,3.38,4428,0.65,4503,50,4,0.00,2.00,2.0,0.00,0.00,0.0,1.00,118201.00,73.3
521,0.00,12056.00,12056.0,44.02,3.00,1365.00,1368.0,71.31,12,3.38,4429,0.65,4492,50,4,0.00,2.00,2.0,0.00,0.00,0.0,2.00,153849.00,73.5
522,0.00,428.00,428.0,31.62,4.00,1058.00,1062.0,71.32,0,3.38,4429,0.65,4500,50,4,2.00,2.00,4.0,0.00,0.00,0.0,0.00,130579.00,56.2
523,0.00,380.00,380.0,19.02,1.00,980.00,981.0,71.33,0,3.19,4429,0.65,4498,50,4,0.00,1.00,1.0,0.00,0.00,0.0,1.00,75614.00,55.9
524,0.00,936.00,936.0,14.3,2.00,818.00,820.0,71.34,0,3.19,4429,0.65,4498,50,4,0.00,2.00,2.0,0.00,0.00,0.0,0.00,44552.00,47.0
525,0.00,4.00,4.0,6.15,4.00,437.00,441.0,71.34,2,3.19,4428,0.65,4497,50,4,2.00,2.00,4.0,0.00,0.00,0.0,0.00,27396.00,41.9
526,0.00,8256.00,8256.0,13.78,4.00,692.00,696.0,71.35,1,3.19,4427,0.65,4496,50,4,2.00,2.00,4.0,0.00,0.00,0.0,0.00,75323.00,49.8
527,0.00,584.00,584.0,18.07,3.00,511.00,514.0,71.36,1,3.19,4427,0.65,4502,49,4,0.00,1.00,1.0,0.00,0.00,0.0,4.00,117266.00,50.1
528,0.00,128.00,128.0,13.31,0.00,708.00,708.0,71.37,1,3.09,4427,0.65,4492,49,4,0.00,0.00,0.0,0.00,0.00,0.0,2.00,61045.00,50.1
529,0.00,144.00,144.0,24.52,0.00,1346.00,1346.0,71.38,2,3.09,4428,0.65,4490,49,4,0.00,0.00,0.0,0.00,0.00,0.0,2.00,109326.00,55.7
530,0.00,412.00,412.0,19.77,1.00,792.00,793.0,71.39,3,3.09,4428,0.65,4490,49,4,0.00,0.00,0.0,0.00,0.00,0.0,17.00,119321.00,55.5
531,0.00,29016.00,29016.0,13.35,0.00,441.00,441.0,71.4,1,3.09,4429,0.65,4494,49,4,0.00,0.00,0.0,0.00,0.00,0.0,1.00,57393.00,44.2
532,0.00,500.00,500.0,17.79,4.00,911.00,915.0,71.41,3,3.09,4429,0.65,4499,49,4,0.00,0.00,0.0,4.00,4.00,8.0,0.00,69034.00,52.4
533,0.00,212.00,212.0,21.22,4.00,840.00,844.0,71.41,1,3.0,4429,0.65,4507,50,5,0.00,3.00,3.0,1.00,1.00,2.0,1.00,59550.00,60.1
534,0.00,124.00,124.0,15.72,2.00,284.00,286.0,71.42,0,3.0,4429,0.65,4498,50,5,2.00,0.00,2.0,0.00,0.00,0.0,0.00,67478.00,43.2
535,0.00,256.00,256.0,5.77,2.00,249.00,251.0,71.42,0,3.0,4429,0.65,4492,50,5,2.00,0.00,2.0,0.00,0.00,0.0,0.00,31146.00,43.0
536,0.00,8176.00,8176.0,13.04,1.00,622.00,623.0,71.43,1,3.0,4428,0.65,4489,50,5,0.00,1.00,1.0,0.00,0.00,0.0,0.00,50355.00,49.8
537,0.00,40.00,40.0,13.83,0.00,604.00,604.0,71.44,0,3.0,4428,0.65,4491,50,4,0.00,0.00,0.0,0.00,0.00,0.0,0.00,51904.00,49.8
538,0.00,124.00,124.0,23.88,0.00,568.00,568.0,71.45,0,2.76,4427,0.65,4493,50,4,0.00,0.00,0.0,0.00,0.00,0.0,1.00,100270.00,50.0
539,0.00,92.00,92.0,23.95,0.00,449.00,449.0,71.46,3,2.76,4428,0.65,4495,50,4,0.00,0.00,0.0,0.00,0.00,0.0,2.00,82630.00,64.5
540,0.00,64.00,64.0,18.89,0.00,666.00,666.0,71.49,0,2.76,4428,0.65,4491,50,4,0.00,0.00,0.0,0.00,0.00,0.0,0.00,43004.00,50.8
541,0.00,27652.00,27652.0,26.72,0.00,1082.00,1082.0,71.5,2,2.76,4428,0.65,4480,50,4,0.00,0.00,0.0,0.00,0.00,0.0,0.00,60895.00,68.9
542,0.00,436.00,436.0,33.12,1.00,1048.00,1049.0,71.51,1,2.76,4429,0.65,4490,50,4,0.00,0.00,0.0,0.00,0.00,0.0,1.00,100976.00,68.4
543,0.00,40.00,40.0,40.03,0.00,655.00,655.0,71.5,1,3.02,4429,0.65,4492,50,4,0.00,0.00,0.0,0.00,0.00,0.0,1.00,155945.00,68.9
544,0.00,560.00,560.0,31.95,4.00,734.00,738.0,71.51,3,3.02,4429,0.65,4495,50,4,4.00,0.00,4.0,0.00,0.00,0.0,2.00,72183.00,68.8
545,0.00,224.00,224.0,35.2,0.00,1219.00,1219.0,71.53,7,3.02,4429,0.65,4498,50,4,0.00,0.00,0.0,0.00,0.00,0.0,0.00,69097.00,68.8
546,0.00,5100.00,5100.0,21.78,0.00,390.00,390.0,71.54,0,3.02,4429,0.65,4504,50,4,0.00,1.00,1.0,0.00,0.00,0.0,0.00,20809.00,49.3
547,0.00,156.00,156.0,5.65,2.00,398.00,400.0,71.54,1,3.02,4429,0.65,4502,50,4,2.00,0.00,2.0,0.00,0.00,0.0,0.00,26662.00,48.7
548,0.00,124.00,124.0,18.05,0.00,806.00,806.0,71.55,0,2.78,4429,0.65,4501,50,4,0.00,0.00,0.0,0.00,0.00,0.0,1.00,79056.00,55.4
549,0.00,88.00,88.0,47.32,2.00,763.00,765.0,71.56,12,2.78,4428,0.65,4496,50,4,0.00,2.00,2.0,0.00,0.00,0.0,0.00,127263.00,77.3
550,0.00,748.00,748.0,34.75,2.00,809.00,811.0,71.57,5,2.78,4428,0.65,4484,50,4,2.00,0.00,2.0,0.00,0.00,0.0,1.00,102141.00,66.7
551,0.00,14412.00,14412.0,40.49,0.00,1351.00,1351.0,71.58,4,2.78,4428,0.65,4482,50,4,0.00,0.00,0.0,0.00,0.00,0.0,2.00,103939.00,75.3
552,0.00,580.00,580.0,44.37,6.00,1276.00,1282.0,71.58,4,2.78,4428,0.65,4494,50,4,0.00,1.00,1.0,4.00,4.00,8.0,1.00,122037.00,64.7
553,0.00,240.00,240.0,24.1,3.00,812.00,815.0,71.59,0,2.56,4428,0.65,4493,50,4,0.00,2.00,2.0,0.00,0.00,0.0,2.00,101565.00,64.0
554,0.00,936.00,936.0,19.97,2.00,855.00,857.0,71.61,4,2.56,4428,0.65,4489,50,4,0.00,0.00,0.0,0.00,0.00,0.0,1.00,83966.00,56.5
555,0.00,352.00,352.0,29.33,0.00,1002.00,1002.0,71.62,9,2.56,4428,0.65,4495,50,4,0.00,2.00,2.0,0.00,0.00,0.0,0.00,98611.00,61.9
556,0.00,600.00,600.0,17.8,3.00,789.00,792.0,71.63,2,2.56,4428,0.65,4495,50,4,0.00,2.00,2.0,0.00,0.00,0.0,1.00,66236.00,47.8
557,0.00,4596.00,4596.0,22.91,2.00,698.00,700.0,71.63,2,2.56,4428,0.65,4487,50,4,0.00,2.00,2.0,0.00,0.00,0.0,0.00,89548.00,63.5
558,0.00,452.00,452.0,21.06,2.00,383.00,385.0,71.64,3,2.43,4428,0.65,4487,50,4,0.00,2.00,2.0,0.00,0.00,0.0,1.00,37035.00,63.1
559,0.00,424.00,424.0,26.36,5.00,951.00,956.0,71.65,2,2.43,4429,0.65,4490,50,4,2.00,2.00,4.0,0.00,0.00,0.0,2.00,57570.00,63.4
560,0.00,1228.00,1228.0,31.85,2.00,1111.00,1113.0,71.66,1,2.43,4430,0.65,4496,50,4,0.00,2.00,2.0,0.00,0.00,0.0,18.00,105479.00,63.9
561,0.00,60.00,60.0,36.25,2.00,706.00,708.0,71.67,4,2.43,4429,0.65,4501,50,4,0.00,2.00,2.0,0.00,0.00,0.0,0.00,160038.00,70.3
562,0.00,23500.00,23500.0,29.76,7.00,693.00,700.0,71.68,9,2.43,4429,0.65,4500,49,4,0.00,0.00,0.0,4.00,4.00,8.0,1.00,71221.00,63.2
563,0.00,608.00,608.0,20.8,1.00,1219.00,1220.0,71.69,3,2.48,4429,0.65,4501,49,4,0.00,0.00,0.0,0.00,0.00,0.0,1.00,76605.00,52.5
564,0.00,344.00,344.0,10.32,0.00,522.00,522.0,71.7,0,2.48,4430,0.65,4509,49,4,0.00,0.00,0.0,0.00,0.00,0.0,1.00,26183.00,40.4
565,0.00,204.00,204.0,3.55,0.00,211.00,211.0,71.7,0,2.48,4430,0.65,4508,49,4,0.00,0.00,0.0,0.00,0.00,0.0,0.00,16743.00,40.2
566,0.00,156.00,156.0,10.76,2.00,498.00,500.0,71.71,3,2.48,4430,0.65,4507,49,4,2.00,0.00,2.0,0.00,0.00,0.0,0.00,51070.00,46.1
567,0.00,15020.00,15020.0,18.65,1.00,855.00,856.0,71.71,9,2.48,4430,0.65,4496,50,5,0.00,1.00,1.0,1.00,1.00,2.0,0.00,102403.00,58.0
568,0.00,136.00,136.0,26.06,3.00,943.00,946.0,71.73,0,2.28,4430,0.65,4499,50,5,2.00,1.00,3.0,0.00,0.00,0.0,2.00,127219.00,57.7
569,0.00,684.00,684.0,25.49,0.00,993.00,993.0,71.73,3,2.28,4429,0.65,4498,50,5,0.00,0.00,0.0,0.00,0.00,0.0,3.00,131953.00,57.9
570,0.00,708.00,708.0,38.83,2.00,1255.00,1257.0,71.75,3,2.28,4430,0.65,4490,50,5,2.00,0.00,2.0,0.00,0.00,0.0,0.00,118983.00,74.7
571,0.00,104.00,104.0,24.74,0.00,1015.00,1015.0,71.76,8,2.28,4430,0.65,4498,50,4,0.00,0.00,0.0,0.00,0.00,0.0,0.00,78100.00,53.3
572,0.00,28900.00,28900.0,17.83,0.00,740.00,740.0,71.77,0,2.28,4430,0.65,4494,50,4,0.00,0.00,0.0,0.00,0.00,0.0,0.00,93792.00,46.9
573,0.00,224.00,224.0,8.75,0.00,349.00,349.0,71.78,0,2.18,4430,0.65,4498,50,4,0.00,0.00,0.0,0.00,0.00,0.0,1.00,40436.00,47.2
574,0.00,412.00,412.0,18.58,0.00,508.00,508.0,71.81,1,2.18,4429,0.65,4496,50,4,0.00,0.00,0.0,0.00,0.00,0.0,0.00,27030.00,52.4
575,0.00,8.00,8.0,10.35,4.00,693.00,697.0,71.82,1,2.18,4428,0.65,4491,50,4,4.00,0.00,4.0,0.00,0.00,0.0,0.00,37656.00,47.0
576,0.00,168.00,168.0,12.77,2.00,660.00,662.0,71.83,7,2.18,4428,0.65,4487,50,4,0.00,2.00,2.0,0.00,0.00,0.0,0.00,77252.00,47.0
577,0.00,7076.00,7076.0,22.15,2.00,427.00,429.0,71.82,0,2.18,4427,0.65,4489,50,4,0.00,2.00,2.0,0.00,0.00,0.0,0.00,117509.00,47.4
578,0.00,852.00,852.0,13.04,4.00,701.00,705.0,71.82,0,2.08,4428,0.65,4487,50,4,2.00,2.00,4.0,0.00,0.00,0.0,2.00,64060.00,53.1
579,0.00,1088.00,1088.0,28.85,2.00,1126.00,1128.0,71.85,2,2.08,4427,0.65,4485,50,4,0.00,2.00,2.0,0.00,0.00,0.0,0.00,67688.00,64.7
580,0.00,204.00,204.0,18.5,2.00,408.00,410.0,71.85,0,2.08,4427,0.65,4489,50,4,0.00,2.00,2.0,0.00,0.00,0.0,0.00,70259.00,46.9
581,0.00,460.00,460.0,9.2,2.00,495.00,497.0,71.86,1,2.08,4428,0.65,4488,50,4,0.00,2.00,2.0,0.00,0.00,0.0,1.00,38011.00,46.9
582,0.00,18476.00,18476.0,17.26,6.00,978.00,984.0,71.87,0,2.08,4430,0.65,4489,50,4,0.00,1.00,1.0,4.00,4.00,8.0,2.00,74998.00,47.4
583,0.00,64.00,64.0,22.28,1.00,821.00,822.0,71.87,0,2.0,4430,0.65,4488,50,4,0.00,1.00,1.0,0.00,0.00,0.0,1.00,108161.00,47.8
584,0.00,1380.00,1380.0,17.23,2.00,626.00,628.0,71.88,0,2.0,4430,0.65,4490,50,4,0.00,2.00,2.0,0.00,0.00,0.0,1.00,95723.00,62.1
585,0.00,204.00,204.0,27.55,2.00,1398.00,1400.0,71.9,3,2.0,4430,0.65,4490,50,4,0.00,2.00,2.0,0.00,0.00,0.0,0.00,99983.00,62.4
586,0.00,204.00,204.0,35.78,3.00,1363.00,1366.0,71.91,4,2.0,4430,0.65,4485,50,4,0.00,2.00,2.0,0.00,0.00,0.0,0.00,135224.00,62.3
587,0.00,6048.00,6048.0,30.42,0.00,935.00,935.0,71.93,2,2.0,4429,0.65,4492,50,4,0.00,0.00,0.0,0.00,0.00,0.0,3.00,154181.00,55.2
588,0.00,568.00,568.0,18.4,0.00,973.00,973.0,71.94,6,2.24,4429,0.65,4493,50,4,0.00,0.00,0.0,0.00,0.00,0.0,2.00,103762.00,55.4
589,0.00,520.00,520.0,24.9,3.00,1498.00,1501.0,71.96,3,2.24,4428,0.65,4488,50,4,0.00,2.00,2.0,0.00,0.00,0.0,0.00,113722.00,55.2
590,0.00,580.00,580.0,21.04,1.00,850.00,851.0,71.97,1,2.24,4428,0.65,4490,49,4,0.00,0.00,0.0,0.00,0.00,0.0,17.00,100639.00,55.2
591,0.00,216.00,216.0,9.97,1.00,544.00,545.0,71.98,0,2.24,4427,0.65,4490,49,4,1.00,1.00,2.0,0.00,0.00,0.0,0.00,41675.00,42.8
592,0.00,18316.00,18316.0,7.93,5.00,436.00,441.0,71.98,0,2.24,4428,0.65,4490,49,4,0.00,0.00,0.0,4.00,4.00,8.0,1.00,37390.00,42.9
593,0.00,48.00,48.0,8.61,0.00,434.00,434.0,71.99,0,2.3,4428,0.65,4489,49,4,0.00,0.00,0.0,0.00,0.00,0.0,2.00,26688.00,43.1
594,0.00,156.00,156.0,25.54,0.00,584.00,584.0,71.99,1,2.3,4427,0.65,4485,49,4,0.00,0.00,0.0,0.00,0.00,0.0,0.00,47991.00,63.0
595,0.00,8.00,8.0,27.76,0.00,638.00,638.0,72.0,1,2.3,4427,0.65,4490,49,4,0.00,0.00,0.0,0.00,0.00,0.0,0.00,93262.00,63.3
596,0.00,608.00,608.0,18.35,0.00,473.00,473.0,72.01,2,2.3,4428,0.65,4488,49,4,0.00,0.00,0.0,0.00,0.00,0.0,1.00,87831.00,46.7
597,0.00,76.00,76.0,15.32,0.00,776.00,776.0,72.02,2,2.3,4430,0.65,4492,49,4,0.00,0.00,0.0,0.00,0.00,0.0,2.00,58560.00,47.2
598,0.00,21544.00,21544.0,16.12,2.00,963.00,965.0,72.03,0,2.75,4430,0.65,4492,49,4,2.00,0.00,2.0,0.00,0.00,0.0,1.00,67085.00,47.4
599,0.00,464.00,464.0,15.12,0.00,573.00,573.0,72.04,2,2.75,4430,0.65,4497,49,4,0.00,0.00,0.0,0.00,0.00,0.0,0.00,69277.00,53.1
600,0.00,48.00,48.0,13.68,4.00,592.00,596.0,72.04,0,2.75,4430,0.65,4495,49,4,4.00,0.00,4.0,0.00,0.00,0.0,0.00,65970.00,44.2
601,0.00,512.00,512.0,19.54,4.00,849.00,853.0,72.05,1,2.75,4430,0.65,4496,50,5,2.00,2.00,4.0,1.00,1.00,2.0,1.00,108900.00,56.6
602,0.00,88.00,88.0,24.56,4.00,859.00,863.0,72.07,5,2.75,4428,0.65,4493,50,5,2.00,1.00,3.0,0.00,0.00,0.0,0.00,78504.00,56.7
603,0.00,26392.00,26392.0,27.44,2.00,674.00,676.0,72.08,1,2.61,4429,0.65,4489,50,5,0.00,0.00,0.0,0.00,0.00,0.0,2.00,80480.00,65.0
604,0.00,608.00,608.0,28.93,2.00,905.00,907.0,72.09,8,2.61,4430,0.65,4492,50,5,4.00,0.00,4.0,0.00,0.00,0.0,1.00,81346.00,65.1
605,0.00,168.00,168.0,38.66,6.00,1153.00,1159.0,72.11,5,2.61,4430,0.65,4499,50,4,2.00,4.00,6.0,0.00,0.00,0.0,0.00,118182.00,65.6
606,0.00,424.00,424.0,28.21,3.00,706.00,709.0,72.13,4,2.61,4429,0.65,4493,50,4,0.00,2.00,2.0,0.00,0.00,0.0,1.00,124828.00,65.2
607,0.00,424.00,424.0,22.97,2.00,759.00,761.0,72.15,9,2.61,4430,0.65,4487,50,4,0.00,2.00,2.0,0.00,0.00,0.0,1.00,96012.00,51.0
608,0.00,5444.00,5444.0,28.82,3.00,1140.00,1143.0,72.15,1,2.65,4429,0.65,4487,50,4,2.00,0.00,2.0,0.00,0.00,0.0,1.00,59875.00,67.4
609,0.00,132.00,132.0,29.72,4.00,1050.00,1054.0,72.17,8,2.65,4429,0.65,4491,50,4,2.00,2.00,4.0,0.00,0.00,0.0,1.00,83937.00,58.6
610,0.00,36.00,36.0,18.57,2.00,555.00,557.0,72.17,4,2.65,4429,0.65,4495,50,4,0.00,2.00,2.0,0.00,0.00,0.0,0.00,76488.00,58.5
611,0.00,680.00,680.0,16.09,4.00,482.00,486.0,72.19,0,2.65,4429,0.65,4486,50,4,2.00,2.00,4.0,0.00,0.00,0.0,0.00,80091.00,46.6
612,0.00,316.00,316.0,21.9,10.00,715.00,725.0,72.19,3,2.65,4428,0.65,4486,50,4,4.00,2.00,6.0,4.00,4.00,8.0,1.00,61165.00,56.6
613,0.00,18384.00,18384.0,15.94,4.00,724.00,728.0,72.2,1,2.51,4429,0.65,4492,50,4,2.00,2.00,4.0,0.00,0.00,0.0,2.00,32382.00,56.4
614,0.00,684.00,684.0,9.19,2.00,222.00,224.0,72.21,1,2.51,4428,0.65,4491,50,4,0.00,2.00,2.0,0.00,0.00,0.0,0.00,17014.00,40.8
615,0.00,172.00,172.0,9.67,6.00,593.00,599.0,72.21,0,2.51,4428,0.65,4490,50,4,4.00,1.00,5.0,0.00,0.00,0.0,0.00,51436.00,53.9
616,0.00,568.00,568.0,42.41,1.00,634.00,635.0,72.22,2,2.51,4428,0.65,4489,49,4,0.00,0.00,0.0,0.00,0.00,0.0,1.00,87717.00,72.7
617,0.00,208.00,208.0,20.72,0.00,503.00,503.0,72.23,1,2.51,4428,0.65,4487,49,4,0.00,0.00,0.0,0.00,0.00,0.0,0.00,90129.00,49.6
618,0.00,10440.00,10440.0,15.1,3.00,715.00,718.0,72.24,4,3.19,4429,0.65,4480,49,4,0.00,0.00,0.0,0.00,0.00,0.0,2.00,63801.00,59.4
619,0.00,1072.00,1072.0,36.99,2.00,1440.00,1442.0,72.25,0,3.19,4429,0.65,4476,49,4,4.00,0.00,4.0,0.00,0.00,0.0,0.00,85547.00,59.7
620,0.00,1140.00,1140.0,24.01,2.00,931.00,933.0,72.27,5,3.19,4429,0.65,4496,49,4,2.00,0.00,2.0,0.00,0.00,0.0,17.00,94504.00,66.7
621,0.00,76.00,76.0,56.19,1.00,615.00,616.0,72.29,2,3.19,4430,0.65,4499,49,4,0.00,0.00,0.0,0.00,0.00,0.0,1.00,131112.00,73.2
622,0.00,100.00,100.0,31.6,5.00,1296.00,1301.0,72.3,0,3.19,4430,0.65,4482,49,4,0.00,0.00,0.0,4.00,4.00,8.0,0.00,107594.00,61.8
623,0.00,9752.00,9752.0,32.27,3.00,2059.00,2062.0,72.32,8,3.26,4429,0.65,4487,49,4,2.00,0.00,2.0,0.00,0.00,0.0,2.00,149455.00,62.2
624,0.00,436.00,436.0,33.97,2.00,814.00,816.0,72.34,2,3.26,4429,0.65,4489,49,4,2.00,0.00,2.0,0.00,0.00,0.0,0.00,144315.00,61.6
625,0.00,396.00,396.0,14.67,0.00,801.00,801.0,72.36,2,3.26,4429,0.65,4489,49,4,0.00,0.00,0.0,0.00,0.00,0.0,0.00,75300.00,54.9
626,0.00,436.00,436.0,21.0,0.00,1238.00,1238.0,72.37,1,3.26,4429,0.65,4490,49,4,0.00,0.00,0.0,0.00,0.00,0.0,1.00,68980.00,54.4
627,0.00,172.00,172.0,13.52,0.00,914.00,914.0,72.37,2,3.26,4430,0.65,4486,49,4,0.00,0.00,0.0,0.00,0.00,0.0,1.00,70804.00,47.2
628,0.00,17100.00,17100.0,14.73,2.00,584.00,586.0,72.38,0,3.24,4428,0.65,4486,49,4,2.00,1.00,3.0,0.00,0.00,0.0,1.00,93695.00,47.6
629,0.00,128.00,128.0,14.23,2.00,428.00,430.0,72.39,0,3.24,4429,0.65,4488,49,4,2.00,0.00,2.0,0.00,0.00,0.0,1.00,79133.00,47.3
630,0.00,724.00,724.0,12.71,4.00,796.00,800.0,72.41,5,3.24,4431,0.65,4489,49,4,4.00,0.00,4.0,0.00,0.00,0.0,2.00,66866.00,47.3
631,0.00,204.00,204.0,10.75,0.00,689.00,689.0,72.42,1,3.24,4431,0.65,4491,49,4,0.00,0.00,0.0,0.00,0.00,0.0,0.00,30906.00,41.6
632,0.00,368.00,368.0,3.78,0.00,214.00,214.0,72.42,0,3.24,4431,0.65,4490,49,4,0.00,0.00,0.0,0.00,0.00,0.0,0.00,18050.00,41.3
633,0.00,38308.00,38308.0,8.59,2.00,574.00,576.0,72.43,1,2.98,4431,0.65,4489,49,4,2.00,0.00,2.0,0.00,0.00,0.0,1.00,54225.00,52.5
634,0.00,172.00,172.0,19.79,4.00,693.00,697.0,72.43,2,2.98,4431,0.65,4487,49,4,4.00,0.00,4.0,0.00,0.00,0.0,0.00,94012.00,52.0
635,0.00,24.00,24.0,15.61,4.00,520.00,524.0,72.44,1,2.98,4430,0.65,4487,49,4,4.00,0.00,4.0,0.00,0.00,0.0,1.00,89188.00,51.6
636,0.00,644.00,644.0,14.51,6.00,732.00,738.0,72.45,3,2.98,4431,0.65,4479,50,5,2.00,4.00,6.0,1.00,1.00,2.0,2.00,62806.00,60.1
637,0.00,44.00,44.0,52.92,2.00,1137.00,1139.0,72.47,10,2.98,4431,0.65,4474,50,5,0.00,2.00,2.0,0.00,0.00,0.0,0.00,72491.00,75.0
638,0.00,908.00,908.0,23.6,1.00,868.00,869.0,72.47,5,2.82,4431,0.65,4487,50,5,0.00,1.00,1.0,0.00,0.00,0.0,1.00,89861.00,60.0
639,0.00,3284.00,3284.0,29.03,2.00,581.00,583.0,72.48,1,2.82,4431,0.65,4488,50,5,0.00,2.00,2.0,0.00,0.00,0.0,1.00,116812.00,53.3
640,0.00,68.00,68.0,21.19,2.00,722.00,724.0,72.5,0,2.82,4431,0.65,4493,50,4,0.00,2.00,2.0,0.00,0.00,0.0,1.00,109311.00,53.1
641,0.00,96.00,96.0,13.26,1.00,1066.00,1067.0,72.51,1,2.82,4430,0.65,4493,50,4,0.00,0.00,0.0,0.00,0.00,0.0,0.00,58245.00,52.7
642,0.00,696.00,696.0,9.48,4.00,473.00,477.0,72.51,0,2.82,4430,0.65,4497,50,4,0.00,0.00,0.0,4.00,4.00,8.0,0.00,26371.00,39.0
643,0.00,40.00,40.0,6.46,6.00,554.00,560.0,72.52,0,2.83,4430,0.65,4494,50,4,4.00,2.00,6.0,0.00,0.00,0.0,1.00,30980.00,44.2
644,0.00,2688.00,2688.0,20.25,1.00,986.00,987.0,72.53,0,2.83,4430,0.65,4514,50,4,0.00,0.00,0.0,0.00,0.00,0.0,0.00,89279.00,50.5
645,0.00,4.00,4.0,24.62,2.00,731.00,733.0,72.54,0,2.83,4429,0.65,4517,50,4,2.00,2.00,4.0,0.00,0.00,0.0,0.00,128827.00,64.4
646,0.00,444.00,444.0,22.28,3.00,739.00,742.0,72.55,0,2.83,4429,0.65,4516,50,4,3.00,1.00,4.0,0.00,0.00,0.0,0.00,58407.00,57.4
647,0.00,796.00,796.0,35.47,3.00,1684.00,1687.0,72.57,10,2.83,4431,0.65,4519,50,4,2.00,0.00,2.0,0.00,0.00,0.0,5.00,108004.00,70.1
648,0.00,744.00,744.0,27.25,0.00,1027.00,1027.0,72.58,1,2.61,4431,0.65,4519,50,4,0.00,0.00,0.0,0.00,0.00,0.0,1.00,98699.00,57.8
649,0.00,34472.00,34472.0,29.55,0.00,436.00,436.0,72.59,0,2.61,4431,0.65,4513,50,4,0.00,0.00,0.0,0.00,0.00,0.0,1.00,96251.00,50.7
650,0.00,392.00,392.0,11.76,1.00,603.00,604.0,72.6,0,2.61,4431,0.65,4503,50,4,0.00,0.00,0.0,0.00,0.00,0.0,16.00,61764.00,50.7
651,0.00,100.00,100.0,11.62,0.00,781.00,781.0,72.61,3,2.61,4431,0.65,4499,50,4,0.00,0.00,0.0,0.00,0.00,0.0,0.00,39472.00,44.3
652,0.00,68.00,68.0,6.2,4.00,235.00,239.0,72.61,0,2.61,4429,0.65,4496,50,4,0.00,0.00,0.0,4.00,4.00,8.0,0.00,14716.00,38.4
653,0.00,44.00,44.0,3.91,3.00,146.00,149.0,72.61,0,2.4,4429,0.65,4495,50,4,0.00,4.00,4.0,0.00,0.00,0.0,1.00,16438.00,38.4
654,0.00,11772.00,11772.0,9.3,1.00,529.00,530.0,72.62,4,2.4,4428,0.65,4494,50,4,0.00,1.00,1.0,0.00,0.00,0.0,0.00,51998.00,48.0
655,0.00,380.00,380.0,20.3,2.00,880.00,882.0,72.62,2,2.4,4427,0.65,4487,50,4,2.00,0.00,2.0,0.00,0.00,0.0,0.00,76666.00,60.1
656,0.00,156.00,156.0,28.83,0.00,1083.00,1083.0,72.64,1,2.4,4427,0.65,4492,50,4,0.00,0.00,0.0,0.00,0.00,0.0,1.00,146914.00,60.2
657,0.00,60.00,60.0,33.94,0.00,1204.00,1204.0,72.66,5,2.4,4428,0.65,4489,50,4,0.00,0.00,0.0,0.00,0.00,0.0,3.00,142706.00,60.5
658,0.00,628.00,628.0,34.77,0.00,1411.00,1411.0,72.68,3,2.69,4431,0.65,4505,50,4,0.00,0.00,0.0,0.00,0.00,0.0,4.00,134953.00,66.8
659,0.00,8956.00,8956.0,20.5,0.00,963.00,963.0,72.69,2,2.69,4431,0.65,4513,50,4,0.00,0.00,0.0,0.00,0.00,0.0,0.00,62547.00,51.8
660,0.00,268.00,268.0,17.53,0.00,945.00,945.0,72.7,0,2.69,4431,0.65,4517,50,4,0.00,0.00,0.0,0.00,0.00,0.0,0.00,53463.00,45.8
661,0.00,376.00,376.0,5.68,3.00,388.00,391.0,72.7,0,2.69,4429,0.65,4518,50,4,0.00,3.00,3.0,0.00,0.00,0.0,0.00,25387.00,40.2
662,0.00,72.00,72.0,7.83,7.00,778.00,785.0,72.71,3,2.69,4430,0.65,4523,50,5,2.00,0.00,2.0,4.00,4.00,8.0,1.00,55934.00,49.2
663,0.00,60.00,60.0,22.5,2.00,952.00,954.0,72.72,0,2.71,4429,0.65,4516,50,4,2.00,0.00,2.0,0.00,0.00,0.0,2.00,95606.00,49.7
664,0.00,42564.00,42564.0,29.0,3.00,660.00,663.0,72.74,0,2.71,4430,0.65,4510,50,4,0.00,3.00,3.0,0.00,0.00,0.0,1.00,166126.00,49.8
665,0.00,556.00,556.0,18.9,2.00,1019.00,1021.0,72.75,0,2.71,4430,0.65,4506,50,4,2.00,0.00,2.0,0.00,0.00,0.0,0.00,86310.00,62.2
666,0.00,216.00,216.0,26.76,0.00,1835.00,1835.0,72.77,8,2.71,4431,0.65,4503,50,4,0.00,0.00,0.0,0.00,0.00,0.0,1.00,117742.00,56.9
667,0.00,496.00,496.0,30.22,0.00,619.00,619.0,72.78,5,2.71,4431,0.65,4508,50,4,0.00,0.00,0.0,0.00,0.00,0.0,0.00,112558.00,63.3
668,0.00,168.00,168.0,14.45,0.00,508.00,508.0,72.79,0,2.49,4430,0.65,4506,50,4,0.00,0.00,0.0,0.00,0.00,0.0,2.00,46997.00,45.4
669,0.00,5908.00,5908.0,12.15,1.00,833.00,834.0,72.8,4,2.49,4430,0.65,4500,50,4,0.00,0.00,0.0,0.00,0.00,0.0,0.00,60012.00,45.2
670,0.00,316.00,316.0,9.6,1.00,465.00,466.0,72.81,1,2.49,4430,0.65,4500,50,5,0.00,0.00,0.0,1.00,1.00,2.0,0.00,24477.00,44.7
671,0.00,360.00,360.0,3.44,2.00,227.00,229.0,72.81,0,2.49,4428,0.65,4495,50,5,2.00,0.00,2.0,0.00,0.00,0.0,0.00,19618.00,44.1
672,0.00,40.00,40.0,10.6,0.00,546.00,546.0,72.81,1,2.49,4427,0.65,4491,50,5,0.00,0.00,0.0,0.00,0.00,0.0,2.00,55342.00,44.3
673,0.00,60.00,60.0,21.01,1.00,851.00,852.0,72.81,0,2.45,4427,0.65,4488,50,5,0.00,0.00,0.0,0.00,0.00,0.0,1.00,124124.00,56.0
674,0.00,444.00,444.0,26.95,1.00,699.00,700.0,72.83,1,2.45,4427,0.65,4493,50,4,0.00,0.00,0.0,0.00,0.00,0.0,3.00,118222.00,69.2
675,0.00,3444.00,3444.0,23.42,0.00,792.00,792.0,72.84,9,2.45,4430,0.65,4498,49,4,0.00,0.00,0.0,0.00,0.00,0.0,2.00,87978.00,52.4
676,0.00,592.00,592.0,17.15,6.00,898.00,904.0,72.85,0,2.45,4432,0.65,4505,50,6,1.00,3.00,4.0,3.00,2.00,5.0,2.00,53931.00,52.1
677,0.00,48.00,48.0,8.57,5.00,498.00,503.0,72.86,4,2.45,4432,0.65,4506,50,6,3.00,3.00,6.0,1.00,0.00,1.0,0.00,33013.00,41.0
678,0.00,340.00,340.0,10.6,3.00,743.00,746.0,72.86,3,2.34,4432,0.65,4504,49,7,3.00,3.00,6.0,0.00,0.00,0.0,1.00,62534.00,46.6
679,0.00,664.00,664.0,17.99,2.00,584.00,586.0,72.87,1,2.34,4432,0.65,4503,49,7,1.00,1.00,2.0,0.00,0.00,0.0,0.00,61633.00,58.4
680,0.00,20900.00,20900.0,18.48,3.00,401.00,404.0,72.88,1,2.34,4431,0.65,4506,49,7,3.00,3.00,6.0,0.00,0.00,0.0,8.00,102503.00,45.5
681,0.00,664.00,664.0,14.54,6.00,832.00,838.0,72.89,0,2.34,4430,0.65,4501,49,6,4.00,2.00,6.0,2.00,2.00,4.0,10.00,66113.00,52.7
682,0.00,264.00,264.0,28.21,14.00,1137.00,1151.0,72.91,1,2.34,4429,0.65,4507,50,5,7.00,4.00,11.0,5.00,4.00,9.0,1.00,65719.00,53.1
683,0.00,48.00,48.0,11.69,4.00,308.00,312.0,72.91,0,2.31,4429,0.65,4503,50,5,3.00,4.00,7.0,0.00,0.00,0.0,1.00,65394.00,43.8
684,0.00,392.00,392.0,19.7,3.00,451.00,454.0,72.92,1,2.31,4429,0.65,4504,49,6,1.00,1.00,2.0,1.00,0.00,1.0,2.00,39019.00,59.2
685,0.00,18192.00,18192.0,18.15,3.00,1325.00,1328.0,72.94,15,2.31,4431,0.65,4505,49,6,3.00,3.00,6.0,0.00,0.00,0.0,2.00,96546.00,58.9
686,0.00,572.00,572.0,31.63,5.00,959.00,964.0,72.95,9,2.31,4430,0.65,4496,49,6,5.00,3.00,8.0,0.00,0.00,0.0,0.00,125168.00,59.3
687,0.00,48.00,48.0,24.35,2.00,647.00,649.0,72.97,4,2.31,4430,0.65,4494,49,6,2.00,2.00,4.0,0.00,0.00,0.0,0.00,134056.00,58.7
688,0.00,168.00,168.0,22.14,9.00,1221.00,1230.0,72.98,8,2.29,4431,0.65,4502,51,5,7.00,7.00,14.0,0.00,0.00,0.0,2.00,91187.00,59.1
689,0.00,420.00,420.0,46.06,4.00,1455.00,1459.0,73.0,13,2.29,4430,0.65,4504,52,4,2.00,5.00,7.0,0.00,0.00,0.0,0.00,82802.00,77.3
690,0.00,6500.00,6500.0,47.01,3.00,787.00,790.0,73.02,3,2.29,4430,0.65,4504,51,4,2.00,2.00,4.0,0.00,0.00,0.0,0.00,99131.00,69.7
691,0.00,468.00,468.0,29.15,3.00,964.00,967.0,73.03,3,2.29,4431,0.65,4505,51,4,3.00,3.00,6.0,0.00,0.00,0.0,1.00,120758.00,58.4
692,0.00,530.69,530.69,24.32,5.00,1245.00,1250.0,73.05,0,2.29,4431,0.65,4505,52,4,2.00,6.00,8.0,0.00,0.00,0.0,0.00,133179.00,58.1
693,0.00,796.00,796.0,21.08,7.00,956.00,963.0,73.06,4,2.74,4430,0.65,4501,52,4,5.00,5.00,10.0,0.00,0.00,0.0,1.00,110251.00,57.6
694,0.00,364.00,364.0,13.48,4.00,696.00,700.0,73.06,7,2.74,4431,0.65,4505,52,4,1.00,3.00,4.0,0.00,0.00,0.0,1.00,53785.00,47.3
695,0.00,43356.00,43356.0,11.1,3.00,699.00,702.0,73.07,1,2.74,4430,0.65,4504,51,4,3.00,3.00,6.0,0.00,0.00,0.0,0.00,31635.00,47.3
696,0.00,176.00,176.0,16.62,2.00,708.00,710.0,73.07,6,2.74,4429,0.65,4505,51,4,2.00,2.00,4.0,0.00,0.00,0.0,0.00,72819.00,55.4
697,0.00,444.00,444.0,28.19,4.00,598.00,602.0,73.09,8,2.74,4429,0.65,4497,52,4,0.00,5.00,5.0,0.00,0.00,0.0,0.00,61792.00,69.5
698,0.00,680.00,680.0,44.81,1.00,432.00,433.0,73.11,0,2.74,4430,0.65,4506,52,4,0.00,1.00,1.0,0.00,0.00,0.0,2.00,84267.00,58.1
699,0.00,596.00,596.0,16.37,1.00,852.00,853.0,73.12,7,2.6,4430,0.65,4499,51,4,0.00,0.00,0.0,0.00,0.00,0.0,1.00,69221.00,57.7
700,0.00,7072.00,7072.0,24.28,5.00,1117.00,1122.0,73.12,0,2.6,4430,0.65,4500,52,4,1.00,5.00,6.0,0.00,0.00,0.0,0.00,66651.00,51.6
701,0.00,376.00,376.0,18.01,3.00,317.00,320.0,73.13,0,2.6,4430,0.65,4498,52,4,1.00,3.00,4.0,0.00,0.00,0.0,0.00,69212.00,51.9
702,0.00,664.00,664.0,9.81,5.00,520.00,525.0,73.13,5,2.6,4430,0.65,4499,52,4,2.00,2.00,4.0,0.00,0.00,0.0,1.00,46518.00,51.6
703,0.00,204.00,204.0,20.79,5.00,1075.00,1080.0,73.14,2,2.6,4430,0.65,4499,52,4,0.00,1.00,1.0,4.00,4.00,8.0,1.00,69718.00,59.7
704,0.00,1060.00,1060.0,23.66,6.00,1021.00,1027.0,73.15,1,2.64,4430,0.65,4499,50,4,5.00,5.00,10.0,0.00,0.00,0.0,0.00,123571.00,50.5
705,0.00,168.00,168.0,19.48,4.00,758.00,762.0,73.17,1,2.64,4429,0.65,4503,50,5,0.00,2.00,2.0,1.00,1.00,2.0,0.00,103255.00,58.0
706,0.00,4444.00,4444.0,20.99,0.00,1205.00,1205.0,73.17,1,2.64,4430,0.65,4513,50,5,0.00,0.00,0.0,0.00,0.00,0.0,1.00,85824.00,57.4
707,0.00,568.00,568.0,25.42,0.00,1364.00,1364.0,73.19,5,2.64,4431,0.65,4515,50,5,0.00,0.00,0.0,0.00,0.00,0.0,4.00,108973.00,57.4
708,0.00,684.00,684.0,17.43,6.00,689.00,695.0,73.2,0,2.64,4430,0.65,4510,50,5,1.00,5.00,6.0,0.00,0.00,0.0,1.00,62815.00,48.4
709,0.00,136.00,136.0,12.71,0.00,615.00,615.0,73.21,1,2.42,4431,0.65,4506,50,4,0.00,0.00,0.0,0.00,0.00,0.0,1.00,85645.00,47.8
710,0.00,284.00,284.0,12.77,0.00,536.00,536.0,73.22,3,2.42,4431,0.65,4506,50,4,0.00,0.00,0.0,0.00,0.00,0.0,0.00,44507.00,47.7
711,4.00,16748.00,16752.0,9.38,2.00,449.00,451.0,73.22,0,2.42,4430,0.65,4506,50,4,0.00,2.00,2.0,0.00,0.00,0.0,15.00,25483.00,41.7
712,0.00,56.00,56.0,3.07,2.00,229.00,231.0,73.23,0,2.42,4428,0.65,4499,50,4,0.00,2.00,2.0,0.00,0.00,0.0,1.00,18455.00,41.3
713,0.00,8.00,8.0,10.78,4.00,717.00,721.0,73.23,4,2.42,4429,0.65,4498,50,4,0.00,0.00,0.0,4.00,4.00,8.0,2.00,67544.00,47.8
714,0.00,392.00,392.0,13.47,0.00,583.00,583.0,73.23,2,2.63,4429,0.65,4502,50,4,0.00,0.00,0.0,0.00,0.00,0.0,0.00,70757.00,57.5
715,0.00,16.00,16.0,32.26,3.00,424.00,427.0,73.24,2,2.63,4429,0.65,4497,50,4,0.00,3.00,3.0,0.00,0.00,0.0,1.00,82595.00,57.3
716,0.00,23448.00,23448.0,21.52,0.00,906.00,906.0,73.25,0,2.63,4430,0.65,4491,50,4,0.00,0.00,0.0,0.00,0.00,0.0,1.00,67651.00,56.9
717,0.00,324.00,324.0,35.82,0.00,1309.00,1309.0,73.27,3,2.63,4430,0.65,4493,50,4,0.00,0.00,0.0,0.00,0.00,0.0,0.00,87622.00,70.9
718,0.00,144.00,144.0,24.81,1.00,507.00,508.0,73.3,2,2.63,4429,0.65,4502,50,4,0.00,1.00,1.0,0.00,0.00,0.0,1.00,101462.00,53.6
719,0.00,128.00,128.0,16.02,1.00,487.00,488.0,73.31,1,2.74,4427,0.65,4494,50,4,1.00,1.00,2.0,0.00,0.00,0.0,0.00,56696.00,45.5
720,0.00,80.00,80.0,15.21,4.00,1048.00,1052.0,73.32,3,2.74,4429,0.65,4497,50,4,4.00,0.00,4.0,0.00,0.00,0.0,3.00,80511.00,52.1
721,0.00,7600.00,7600.0,14.8,0.00,888.00,888.0,73.31,0,2.74,4430,0.65,4497,50,4,0.00,0.00,0.0,0.00,0.00,0.0,0.00,56095.00,51.9
722,0.00,64.00,64.0,13.15,2.00,265.00,267.0,73.32,0,2.74,4430,0.65,4491,50,4,1.00,1.00,2.0,0.00,0.00,0.0,0.00,62278.00,42.0
723,0.00,204.00,204.0,12.48,4.00,1048.00,1052.0,73.32,2,2.74,4430,0.65,4481,50,4,0.00,0.00,0.0,4.00,4.00,8.0,1.00,68930.00,57.8
724,0.00,444.00,444.0,44.14,3.00,1606.00,1609.0,73.34,0,2.92,4430,0.65,4487,50,4,2.00,0.00,2.0,0.00,0.00,0.0,0.00,122715.00,66.5
725,0.00,312.00,312.0,28.26,1.00,916.00,917.0,73.36,4,2.92,4429,0.65,4509,50,4,0.00,1.00,1.0,0.00,0.00,0.0,1.00,174529.00,60.4
726,0.00,28308.00,28308.0,31.34,0.00,1065.00,1065.0,73.38,4,2.92,4430,0.65,4508,50,4,0.00,0.00,0.0,0.00,0.00,0.0,1.98,106815.84,60.6
727,0.00,948.00,948.0,33.5,0.00,1795.00,1795.0,73.4,2,2.92,4431,0.65,4499,50,4,0.00,0.00,0.0,0.00,0.00,0.0,1.00,108810.00,61.1
728,0.00,352.00,352.0,25.66,4.00,882.00,886.0,73.41,0,2.92,4431,0.65,4500,50,4,4.00,0.00,4.0,0.00,0.00,0.0,1.00,78107.00,48.9
729,0.00,120.00,120.0,7.01,0.00,367.00,367.0,73.42,0,2.77,4431,0.65,4502,50,4,0.00,0.00,0.0,0.00,0.00,0.0,0.00,36177.00,41.9
730,0.00,72.00,72.0,7.06,0.00,708.00,708.0,73.42,2,2.77,4430,0.65,4500,50,4,0.00,0.00,0.0,0.00,0.00,0.0,0.00,39545.00,42.4
731,0.00,22916.00,22916.0,12.87,3.00,776.00,779.0,73.43,1,2.77,4429,0.65,4494,50,4,2.00,0.00,2.0,0.00,0.00,0.0,0.00,73515.00,53.6
732,0.00,72.00,72.0,18.46,2.00,556.00,558.0,73.44,3,2.77,4429,0.65,4490,50,4,0.00,0.00,0.0,0.00,0.00,0.0,1.00,100965.00,48.1
733,0.00,40.00,40.0,13.23,1.00,446.00,447.0,73.44,0,2.77,4430,0.65,4486,50,4,1.00,3.00,4.0,0.00,0.00,0.0,2.00,68374.00,47.7
734,0.00,632.00,632.0,17.02,3.00,1054.00,1057.0,73.46,1,2.63,4431,0.65,4486,50,4,0.00,2.00,2.0,0.00,0.00,0.0,1.00,66642.00,54.0
735,0.00,804.00,804.0,18.65,2.00,931.00,933.0,73.47,1,2.63,4430,0.65,4485,50,4,0.00,2.00,2.0,0.00,0.00,0.0,0.00,59241.00,53.9
736,0.00,6420.00,6420.0,16.71,2.00,537.00,539.0,73.48,1,2.63,4429,0.65,4485,50,4,0.00,2.00,2.0,0.00,0.00,0.0,0.00,101041.00,47.5
737,0.00,260.00,260.0,15.6,3.00,557.00,560.0,73.49,4,2.63,4429,0.65,4492,50,4,0.00,2.00,2.0,0.00,0.00,0.0,2.00,87529.00,52.8
738,0.00,612.00,612.0,17.14,1.00,1007.00,1008.0,73.5,1,2.63,4430,0.65,4491,50,4,0.00,1.00,1.0,0.00,0.00,0.0,1.00,72758.00,52.6
739,0.00,856.00,856.0,17.56,1.00,768.00,769.0,73.52,3,2.58,4430,0.65,4486,50,5,0.00,0.00,0.0,1.00,1.00,2.0,0.00,93277.00,52.2
740,0.00,60.00,60.0,6.61,0.00,351.00,351.0,73.52,4,2.58,4431,0.65,4485,50,5,0.00,0.00,0.0,0.00,0.00,0.0,1.00,36427.00,41.3
741,0.00,4188.00,4188.0,7.66,1.00,419.00,420.0,73.53,0,2.58,4431,0.65,4478,49,5,0.00,0.00,0.0,0.00,0.00,0.0,16.00,39408.00,41.6
742,0.00,68.00,68.0,6.37,2.00,150.00,152.0,73.53,1,2.58,4430,0.65,4476,49,5,0.00,0.00,0.0,0.00,0.00,0.0,0.00,18828.00,41.4
743,0.00,20.00,20.0,2.28,4.00,54.00,58.0,73.53,0,2.58,4427,0.65,4482,49,4,0.00,0.00,0.0,4.00,4.00,8.0,1.00,11809.00,40.9
744,0.00,120.00,120.0,3.03,0.00,122.00,122.0,73.53,0,2.37,4426,0.65,4482,49,4,0.00,0.00,0.0,0.00,0.00,0.0,0.00,12750.00,40.4
745,0.00,440.00,440.0,2.3,0.00,90.00,90.0,73.53,0,2.37,4424,0.65,4480,49,4,0.00,0.00,0.0,0.00,0.00,0.0,0.00,11899.00,40.0
746,0.00,132.00,132.0,3.52,0.00,122.00,122.0,73.54,0,2.37,4421,0.65,4466,49,4,0.00,0.00,0.0,0.00,0.00,0.0,0.00,12446.00,40.1
747,0.00,17632.00,17632.0,14.57,0.00,1213.00,1213.0,73.54,3,2.37,4420,0.65,4451,49,4,0.00,0.00,0.0,0.00,0.00,0.0,4.00,67966.00,58.3
748,0.00,428.00,428.0,40.33,0.00,1472.00,1472.0,73.56,0,2.37,4424,0.65,4471,49,4,0.00,0.00,0.0,0.00,0.00,0.0,4.00,133175.00,58.8
749,0.00,124.00,124.0,49.3,0.00,844.00,844.0,73.58,7,2.26,4424,0.65,4484,49,4,0.00,0.00,0.0,0.00,0.00,0.0,2.00,204792.00,74.6
750,0.00,64.00,64.0,23.09,1.98,1121.78,1123.76,73.6,4,2.26,4428,0.65,4501,49,4,2.00,0.00,2.0,0.00,0.00,0.0,4.00,95239.00,56.3
751,0.00,840.00,840.0,24.49,0.00,2043.00,2043.0,73.62,14,2.26,4430,0.65,4517,49,4,0.00,0.00,0.0,0.00,0.00,0.0,3.00,93743.00,61.6
752,0.00,21012.00,21012.0,18.55,0.00,599.00,599.0,73.63,0,2.26,4431,0.65,4527,49,4,0.00,0.00,0.0,0.00,0.00,0.0,1.00,35209.00,40.2
753,0.00,336.00,336.0,5.99,5.00,593.00,598.0,73.64,0,2.26,4431,0.65,4523,49,4,0.00,0.00,0.0,4.00,4.00,8.0,1.00,35805.00,47.6
754,0.00,328.00,328.0,21.17,0.00,983.00,983.0,73.64,1,2.4,4431,0.65,4520,49,4,0.00,0.00,0.0,0.00,0.00,0.0,0.00,103003.00,48.1
755,0.00,12.00,12.0,26.78,0.00,768.00,768.0,73.66,0,2.4,4431,0.65,4509,49,4,0.00,0.00,0.0,0.00,0.00,0.0,0.00,164629.00,58.6
756,0.00,300.00,300.0,13.05,2.00,671.00,673.0,73.67,0,2.4,4429,0.65,4499,49,4,2.00,0.00,2.0,0.00,0.00,0.0,0.00,69661.00,53.1
757,0.00,25484.00,25484.0,23.08,0.00,1688.00,1688.0,73.68,11,2.4,4431,0.65,4495,49,4,0.00,0.00,0.0,0.00,0.00,0.0,2.00,88323.00,53.6
758,0.00,724.00,724.0,17.72,0.00,979.00,979.0,73.69,0,2.4,4431,0.65,4493,49,4,0.00,0.00,0.0,0.00,0.00,0.0,1.00,85034.00,53.1
759,0.00,268.00,268.0,17.42,0.00,514.00,514.0,73.7,0,2.29,4430,0.65,4491,49,4,0.00,0.00,0.0,0.00,0.00,0.0,0.00,115211.00,47.3
760,0.00,676.00,676.0,11.01,1.00,518.00,519.0,73.71,0,2.29,4429,0.65,4493,49,4,0.00,0.00,0.0,0.00,0.00,0.0,2.00,56615.00,47.1
761,0.00,296.00,296.0,11.8,1.00,944.00,945.0,73.72,0,2.29,4430,0.65,4496,49,4,0.00,0.00,0.0,0.00,0.00,0.0,0.00,42486.00,46.8
762,0.00,10864.00,10864.0,5.32,0.00,242.00,242.0,73.72,0,2.29,4429,0.65,4498,49,4,0.00,0.00,0.0,0.00,0.00,0.0,0.00,15671.00,38.1
763,0.00,24.00,24.0,2.66,4.00,120.00,124.0,73.72,0,2.29,4429,0.65,4498,49,4,0.00,0.00,0.0,4.00,4.00,8.0,1.00,13004.00,37.9
764,0.00,520.00,520.0,2.79,1.00,96.00,97.0,73.73,0,2.1,4429,0.65,4498,49,4,0.00,0.00,0.0,0.00,0.00,0.0,0.00,11489.00,37.9
765,0.00,176.00,176.0,4.31,0.00,299.00,299.0,73.73,0,2.1,4429,0.65,4494,49,4,0.00,0.00,0.0,0.00,0.00,0.0,0.00,20015.00,38.4
766,0.00,88.00,88.0,14.86,0.00,1261.00,1261.0,73.74,3,2.1,4429,0.65,4486,49,4,0.00,0.00,0.0,0.00,0.00,0.0,0.00,99206.00,57.8
767,0.00,12332.00,12332.0,27.6,1.00,1415.00,1416.0,73.75,2,2.1,4427,0.65,4491,49,4,0.00,0.00,0.0,0.00,0.00,0.0,3.00,155410.00,63.5
768,0.00,776.00,776.0,49.87,0.00,911.00,911.0,73.78,4,2.1,4428,0.65,4488,49,4,0.00,0.00,0.0,0.00,0.00,0.0,2.00,193728.00,63.8
769,0.00,336.00,336.0,24.55,0.00,1225.00,1225.0,73.79,12,4.18,4428,0.65,4490,49,4,0.00,0.00,0.0,0.00,0.00,0.0,0.00,108889.00,63.4
