0,0.00,688.00,688.0,5.51,7.00,7.00,14.0,79.15,1,1.04,4417,0.00,4102,51,4,10.00,18.00,28.0,0.00,0.00,0.0,6.00,6097.00,34.5
1,0.00,232.00,232.0,5.17,3.00,3.00,6.0,79.14,0,1.04,4416,0.00,4098,50,4,3.00,3.00,6.0,0.00,0.00,0.0,23.00,8331.00,34.7
2,0.00,300.00,300.0,4.27,1.00,1.00,2.0,79.14,0,1.04,4416,0.00,4098,50,4,0.00,0.00,0.0,0.00,0.00,0.0,1.00,5335.00,34.6
3,0.00,84.00,84.0,4.46,0.00,0.00,0.0,79.14,0,1.04,4416,0.00,4098,50,4,0.00,0.00,0.0,0.00,0.00,0.0,0.00,5082.00,34.5
4,0.00,312.00,312.0,3.8,2.00,2.00,4.0,79.14,0,0.96,4415,0.00,4098,50,4,0.00,0.00,0.0,0.00,0.00,0.0,0.00,5034.00,34.5
5,0.00,24.00,24.0,4.23,6.00,6.00,12.0,79.15,0,0.96,4417,0.00,4101,51,4,6.00,4.00,10.0,0.00,0.00,0.0,2.00,5007.00,34.4
6,0.00,220.00,220.0,6.72,18.00,18.00,36.0,79.16,2,0.96,4422,0.00,4109,53,4,18.00,22.00,40.0,0.00,0.00,0.0,28.00,8134.00,34.5
7,0.00,88.00,88.0,4.62,9.00,17.00,26.0,79.16,0,0.96,4422,0.00,4110,53,4,5.00,7.00,12.0,4.00,4.00,8.0,1.00,5596.00,34.6
8,0.00,6044.00,6044.0,4.98,6.00,6.00,12.0,79.16,0,0.96,4418,0.00,4102,51,4,6.00,6.00,12.0,0.00,0.00,0.0,0.00,5259.00,34.5
9,0.00,52.00,52.0,4.26,4.00,4.00,8.0,79.16,0,1.04,4415,0.00,4098,50,4,3.00,3.00,6.0,0.00,0.00,0.0,0.00,4940.00,34.6
10,0.00,124.00,124.0,32.84,0.00,65.00,65.0,79.22,12,1.04,4415,0.00,4111,50,4,0.00,0.00,0.0,0.00,0.00,0.0,0.00,11835.00,49.6
11,0.00,632.00,632.0,76.7,0.00,60.00,60.0,79.35,9,1.04,4422,0.00,4143,50,4,0.00,0.00,0.0,0.00,0.00,0.0,33.00,26969.00,80.6
12,0.00,28.00,28.0,78.56,1.00,175.00,176.0,79.42,21,1.04,4435,0.00,4161,50,4,0.00,0.00,0.0,0.00,0.00,0.0,14.00,32097.00,86.3
13,0.00,68.00,68.0,89.32,0.00,180.00,180.0,79.49,22,1.04,4444,0.00,4177,50,4,0.00,0.00,0.0,0.00,0.00,0.0,9.00,25832.00,86.1
14,0.00,76.00,76.0,84.96,0.00,202.00,202.0,79.58,17,1.28,4449,0.00,4186,50,4,0.00,0.00,0.0,0.00,0.00,0.0,5.00,33162.00,86.1
15,0.00,32.00,32.0,79.97,1.00,265.00,266.0,79.69,12,1.28,4465,0.00,4221,50,4,0.00,0.00,0.0,0.00,0.00,0.0,16.00,29680.00,86.1
16,0.00,1500.00,1500.0,15.85,0.00,85.00,85.0,79.71,0,1.28,4467,0.00,4221,50,4,0.00,0.00,0.0,0.00,0.00,0.0,25.00,13215.00,58.9
17,0.00,1360.00,1360.0,34.69,4.00,25.00,29.0,79.77,7,1.28,4468,0.00,4226,50,4,0.00,0.00,0.0,4.00,4.00,8.0,2.00,10213.00,50.5
18,0.00,444.00,444.0,89.3,0.00,186.00,186.0,79.82,14,1.28,4477,0.00,4266,50,4,0.00,0.00,0.0,0.00,0.00,0.0,9.00,22195.00,84.4
19,0.00,528.00,528.0,87.8,0.00,260.00,260.0,79.85,10,2.14,4490,0.00,4288,50,4,0.00,0.00,0.0,0.00,0.00,0.0,14.00,29496.00,84.9
20,0.00,400.00,400.0,87.61,0.00,251.00,251.0,79.97,14,2.14,4498,0.00,4309,50,4,0.00,0.00,0.0,0.00,0.00,0.0,8.00,30060.00,85.0
21,0.00,392.00,392.0,84.34,0.00,100.00,100.0,80.11,16,2.14,4507,0.00,4341,50,4,0.00,0.00,0.0,0.00,0.00,0.0,32.00,25165.00,85.2
22,0.00,88.00,88.0,85.39,0.00,0.00,0.0,80.21,23,2.14,4510,0.00,4361,50,4,0.00,0.00,0.0,0.00,0.00,0.0,5.94,33360.40,85.3
23,0.00,72.00,72.0,92.13,0.00,0.00,0.0,80.25,21,2.14,4516,0.00,4383,50,4,0.00,0.00,0.0,0.00,0.00,0.0,7.00,39044.00,85.5
24,0.00,76.00,76.0,91.49,0.00,132.00,132.0,80.28,21,4.05,4523,0.00,4394,50,4,0.00,0.00,0.0,0.00,0.00,0.0,7.00,40394.00,85.6
25,0.00,24.00,24.0,93.89,0.00,69.31,69.31,80.37,11,4.05,4527,0.00,4407,50,4,0.00,0.00,0.0,0.00,0.00,0.0,6.00,13613.00,85.9
26,0.00,64.00,64.0,91.09,0.00,164.00,164.0,80.51,29,4.05,4535,0.00,4419,50,4,0.00,0.00,0.0,0.00,0.00,0.0,8.00,26473.00,86.1
27,0.00,608.00,608.0,88.46,4.04,317.17,321.21000000000004,80.57,21,4.05,4541,0.00,4442,50,4,0.00,0.00,0.0,4.00,4.00,8.0,29.00,27340.00,86.3
28,0.00,608.00,608.0,82.38,0.00,123.00,123.0,80.71,8,4.05,4546,0.00,4467,50,4,0.00,0.00,0.0,0.00,0.00,0.0,6.00,33877.00,86.4
29,0.00,572.00,572.0,88.28,0.00,483.00,483.0,80.73,11,5.57,4550,0.00,4490,50,4,0.00,0.00,0.0,0.00,0.00,0.0,5.00,32294.00,86.4
30,0.00,428.00,428.0,78.04,0.00,358.00,358.0,80.67,8,5.57,4569,0.00,4533,50,4,0.00,0.00,0.0,0.00,0.00,0.0,20.00,34608.00,86.4
31,0.00,1020.00,1020.0,28.61,0.00,0.00,0.0,80.64,1,5.57,4570,0.00,4541,50,4,0.00,0.00,0.0,0.00,0.00,0.0,3.00,10349.00,67.7
32,0.00,1396.00,1396.0,52.64,0.00,108.00,108.0,80.7,18,5.57,4574,0.00,4546,50,4,0.00,0.00,0.0,0.00,0.00,0.0,29.00,18592.00,61.6
33,0.00,444.00,444.0,91.35,0.00,549.00,549.0,80.74,28,5.57,4577,0.00,4560,50,4,0.00,0.00,0.0,0.00,0.00,0.0,6.00,34704.00,87.8
34,0.00,436.00,436.0,91.27,0.00,591.00,591.0,80.78,18,6.24,4586,0.00,4590,50,4,0.00,0.00,0.0,0.00,0.00,0.0,9.00,34246.00,87.7
35,0.00,540.00,540.0,50.37,0.00,211.00,211.0,80.86,1,6.24,4596,0.00,4608,50,4,0.00,0.00,0.0,0.00,0.00,0.0,12.00,24380.00,81.9
36,0.00,1456.00,1456.0,34.96,0.00,14.00,14.0,80.86,8,6.24,4597,0.00,4612,50,4,0.00,0.00,0.0,0.00,0.00,0.0,3.00,11549.00,51.0
37,0.00,996.00,996.0,77.09,0.00,203.00,203.0,80.87,32,6.24,4607,0.00,4641,50,4,0.00,0.00,0.0,0.00,0.00,0.0,35.00,33531.00,84.1
38,0.00,188.00,188.0,92.85,1.00,280.00,281.0,80.91,10,6.24,4613,0.00,4660,50,4,0.00,0.00,0.0,0.00,0.00,0.0,6.00,25311.00,84.5
39,0.00,15492.00,15492.0,75.12,2.00,133.00,135.0,81.04,2,6.3,4619,0.00,4680,51,5,0.00,2.00,2.0,1.00,1.00,2.0,8.00,19684.00,84.8
40,0.00,644.00,644.0,5.38,1.00,3.00,4.0,80.97,1,6.3,4619,0.00,4678,51,5,0.00,1.00,1.0,0.00,0.00,0.0,1.00,5622.00,46.0
41,0.00,48.00,48.0,3.45,2.00,2.00,4.0,80.97,1,6.3,4618,0.00,4676,51,5,0.00,1.00,1.0,0.00,0.00,0.0,0.00,5394.00,34.7
42,0.00,240.00,240.0,4.1,1.00,1.00,2.0,80.97,1,6.3,4618,0.00,4674,51,5,0.00,1.00,1.0,0.00,0.00,0.0,25.00,8687.00,34.7
43,0.00,324.00,324.0,4.13,0.00,12.00,12.0,80.97,2,6.3,4617,0.00,4680,51,4,0.00,0.00,0.0,0.00,0.00,0.0,0.00,5265.00,34.9
44,0.00,4164.00,4164.0,12.24,1.00,178.00,179.0,80.98,1,5.8,4616,0.00,4678,51,4,0.00,0.00,0.0,0.00,0.00,0.0,0.00,8632.00,42.3
45,0.00,32.00,32.0,5.56,1.00,95.00,96.0,80.98,1,5.8,4616,0.00,4678,51,4,0.00,1.00,1.0,0.00,0.00,0.0,0.00,5286.00,35.9
46,0.00,280.00,280.0,16.11,3.00,28.00,31.0,81.0,3,5.8,4615,0.00,4676,51,4,2.00,1.00,3.0,0.00,0.00,0.0,0.00,7433.00,36.0
47,0.00,504.00,504.0,11.76,6.00,139.00,145.0,81.01,2,5.8,4618,0.00,4672,51,4,0.00,1.00,1.0,5.00,5.00,10.0,9.00,8418.00,51.8
48,0.00,216.00,216.0,13.14,18.00,267.00,285.0,81.02,2,5.8,4611,0.00,4668,51,4,18.00,0.00,18.0,0.00,0.00,0.0,15.00,11207.00,46.6
49,0.00,2576.00,2576.0,4.59,3.00,135.00,138.0,81.02,1,5.33,4610,0.00,4666,51,4,2.00,1.00,3.0,0.00,0.00,0.0,0.00,5922.00,34.9
50,0.00,112.00,112.0,7.88,7.00,166.00,173.0,81.02,1,5.33,4610,0.00,4666,51,4,6.00,1.00,7.0,0.00,0.00,0.0,0.00,7261.00,35.0
51,0.00,48.00,48.0,7.24,13.00,239.00,252.0,81.02,3,5.33,4610,0.00,4666,51,4,12.00,1.00,13.0,0.00,0.00,0.0,0.00,7161.00,40.7
52,0.00,28.00,28.0,5.3,3.00,125.00,128.0,81.02,2,5.33,4610,0.00,4666,51,4,2.00,1.00,3.0,0.00,0.00,0.0,1.00,6039.00,35.6
53,0.00,872.00,872.0,13.05,11.00,205.00,216.0,81.03,3,5.33,4611,0.00,4666,51,4,10.00,1.00,11.0,0.00,0.00,0.0,23.00,11375.00,42.2
54,4.00,2236.00,2240.0,8.36,10.00,192.00,202.0,81.03,10,4.99,4611,0.00,4666,51,4,9.00,2.00,11.0,0.00,0.00,0.0,0.00,6695.00,42.3
55,0.00,36.00,36.0,35.69,3.00,214.00,217.0,81.07,5,4.99,4615,0.00,4675,51,4,2.00,1.00,3.0,0.00,0.00,0.0,4.00,15385.00,61.0
56,0.00,536.00,536.0,80.2,17.00,697.00,714.0,81.13,25,4.99,4619,0.00,4682,51,4,16.00,1.00,17.0,0.00,0.00,0.0,4.00,42091.00,77.9
57,0.00,108.00,108.0,90.0,7.00,723.00,730.0,81.19,29,4.99,4623,0.00,4700,51,4,2.00,1.00,3.0,4.00,4.00,8.0,9.00,43019.00,86.9
58,0.00,380.00,380.0,90.38,2.00,643.00,645.0,81.24,25,4.99,4631,0.00,4736,51,4,0.00,2.00,2.0,0.00,0.00,0.0,35.00,43007.00,86.9
59,0.00,2104.00,2104.0,93.99,2.00,222.00,224.0,81.26,17,6.51,4638,0.00,4763,51,4,0.00,2.00,2.0,0.00,0.00,0.0,6.00,26216.00,87.2
60,0.00,672.00,672.0,93.26,0.00,104.00,104.0,81.33,22,6.51,4643,0.00,4779,51,4,0.00,0.00,0.0,0.00,0.00,0.0,5.00,28463.00,87.2
61,0.00,48.00,48.0,90.77,0.00,459.00,459.0,81.4,10,6.51,4647,0.00,4779,51,4,0.00,0.00,0.0,0.00,0.00,0.0,5.00,28464.00,87.2
62,0.00,312.00,312.0,81.74,5.00,194.00,199.0,81.45,10,6.51,4656,0.00,4812,51,4,0.00,3.00,3.0,0.00,0.00,0.0,10.00,27278.00,87.0
63,0.00,328.00,328.0,88.39,1.00,29.00,30.0,81.51,17,6.51,4665,0.00,4839,50,4,0.00,0.00,0.0,0.00,0.00,0.0,33.00,34518.00,86.9
64,0.00,1800.00,1800.0,91.73,0.00,22.00,22.0,81.54,30,7.75,4675,0.00,4841,50,4,0.00,0.00,0.0,0.00,0.00,0.0,10.00,46513.00,87.0
65,0.00,228.00,228.0,91.24,0.00,216.00,216.0,81.56,38,7.75,4684,0.00,4831,50,4,0.00,0.00,0.0,0.00,0.00,0.0,9.00,57319.00,87.0
66,0.00,60.00,60.0,90.62,0.00,84.00,84.0,81.61,30,7.75,4691,0.00,4835,50,4,0.00,0.00,0.0,0.00,0.00,0.0,7.00,63395.00,87.0
67,0.00,316.00,316.0,92.74,0.00,310.00,310.0,81.67,28,7.75,4696,0.00,4833,50,4,0.00,0.00,0.0,0.00,0.00,0.0,8.00,40425.00,86.8
68,0.00,276.00,276.0,84.77,1.00,621.00,622.0,81.71,31,7.75,4705,0.00,4832,50,4,0.00,0.00,0.0,0.00,0.00,0.0,34.00,39656.00,86.9
69,0.00,64.00,64.0,92.35,0.00,562.00,562.0,81.75,19,8.57,4712,0.00,4834,50,4,0.00,0.00,0.0,0.00,0.00,0.0,8.00,38850.00,87.1
70,0.00,16040.00,16040.0,87.88,0.00,690.00,690.0,81.76,30,8.57,4716,0.00,4835,50,4,0.00,0.00,0.0,0.00,0.00,0.0,4.00,53741.00,87.1
71,0.00,52.00,52.0,91.5,1.00,155.00,156.0,81.77,31,8.57,4716,0.00,4833,50,4,0.00,0.00,0.0,0.00,0.00,0.0,0.99,56982.18,87.2
72,0.00,32.00,32.0,94.0,0.00,266.00,266.0,81.83,8,8.57,4716,0.00,4832,50,4,0.00,0.00,0.0,0.00,0.00,0.0,2.00,27252.00,87.3
73,0.00,508.00,508.0,86.92,1.00,1.00,2.0,81.88,32,8.57,4719,0.00,4854,50,4,0.00,0.00,0.0,0.00,1.00,1.0,6.00,65658.00,87.3
74,0.00,264.00,264.0,90.36,0.99,0.99,1.98,81.89,30,10.37,4715,0.00,4845,50,4,0.00,0.00,0.0,0.00,0.00,0.0,20.00,58961.00,87.3
75,0.00,868.00,868.0,89.01,0.00,36.00,36.0,81.93,44,10.37,4712,0.00,4836,50,4,0.00,0.00,0.0,0.00,0.00,0.0,0.00,77006.00,87.3
76,0.00,1216.00,1216.0,91.11,6.00,54.00,60.0,81.95,35,10.37,4716,0.00,4841,51,4,6.00,7.00,13.0,0.00,0.00,0.0,5.00,58401.00,87.4
77,0.00,452.00,452.0,90.4,7.00,51.00,58.0,82.0,33,10.37,4716,0.00,4842,51,4,3.00,4.00,7.0,4.00,4.00,8.0,1.00,71184.00,87.4
78,0.00,16.00,16.0,91.98,0.00,30.00,30.0,82.03,24,10.37,4716,0.00,4838,51,4,0.00,0.00,0.0,0.00,0.00,0.0,0.00,68337.00,87.4
79,0.00,628.00,628.0,90.12,3.00,397.00,400.0,82.05,12,11.14,4703,0.00,4822,50,4,3.00,3.00,6.0,0.00,0.00,0.0,26.00,52982.00,87.3
80,0.00,464.00,464.0,86.75,0.00,325.00,325.0,82.05,30,11.14,4702,0.00,4816,50,4,0.00,0.00,0.0,0.00,0.00,0.0,1.00,84956.00,87.4
81,0.00,864.00,864.0,90.64,0.00,467.00,467.0,82.05,19,11.14,4705,0.00,4826,50,4,0.00,0.00,0.0,0.00,0.00,0.0,3.00,48644.00,87.4
82,0.00,220.00,220.0,91.49,0.00,580.00,580.0,82.08,37,11.14,4708,0.00,4824,50,4,0.00,0.00,0.0,0.00,0.00,0.0,4.00,51070.00,87.5
83,0.00,100.00,100.0,91.27,0.00,568.00,568.0,82.1,37,11.14,4712,0.00,4835,50,4,0.00,0.00,0.0,0.00,0.00,0.0,4.00,56820.00,87.6
84,0.00,524.00,524.0,92.38,2.00,418.00,420.0,82.11,40,13.61,4715,0.00,4841,51,4,2.00,2.00,4.0,0.00,0.00,0.0,27.00,49550.00,87.7
85,0.00,4452.00,4452.0,92.74,7.00,231.00,238.0,82.19,44,13.61,4718,0.00,4846,51,4,7.00,9.00,16.0,0.00,0.00,0.0,3.00,50901.00,87.6
86,0.00,84.00,84.0,93.99,0.00,343.00,343.0,82.22,51,13.61,4719,0.00,4850,51,4,0.00,0.00,0.0,0.00,0.00,0.0,2.00,46494.00,87.5
87,0.00,480.00,480.0,93.52,7.00,507.00,514.0,82.24,62,13.61,4717,0.00,4844,50,4,3.00,3.00,6.0,4.00,4.00,8.0,1.00,38980.00,87.3
88,0.00,608.00,608.0,94.38,4.00,512.00,516.0,82.3,50,13.61,4719,0.00,4846,51,4,4.00,4.00,8.0,0.00,0.00,0.0,4.00,33394.00,87.3
89,0.00,1196.00,1196.0,94.5,6.00,553.00,559.0,82.34,46,16.04,4724,0.00,4842,51,4,6.00,6.00,12.0,0.00,0.00,0.0,8.00,35340.00,87.3
90,0.00,4293.07,4293.07,93.76,4.00,612.00,616.0,82.36,48,16.04,4720,0.00,4846,52,5,1.00,3.00,4.0,1.00,1.00,2.0,19.00,34323.00,87.3
91,0.00,836.00,836.0,93.76,10.00,625.00,635.0,82.37,27,16.04,4720,0.00,4849,53,5,11.00,11.00,22.0,0.00,0.00,0.0,0.99,37350.50,87.3
92,0.00,212.00,212.0,91.69,4.00,605.00,609.0,82.38,20,16.04,4718,0.00,4847,52,5,4.00,4.00,8.0,0.00,0.00,0.0,1.00,45052.00,87.3
93,0.00,440.00,440.0,18.85,3.00,76.00,79.0,82.39,2,16.04,4713,0.00,4839,51,5,3.00,3.00,6.0,0.00,0.00,0.0,0.00,8941.00,58.4
94,0.00,176.00,176.0,4.08,0.00,12.00,12.0,82.38,2,14.76,4710,0.00,4841,51,4,0.00,0.00,0.0,0.00,0.00,0.0,0.00,5075.00,35.9
95,0.00,22484.00,22484.0,5.86,0.00,172.00,172.0,82.39,2,14.76,4709,0.00,4837,51,4,0.00,0.00,0.0,0.00,0.00,0.0,22.00,8448.00,36.2
96,0.00,500.00,500.0,4.84,4.00,91.00,95.0,82.37,2,14.76,4710,0.00,4838,52,4,4.00,4.00,8.0,0.00,0.00,0.0,2.00,5338.00,36.1
97,0.00,112.00,112.0,16.24,16.00,261.00,277.0,82.37,4,14.76,4709,0.00,4829,52,4,15.00,7.00,22.0,0.00,0.00,0.0,1.00,10184.00,43.2
98,0.00,416.00,416.0,9.14,12.00,215.00,227.0,82.38,2,14.76,4706,0.00,4817,52,4,12.00,0.00,12.0,0.00,0.00,0.0,1.00,6216.00,43.7
99,0.00,120.00,120.0,4.16,2.00,103.00,105.0,82.38,2,13.9,4704,0.00,4813,52,4,2.00,3.00,5.0,0.00,0.00,0.0,0.00,5385.00,35.3
100,0.00,3476.00,3476.0,8.66,19.00,287.00,306.0,82.38,2,13.9,4703,0.00,4806,51,4,19.00,1.00,20.0,0.00,0.00,0.0,22.00,11920.00,35.8
101,0.00,56.00,56.0,5.62,3.00,149.00,152.0,82.38,2,13.9,4700,0.00,4800,51,4,2.00,0.00,2.0,0.00,0.00,0.0,0.00,5799.00,36.0
102,0.00,32.00,32.0,4.57,0.00,120.00,120.0,82.38,2,13.9,4699,0.00,4798,51,4,0.00,0.00,0.0,0.00,0.00,0.0,1.00,5705.00,35.9
103,0.00,500.00,500.0,13.21,20.00,259.00,279.0,82.38,3,13.9,4695,0.00,4790,51,4,20.00,0.00,20.0,0.00,0.00,0.0,0.00,8879.00,44.6
104,0.00,76.00,76.0,8.37,1.00,125.00,126.0,82.38,2,12.78,4695,0.00,4790,51,4,0.00,0.00,0.0,0.00,0.00,0.0,0.00,5194.00,44.8
105,0.00,18136.00,18136.0,5.83,0.00,150.00,150.0,82.39,7,12.78,4697,0.00,4791,51,4,0.00,0.00,0.0,0.00,0.00,0.0,24.00,13995.00,36.4
106,0.00,516.00,516.0,64.39,20.00,1279.00,1299.0,82.41,21,12.78,4698,0.00,4785,51,4,20.00,0.00,20.0,0.00,0.00,0.0,1.00,67781.00,69.2
107,0.00,128.00,128.0,90.69,4.00,723.00,727.0,82.43,40,12.78,4706,0.00,4803,51,4,0.00,0.00,0.0,4.00,4.00,8.0,9.00,58290.00,88.5
108,0.00,916.00,916.0,92.0,0.00,626.00,626.0,82.46,56,12.78,4710,0.00,4813,51,4,0.00,0.00,0.0,0.00,0.00,0.0,4.00,54140.00,88.4
109,0.00,48.00,48.0,89.9,0.00,290.00,290.0,82.49,47,15.76,4711,0.00,4812,51,4,0.00,0.00,0.0,0.00,0.00,0.0,1.00,69489.00,88.4
110,0.00,664.00,664.0,89.86,0.00,641.00,641.0,82.52,49,15.76,4711,0.00,4812,51,4,0.00,0.00,0.0,0.00,0.00,0.0,22.00,61210.00,88.3
111,0.00,2392.00,2392.0,91.24,1.00,345.00,346.0,82.54,36,15.76,4712,0.00,4814,51,4,0.00,2.00,2.0,0.00,0.00,0.0,1.00,76915.00,88.2
112,0.00,36.00,36.0,88.86,0.00,358.00,358.0,82.55,25,15.76,4712,0.00,4802,51,4,0.00,0.00,0.0,0.00,0.00,0.0,1.00,79023.00,88.0
113,0.00,864.00,864.0,91.11,0.00,619.00,619.0,82.6,25,15.76,4712,0.00,4810,51,4,0.00,0.00,0.0,0.00,0.00,0.0,0.00,77951.00,87.9
114,0.00,84.00,84.0,86.5,3.00,526.00,529.0,82.67,31,17.14,4714,0.00,4816,51,4,0.00,3.00,3.0,0.00,0.00,0.0,2.00,87867.00,87.8
115,0.00,36.00,36.0,90.14,1.00,314.00,315.0,82.7,18,17.14,4714,0.00,4816,51,4,0.00,1.00,1.0,0.00,0.00,0.0,5.00,73243.00,87.9
116,0.00,8764.00,8764.0,92.87,2.00,126.00,128.0,82.72,39,17.14,4715,0.00,4816,51,4,0.00,2.00,2.0,0.00,0.00,0.0,21.00,48238.00,88.2
117,0.00,132.00,132.0,88.65,0.00,245.00,245.0,82.74,35,17.14,4712,0.00,4816,51,4,0.00,0.00,0.0,0.00,0.00,0.0,7.00,79537.00,88.2
118,0.00,36.00,36.0,90.48,0.00,297.00,297.0,82.77,48,17.14,4715,0.00,4830,51,4,0.00,0.00,0.0,0.00,0.00,0.0,3.00,79554.00,88.0
119,0.00,952.00,952.0,88.28,1.00,122.00,123.0,82.8,39,18.89,4717,0.00,4834,51,4,0.00,1.00,1.0,0.00,0.00,0.0,2.00,82763.00,87.9
120,0.00,676.00,676.0,88.97,2.00,319.00,321.0,82.81,44,18.89,4718,0.00,4833,51,4,0.00,2.00,2.0,0.00,0.00,0.0,2.00,85694.00,87.9
121,0.00,4924.00,4924.0,91.24,2.00,343.00,345.0,82.85,26,18.89,4721,0.00,4832,51,4,0.00,2.00,2.0,0.00,0.00,0.0,26.00,50727.00,87.8
122,0.00,832.00,832.0,92.14,3.00,288.00,291.0,82.86,36,18.89,4722,0.00,4829,51,4,0.00,2.00,2.0,0.00,0.00,0.0,3.00,54480.00,87.8
123,0.00,112.00,112.0,88.86,2.00,345.00,347.0,82.88,31,18.89,4723,0.00,4822,51,4,0.00,2.00,2.0,0.00,0.00,0.0,1.00,75838.00,87.7
124,0.00,488.00,488.0,93.01,2.00,463.00,465.0,82.9,37,19.7,4723,0.00,4823,51,4,0.00,1.00,1.0,0.00,0.00,0.0,1.00,46647.00,87.7
125,0.00,416.00,416.0,90.26,1.00,514.00,515.0,82.91,40,19.7,4723,0.00,4822,51,4,0.00,1.00,1.0,0.00,0.00,0.0,0.00,66013.00,87.8
126,0.00,548.00,548.0,91.86,5.00,565.00,570.0,82.97,61,19.7,4741,0.00,4823,51,5,2.00,2.00,4.0,1.00,1.00,2.0,26.00,54425.00,87.6
127,0.00,808.00,808.0,91.89,5.00,566.00,571.0,82.96,48,19.7,4723,0.00,4821,51,5,0.00,0.00,0.0,4.00,4.00,8.0,4.00,53927.00,87.7
128,0.00,196.00,196.0,92.74,0.00,639.00,639.0,83.0,49,19.7,4723,0.00,4825,51,5,0.00,0.00,0.0,0.00,0.00,0.0,0.00,52317.00,87.6
129,0.00,92.00,92.0,90.86,2.00,571.00,573.0,83.03,47,21.09,4723,0.00,4822,50,5,0.00,0.00,0.0,0.00,0.00,0.0,0.00,62124.00,87.6
130,0.00,156.00,156.0,92.01,1.00,536.00,537.0,83.03,52,21.09,4723,0.00,4827,50,4,0.00,0.00,0.0,0.00,0.00,0.0,0.00,48872.00,87.6
131,0.00,1228.00,1228.0,91.88,0.00,678.00,678.0,83.04,32,21.09,4723,0.00,4829,50,4,0.00,0.00,0.0,0.00,0.00,0.0,0.00,41412.00,87.7
132,0.00,476.00,476.0,93.24,1.00,601.00,602.0,83.06,17,21.09,4722,0.00,4831,50,4,1.00,1.00,2.0,0.00,0.00,0.0,25.00,33488.00,87.8
133,0.00,108.00,108.0,61.16,9.00,353.00,362.0,83.06,4,21.09,4720,0.00,4828,50,4,8.00,0.00,8.0,0.00,0.00,0.0,0.00,18420.00,87.2
134,0.00,84.00,84.0,24.94,2.00,145.00,147.0,83.07,3,19.48,4719,0.00,4825,50,4,2.00,0.00,2.0,0.00,0.00,0.0,0.00,5627.00,64.4
135,0.00,32.00,32.0,8.6,4.00,159.00,163.0,83.07,3,19.48,4719,0.00,4822,50,4,4.00,0.00,4.0,0.00,0.00,0.0,0.00,6566.00,43.8
136,0.00,15300.00,15300.0,9.48,16.00,245.00,261.0,83.06,2,19.48,4717,0.00,4816,50,4,15.84,0.00,15.84,0.00,0.00,0.0,0.00,8848.00,43.8
137,0.00,636.00,636.0,4.29,4.00,132.00,136.0,83.06,4,19.48,4716,0.00,4813,50,4,0.00,0.00,0.0,4.00,4.00,8.0,23.00,10202.00,37.9
138,0.00,20.00,20.0,5.63,6.00,149.00,155.0,83.06,2,19.48,4712,0.00,4806,50,4,6.00,0.00,6.0,0.00,0.00,0.0,0.00,6220.00,37.7
139,0.00,456.00,456.0,13.92,14.00,393.00,407.0,83.06,2,17.92,4710,0.00,4801,50,4,14.00,0.00,14.0,0.00,0.00,0.0,0.00,19470.00,45.7
140,0.00,128.00,128.0,67.37,0.00,254.00,254.0,83.09,4,17.92,4716,0.00,4809,50,4,0.00,0.00,0.0,0.00,0.00,0.0,7.00,32881.00,73.3
141,0.00,30024.00,30024.0,30.17,8.00,439.00,447.0,83.09,15,17.92,4716,0.00,4806,50,4,8.00,0.00,8.0,0.00,0.00,0.0,3.00,37370.00,64.2
142,0.00,484.00,484.0,73.44,10.00,758.00,768.0,83.11,17,17.92,4715,0.00,4803,50,4,10.00,0.00,10.0,0.00,0.00,0.0,26.00,75867.00,79.7
143,0.00,120.00,120.0,87.41,2.00,737.00,739.0,83.13,27,17.92,4716,0.00,4802,50,4,2.00,0.00,2.0,0.00,0.00,0.0,2.00,75158.00,87.8
144,0.00,368.00,368.0,88.83,4.00,785.00,789.0,83.15,19,18.09,4715,0.00,4792,50,4,4.00,0.00,4.0,0.00,0.00,0.0,0.00,84962.00,87.8
145,0.00,48.00,48.0,88.74,4.00,836.00,840.0,83.17,41,18.09,4720,0.00,4796,50,4,4.00,0.00,4.0,0.00,0.00,0.0,5.00,73263.00,87.8
146,0.00,5292.00,5292.0,89.12,0.00,708.00,708.0,83.19,44,18.09,4724,0.00,4800,50,4,0.00,0.00,0.0,0.00,0.00,0.0,4.00,71832.00,87.7
147,0.00,684.00,684.0,87.25,0.00,567.00,567.0,83.23,41,18.09,4726,0.00,4801,50,4,0.00,0.00,0.0,0.00,0.00,0.0,28.00,80975.00,87.6
148,0.00,32.00,32.0,86.59,0.00,402.00,402.0,83.24,33,18.09,4729,0.00,4811,50,4,0.00,0.00,0.0,0.00,0.00,0.0,3.00,87227.00,87.6
149,0.00,1532.00,1532.0,85.38,0.00,536.00,536.0,83.26,29,19.36,4730,0.00,4821,50,4,0.00,0.00,0.0,0.00,0.00,0.0,0.99,93321.78,87.5
150,0.00,280.00,280.0,86.97,0.00,582.00,582.0,83.27,49,19.36,4729,0.00,4821,50,4,0.00,0.00,0.0,0.00,0.00,0.0,0.00,105569.00,87.4
151,0.00,764.00,764.0,86.32,0.00,458.00,458.0,83.3,28,19.36,4729,0.00,4817,50,4,0.00,0.00,0.0,0.00,0.00,0.0,0.00,108882.00,87.3
152,0.00,10496.00,10496.0,86.38,2.00,344.00,346.0,83.38,33,19.36,4729,0.00,4813,50,4,2.00,0.00,2.0,0.00,0.00,0.0,2.00,100201.00,87.3
153,0.00,740.00,740.0,87.58,0.00,412.00,412.0,83.38,37,19.36,4729,0.00,4810,50,4,0.00,0.00,0.0,0.00,0.00,0.0,22.00,88304.00,87.4
154,0.00,748.00,748.0,87.95,0.00,534.00,534.0,83.42,33,20.53,4730,0.00,4807,50,4,0.00,0.00,0.0,0.00,0.00,0.0,1.00,93709.00,87.4
155,0.00,732.00,732.0,89.12,2.00,686.00,688.0,83.43,35,20.53,4728,0.00,4799,50,4,2.00,0.00,2.0,0.00,0.00,0.0,0.00,80919.00,87.4
156,0.00,908.00,908.0,89.62,2.00,791.00,793.0,83.42,36,20.53,4727,0.00,4797,50,4,1.00,1.00,2.0,0.00,0.00,0.0,0.00,73752.00,87.3
157,0.00,3440.00,3440.0,90.12,11.00,721.00,732.0,83.43,38,20.53,4729,0.00,4800,51,4,7.00,9.00,16.0,4.00,4.00,8.0,3.00,65337.00,87.3
158,0.00,788.00,788.0,91.12,3.00,781.00,784.0,83.45,39,20.53,4729,0.00,4802,51,4,3.00,1.00,4.0,0.00,0.00,0.0,24.00,52619.00,87.3
159,0.00,360.00,360.0,90.75,3.00,665.00,668.0,83.46,27,21.29,4729,0.00,4806,51,4,2.00,0.00,2.0,0.00,0.00,0.0,0.00,56647.00,87.2
160,0.00,1168.00,1168.0,92.12,7.00,790.00,797.0,83.48,27,21.29,4726,0.00,4802,51,5,5.00,3.00,8.0,1.00,1.00,2.0,0.00,46501.00,87.2
161,0.00,228.00,228.0,88.08,2.00,647.00,649.0,83.52,4,21.29,4725,0.00,4801,51,5,2.00,2.00,4.0,0.00,0.00,0.0,0.00,41166.00,87.1
162,0.00,804.00,804.0,37.69,8.00,379.00,387.0,83.53,2,21.29,4729,0.00,4805,51,5,6.00,2.00,8.0,0.00,0.00,0.0,5.00,41180.00,73.3
163,0.00,980.00,980.0,23.63,3.00,149.00,152.0,83.48,4,21.29,4728,0.00,4799,51,5,2.00,0.00,2.0,0.00,0.00,0.0,24.00,69607.00,57.1
164,0.00,88.00,88.0,13.1,0.00,145.00,145.0,83.48,2,19.67,4730,0.00,4810,51,4,0.00,0.00,0.0,0.00,0.00,0.0,2.00,23461.00,46.6
165,0.00,560.00,560.0,24.87,1.00,373.00,374.0,83.48,4,19.67,4730,0.00,4811,51,4,0.00,1.00,1.0,0.00,0.00,0.0,2.00,32240.00,55.1
166,0.00,592.00,592.0,16.44,0.00,331.00,331.0,83.49,3,19.67,4730,0.00,4811,51,4,0.00,0.00,0.0,0.00,0.00,0.0,1.00,20464.00,54.5
167,0.00,14580.00,14580.0,9.79,9.00,201.00,210.0,83.51,2,19.67,4729,0.00,4807,51,4,5.00,1.00,6.0,4.00,4.00,8.0,2.00,8007.00,47.0
168,0.00,528.00,528.0,6.68,22.00,242.00,264.0,83.52,2,19.67,4731,0.00,4807,52,4,22.00,10.00,32.0,0.00,0.00,0.0,23.00,9302.00,40.4
169,0.00,56.00,56.0,4.24,0.00,112.00,112.0,83.52,2,18.17,4730,0.00,4802,52,4,0.00,0.00,0.0,0.00,0.00,0.0,0.00,5708.00,40.0
170,0.00,132.00,132.0,5.93,14.00,250.00,264.0,83.52,2,18.17,4726,0.00,4785,52,4,12.00,1.00,13.0,0.00,0.00,0.0,0.00,9880.00,39.4
171,0.00,72.00,72.0,17.68,9.00,367.00,376.0,83.5,3,18.17,4723,0.00,4779,51,4,11.00,2.00,13.0,0.00,0.00,0.0,0.00,20940.00,40.0
172,0.00,24532.00,24532.0,24.75,4.00,328.00,332.0,83.5,4,18.17,4723,0.00,4779,51,4,2.00,2.00,4.0,0.00,0.00,0.0,7.00,38440.00,62.1
173,0.00,784.00,784.0,62.14,23.00,700.00,723.0,83.49,11,18.17,4724,0.00,4770,52,4,23.00,7.00,30.0,0.00,0.00,0.0,28.00,65332.00,77.6
174,0.00,496.00,496.0,75.59,2.00,865.00,867.0,83.54,21,18.4,4723,0.00,4771,52,4,2.00,4.00,6.0,0.00,0.00,0.0,2.00,91958.00,84.9
175,0.00,312.00,312.0,87.75,4.00,670.00,674.0,83.56,10,18.4,4721,0.00,4767,52,4,2.00,2.00,4.0,0.00,0.00,0.0,0.00,84274.00,85.2
176,0.00,52.00,52.0,86.36,13.00,950.00,963.0,83.57,42,18.4,4722,0.00,4763,51,4,11.00,5.00,16.0,0.00,0.00,0.0,4.00,89123.00,85.3
177,0.00,12224.00,12224.0,88.11,2.00,733.00,735.0,83.59,31,18.4,4727,0.00,4785,51,4,0.00,2.00,2.0,0.00,0.00,0.0,9.00,91875.00,85.5
178,0.00,499.01,499.01,87.86,2.00,662.00,664.0,83.58,43,18.4,4729,0.00,4796,51,4,2.00,0.00,2.0,0.00,0.00,0.0,8.00,102656.00,85.7
179,0.00,844.00,844.0,85.54,0.00,491.00,491.0,83.59,35,18.53,4730,0.00,4798,51,4,0.00,0.00,0.0,0.00,0.00,0.0,18.00,109030.00,85.9
180,0.00,408.00,408.0,87.34,3.00,839.00,842.0,83.62,31,18.53,4730,0.00,4788,51,4,0.00,3.00,3.0,0.00,0.00,0.0,0.00,98070.00,86.0
181,0.00,452.00,452.0,87.97,0.00,798.00,798.0,83.63,29,18.53,4730,0.00,4789,51,4,0.00,0.00,0.0,0.00,0.00,0.0,1.00,83555.00,86.3
182,0.00,11236.00,11236.0,86.75,3.00,621.00,624.0,83.65,18,18.53,4729,0.00,4793,51,4,2.00,0.00,2.0,0.00,0.00,0.0,1.00,102677.00,86.5
183,0.00,780.00,780.0,86.84,3.00,534.00,537.0,83.63,29,18.53,4730,0.00,4804,51,4,0.00,3.00,3.0,0.00,0.00,0.0,1.00,119123.00,86.5
184,0.00,576.00,576.0,88.22,4.00,560.00,564.0,83.64,38,19.53,4729,0.00,4808,51,4,2.00,2.00,4.0,0.00,0.00,0.0,24.00,88480.00,86.6
185,0.00,640.00,640.0,86.91,1.00,729.00,730.0,83.67,33,19.53,4730,0.00,4802,51,4,0.00,1.00,1.0,0.00,0.00,0.0,1.00,87602.00,86.5
186,0.00,68.00,68.0,88.15,1.00,568.00,569.0,83.68,26,19.53,4730,0.00,4797,51,4,0.00,0.00,0.0,0.00,0.00,0.0,0.00,74986.00,86.6
187,0.00,10884.00,10884.0,85.32,6.00,963.00,969.0,83.69,15,19.53,4728,0.00,4799,51,4,2.00,0.00,2.0,4.00,4.00,8.0,1.00,67794.00,86.6
188,0.00,68.00,68.0,64.74,10.00,927.00,937.0,83.71,16,19.53,4729,0.00,4797,52,4,8.00,7.00,15.0,0.00,0.00,0.0,2.00,92982.00,86.2
189,0.00,772.00,772.0,64.17,12.00,1036.00,1048.0,83.73,3,18.2,4731,0.00,4805,53,4,9.00,8.00,17.0,0.00,0.00,0.0,28.00,53728.00,79.4
190,0.00,76.00,76.0,11.37,14.00,355.00,369.0,83.73,2,18.2,4731,0.00,4804,53,4,15.00,9.00,24.0,0.00,0.00,0.0,0.00,16409.00,48.3
191,0.00,308.00,308.0,20.63,6.00,351.00,357.0,83.73,1,18.2,4733,0.00,4806,52,4,5.00,1.00,6.0,0.00,0.00,0.0,2.00,39576.00,53.9
192,0.00,2324.00,2324.0,16.35,10.00,403.00,413.0,83.73,5,18.2,4732,0.00,4799,51,4,9.00,3.00,12.0,0.00,0.00,0.0,3.00,42304.00,53.2
193,0.00,60.00,60.0,29.54,14.00,313.00,327.0,83.74,1,18.2,4730,0.00,4791,50,4,13.00,3.00,16.0,0.00,1.00,1.0,0.00,47903.00,61.5
194,0.00,684.00,684.0,14.34,2.00,275.00,277.0,83.74,4,16.98,4730,0.00,4791,50,4,2.00,0.00,2.0,0.00,0.00,0.0,23.00,31479.00,43.1
195,0.00,268.00,268.0,20.1,11.00,422.00,433.0,83.76,5,16.98,4730,0.00,4790,51,5,8.00,3.00,11.0,1.00,1.00,2.0,0.00,23474.00,54.2
196,0.00,372.00,372.0,23.85,10.00,228.00,238.0,83.78,3,16.98,4729,0.00,4785,51,5,8.00,2.00,10.0,0.00,0.00,0.0,0.00,18523.00,65.0
197,0.00,720.00,720.0,19.35,9.00,377.00,386.0,83.76,9,16.98,4730,0.00,4786,51,5,4.00,1.00,5.0,4.00,4.00,8.0,2.00,46681.00,53.3
198,0.00,14544.00,14544.0,44.76,1.00,429.00,430.0,83.77,7,16.98,4730,0.00,4784,51,5,0.00,1.00,1.0,0.00,0.00,0.0,0.00,51122.00,66.3
199,0.00,580.00,580.0,47.68,2.00,425.00,427.0,83.91,12,16.51,4744,0.00,4788,51,4,0.00,2.00,2.0,0.00,0.00,0.0,25.00,81476.00,75.3
200,0.00,464.00,464.0,45.16,2.00,397.00,399.0,83.92,3,16.51,4730,0.00,4786,51,4,0.00,2.00,2.0,0.00,0.00,0.0,0.00,66243.00,75.2
201,0.00,652.00,652.0,33.38,1.00,535.00,536.0,83.94,8,16.51,4730,0.00,4783,51,4,0.00,1.00,1.0,0.00,0.00,0.0,4.00,52769.00,60.0
202,0.00,288.00,288.0,71.88,12.00,1023.00,1035.0,83.97,16,16.51,4730,0.00,4783,51,4,12.00,0.00,12.0,0.00,0.00,0.0,3.00,56090.00,81.7
203,0.00,16812.00,16812.0,69.69,0.00,825.00,825.0,83.98,2,16.51,4730,0.00,4772,51,4,0.00,0.00,0.0,0.00,0.00,0.0,1.00,92737.00,82.0
204,0.00,48.00,48.0,47.44,3.00,714.00,717.0,83.89,16,16.14,4730,0.00,4779,51,4,0.00,2.00,2.0,0.00,0.00,0.0,0.00,89755.00,74.1
205,0.00,596.00,596.0,71.05,12.00,1069.00,1081.0,83.88,21,16.14,4730,0.00,4777,51,4,12.00,0.00,12.0,0.00,0.00,0.0,25.00,129057.00,84.1
206,0.00,352.00,352.0,85.01,2.00,899.00,901.0,83.89,24,16.14,4730,0.00,4776,51,4,2.00,0.00,2.0,0.00,0.00,0.0,0.00,105785.00,84.5
207,0.00,96.00,96.0,74.5,7.00,1183.00,1190.0,83.87,17,16.14,4730,0.00,4768,51,4,2.00,1.00,3.0,3.96,3.96,7.92,1.00,122103.00,84.6
208,0.00,22584.00,22584.0,86.92,4.00,928.00,932.0,83.98,29,16.14,4730,0.00,4776,51,4,2.00,2.00,4.0,0.00,0.00,0.0,1.00,95399.00,84.9
209,0.00,1560.00,1560.0,88.38,3.00,508.00,511.0,84.04,18,16.61,4730,0.00,4786,51,4,2.00,1.00,3.0,0.00,0.00,0.0,0.00,93924.00,85.2
210,0.00,884.00,884.0,76.66,2.00,569.00,571.0,84.01,11,16.61,4730,0.00,4788,51,4,2.00,0.00,2.0,0.00,0.00,0.0,21.00,100795.00,85.3
211,0.00,680.00,680.0,52.24,2.00,912.00,914.0,84.0,22,16.61,4730,0.00,4787,51,4,2.00,0.00,2.0,0.00,0.00,0.0,0.00,86254.00,73.8
212,0.00,344.00,344.0,87.73,6.00,923.00,929.0,84.03,20,16.61,4730,0.00,4782,51,4,6.00,0.00,6.0,0.00,0.00,0.0,1.00,80038.00,86.6
213,0.00,12592.00,12592.0,70.83,5.00,1093.00,1098.0,84.01,5,16.61,4730,0.00,4781,51,4,5.00,1.00,6.0,0.00,0.00,0.0,0.00,86761.00,86.4
214,0.00,788.00,788.0,35.79,2.00,671.00,673.0,84.02,5,15.36,4730,0.00,4782,51,4,2.00,0.00,2.0,0.00,0.00,0.0,0.00,71839.00,66.3
215,0.00,720.00,720.0,36.1,5.00,755.00,760.0,84.06,15,15.36,4730,0.00,4782,51,4,4.00,0.00,4.0,0.00,0.00,0.0,23.00,75369.00,66.5
216,0.00,428.00,428.0,48.38,9.00,724.00,733.0,84.06,6,15.36,4730,0.00,4778,51,4,6.00,3.00,9.0,0.00,0.00,0.0,0.00,82035.00,75.8
217,0.00,780.00,780.0,41.66,9.00,475.00,484.0,84.07,1,15.36,4730,0.00,4774,51,4,4.00,1.00,5.0,4.00,4.00,8.0,1.00,80188.00,68.9
218,0.00,13272.00,13272.0,37.65,7.00,516.00,523.0,84.08,11,15.36,4730,0.00,4770,51,4,6.00,0.00,6.0,0.00,0.00,0.0,0.00,46653.00,68.5
219,0.00,88.00,88.0,32.47,4.00,590.00,594.0,84.09,1,14.21,4730,0.00,4772,51,4,4.00,0.00,4.0,0.00,0.00,0.0,0.00,40771.00,61.3
220,0.00,616.00,616.0,17.75,10.00,511.00,521.0,84.07,2,14.21,4730,0.00,4767,51,4,8.00,2.00,10.0,0.00,0.00,0.0,22.00,30324.00,48.6
221,0.00,592.00,592.0,23.41,5.00,679.00,684.0,84.07,1,14.21,4730,0.00,4765,51,4,4.00,0.00,4.0,0.00,0.00,0.0,0.00,61071.00,49.0
222,0.00,36.00,36.0,68.12,10.00,790.00,800.0,84.07,14,14.21,4730,0.00,4761,51,4,10.00,0.00,10.0,0.00,0.00,0.0,2.00,80842.00,78.2
223,0.00,3720.00,3720.0,59.88,5.00,565.00,570.0,84.1,10,14.21,4730,0.00,4760,50,4,4.00,0.00,4.0,0.00,0.00,0.0,0.00,107433.00,78.3
224,0.00,96.00,96.0,59.22,2.00,556.00,558.0,84.12,4,13.31,4730,0.00,4761,50,4,2.00,0.00,2.0,0.00,0.00,0.0,0.00,101524.00,78.6
225,0.00,788.00,788.0,55.25,10.00,1150.00,1160.0,84.16,20,13.31,4743,0.00,4760,50,4,10.00,0.00,10.0,0.00,0.00,0.0,17.00,82918.00,78.1
226,0.00,1556.00,1556.0,80.99,2.00,1193.00,1195.0,84.12,19,13.31,4730,0.00,4754,50,4,2.00,0.00,2.0,0.00,0.00,0.0,7.00,105527.00,86.1
227,0.00,124.00,124.0,87.86,4.00,937.00,941.0,84.28,12,13.31,4730,0.00,4755,50,4,0.00,0.00,0.0,4.00,4.00,8.0,5.00,89171.00,86.2
228,0.00,2056.00,2056.0,87.0,4.00,788.00,792.0,84.45,20,13.31,4730,0.00,4768,50,4,4.00,0.00,4.0,0.00,0.00,0.0,0.00,100335.00,86.3
229,0.00,68.00,68.0,85.03,5.00,559.00,564.0,84.42,18,13.53,4730,0.00,4768,51,5,2.00,3.00,5.0,1.00,1.00,2.0,0.00,121720.00,86.4
230,0.00,156.00,156.0,83.5,4.00,746.00,750.0,84.48,19,13.53,4728,0.00,4761,51,5,4.00,0.00,4.0,0.00,0.00,0.0,0.00,104812.00,86.5
231,0.00,84.00,84.0,80.93,4.00,880.00,884.0,84.51,16,13.53,4729,0.00,4764,51,5,4.00,0.00,4.0,0.00,0.00,0.0,23.00,106610.00,86.5
232,0.00,496.00,496.0,82.29,2.00,941.00,943.0,84.44,13,13.53,4717,0.00,4763,51,5,0.00,2.00,2.0,0.00,0.00,0.0,1.00,101129.00,86.5
233,0.00,40956.00,40956.0,76.26,1.00,1020.00,1021.0,84.45,15,13.53,4712,0.00,4759,51,4,0.00,1.00,1.0,0.00,0.00,0.0,0.00,97299.00,86.4
234,0.00,1092.00,1092.0,55.35,4.00,487.00,491.0,83.49,11,12.69,4440,0.00,4684,50,5,0.00,2.00,2.0,2.00,2.00,4.0,52.00,79130.00,80.3
235,0.00,45912.00,45912.0,30.59,58.00,621.00,679.0,83.5,3,12.69,4438,0.00,4660,51,5,0.00,3.00,3.0,56.00,56.00,112.0,0.00,28728.00,67.4
236,0.00,1364.00,1364.0,22.21,14.00,664.00,678.0,83.5,7,12.69,4432,0.00,4655,51,5,12.00,2.00,14.0,0.00,0.00,0.0,0.00,45854.00,57.8
237,0.00,364.00,364.0,33.37,14.00,530.00,544.0,83.55,1,12.69,4432,0.00,4651,51,5,4.00,2.00,6.0,8.00,8.00,16.0,4.00,44865.00,65.7
238,0.00,36.00,36.0,21.31,9.00,315.00,324.0,83.56,3,12.69,4434,0.00,4656,52,5,8.00,5.00,13.0,0.00,0.00,0.0,2.00,55337.00,49.6
239,0.00,604.00,604.0,17.79,18.00,330.00,348.0,83.56,1,11.75,4434,0.00,4654,51,5,13.00,7.00,20.0,4.00,4.00,8.0,0.00,32673.00,50.0
240,0.00,324.00,324.0,16.83,10.00,369.00,379.0,83.53,1,11.75,4434,0.00,4652,52,5,7.00,5.00,12.0,0.00,0.00,0.0,0.00,33210.00,49.6
241,0.00,488.00,488.0,16.32,6.00,633.00,639.0,83.54,4,11.75,4434,0.00,4650,52,5,4.00,1.00,5.0,0.00,1.00,1.0,0.00,37249.00,49.4
242,0.00,44.00,44.0,29.94,15.00,831.00,846.0,83.55,9,11.75,4432,0.00,4646,50,5,13.00,3.00,16.0,0.00,0.00,0.0,1.00,76909.00,57.5
243,0.00,604.00,604.0,47.61,7.00,763.00,770.0,83.56,6,11.75,4432,0.00,4651,51,5,4.00,4.00,8.0,0.00,0.00,0.0,0.00,96285.00,77.3
244,0.00,264.00,264.0,44.02,9.00,692.00,701.0,83.57,5,11.13,4432,0.00,4649,51,4,6.00,1.00,7.0,2.00,2.00,4.0,0.00,134243.00,70.5
245,4.00,564.00,568.0,63.41,59.00,1167.00,1226.0,83.59,19,11.13,4432,0.00,4641,50,4,2.00,0.00,2.0,52.00,52.00,104.0,0.00,91857.00,77.6
246,0.00,120.00,120.0,82.25,7.00,1268.00,1275.0,83.62,36,11.13,4433,0.00,4644,51,5,6.00,2.00,8.0,2.00,2.00,4.0,1.00,101244.00,86.3
247,0.00,464.00,464.0,86.72,14.00,1163.00,1177.0,83.64,22,11.13,4433,0.00,4647,51,5,4.00,2.00,6.0,8.00,8.00,16.0,1.00,104528.00,86.3
248,0.00,520.00,520.0,82.26,12.00,944.00,956.0,83.66,11,11.13,4435,0.00,4659,52,5,9.00,9.00,18.0,0.00,0.00,0.0,2.00,119220.00,86.3
249,0.00,76.00,76.0,73.0,3.00,885.00,888.0,83.68,15,11.76,4435,0.00,4655,52,5,2.00,5.00,7.0,0.00,0.00,0.0,0.00,126483.00,86.1
250,0.00,496.00,496.0,75.06,4.00,819.00,823.0,83.73,22,11.76,4436,0.00,4652,52,5,4.00,0.00,4.0,0.00,0.00,0.0,1.00,139998.00,86.0
251,0.00,384.00,384.0,80.77,10.00,978.00,988.0,83.82,22,11.76,4433,0.00,4646,51,4,5.00,5.00,10.0,2.00,2.00,4.0,0.00,91242.00,85.9
252,0.00,88.00,88.0,79.95,4.00,919.00,923.0,83.81,22,11.76,4433,0.00,4644,51,4,2.00,2.00,4.0,0.00,0.00,0.0,1.00,90989.00,86.0
253,0.00,1016.00,1016.0,49.43,5.00,1235.00,1240.0,83.87,2,11.76,4433,0.00,4647,50,4,4.00,0.00,4.0,0.00,0.00,0.0,0.00,82579.00,76.1
254,0.00,124.00,124.0,32.63,5.00,837.00,842.0,83.88,2,10.9,4433,0.00,4646,51,4,4.00,2.00,6.0,0.00,0.00,0.0,0.00,69098.00,64.5
255,0.00,48.00,48.0,21.42,44.00,602.00,646.0,83.8,4,10.9,4433,0.00,4643,51,4,2.00,2.00,4.0,40.00,40.00,80.0,0.00,77388.00,53.4
256,0.00,636.00,636.0,14.55,18.00,356.00,374.0,83.79,2,10.9,4433,0.00,4641,51,4,4.00,2.00,6.0,12.00,12.00,24.0,0.00,21231.00,45.2
257,0.00,1108.00,1108.0,15.38,13.00,450.00,463.0,83.8,1,10.9,4433,0.00,4635,51,4,8.00,1.00,9.0,4.00,4.00,8.0,1.00,33304.00,52.4
258,0.00,44.00,44.0,11.5,13.00,347.00,360.0,83.81,1,10.9,4433,0.00,4636,51,4,13.00,6.00,19.0,0.00,0.00,0.0,0.00,16262.00,45.7
259,0.00,56.00,56.0,12.53,5.00,335.00,340.0,83.81,3,10.11,4433,0.00,4635,51,4,2.00,2.00,4.0,0.00,0.00,0.0,0.00,19340.00,45.7
260,0.00,560.00,560.0,47.73,17.00,732.00,749.0,83.82,5,10.11,4432,0.00,4630,51,4,10.00,3.00,13.0,4.00,4.00,8.0,0.00,53398.00,72.4
261,0.00,1044.00,1044.0,62.06,11.00,742.00,753.0,83.8,8,10.11,4432,0.00,4632,51,4,6.00,1.00,7.0,4.00,4.00,8.0,0.00,97574.00,79.6
262,0.00,40.00,40.0,45.18,5.00,630.00,635.0,83.79,6,10.11,4432,0.00,4627,50,4,4.00,0.00,4.0,0.00,0.00,0.0,1.00,101438.00,79.1
263,0.00,92.00,92.0,77.67,7.00,594.00,601.0,83.8,15,10.11,4432,0.00,4628,51,4,4.00,4.00,8.0,0.00,0.00,0.0,0.00,85156.00,85.0
264,0.00,124.00,124.0,85.07,8.00,861.00,869.0,83.82,15,9.7,4432,0.00,4622,51,5,6.00,1.00,7.0,1.00,1.00,2.0,0.00,74853.00,85.0
265,0.00,500.00,500.0,69.74,47.00,1461.00,1508.0,83.91,16,9.7,4432,0.00,4619,50,5,6.00,0.00,6.0,40.00,40.00,80.0,0.00,99789.00,84.9
266,0.00,68580.00,68580.0,74.56,9.00,1184.00,1193.0,83.9,15,9.7,4432,0.00,4636,51,5,0.00,2.00,2.0,8.00,8.00,16.0,0.00,108521.00,84.8
267,0.00,1316.00,1316.0,83.06,8.00,680.00,688.0,83.91,14,9.7,4432,0.00,4644,51,5,0.00,0.00,0.0,8.00,8.00,16.0,1.00,109369.00,85.1
268,0.00,708.00,708.0,65.83,2.00,765.00,767.0,83.86,19,9.7,4432,0.00,4644,51,4,0.00,2.00,2.0,0.00,0.00,0.0,0.00,133395.00,85.0
269,0.00,1328.00,1328.0,52.4,2.00,820.00,822.0,83.84,2,9.96,4432,0.00,4647,51,4,0.00,2.00,2.0,0.00,0.00,0.0,0.00,129295.00,77.8
270,0.00,744.00,744.0,44.87,4.00,1334.00,1338.0,83.86,16,9.96,4432,0.00,4647,51,4,4.00,0.00,4.0,0.00,0.00,0.0,0.00,100267.00,70.1
271,0.00,1060.00,1060.0,45.33,6.00,1227.00,1233.0,83.88,2,9.96,4432,0.00,4651,51,4,6.00,0.00,6.0,0.00,0.00,0.0,0.00,74171.00,70.1
272,0.00,22756.00,22756.0,18.0,9.00,517.00,526.0,83.86,2,9.96,4432,0.00,4655,51,4,0.00,1.00,1.0,8.00,8.00,16.0,1.00,40713.00,54.5
273,0.00,84.00,84.0,23.15,7.00,395.00,402.0,83.87,1,9.96,4432,0.00,4645,50,4,4.00,0.00,4.0,0.00,0.00,0.0,0.00,69965.00,54.1
274,0.00,664.00,664.0,21.99,9.00,555.00,564.0,83.88,6,9.32,4432,0.00,4640,50,4,10.00,0.00,10.0,0.00,0.00,0.0,0.00,54069.00,53.8
275,0.00,480.00,480.0,30.34,44.00,783.00,827.0,83.95,3,9.32,4432,0.00,4636,50,4,4.00,0.00,4.0,40.00,40.00,80.0,0.00,44667.00,62.4
276,0.00,76.00,76.0,22.0,15.00,423.00,438.0,83.95,0,9.32,4432,0.00,4641,51,4,8.00,4.00,12.0,4.00,4.00,8.0,0.00,65846.00,56.9
277,0.00,716.00,716.0,12.03,18.00,354.00,372.0,83.89,0,9.32,4432,0.00,4640,50,4,4.00,0.00,4.0,12.00,12.00,24.0,1.00,28124.00,41.9
278,0.00,56.00,56.0,15.92,4.00,493.00,497.0,83.91,2,9.32,4432,0.00,4639,50,4,4.00,0.00,4.0,0.00,0.00,0.0,0.00,27779.00,51.0
279,0.00,332.00,332.0,20.2,14.00,737.00,751.0,83.91,1,8.98,4432,0.00,4638,51,4,12.00,3.00,15.0,0.00,0.00,0.0,0.00,50264.00,50.9
280,0.00,164.00,164.0,49.62,6.00,756.00,762.0,83.93,7,8.98,4432,0.00,4637,51,4,4.00,1.00,5.0,0.00,0.00,0.0,0.00,74075.00,68.3
281,0.00,1040.00,1040.0,39.8,3.00,600.00,603.0,83.93,10,8.98,4432,0.00,4634,50,4,2.00,0.00,2.0,0.00,0.00,0.0,0.00,102070.00,68.4
282,0.00,40.00,40.0,69.42,9.00,782.00,791.0,83.95,4,8.98,4432,0.00,4630,50,4,9.00,1.00,10.0,0.00,0.00,0.0,1.00,114143.00,83.1
283,0.00,1020.00,1020.0,67.17,20.00,1307.00,1327.0,83.97,10,8.98,4434,0.00,4635,52,4,16.00,10.00,26.0,4.00,4.00,8.0,2.00,116782.00,82.7
284,0.00,144.00,144.0,77.71,16.83,1531.68,1548.51,83.99,8,8.9,4434,0.00,4636,51,4,13.00,7.00,20.0,4.00,4.00,8.0,0.00,126793.00,83.0
285,0.00,1236.00,1236.0,65.6,43.00,1616.00,1659.0,84.02,1,8.9,4435,0.00,4655,52,4,3.00,2.00,5.0,40.00,40.00,80.0,1.00,158479.00,83.1
286,0.00,288.00,288.0,54.24,11.00,800.00,811.0,84.05,3,8.9,4436,0.00,4654,52,4,6.00,8.00,14.0,4.00,4.00,8.0,1.00,162363.00,82.6
287,0.00,1068.00,1068.0,40.85,21.00,1205.00,1226.0,84.03,4,8.9,4434,0.00,4644,51,4,11.00,8.00,19.0,8.00,8.00,16.0,1.00,105662.00,67.4
288,0.00,960.00,960.0,62.44,5.00,1474.00,1479.0,84.05,6,8.9,4434,0.00,4644,51,4,4.00,0.00,4.0,0.00,1.00,1.0,0.00,103010.00,79.9
289,0.00,324.00,324.0,66.67,3.00,884.00,887.0,84.06,11,8.83,4434,0.00,4646,51,4,3.00,1.00,4.0,0.00,0.00,0.0,0.00,54982.00,79.9
290,0.00,164.00,164.0,35.38,8.00,441.00,449.0,84.07,0,8.83,4433,0.00,4643,51,4,6.00,5.00,11.0,0.00,0.00,0.0,1.00,66890.00,69.5
291,0.00,72.00,72.0,27.9,17.00,594.00,611.0,84.08,2,8.83,4434,0.00,4643,51,4,15.00,8.00,23.0,0.00,0.00,0.0,1.00,58193.00,56.5
292,0.00,1836.00,1836.0,51.06,10.00,638.00,648.0,84.09,11,8.83,4434,0.00,4643,51,4,8.00,5.00,13.0,0.00,0.00,0.0,1.00,64478.00,75.2
293,0.00,492.00,492.0,25.59,4.00,345.00,349.0,84.09,0,8.83,4434,0.00,4637,51,4,4.00,0.00,4.0,0.00,0.00,0.0,0.00,33389.00,62.4
294,0.00,452.00,452.0,18.75,11.00,393.00,404.0,84.1,8,8.6,4432,0.00,4635,50,4,11.00,3.00,14.0,0.00,0.00,0.0,0.00,32410.00,43.1
295,0.00,56.00,56.0,26.19,50.00,575.00,625.0,84.21,0,8.6,4434,0.00,4640,51,4,11.00,10.00,21.0,36.00,36.00,72.0,2.00,21202.00,60.4
296,0.00,72.00,72.0,8.28,8.00,299.00,307.0,84.21,0,8.6,4434,0.00,4638,51,4,7.00,1.00,8.0,0.00,0.00,0.0,0.00,16128.00,40.5
297,0.00,23796.00,23796.0,22.28,23.00,754.00,777.0,84.22,3,8.6,4437,0.00,4636,51,4,9.00,6.00,15.0,12.00,12.00,24.0,4.00,59194.00,54.2
298,0.00,36284.00,36284.0,37.12,22.00,858.00,880.0,84.23,4,8.6,4434,0.00,4633,50,5,8.00,1.00,9.0,13.00,13.00,26.0,0.00,113849.00,66.0
299,0.00,700.00,700.0,36.63,11.00,501.00,512.0,84.22,6,8.79,4434,0.00,4627,50,5,5.00,2.00,7.0,4.00,4.00,8.0,0.00,104642.00,65.5
300,0.00,196.00,196.0,43.4,5.00,1000.00,1005.0,84.24,1,8.79,4432,0.00,4622,49,5,7.00,2.00,9.0,0.00,0.00,0.0,0.00,95352.00,71.7
301,0.00,1004.00,1004.0,54.95,2.00,1331.00,1333.0,84.25,11,8.79,4432,0.00,4629,49,5,2.00,0.00,2.0,0.00,0.00,0.0,0.00,121247.00,72.0
302,0.00,564.00,564.0,68.3,1.00,1133.00,1134.0,84.31,5,8.79,4432,0.00,4636,49,4,0.00,0.00,0.0,0.00,0.00,0.0,1.00,110409.00,83.2
303,0.00,31492.00,31492.0,38.73,0.00,607.00,607.0,84.33,1,8.79,4432,0.00,4627,49,4,0.00,0.00,0.0,0.00,0.00,0.0,0.00,123336.00,72.0
304,0.00,108.00,108.0,37.61,29.00,793.00,822.0,84.34,2,8.49,4432,0.00,4628,49,4,0.00,0.00,0.0,28.00,28.00,56.0,0.00,70884.00,71.4
305,0.00,740.00,740.0,41.55,46.00,1463.00,1509.0,84.36,3,8.49,4432,0.00,4628,49,4,10.00,0.00,10.0,36.00,36.00,72.0,0.00,77157.00,71.4
306,0.00,256.00,256.0,29.62,8.00,913.00,921.0,84.38,0,8.49,4432,0.00,4631,49,4,4.00,0.00,4.0,4.00,4.00,8.0,0.00,77859.00,63.3
307,0.00,116.00,116.0,29.7,3.00,524.00,527.0,84.38,0,8.49,4432,0.00,4634,49,4,0.00,0.00,0.0,0.00,0.00,0.0,1.00,114001.00,57.4
308,0.00,7672.00,7672.0,22.03,19.00,702.00,721.0,84.39,4,8.49,4432,0.00,4632,49,4,8.00,0.00,8.0,12.00,12.00,24.0,0.00,73465.00,56.8
309,0.00,96.00,96.0,28.52,16.00,948.00,964.0,84.4,10,7.89,4432,0.00,4631,49,4,8.00,0.00,8.0,8.00,8.00,16.0,0.00,76093.00,57.2
310,0.00,652.00,652.0,29.15,7.00,752.00,759.0,84.42,0,7.89,4432,0.00,4635,49,4,2.00,0.00,2.0,4.00,4.00,8.0,0.00,79658.00,57.6
311,0.00,72.00,72.0,18.56,4.00,552.00,556.0,84.42,0,7.89,4432,0.00,4633,49,4,4.00,0.00,4.0,0.00,0.00,0.0,0.00,57343.00,47.0
312,0.00,60.00,60.0,35.71,8.00,675.00,683.0,84.55,1,7.89,4432,0.00,4631,49,4,8.00,0.00,8.0,0.00,0.00,0.0,1.00,42658.00,67.0
313,0.00,260.00,260.0,18.6,6.00,484.00,490.0,84.55,0,7.89,4432,0.00,4628,49,4,6.00,0.00,6.0,0.00,0.00,0.0,0.00,71950.00,53.4
314,0.00,472.00,472.0,32.58,10.00,701.00,711.0,84.55,8,7.74,4432,0.00,4622,49,4,6.00,0.00,6.0,4.00,4.00,8.0,0.00,64014.00,53.9
315,0.00,64.00,64.0,44.5,48.00,1158.00,1206.0,84.57,18,7.74,4432,0.00,4622,49,4,4.00,0.00,4.0,44.00,44.00,88.0,0.00,83681.00,67.9
316,0.00,692.00,692.0,71.41,28.00,821.00,849.0,84.61,0,7.74,4432,0.00,4618,49,4,8.00,0.00,8.0,20.00,20.00,40.0,0.00,86124.00,83.7
317,0.00,1081.19,1081.19,47.17,6.00,857.00,863.0,84.63,23,7.74,4432,0.00,4622,49,4,2.00,0.00,2.0,4.00,4.00,8.0,0.99,129026.73,69.7
318,0.00,4356.00,4356.0,67.79,14.00,1112.00,1126.0,84.55,3,7.74,4432,0.00,4617,49,4,2.00,0.00,2.0,12.00,12.00,24.0,0.00,103138.00,83.7
319,0.00,120.00,120.0,61.76,23.00,1290.00,1313.0,84.56,7,8.16,4434,0.00,4620,50,4,15.00,8.00,23.0,8.00,8.00,16.0,2.00,137315.00,78.4
320,0.00,948.00,948.0,45.58,6.00,1062.00,1068.0,84.58,11,8.16,4434,0.00,4624,50,4,2.00,3.00,5.0,4.00,4.00,8.0,0.00,131249.00,77.9
321,0.00,792.00,792.0,39.7,2.00,787.00,789.0,84.57,3,8.16,4434,0.00,4619,50,4,2.00,0.00,2.0,0.00,0.00,0.0,0.00,81279.00,71.7
322,0.00,500.00,500.0,41.41,11.00,1384.00,1395.0,84.58,2,8.16,4432,0.00,4614,49,4,11.00,3.00,14.0,0.00,0.00,0.0,1.00,79400.00,65.3
323,0.00,2060.00,2060.0,36.2,2.00,1013.00,1015.0,84.58,4,8.16,4432,0.00,4615,49,4,2.00,0.00,2.0,0.00,0.00,0.0,0.00,81508.00,70.6
324,0.00,340.00,340.0,30.53,9.00,517.00,526.0,84.59,1,7.83,4432,0.00,4613,49,4,4.00,0.00,4.0,4.00,4.00,8.0,0.00,119569.00,61.2
325,0.00,60.00,60.0,27.48,42.00,822.00,864.0,84.6,3,7.83,4434,0.00,4614,50,4,6.00,2.00,8.0,32.00,32.00,64.0,2.00,71470.00,61.3
326,0.00,440.00,440.0,28.92,25.00,983.00,1008.0,84.61,7,7.83,4434,0.00,4608,50,4,13.00,9.00,22.0,16.00,16.00,32.0,0.00,86777.00,61.4
327,0.00,160.00,160.0,20.98,24.00,724.00,748.0,84.62,0,7.83,4434,0.00,4610,50,4,4.00,0.00,4.0,20.00,20.00,40.0,1.00,67551.00,55.2
328,0.00,51284.00,51284.0,22.24,17.00,608.00,625.0,84.63,5,7.83,4432,0.00,4608,49,4,9.00,3.00,12.0,8.00,8.00,16.0,0.00,56370.00,48.7
329,0.00,8364.00,8364.0,18.06,18.00,720.00,738.0,84.63,2,7.92,4432,0.00,4605,49,4,6.00,0.00,6.0,12.00,12.00,24.0,0.00,48103.00,54.5
330,0.00,1032.00,1032.0,16.39,10.00,339.00,349.0,84.64,0,7.92,4432,0.00,4605,49,4,6.00,0.00,6.0,4.00,4.00,8.0,0.00,60494.00,54.4
331,0.00,532.00,532.0,12.95,6.00,398.00,404.0,84.64,1,7.92,4432,0.00,4603,49,4,6.00,0.00,6.0,0.00,0.00,0.0,0.00,33335.00,41.7
332,0.00,280.00,280.0,32.08,10.00,965.00,975.0,84.65,1,7.92,4432,0.00,4601,50,5,6.00,4.00,10.0,1.00,1.00,2.0,1.00,65772.00,61.0
333,0.00,124.00,124.0,35.44,7.00,853.00,860.0,84.66,4,7.92,4432,0.00,4602,50,5,6.00,0.00,6.0,0.00,0.00,0.0,0.00,94637.00,61.5
334,0.00,23828.00,23828.0,40.74,8.00,747.00,755.0,84.68,13,7.77,4432,0.00,4602,50,5,4.00,0.00,4.0,3.96,3.96,7.92,0.00,133273.00,71.7
335,0.00,824.00,824.0,48.43,33.00,1007.00,1040.0,84.69,2,7.77,4432,0.00,4600,50,5,0.00,1.00,1.0,32.00,32.00,64.0,0.00,134277.00,72.1
336,0.00,132.00,132.0,45.77,17.00,1266.00,1283.0,84.72,8,7.77,4432,0.00,4601,50,4,0.00,0.00,0.0,16.00,16.00,32.0,0.00,106599.00,72.1
337,4.00,1556.00,1560.0,57.83,16.00,1052.00,1068.0,84.73,2,7.77,4432,0.00,4601,50,4,0.00,0.00,0.0,16.00,16.00,32.0,1.00,117005.00,81.7
338,0.00,64.00,64.0,25.47,8.00,560.00,568.0,84.73,5,7.77,4432,0.00,4605,50,4,0.00,0.00,0.0,8.00,8.00,16.0,0.00,51787.00,59.8
339,0.00,16544.00,16544.0,30.72,11.00,970.00,981.0,84.75,2,7.38,4432,0.00,4600,50,4,10.00,0.00,10.0,0.00,0.00,0.0,0.00,54835.00,60.0
340,0.00,624.00,624.0,25.4,10.00,618.00,628.0,84.76,0,7.38,4432,0.00,4600,50,4,2.00,0.00,2.0,8.00,8.00,16.0,0.00,48531.00,59.8
341,0.00,1000.00,1000.0,16.35,10.00,376.00,386.0,84.77,0,7.38,4432,0.00,4597,50,4,4.00,0.00,4.0,4.00,4.00,8.0,0.00,65738.00,47.2
342,0.00,44.00,44.0,19.83,12.00,670.00,682.0,84.78,1,7.38,4432,0.00,4594,50,4,10.00,0.00,10.0,4.00,4.00,8.0,1.00,65894.00,47.6
343,0.00,532.00,532.0,22.92,6.00,927.00,933.0,84.79,2,7.38,4432,0.00,4591,50,4,6.00,0.00,6.0,0.00,0.00,0.0,0.00,85588.00,55.6
344,0.00,256.00,256.0,29.35,2.00,638.00,640.0,84.8,1,6.95,4432,0.00,4591,50,4,2.00,0.00,2.0,0.00,0.00,0.0,0.00,114456.00,60.7
345,0.00,688.00,688.0,27.94,44.00,782.00,826.0,84.82,3,6.95,4432,0.00,4588,49,4,6.00,0.00,6.0,37.00,36.00,73.0,0.00,61371.00,60.5
346,0.00,432.00,432.0,40.4,24.00,991.00,1015.0,84.8,1,6.95,4432,0.00,4589,49,4,8.00,0.00,8.0,16.00,16.00,32.0,0.00,71500.00,67.3
347,0.00,984.00,984.0,25.47,22.00,723.00,745.0,84.81,7,6.95,4432,0.00,4589,49,4,2.00,0.00,2.0,20.00,20.00,40.0,1.00,79735.00,59.5
348,0.00,376.00,376.0,17.7,14.00,648.00,662.0,84.82,1,6.95,4432,0.00,4591,49,4,6.00,0.00,6.0,8.00,8.00,16.0,0.00,55227.00,45.8
349,0.00,4100.00,4100.0,27.2,0.00,825.00,825.0,84.83,7,6.48,4432,0.00,4588,49,4,0.00,0.00,0.0,0.00,0.00,0.0,0.00,85074.00,58.3
350,4.00,164.00,168.0,37.44,16.00,1164.00,1180.0,84.81,4,6.48,4432,0.00,4591,49,4,12.00,0.00,12.0,4.00,4.00,8.0,0.00,126048.00,63.8
351,0.00,84.00,84.0,62.62,6.00,988.00,994.0,84.83,10,6.48,4432,0.00,4601,49,4,2.00,0.00,2.0,4.00,4.00,8.0,0.00,103329.00,81.4
352,0.00,744.00,744.0,47.16,8.00,1215.00,1223.0,84.85,4,6.48,4432,0.00,4606,49,4,4.00,0.00,4.0,4.00,4.00,8.0,1.00,157102.00,73.3
353,0.00,516.00,516.0,57.91,10.00,1240.00,1250.0,84.88,2,6.48,4432,0.00,4597,49,4,6.00,0.00,6.0,4.00,4.00,8.0,0.00,122086.00,79.3
354,0.00,864.00,864.0,33.99,0.00,973.00,973.0,84.89,2,5.96,4432,0.00,4605,49,4,0.00,0.00,0.0,0.00,0.00,0.0,0.00,110309.00,68.2
355,0.00,2004.00,2004.0,47.56,34.00,1183.00,1217.0,84.87,2,5.96,4432,0.00,4607,49,4,2.00,0.00,2.0,32.00,32.00,64.0,0.00,101311.00,68.7
356,0.00,128.00,128.0,31.73,20.00,943.00,963.0,84.88,4,5.96,4432,0.00,4607,49,4,8.00,0.00,8.0,12.00,12.00,24.0,0.00,64048.00,60.1
357,0.00,168.00,168.0,16.67,30.00,761.00,791.0,84.89,7,5.96,4432,0.00,4608,49,4,2.00,0.00,2.0,28.00,28.00,56.0,1.00,49454.00,50.4
358,0.00,440.00,440.0,28.68,8.00,558.00,566.0,84.9,11,5.96,4432,0.00,4606,49,4,4.00,0.00,4.0,4.00,4.00,8.0,3.00,78323.00,55.6
359,0.00,696.00,696.0,30.56,13.00,803.00,816.0,84.88,1,5.96,4432,0.00,4597,49,4,8.00,0.00,8.0,4.00,5.00,9.0,0.00,68734.00,66.8
360,0.00,51936.00,51936.0,35.78,8.00,879.00,887.0,84.9,2,5.96,4432,0.00,4599,49,4,4.00,0.00,4.0,4.00,4.00,8.0,0.00,106083.00,67.1
361,0.00,604.00,604.0,25.46,6.00,551.00,557.0,84.91,2,5.96,4432,0.00,4586,49,4,6.00,0.00,6.0,0.00,0.00,0.0,0.00,81253.00,61.2
362,0.00,76.00,76.0,28.32,10.00,753.00,763.0,84.9,1,5.96,4432,0.00,4590,49,4,8.00,0.00,8.0,0.00,1.00,1.0,1.00,58168.00,61.2
363,0.00,764.00,764.0,27.04,7.00,860.00,867.0,84.92,0,5.96,4432,0.00,4591,49,4,2.00,0.00,2.0,4.00,4.00,8.0,0.00,70373.00,61.2
364,0.00,84.00,84.0,28.61,14.00,525.00,539.0,84.92,0,5.64,4432,0.00,4592,49,4,6.00,0.00,6.0,8.00,8.00,16.0,0.00,69543.00,61.4
365,0.00,20592.00,20592.0,19.95,38.00,740.00,778.0,84.89,9,5.64,4432,0.00,4581,49,4,6.00,0.00,6.0,32.00,32.00,64.0,0.00,48902.00,47.0
366,0.00,336.00,336.0,26.24,48.00,1055.00,1103.0,84.9,0,5.64,4432,0.00,4585,50,5,4.00,4.00,8.0,37.00,37.00,74.0,0.00,85726.00,61.0
367,0.00,468.00,468.0,32.23,32.00,911.00,943.0,84.92,3,5.64,4432,0.00,4585,50,5,8.00,2.00,10.0,24.00,24.00,48.0,1.00,132741.00,60.9
368,0.00,248.00,248.0,30.44,11.00,1086.00,1097.0,84.93,2,5.64,4432,0.00,4578,50,5,2.00,1.00,3.0,8.00,8.00,16.0,0.00,105418.00,60.9
369,0.00,120.00,120.0,42.14,10.00,1051.00,1061.0,84.95,8,6.23,4432,0.00,4584,50,5,1.00,1.00,2.0,8.00,8.00,16.0,0.00,156981.00,68.3
370,0.00,19568.00,19568.0,36.18,4.00,1036.00,1040.0,84.94,5,6.23,4432,0.00,4587,50,4,0.00,0.00,0.0,4.00,4.00,8.0,0.00,110783.00,68.1
371,0.00,636.00,636.0,20.65,1.00,702.00,703.0,84.93,0,6.23,4432,0.00,4582,50,4,0.00,1.00,1.0,0.00,0.00,0.0,0.00,80306.00,55.6
372,0.00,160.00,160.0,20.37,0.00,929.00,929.0,84.94,0,6.23,4432,0.00,4588,50,4,0.00,0.00,0.0,0.00,0.00,0.0,1.00,58091.00,55.2
373,0.00,372.00,372.0,13.95,14.00,717.00,731.0,84.95,0,6.23,4432,0.00,4586,50,4,14.00,0.00,14.0,0.00,0.00,0.0,0.00,30890.00,47.8
374,0.00,76.00,76.0,12.56,6.00,394.00,400.0,84.95,5,5.73,4433,0.00,4587,51,4,2.00,2.00,4.0,4.00,4.00,8.0,1.00,38279.00,47.4
375,0.00,4600.00,4600.0,14.11,44.00,482.00,526.0,84.96,5,5.73,4434,0.00,4588,51,4,12.00,5.00,17.0,32.00,32.00,64.0,1.00,64295.00,46.8
376,0.00,520.00,520.0,23.97,32.00,664.00,696.0,84.97,1,5.73,4434,0.00,4584,51,4,16.00,4.00,20.0,16.00,16.00,32.0,0.00,60536.00,57.7
377,0.00,972.00,972.0,13.88,28.00,621.00,649.0,84.97,1,5.73,4434,0.00,4585,51,4,0.00,0.00,0.0,28.00,28.00,56.0,1.00,57842.00,48.3
378,0.00,856.00,856.0,20.2,30.00,710.00,740.0,84.98,0,5.73,4432,0.00,4582,51,4,6.00,3.00,9.0,24.00,24.00,48.0,0.00,74006.00,55.7
379,0.00,48.00,48.0,23.91,25.00,898.00,923.0,84.99,4,5.35,4432,0.00,4604,50,4,13.00,0.00,13.0,12.00,12.00,24.0,0.00,62194.00,55.2
380,0.00,12700.00,12700.0,36.39,19.00,906.00,925.0,85.0,1,5.35,4434,0.00,4610,51,4,11.00,11.00,22.0,8.00,8.00,16.0,2.00,62620.00,65.7
381,0.00,556.00,556.0,44.42,7.00,534.00,541.0,84.98,1,5.35,4434,0.00,4610,51,4,4.00,4.00,8.0,0.00,0.00,0.0,0.00,115094.00,74.1
382,0.00,544.00,544.0,21.13,13.00,1132.00,1145.0,84.99,8,5.35,4432,0.00,4616,50,4,13.00,3.00,16.0,0.00,0.00,0.0,1.00,76024.00,53.1
383,0.00,376.00,376.0,40.35,2.00,1557.00,1559.0,85.0,0,5.35,4432,0.00,4621,50,4,2.00,0.00,2.0,0.00,0.00,0.0,0.00,116639.00,69.2
384,0.00,376.00,376.0,55.94,11.00,1026.00,1037.0,85.02,7,5.89,4432,0.00,4634,50,4,5.94,0.99,6.930000000000001,4.00,4.00,8.0,0.00,165998.00,74.6
385,0.00,1704.00,1704.0,50.51,35.00,1231.00,1266.0,85.04,13,5.89,4432,0.00,4624,50,4,3.00,1.00,4.0,32.00,32.00,64.0,0.00,110681.00,74.5
386,0.00,120.00,120.0,48.05,22.00,1377.00,1399.0,85.07,7,5.89,4434,0.00,4630,51,4,6.00,6.00,12.0,16.00,16.00,32.0,2.00,166037.00,74.4
387,0.00,548.00,548.0,49.75,36.00,1501.00,1537.0,85.05,10,5.89,4434,0.00,4629,51,4,12.00,4.00,16.0,24.00,24.00,48.0,1.00,123412.00,74.2
388,0.00,400.00,400.0,43.09,16.00,882.00,898.0,85.06,0,5.89,4434,0.00,4629,51,4,0.00,0.00,0.0,16.00,16.00,32.0,0.00,67163.00,73.9
389,0.00,344.00,344.0,22.5,24.00,790.00,814.0,85.08,1,5.65,4434,0.00,4628,52,4,8.00,6.00,14.0,16.00,16.00,32.0,2.00,51455.00,54.6
390,0.00,38340.00,38340.0,14.18,15.00,704.00,719.0,85.09,2,5.65,4435,0.00,4630,51,4,15.00,3.00,18.0,0.00,0.00,0.0,1.00,33217.00,47.5
391,0.00,516.00,516.0,21.16,19.00,439.00,458.0,85.13,0,5.65,4435,0.00,4628,51,4,5.00,5.00,10.0,12.00,12.00,24.0,0.00,39868.00,57.4
392,0.00,372.00,372.0,17.21,7.00,453.00,460.0,85.13,0,5.65,4435,0.00,4625,51,4,6.00,2.00,8.0,0.00,0.00,0.0,1.00,67707.00,46.4
393,0.00,136.00,136.0,18.44,13.00,621.00,634.0,85.14,1,5.65,4435,0.00,4623,51,4,11.00,1.00,12.0,0.00,0.00,0.0,0.00,59911.00,55.6
394,0.00,724.00,724.0,28.39,2.00,523.00,525.0,85.15,1,5.68,4435,0.00,4621,51,4,4.00,0.00,4.0,0.00,0.00,0.0,0.00,83017.00,56.2
395,0.00,24712.00,24712.0,18.89,36.00,825.00,861.0,85.15,2,5.68,4435,0.00,4618,51,4,7.00,1.00,8.0,28.00,28.00,56.0,0.00,47456.00,56.0
396,0.00,440.00,440.0,25.57,28.00,918.00,946.0,85.16,16,5.68,4435,0.00,4619,51,4,12.00,2.00,14.0,16.00,16.00,32.0,0.00,89023.00,56.1
397,0.00,688.00,688.0,23.78,17.00,843.00,860.0,85.17,3,5.68,4435,0.00,4624,51,4,1.00,1.00,2.0,16.00,16.00,32.0,1.00,75814.00,56.1
398,0.00,40.00,40.0,23.68,23.00,467.00,490.0,85.18,0,5.68,4437,0.00,4630,52,4,14.00,10.00,24.0,8.00,8.00,16.0,2.00,93584.00,56.4
399,0.00,612.00,612.0,21.75,30.00,1078.00,1108.0,85.19,11,6.43,4438,0.00,4627,52,4,9.00,2.00,11.0,20.00,20.00,40.0,1.00,78884.00,55.9
400,0.00,584.00,584.0,47.23,24.00,1581.00,1605.0,85.28,5,6.43,4435,0.00,4619,51,4,8.00,7.00,15.0,16.00,16.00,32.0,0.00,115875.00,73.5
401,0.00,16988.00,16988.0,49.88,26.73,960.40,987.13,85.3,12,6.43,4435,0.00,4626,51,5,6.00,0.00,6.0,21.00,21.00,42.0,0.00,123192.00,73.2
402,0.00,1028.00,1028.0,61.69,2.00,930.00,932.0,85.39,6,6.43,4435,0.00,4627,51,5,2.00,1.00,3.0,0.00,0.00,0.0,1.00,128839.00,82.9
403,4.00,904.00,908.0,47.05,5.00,1187.00,1192.0,85.35,3,6.43,4435,0.00,4628,51,5,5.00,4.00,9.0,0.00,0.00,0.0,0.00,135776.00,71.7
404,0.00,152.00,152.0,63.92,18.00,1299.00,1317.0,85.38,10,6.43,4439,0.00,4638,53,5,18.00,20.00,38.0,0.00,0.00,0.0,4.00,135680.00,82.2
405,0.00,736.00,736.0,32.19,30.00,1043.00,1073.0,85.39,0,6.39,4439,0.00,4642,53,4,2.00,2.00,4.0,28.00,28.00,56.0,0.00,93599.00,63.3
406,0.00,14236.00,14236.0,22.18,13.00,1039.00,1052.0,85.36,0,6.39,4435,0.00,4634,52,4,5.00,6.00,11.0,8.00,8.00,16.0,0.00,64414.00,56.3
407,0.00,732.00,732.0,18.05,17.00,630.00,647.0,85.37,0,6.39,4435,0.00,4639,51,4,3.00,0.00,3.0,12.00,12.00,24.0,1.00,30768.00,56.0
408,0.00,20.00,20.0,5.99,12.00,237.00,249.0,85.37,0,6.39,4435,0.00,4635,51,4,14.00,2.00,16.0,0.00,0.00,0.0,0.00,6319.00,37.3
409,0.00,392.00,392.0,4.17,2.00,103.00,105.0,85.37,0,6.39,4435,0.00,4635,50,5,0.00,1.00,1.0,1.00,0.00,1.0,0.00,5322.00,37.0
410,0.00,156.00,156.0,9.63,13.00,413.00,426.0,85.37,1,5.88,4435,0.00,4630,50,5,13.00,1.00,14.0,0.00,0.00,0.0,0.00,19672.00,37.0
411,0.00,13112.00,13112.0,20.3,25.00,678.00,703.0,85.38,1,5.88,4435,0.00,4630,50,5,8.00,0.00,8.0,16.00,16.00,32.0,0.00,68278.00,51.0
412,0.00,36.00,36.0,17.41,13.00,560.00,573.0,85.38,4,5.88,4435,0.00,4628,50,5,1.00,1.00,2.0,12.00,12.00,24.0,1.00,64974.00,50.6
413,0.00,120.00,120.0,25.0,18.00,475.00,493.0,85.39,1,5.88,4435,0.00,4624,50,5,14.00,0.00,14.0,4.00,4.00,8.0,0.00,89371.00,57.7
414,0.00,616.00,616.0,20.4,24.00,624.00,648.0,85.4,1,5.88,4435,0.00,4623,50,5,3.00,2.00,5.0,21.00,20.00,41.0,0.00,60382.00,57.3
415,0.00,216.00,216.0,15.59,48.00,913.00,961.0,85.41,4,5.65,4435,0.00,4620,50,5,0.00,0.00,0.0,48.00,48.00,96.0,0.00,37841.00,49.0
416,0.00,5316.00,5316.0,14.41,22.00,940.00,962.0,85.42,11,5.65,4435,0.00,4621,50,5,14.00,0.00,14.0,8.00,8.00,16.0,0.00,49318.00,48.6
417,0.00,176.00,176.0,34.57,6.00,1289.00,1295.0,85.44,1,5.65,4435,0.00,4621,50,5,2.00,0.00,2.0,4.00,4.00,8.0,1.00,122011.00,66.8
418,0.00,376.00,376.0,54.78,0.00,1040.00,1040.0,85.45,11,5.65,4435,0.00,4625,50,5,0.00,0.00,0.0,0.00,0.00,0.0,3.00,163897.00,73.6
419,0.00,384.00,384.0,74.68,15.00,1092.00,1107.0,85.48,27,5.65,4433,0.00,4621,50,4,11.00,1.00,12.0,4.00,4.00,8.0,0.00,143071.00,84.9
420,0.00,404.00,404.0,83.15,5.00,1111.00,1116.0,85.5,20,6.4,4433,0.00,4618,49,5,0.00,0.00,0.0,5.00,4.00,9.0,0.00,142962.38,85.0
421,0.00,33380.00,33380.0,69.27,18.00,1742.00,1760.0,85.52,16,6.4,4433,0.00,4618,49,5,4.00,0.00,4.0,13.00,13.00,26.0,0.00,130094.00,84.7
422,0.00,916.00,916.0,83.58,5.00,1196.00,1201.0,85.51,15,6.4,4433,0.00,4623,49,5,0.00,0.00,0.0,4.00,4.00,8.0,1.00,134358.00,85.0
423,0.00,408.00,408.0,56.84,4.00,932.00,936.0,85.53,2,6.4,4433,0.00,4625,49,5,0.00,0.00,0.0,4.00,4.00,8.0,0.00,81416.00,78.8
424,4.00,512.00,516.0,47.0,25.00,941.00,966.0,85.54,6,6.4,4433,0.00,4621,49,5,4.00,0.00,4.0,20.00,20.00,40.0,0.00,77047.00,78.2
425,0.00,440.00,440.0,40.44,49.00,1115.00,1164.0,85.56,4,6.13,4433,0.00,4620,50,4,4.00,1.00,5.0,44.00,44.00,88.0,0.00,40846.00,70.6
426,0.00,29996.00,29996.0,27.68,16.00,291.00,307.0,85.56,3,6.13,4433,0.00,4620,49,4,6.00,1.00,7.0,8.00,8.00,16.0,0.00,9537.00,64.7
427,0.00,168.00,168.0,15.26,9.00,557.00,566.0,85.57,0,6.13,4433,0.00,4621,49,4,5.00,1.00,6.0,4.00,4.00,8.0,1.00,38132.00,52.7
428,0.00,28.00,28.0,22.73,29.00,766.00,795.0,85.57,1,6.13,4433,0.00,4614,49,4,8.00,0.00,8.0,20.00,20.00,40.0,0.00,62429.00,52.9
429,0.00,64.00,64.0,49.11,8.00,429.00,437.0,85.52,2,6.13,4433,0.00,4612,49,4,8.00,0.00,8.0,0.00,0.00,0.0,0.00,111369.00,76.1
430,0.00,680.00,680.0,16.67,4.00,455.00,459.0,85.53,2,6.2,4433,0.00,4619,49,4,0.00,0.00,0.0,4.00,4.00,8.0,0.00,40081.00,53.1
431,0.00,13548.00,13548.0,17.76,19.00,847.00,866.0,85.53,0,6.2,4433,0.00,4612,49,4,14.00,0.00,14.0,4.00,4.00,8.0,0.00,55190.00,52.6
432,0.00,20.00,20.0,8.7,2.00,423.00,425.0,85.53,0,6.2,4433,0.00,4616,49,4,2.00,0.00,2.0,0.00,0.00,0.0,1.00,21786.00,43.1
433,0.00,116.00,116.0,3.34,0.00,156.00,156.0,85.53,0,6.2,4433,0.00,4615,49,4,0.00,0.00,0.0,0.00,0.00,0.0,0.00,7180.00,35.3
434,0.00,112.00,112.0,17.19,18.00,921.00,939.0,85.54,3,6.2,4433,0.00,4613,49,4,14.00,0.00,14.0,4.00,4.00,8.0,0.00,56300.00,44.2
435,0.00,616.00,616.0,40.18,39.00,1496.00,1535.0,85.53,3,6.34,4433,0.00,4612,50,5,6.00,1.00,7.0,33.00,33.00,66.0,0.00,122310.00,67.7
436,0.00,24.00,24.0,71.66,18.00,867.00,885.0,85.55,11,6.34,4433,0.00,4624,50,5,2.00,2.00,4.0,12.00,12.00,24.0,0.00,147808.00,80.9
437,0.00,8420.00,8420.0,69.97,6.00,1146.00,1152.0,85.56,16,6.34,4433,0.00,4625,50,5,4.00,0.00,4.0,4.00,4.00,8.0,1.00,171435.00,81.3
438,0.00,1256.00,1256.0,52.01,40.00,1681.00,1721.0,85.59,9,6.34,4433,0.00,4623,50,5,0.00,0.00,0.0,40.00,40.00,80.0,0.00,152148.00,81.0
439,0.00,152.00,152.0,68.24,17.00,1629.00,1646.0,85.62,19,6.34,4433,0.00,4624,50,4,0.00,1.00,1.0,16.00,16.00,32.0,0.00,156650.00,81.2
440,0.00,1092.00,1092.0,58.88,14.00,1429.00,1443.0,85.64,5,7.28,4433,0.00,4619,50,4,0.00,2.00,2.0,12.00,12.00,24.0,0.00,118063.00,81.0
441,0.00,536.00,536.0,29.34,6.00,785.00,791.0,85.66,5,7.28,4433,0.00,4622,50,4,0.00,2.00,2.0,4.00,4.00,8.0,0.00,78878.00,61.2
442,0.00,10572.00,10572.0,26.62,5.00,1169.00,1174.0,85.67,5,7.28,4433,0.00,4619,50,4,4.00,1.00,5.0,0.00,0.00,0.0,1.00,50008.00,61.1
443,0.00,136.00,136.0,9.94,8.00,293.00,301.0,85.67,1,7.28,4433,0.00,4621,50,4,8.00,0.00,8.0,0.00,0.00,0.0,0.00,13258.00,43.4
444,0.00,60.00,60.0,4.11,2.00,158.00,160.0,85.68,0,7.28,4433,0.00,4618,50,4,2.00,0.00,2.0,0.00,0.00,0.0,0.00,5874.00,35.0
445,0.00,40.00,40.0,2.75,6.00,151.00,157.0,85.67,1,6.77,4433,0.00,4615,50,4,6.00,0.00,6.0,0.00,0.00,0.0,0.00,5858.00,35.0
446,0.00,44.00,44.0,6.33,12.00,223.00,235.0,85.67,0,6.77,4433,0.00,4613,50,4,12.00,0.00,12.0,0.00,0.00,0.0,0.00,6779.00,35.4
447,0.00,11728.00,11728.0,5.13,13.00,337.00,350.0,85.67,0,6.77,4433,0.00,4611,50,4,4.00,0.00,4.0,8.00,9.00,17.0,1.00,17997.00,35.5
448,0.00,220.00,220.0,15.32,50.00,745.00,795.0,85.68,1,6.77,4433,0.00,4611,50,4,6.00,0.00,6.0,44.00,44.00,88.0,0.00,70517.00,46.7
449,0.00,64.00,64.0,16.14,29.00,665.00,694.0,85.69,11,6.77,4433,0.00,4609,50,4,12.00,5.00,17.0,12.00,12.00,24.0,0.00,64824.00,46.6
450,0.00,952.00,952.0,21.47,9.00,403.00,412.0,85.7,3,6.79,4433,0.00,4613,50,4,0.00,1.00,1.0,8.00,8.00,16.0,0.00,88338.00,55.6
451,0.00,616.00,616.0,18.43,33.00,929.00,962.0,85.71,3,6.79,4433,0.00,4608,50,4,6.00,0.00,6.0,24.00,24.00,48.0,0.00,73587.00,49.2
452,0.00,29212.00,29212.0,47.05,28.00,1724.00,1752.0,85.73,3,6.79,4433,0.00,4605,50,4,10.00,0.00,10.0,20.00,20.00,40.0,1.00,107133.00,70.0
453,0.00,148.00,148.0,60.56,4.00,1273.00,1277.0,85.77,3,6.79,4433,0.00,4612,50,4,0.00,0.00,0.0,4.00,4.00,8.0,0.00,134596.00,81.6
454,0.00,76.00,76.0,64.05,3.00,954.00,957.0,85.79,2,6.79,4433,0.00,4616,50,4,2.00,0.00,2.0,0.00,0.00,0.0,0.00,173000.00,81.6
455,0.00,1156.00,1156.0,62.8,4.00,1395.00,1399.0,85.79,5,6.89,4433,0.00,4612,50,4,4.00,0.00,4.0,0.00,0.00,0.0,0.00,154069.00,81.6
456,0.00,448.00,448.0,60.7,4.00,1861.00,1865.0,85.79,2,6.89,4433,0.00,4607,50,4,4.00,0.00,4.0,0.00,0.00,0.0,0.00,149773.00,81.4
457,0.00,19820.00,19820.0,57.16,18.00,1793.00,1811.0,85.79,4,6.89,4433,0.00,4611,50,4,0.00,5.00,5.0,12.00,12.00,24.0,1.00,172949.00,81.3
458,0.00,1203.96,1203.96,26.72,37.00,884.00,921.0,85.81,2,6.89,4433,0.00,4615,50,4,0.00,1.00,1.0,36.00,36.00,72.0,0.00,77329.00,63.6
459,0.00,400.00,400.0,37.12,10.00,1006.00,1016.0,85.82,4,6.89,4433,0.00,4615,50,4,4.00,2.00,6.0,4.00,4.00,8.0,0.00,66203.00,64.1
460,0.00,452.00,452.0,15.51,5.00,765.00,770.0,85.82,0,6.9,4433,0.00,4617,50,4,4.00,1.00,5.0,0.00,0.00,0.0,0.00,34895.00,49.2
461,0.00,80.00,80.0,4.31,13.00,198.00,211.0,85.83,0,6.9,4435,0.00,4619,51,4,13.00,4.00,17.0,0.00,0.00,0.0,2.00,6277.00,36.4
462,0.00,26272.00,26272.0,4.07,8.00,130.00,138.0,85.83,0,6.9,4435,0.00,4620,51,4,8.00,7.00,15.0,0.00,0.00,0.0,1.00,6396.00,36.4
463,0.00,76.00,76.0,6.37,13.00,219.00,232.0,85.84,1,6.9,4435,0.00,4616,50,4,12.00,0.00,12.0,0.00,0.00,0.0,0.00,7248.00,36.5
464,0.00,432.00,432.0,5.58,12.00,350.00,362.0,85.83,0,6.9,4433,0.00,4610,49,4,12.00,3.00,15.0,0.00,0.00,0.0,0.00,18729.00,36.7
465,0.00,16.00,16.0,26.44,18.00,639.00,657.0,85.85,1,6.51,4435,0.00,4611,50,4,6.00,4.00,10.0,12.00,12.00,24.0,2.00,68331.00,55.4
466,0.00,540.00,540.0,41.04,24.00,624.00,648.0,85.86,9,6.51,4435,0.00,4610,50,4,20.00,7.00,27.0,4.00,4.00,8.0,0.00,54990.00,67.3
467,0.00,11796.00,11796.0,26.79,14.00,418.00,432.0,85.87,1,6.51,4435,0.00,4613,50,4,2.00,0.00,2.0,12.00,12.00,24.0,1.00,90284.00,62.2
468,0.00,48.00,48.0,25.35,51.00,837.00,888.0,85.88,1,6.51,4435,0.00,4611,50,4,3.00,1.00,4.0,48.00,48.00,96.0,0.00,61860.00,55.6
469,0.00,1052.00,1052.0,33.71,57.00,1828.00,1885.0,85.91,5,6.51,4433,0.00,4603,49,4,17.00,3.00,20.0,40.00,40.00,80.0,0.00,103081.00,64.8
470,0.00,484.00,484.0,51.97,6.00,1307.00,1313.0,85.9,4,6.87,4433,0.00,4614,50,5,0.00,2.00,2.0,5.00,5.00,10.0,0.00,154237.00,77.9
471,0.00,296.00,296.0,57.2,4.00,959.00,963.0,85.94,8,6.87,4433,0.00,4610,50,5,2.00,2.00,4.0,0.00,0.00,0.0,0.00,152405.00,78.0
472,0.00,308.00,308.0,60.31,4.00,1445.00,1449.0,85.96,19,6.87,4433,0.00,4619,50,5,4.00,0.00,4.0,0.00,0.00,0.0,1.00,164222.00,78.4
473,0.00,9648.00,9648.0,57.18,0.00,1760.00,1760.0,85.98,16,6.87,4433,0.00,4619,50,5,0.00,0.00,0.0,0.00,0.00,0.0,0.00,150650.00,78.3
474,0.00,840.00,840.0,69.79,1.00,1528.00,1529.0,86.01,10,6.87,4433,0.00,4626,50,4,0.00,1.00,1.0,0.00,0.00,0.0,0.00,160260.00,84.1
475,0.00,596.00,596.0,30.95,4.00,1015.00,1019.0,86.02,1,7.6,4434,0.00,4630,51,4,2.00,4.00,6.0,0.00,0.00,0.0,2.00,83004.00,61.6
476,0.00,92.00,92.0,30.74,11.00,1040.00,1051.0,86.04,5,7.6,4436,0.00,4633,52,4,9.00,13.00,22.0,0.00,0.00,0.0,2.00,68173.00,62.1
477,0.00,452.00,452.0,19.18,21.00,790.00,811.0,86.05,2,7.6,4437,0.00,4639,52,4,13.00,6.00,19.0,8.00,8.00,16.0,1.00,35002.00,61.4
478,0.00,64.00,64.0,3.97,14.00,196.00,210.0,86.05,1,7.6,4437,0.00,4638,52,4,10.00,3.00,13.0,4.00,4.00,8.0,3.00,6218.00,35.5
479,0.00,24.00,24.0,4.07,7.00,141.00,148.0,86.05,1,7.6,4435,0.00,4634,51,4,5.00,5.00,10.0,0.00,0.00,0.0,0.00,5914.00,35.5
480,0.00,460.00,460.0,4.7,21.00,222.00,243.0,86.03,1,6.99,4435,0.00,4630,51,4,19.00,9.00,28.0,0.00,0.00,0.0,2.00,7229.00,35.6
481,0.00,88.00,88.0,3.95,13.00,157.00,170.0,86.03,1,6.99,4435,0.00,4630,51,4,11.00,8.00,19.0,0.00,0.00,0.0,0.00,5714.00,35.6
482,0.00,324.00,324.0,3.45,9.00,145.00,154.0,86.03,1,6.99,4435,0.00,4630,51,4,6.00,1.00,7.0,0.00,0.00,0.0,1.00,6077.00,35.5
483,0.00,43424.00,43424.0,4.44,15.00,197.00,212.0,86.03,2,6.99,4433,0.00,4626,50,4,13.00,5.00,18.0,0.00,0.00,0.0,0.00,6720.00,35.7
484,0.00,688.00,688.0,3.99,7.00,153.00,160.0,86.03,1,6.99,4433,0.00,4626,50,4,4.00,2.00,6.0,0.00,0.00,0.0,0.00,6029.00,35.7
485,0.00,20.00,20.0,9.34,10.00,608.00,618.0,86.04,5,6.51,4433,0.00,4623,50,4,6.00,0.00,6.0,4.00,4.00,8.0,0.00,35045.00,36.1
486,0.00,624.00,624.0,34.89,54.00,1403.00,1457.0,86.05,4,6.51,4433,0.00,4632,50,4,10.00,0.00,10.0,44.00,44.00,88.0,0.00,105569.00,63.2
487,0.00,100.00,100.0,63.07,28.00,1367.00,1395.0,86.06,17,6.51,4433,0.00,4640,50,4,5.00,3.00,8.0,20.00,20.00,40.0,1.00,150270.00,79.3
488,0.00,23464.00,23464.0,73.2,11.00,1171.00,1182.0,86.06,20,6.51,4433,0.00,4637,50,4,2.00,1.00,3.0,8.00,8.00,16.0,0.00,168434.00,85.7
489,0.00,512.00,512.0,72.85,14.00,1541.00,1555.0,86.08,26,6.51,4433,0.00,4633,50,4,4.00,2.00,6.0,8.00,8.00,16.0,0.00,156857.00,85.5
490,0.00,736.00,736.0,74.3,21.00,1634.00,1655.0,86.12,7,6.39,4433,0.00,4633,49,4,0.00,0.00,0.0,20.00,20.00,40.0,0.00,182649.00,85.5
491,0.00,380.00,380.0,71.86,20.00,2159.00,2179.0,86.15,18,6.39,4433,0.00,4633,49,4,0.00,0.00,0.0,20.00,20.00,40.0,0.00,142985.00,85.3
492,0.00,768.00,768.0,51.84,0.00,1418.00,1418.0,86.17,1,6.39,4433,0.00,4631,49,4,0.00,0.00,0.0,0.00,0.00,0.0,1.00,157434.00,78.5
493,0.00,1364.00,1364.0,35.62,0.00,1243.00,1243.0,86.19,11,6.39,4433,0.00,4637,49,4,0.00,0.00,0.0,0.00,0.00,0.0,0.00,90009.00,63.2
494,0.00,100.00,100.0,21.72,3.00,1198.00,1201.0,86.2,1,6.39,4433,0.00,4634,49,4,2.00,0.00,2.0,0.00,0.00,0.0,0.00,49384.00,54.3
495,0.00,32.00,32.0,13.92,6.00,352.00,358.0,86.21,0,5.96,4433,0.00,4644,49,4,6.00,0.00,6.0,0.00,0.00,0.0,0.00,16854.00,47.3
496,0.00,52.00,52.0,3.96,6.00,154.00,160.0,86.21,0,5.96,4433,0.00,4642,49,4,6.00,0.00,6.0,0.00,0.00,0.0,0.00,6193.00,35.9
497,0.00,544.00,544.0,5.28,8.00,183.00,191.0,86.21,0,5.96,4433,0.00,4641,49,4,4.00,0.00,4.0,4.00,4.00,8.0,1.00,6672.00,35.9
498,0.00,22552.00,22552.0,5.17,10.00,202.00,212.0,86.21,1,5.96,4433,0.00,4639,49,4,10.00,0.00,10.0,0.00,0.00,0.0,0.00,6730.00,36.2
499,0.00,360.00,360.0,4.84,7.00,148.00,155.0,86.21,0,5.96,4433,0.00,4639,49,4,6.00,0.00,6.0,0.00,0.00,0.0,0.00,5785.00,36.4
500,0.00,360.00,360.0,4.56,6.00,188.00,194.0,86.21,0,5.48,4433,0.00,4639,49,4,6.00,0.00,6.0,0.00,0.00,0.0,0.00,6929.00,36.3
501,0.00,204.00,204.0,5.13,10.00,177.00,187.0,86.22,0,5.48,4433,0.00,4639,49,4,10.00,0.00,10.0,0.00,0.00,0.0,0.00,6113.00,36.3
502,0.00,252.00,252.0,4.13,4.00,133.00,137.0,86.21,0,5.48,4433,0.00,4639,49,4,4.00,0.00,4.0,0.00,0.00,0.0,1.00,6019.00,36.2
503,0.00,23988.00,23988.0,12.85,26.00,869.00,895.0,86.22,2,5.48,4433,0.00,4639,49,4,10.00,0.00,10.0,16.00,16.00,32.0,0.00,46286.00,42.6
504,0.00,60.00,60.0,48.8,52.00,1437.00,1489.0,86.24,5,5.48,4433,0.00,4637,49,4,8.00,0.00,8.0,44.00,44.00,88.0,0.00,100942.00,70.5
505,0.00,36.00,36.0,58.12,10.00,1208.00,1218.0,86.26,10,5.44,4433,0.00,4645,49,4,2.00,0.00,2.0,8.00,8.00,16.0,0.00,175945.00,78.7
506,0.00,72.00,72.0,69.44,10.00,1434.00,1444.0,86.29,3,5.44,4433,0.00,4640,49,5,6.00,0.00,6.0,2.00,2.00,4.0,0.00,168344.00,84.0
507,0.00,736.00,736.0,76.35,20.00,1470.00,1490.0,86.3,30,5.44,4433,0.00,4656,49,4,0.00,0.00,0.0,22.00,22.00,44.0,1.00,160186.00,84.0
508,0.00,668.00,668.0,80.98,12.00,1441.00,1453.0,86.29,29,5.44,4433,0.00,4654,49,5,0.00,0.00,0.0,10.00,10.00,20.0,0.00,154345.00,84.3
509,0.00,676.00,676.0,73.06,23.00,1940.00,1963.0,86.26,7,5.44,4433,0.00,4654,50,5,0.00,3.00,3.0,23.00,23.00,46.0,0.00,149426.00,84.3
510,0.00,1064.00,1064.0,78.28,3.00,1080.00,1083.0,86.29,4,5.81,4433,0.00,4649,50,5,0.00,2.00,2.0,0.00,0.00,0.0,0.00,143853.00,84.4
511,0.00,912.00,912.0,75.72,2.00,1013.00,1015.0,86.3,20,5.81,4433,0.00,4651,50,5,0.00,2.00,2.0,0.00,0.00,0.0,0.00,69496.00,84.3
512,0.00,908.00,908.0,61.19,2.00,997.00,999.0,86.32,2,5.81,4433,0.00,4650,50,5,0.00,2.00,2.0,0.00,0.00,0.0,1.00,79485.00,83.9
513,0.00,864.00,864.0,36.18,10.00,825.00,835.0,86.33,1,5.81,4433,0.00,4661,50,4,0.00,1.00,1.0,8.00,8.00,16.0,0.00,39960.00,70.3
514,0.00,68.00,68.0,8.88,2.00,154.00,156.0,86.33,1,5.81,4433,0.00,4661,50,4,0.00,2.00,2.0,0.00,0.00,0.0,0.00,4770.00,46.9
515,0.00,632.00,632.0,3.81,2.00,91.00,93.0,86.34,0,5.42,4433,0.00,4661,50,4,0.00,1.00,1.0,0.00,0.00,0.0,0.00,5505.00,35.2
516,0.00,110.89,110.89,5.41,10.00,257.00,267.0,86.34,1,5.42,4433,0.00,4653,50,4,8.00,1.00,9.0,0.00,0.00,0.0,0.00,8271.00,35.3
517,0.00,84.00,84.0,4.8,13.00,212.00,225.0,86.34,1,5.42,4433,0.00,4651,50,4,12.00,2.00,14.0,0.00,0.00,0.0,1.00,5954.00,35.3
518,0.00,324.00,324.0,4.38,2.00,104.00,106.0,86.34,1,5.42,4433,0.00,4650,50,4,0.00,2.00,2.0,0.00,0.00,0.0,0.00,5645.00,35.3
519,0.00,62712.00,62712.0,5.51,17.00,220.00,237.0,86.34,1,5.42,4433,0.00,4650,50,4,16.00,1.00,17.0,0.00,0.00,0.0,0.00,7834.00,35.6
520,0.00,120.00,120.0,4.79,6.00,173.00,179.0,86.34,1,5.07,4433,0.00,4650,50,4,4.00,2.00,6.0,0.00,0.00,0.0,0.00,6731.00,35.6
521,0.00,40.00,40.0,3.57,0.00,113.00,113.0,86.34,1,5.07,4433,0.00,4650,50,4,0.00,0.00,0.0,0.00,0.00,0.0,0.00,5437.00,35.5
522,0.00,856.00,856.0,5.41,18.00,239.00,257.0,86.34,1,5.07,4433,0.00,4650,50,4,18.00,0.00,18.0,0.00,0.00,0.0,1.00,8188.00,35.6
523,0.00,64.00,64.0,3.58,4.00,134.00,138.0,86.34,1,5.07,4433,0.00,4650,50,4,2.00,2.00,4.0,0.00,0.00,0.0,0.00,5227.00,35.6
524,0.00,7792.00,7792.0,3.69,0.00,172.00,172.0,86.35,2,5.07,4433,0.00,4649,50,4,0.00,0.00,0.0,0.00,0.00,0.0,0.00,10578.00,35.5
525,0.00,408.00,408.0,34.3,46.00,1636.00,1682.0,86.32,26,4.9,4433,0.00,4645,50,4,18.00,0.00,18.0,28.00,28.00,56.0,0.00,90662.00,55.7
526,0.00,904.00,904.0,82.02,34.00,1517.00,1551.0,86.35,10,4.9,4434,0.00,4646,49,4,0.00,1.00,1.0,31.68,31.68,63.36,1.00,139291.00,86.1
527,0.00,760.00,760.0,66.5,12.00,1814.00,1826.0,86.37,13,4.9,4434,0.00,4649,49,5,2.00,0.00,2.0,10.00,10.00,20.0,1.00,174346.00,85.6
528,0.00,132.00,132.0,73.47,3.00,991.00,994.0,86.39,16,4.9,4434,0.00,4656,49,4,1.00,1.00,2.0,2.00,2.00,4.0,0.00,207427.00,85.6
529,0.00,1736.00,1736.0,75.13,12.00,1072.00,1084.0,86.42,11,4.9,4434,0.00,4657,49,4,0.00,0.00,0.0,12.00,12.00,24.0,0.00,180503.00,85.7
530,0.00,676.00,676.0,76.78,24.00,1605.00,1629.0,86.46,25,5.55,4434,0.00,4655,49,4,0.00,0.00,0.0,24.00,24.00,48.0,0.00,162432.00,85.6
531,0.00,680.00,680.0,80.55,16.00,2028.00,2044.0,86.49,21,5.55,4434,0.00,4667,49,4,0.00,0.00,0.0,16.00,16.00,32.0,0.00,131295.00,85.6
532,0.00,436.00,436.0,57.16,0.00,2335.00,2335.0,86.47,12,5.55,4434,0.00,4670,49,4,0.00,0.00,0.0,0.00,0.00,0.0,1.00,103080.00,80.5
533,0.00,520.00,520.0,20.36,0.00,671.00,671.0,86.48,0,5.55,4434,0.00,4680,49,4,0.00,0.00,0.0,0.00,0.00,0.0,0.00,33106.00,54.5
534,0.00,21344.00,21344.0,2.74,0.00,143.00,143.0,86.48,1,5.55,4434,0.00,4677,49,4,0.00,0.00,0.0,0.00,0.00,0.0,0.00,6118.00,35.6
535,0.00,404.00,404.0,4.46,10.00,226.00,236.0,86.48,1,5.1,4431,0.00,4672,49,4,10.00,0.00,10.0,0.00,0.00,0.0,0.00,8189.00,35.6
536,0.00,56.00,56.0,5.06,10.00,192.00,202.0,86.48,0,5.1,4431,0.00,4669,49,4,10.00,0.00,10.0,0.00,0.00,0.0,0.00,5844.00,35.8
537,0.00,88.00,88.0,3.23,4.00,129.00,133.0,86.48,0,5.1,4431,0.00,4669,49,4,4.00,0.00,4.0,0.00,0.00,0.0,1.00,6090.00,35.7
538,0.00,28.00,28.0,6.08,12.00,208.00,220.0,86.48,0,5.1,4431,0.00,4669,49,4,8.00,0.00,8.0,4.00,4.00,8.0,3.00,7111.00,35.7
539,0.00,29596.00,29596.0,4.09,8.00,159.00,167.0,86.48,0,5.1,4431,0.00,4669,49,4,8.00,0.00,8.0,0.00,0.00,0.0,0.00,5207.00,35.9
540,0.00,696.00,696.0,3.97,5.00,126.00,131.0,86.48,0,4.78,4431,0.00,4669,49,4,4.00,0.00,4.0,0.00,0.00,0.0,0.00,5816.00,35.9
541,0.00,40.00,40.0,3.49,12.00,211.00,223.0,86.49,1,4.78,4431,0.00,4669,49,4,12.00,0.00,12.0,0.00,0.00,0.0,0.00,6582.00,35.9
542,0.00,244.00,244.0,3.73,5.00,143.00,148.0,86.49,0,4.78,4431,0.00,4669,49,4,4.00,0.00,4.0,0.00,0.00,0.0,1.00,5541.00,35.8
543,0.00,72.00,72.0,10.99,22.00,697.00,719.0,86.5,5,4.78,4433,0.00,4668,50,4,9.00,5.00,14.0,12.00,12.00,24.0,2.00,40112.00,42.0
544,0.00,1280.00,1280.0,54.05,65.00,1844.00,1909.0,86.51,17,4.78,4433,0.00,4660,50,4,16.00,2.00,18.0,48.00,48.00,96.0,0.00,116379.00,74.3
545,0.00,44.00,44.0,80.62,14.00,1426.00,1440.0,86.55,25,6.32,4433,0.00,4652,50,4,6.00,4.00,10.0,8.00,8.00,16.0,0.00,150307.00,84.7
546,0.00,988.00,988.0,65.32,6.00,1772.00,1778.0,86.58,14,6.32,4435,0.00,4655,52,5,0.00,5.00,5.0,2.00,2.00,4.0,2.00,189720.00,84.6
547,0.00,112.00,112.0,73.16,17.00,1177.00,1194.0,86.57,19,6.32,4433,0.00,4654,51,5,3.00,5.00,8.0,12.00,12.00,24.0,0.99,202547.52,84.7
548,0.00,624.00,624.0,68.31,23.00,1566.00,1589.0,86.61,7,6.32,4433,0.00,4648,51,6,0.00,0.00,0.0,22.00,22.00,44.0,0.00,193198.00,84.7
549,0.00,1164.00,1164.0,62.23,22.00,2297.00,2319.0,86.61,11,6.32,4433,0.00,4651,51,7,0.00,0.00,0.0,23.00,23.00,46.0,0.00,140013.00,84.1
550,0.00,820.00,820.0,59.57,1.98,2170.30,2172.28,86.63,12,6.45,4433,0.00,4649,51,6,0.00,2.00,2.0,0.00,0.00,0.0,0.00,108468.00,83.7
551,0.00,228.00,228.0,21.4,3.00,676.00,679.0,86.64,0,6.45,4432,0.00,4653,51,5,0.00,1.00,1.0,2.00,2.00,4.0,0.00,35816.00,55.2
552,0.00,24.00,24.0,2.59,1.00,1.00,2.0,86.64,0,6.45,4432,0.00,4652,50,5,0.00,0.00,0.0,0.00,0.00,0.0,1.00,5329.00,34.9
553,0.00,68.00,68.0,3.11,1.00,43.00,44.0,86.64,0,6.45,4432,0.00,4661,51,4,0.00,2.00,2.0,0.00,0.00,0.0,0.00,5158.00,34.8
554,0.00,19932.00,19932.0,4.05,2.00,156.00,158.0,86.65,0,6.45,4432,0.00,4661,51,4,0.00,2.00,2.0,0.00,0.00,0.0,0.00,4845.00,34.8
555,0.00,24.00,24.0,3.48,1.00,91.00,92.0,86.63,0,5.93,4432,0.00,4658,51,4,0.00,1.00,1.0,0.00,0.00,0.0,0.00,5025.00,34.8
556,0.00,352.00,352.0,5.59,19.00,303.00,322.0,86.63,0,5.93,4434,0.00,4651,52,4,19.00,5.00,24.0,0.00,0.00,0.0,2.00,9809.00,35.0
557,0.00,320.00,320.0,4.43,10.00,160.00,170.0,86.64,0,5.93,4434,0.00,4652,52,4,10.00,6.00,16.0,0.00,0.00,0.0,1.00,5518.00,35.0
558,0.00,320.00,320.0,3.07,16.00,115.00,131.0,86.64,0,5.93,4436,0.00,4654,52,4,11.00,12.00,23.0,4.00,4.00,8.0,2.00,5357.00,35.0
559,0.00,448.00,448.0,4.79,21.00,245.00,266.0,86.64,0,5.93,4436,0.00,4651,52,4,17.00,5.00,22.0,0.00,0.00,0.0,0.00,7928.00,35.1
560,0.00,49620.00,49620.0,4.94,5.00,160.00,165.0,86.64,0,5.54,4434,0.00,4651,51,4,9.00,2.00,11.0,0.00,0.00,0.0,0.00,5347.00,35.4
561,0.00,228.00,228.0,2.87,3.00,114.00,117.0,86.64,0,5.54,4431,0.00,4647,52,4,2.00,5.00,7.0,0.00,0.00,0.0,0.00,6023.00,35.4
562,0.00,212.00,212.0,6.13,20.00,238.00,258.0,86.64,0,5.54,4431,0.00,4648,51,4,19.00,1.00,20.0,0.00,0.00,0.0,1.00,7603.00,35.6
563,0.00,72.00,72.0,2.75,2.00,135.00,137.0,86.64,0,5.54,4431,0.00,4648,51,4,2.00,0.00,2.0,0.00,0.00,0.0,0.00,5140.00,35.7
564,0.00,76.00,76.0,3.59,5.00,227.00,232.0,86.64,1,5.54,4431,0.00,4645,51,4,0.00,0.00,0.0,4.00,4.00,8.0,0.00,13086.00,35.5
565,0.00,3812.00,3812.0,41.39,40.00,1873.00,1913.0,86.65,11,5.17,4431,0.00,4639,51,4,20.00,0.00,20.0,20.00,20.00,40.0,0.00,103049.00,62.9
566,0.00,388.00,388.0,78.16,40.00,1895.00,1935.0,86.65,13,5.17,4431,0.00,4645,51,4,0.00,0.00,0.0,40.00,40.00,80.0,0.00,181632.67,85.4
567,0.00,420.00,420.0,71.88,10.00,1733.00,1743.0,86.65,14,5.17,4433,0.00,4651,52,4,6.00,5.00,11.0,4.00,4.00,8.0,3.00,175458.00,85.3
568,0.00,36.00,36.0,73.9,6.00,690.00,696.0,86.7,24,5.17,4433,0.00,4668,52,4,6.00,6.00,12.0,0.00,0.00,0.0,0.00,200414.00,85.2
569,0.00,284.00,284.0,64.06,14.00,1307.00,1321.0,86.73,7,5.17,4434,0.00,4663,51,4,0.00,0.00,0.0,10.00,10.00,20.0,1.00,193376.00,85.1
570,0.00,1452.00,1452.0,56.11,32.00,2247.00,2279.0,86.74,10,5.32,4434,0.00,4665,51,5,0.00,0.00,0.0,34.00,34.00,68.0,0.00,143720.00,76.8
571,0.00,1800.00,1800.0,73.26,15.00,1981.00,1996.0,86.78,6,5.32,4432,0.00,4669,50,4,3.00,4.00,7.0,10.00,8.00,18.0,0.00,114424.00,85.2
572,0.00,520.00,520.0,64.79,1.00,1793.00,1794.0,86.82,2,5.32,4432,0.00,4677,50,4,0.00,0.00,0.0,0.00,0.00,0.0,1.00,74833.00,84.5
573,0.00,228.00,228.0,10.01,0.00,234.00,234.0,86.82,0,5.32,4432,0.00,4685,50,4,0.00,0.00,0.0,0.00,0.00,0.0,0.00,8182.00,43.5
574,0.00,80.00,80.0,4.17,6.00,157.00,163.0,86.82,0,5.32,4432,0.00,4683,49,5,4.00,0.00,4.0,1.00,0.00,1.0,0.00,5843.00,35.3
575,0.00,31352.00,31352.0,5.98,9.00,240.00,249.0,86.81,1,4.89,4432,0.00,4676,49,5,8.00,0.00,8.0,0.00,0.00,0.0,0.00,8581.00,35.4
576,0.00,432.00,432.0,5.02,10.00,180.00,190.0,86.82,0,4.89,4433,0.00,4676,50,5,10.00,2.00,12.0,0.00,0.00,0.0,2.00,5683.00,35.4
577,0.00,100.00,100.0,4.42,13.00,155.00,168.0,86.82,0,4.89,4434,0.00,4679,50,5,13.00,9.00,22.0,0.00,0.00,0.0,1.00,5881.00,35.5
578,0.00,460.00,460.0,5.13,16.00,219.00,235.0,86.82,0,4.89,4434,0.00,4679,50,5,12.00,0.00,12.0,4.00,4.00,8.0,0.00,7451.00,35.5
579,0.00,56.00,56.0,4.42,7.00,143.00,150.0,86.82,0,4.89,4434,0.00,4679,51,4,7.00,2.00,9.0,0.00,0.00,0.0,0.00,5005.00,35.5
580,0.00,21328.00,21328.0,5.05,5.00,155.00,160.0,86.82,0,4.5,4432,0.00,4675,50,4,5.00,3.00,8.0,0.00,0.00,0.0,0.00,6836.00,35.5
581,0.00,48.00,48.0,5.9,12.00,205.00,217.0,86.83,0,4.5,4432,0.00,4675,50,4,12.00,0.00,12.0,0.00,0.00,0.0,0.00,6771.00,35.7
582,0.00,516.00,516.0,20.88,18.00,364.00,382.0,86.83,3,4.5,4432,0.00,4674,50,4,6.00,0.00,6.0,12.00,12.00,24.0,1.00,16732.00,50.1
583,0.00,676.00,676.0,37.78,46.00,1016.00,1062.0,86.86,3,4.5,4432,0.00,4669,50,4,6.00,0.00,6.0,40.00,40.00,80.0,0.00,71309.00,72.0
584,0.00,516.00,516.0,55.96,28.00,1813.00,1841.0,86.88,18,4.5,4432,0.00,4660,50,4,12.00,0.00,12.0,16.00,16.00,32.0,0.00,151014.00,72.2
585,0.00,14812.00,14812.0,80.71,0.00,1533.00,1533.0,86.91,24,5.58,4432,0.00,4652,50,4,0.00,0.00,0.0,0.00,0.00,0.0,0.00,153728.00,86.1
586,0.00,648.00,648.0,79.07,8.00,1252.00,1260.0,86.94,15,5.58,4432,0.00,4664,50,4,0.00,0.00,0.0,8.00,8.00,16.0,0.00,175962.00,86.0
587,0.00,144.00,144.0,75.72,16.00,1099.00,1115.0,86.94,23,5.58,4432,0.00,4668,50,4,0.00,0.00,0.0,16.00,16.00,32.0,1.00,187929.00,86.0
588,0.00,1156.00,1156.0,76.1,25.00,1246.00,1271.0,86.93,13,5.58,4432,0.00,4669,50,5,0.00,0.00,0.0,24.00,24.00,48.0,0.00,173663.00,86.0
589,0.00,788.00,788.0,66.79,5.00,1755.00,1760.0,86.96,2,5.58,4432,0.00,4652,49,6,0.00,0.00,0.0,6.00,5.00,11.0,0.00,154799.00,85.6
590,0.00,1584.00,1584.0,60.74,0.00,2403.00,2403.0,86.98,5,6.34,4432,0.00,4653,49,6,0.00,0.00,0.0,0.00,0.00,0.0,0.00,120405.00,85.1
591,0.00,500.00,500.0,31.0,1.00,1229.00,1230.0,86.99,0,6.34,4432,0.00,4655,49,6,0.00,0.00,0.0,0.00,0.00,0.0,0.00,63944.00,66.5
592,0.00,32.00,32.0,6.13,8.00,131.00,139.0,86.99,0,6.34,4432,0.00,4665,49,5,1.00,1.00,2.0,8.00,8.00,16.0,1.00,7415.00,38.2
593,0.00,76.00,76.0,5.21,0.00,162.00,162.0,86.99,0,6.34,4432,0.00,4665,49,5,0.00,0.00,0.0,0.00,0.00,0.0,0.00,5312.00,37.8
594,0.00,80.00,80.0,3.81,1.00,84.00,85.0,87.0,0,6.34,4432,0.00,4665,49,5,1.00,1.00,2.0,0.00,0.00,0.0,0.00,5723.00,37.4
595,0.00,48604.00,48604.0,4.2,6.00,212.00,218.0,87.0,0,5.83,4432,0.00,4658,50,4,6.00,1.00,7.0,0.00,0.00,0.0,0.00,8076.00,37.1
596,0.00,64.00,64.0,5.75,15.00,247.00,262.0,87.0,0,5.83,4432,0.00,4655,49,5,14.00,0.00,14.0,1.00,0.00,1.0,0.00,6532.00,37.1
597,0.00,108.00,108.0,3.58,0.00,103.00,103.0,87.0,0,5.83,4432,0.00,4655,49,5,0.00,0.00,0.0,0.00,0.00,0.0,1.00,5331.00,36.9
598,0.00,32.00,32.0,6.08,13.00,229.00,242.0,87.0,1,5.83,4432,0.00,4655,49,5,8.00,0.00,8.0,4.00,4.00,8.0,3.00,7951.00,36.8
599,0.00,56.00,56.0,4.77,12.00,173.00,185.0,87.01,0,5.83,4432,0.00,4655,49,5,12.00,0.00,12.0,0.00,0.00,0.0,0.00,4830.00,36.6
600,0.00,12601.98,12601.98,3.93,0.00,98.00,98.0,87.01,1,5.36,4432,0.00,4655,49,5,0.00,0.00,0.0,0.00,0.00,0.0,0.00,5658.00,36.5
601,0.00,52.00,52.0,5.58,18.00,233.00,251.0,87.01,0,5.36,4432,0.00,4655,50,4,12.00,4.00,16.0,0.00,0.00,0.0,0.00,7306.00,36.4
602,0.00,380.00,380.0,4.39,7.00,161.00,168.0,87.01,0,5.36,4432,0.00,4655,50,4,8.00,0.00,8.0,0.00,0.00,0.0,1.00,5776.00,36.3
603,0.00,76.00,76.0,3.71,0.00,185.00,185.0,87.01,0,5.36,4432,0.00,4653,50,4,0.00,0.00,0.0,0.00,0.00,0.0,0.00,9724.00,36.1
604,0.00,500.00,500.0,30.73,40.00,1659.00,1699.0,87.02,16,5.36,4432,0.00,4646,50,4,18.00,0.00,18.0,20.00,20.00,40.0,0.00,92950.00,52.8
605,0.00,56.00,56.0,71.45,42.00,2145.00,2187.0,87.05,26,6.14,4432,0.00,4658,50,4,2.00,0.00,2.0,40.00,40.00,80.0,0.00,183985.00,84.4
606,0.00,1272.00,1272.0,57.2,8.00,1817.00,1825.0,87.01,17,6.14,4432,0.00,4661,50,4,0.00,0.00,0.0,8.00,8.00,16.0,0.00,190123.00,83.8
607,0.00,412.00,412.0,70.01,0.00,871.00,871.0,87.05,11,6.14,4432,0.00,4665,50,4,0.00,0.00,0.0,0.00,0.00,0.0,1.00,218379.00,84.0
608,0.00,360.00,360.0,58.97,16.00,1638.00,1654.0,87.08,7,6.14,4432,0.00,4662,50,4,0.00,0.00,0.0,16.00,16.00,32.0,0.00,164502.00,83.6
609,0.00,128.00,128.0,67.17,28.00,2391.00,2419.0,87.11,15,6.14,4432,0.00,4665,50,4,0.00,0.00,0.0,28.00,28.00,56.0,0.00,152179.00,83.4
610,0.00,932.00,932.0,54.55,12.00,2787.00,2799.0,87.11,2,6.68,4432,0.00,4674,50,4,0.00,0.00,0.0,12.00,12.00,24.0,0.00,101074.00,82.9
611,0.00,660.00,660.0,17.1,0.00,488.00,488.0,87.11,0,6.68,4432,0.00,4686,50,4,0.00,1.00,1.0,0.00,0.00,0.0,0.00,24932.00,50.7
612,0.00,28.00,28.0,3.69,2.00,110.00,112.0,87.11,0,6.68,4432,0.00,4686,50,4,0.00,1.00,1.0,0.00,0.00,0.0,1.00,5475.00,34.3
613,0.00,80.00,80.0,4.9,9.00,220.00,229.0,87.12,0,6.68,4432,0.00,4680,50,4,8.00,1.00,9.0,0.00,0.00,0.0,0.00,7931.00,34.4
614,0.00,88.00,88.0,4.69,12.00,232.00,244.0,87.12,0,6.68,4432,0.00,4676,50,4,12.00,0.00,12.0,0.00,0.00,0.0,0.00,6119.00,34.5
615,0.00,28.00,28.0,3.2,0.00,101.00,101.0,87.12,0,6.15,4432,0.00,4676,50,4,0.00,0.00,0.0,0.00,0.00,0.0,0.00,4887.00,34.5
616,0.00,45992.00,45992.0,5.64,11.00,203.00,214.0,87.12,0,6.15,4432,0.00,4676,50,4,10.00,1.00,11.0,0.00,0.00,0.0,0.00,7888.00,34.6
617,0.00,368.00,368.0,4.54,15.00,175.00,190.0,87.12,1,6.15,4432,0.00,4676,50,4,11.00,5.00,16.0,0.00,0.00,0.0,1.00,6191.00,34.9
618,0.00,392.00,392.0,3.79,0.00,108.00,108.0,87.12,0,6.15,4432,0.00,4676,50,4,0.00,0.00,0.0,0.00,0.00,0.0,0.00,5643.00,35.0
619,0.00,488.00,488.0,5.04,12.00,218.00,230.0,87.12,0,6.15,4432,0.00,4676,50,4,12.00,0.00,12.0,0.00,0.00,0.0,0.00,7720.00,35.2
620,0.00,116.00,116.0,3.94,10.00,155.00,165.0,87.13,0,5.82,4432,0.00,4675,49,4,8.00,0.00,8.0,0.00,0.00,0.0,0.00,5301.00,35.3
621,0.00,18620.00,18620.0,4.89,12.00,234.00,246.0,87.13,0,5.82,4432,0.00,4678,49,5,2.00,0.00,2.0,8.00,8.00,16.0,0.00,12895.00,35.5
622,0.00,412.00,412.0,26.3,60.00,1587.00,1647.0,87.14,6,5.82,4432,0.00,4663,49,4,18.00,1.00,19.0,44.00,44.00,88.0,1.00,93330.00,53.6
623,8.00,116.00,124.0,69.21,14.00,2113.00,2127.0,87.16,26,5.82,4432,0.00,4662,49,4,2.00,0.00,2.0,12.00,12.00,24.0,0.00,166838.00,80.5
624,0.00,432.00,432.0,68.57,4.00,1748.00,1752.0,87.19,20,5.82,4432,0.00,4662,49,4,0.00,0.00,0.0,4.00,4.00,8.0,0.00,195512.00,80.9
625,0.00,52.00,52.0,73.48,4.00,920.00,924.0,87.21,14,6.63,4432,0.00,4675,49,4,0.00,0.00,0.0,4.00,4.00,8.0,0.00,197950.00,81.5
626,0.00,352.00,352.0,63.65,16.00,1526.00,1542.0,87.25,6,6.63,4432,0.00,4663,49,4,0.00,0.00,0.0,16.00,16.00,32.0,0.00,187539.00,81.8
627,0.00,620.00,620.0,54.63,31.00,2342.00,2373.0,87.27,14,6.63,4432,0.00,4675,50,5,0.00,3.00,3.0,29.00,29.00,58.0,1.00,146947.00,81.1
628,0.00,516.00,516.0,52.86,11.00,2679.00,2690.0,87.3,4,6.63,4432,0.00,4680,50,5,0.00,2.00,2.0,8.00,8.00,16.0,0.00,112224.00,80.8
629,0.00,308.00,308.0,16.11,0.00,630.00,630.0,87.3,0,6.63,4432,0.00,4688,50,5,0.00,0.00,0.0,0.00,0.00,0.0,0.00,40441.00,53.4
630,0.00,88.00,88.0,3.12,0.00,0.00,0.0,87.31,0,6.1,4432,0.00,4688,50,5,0.00,0.00,0.0,0.00,0.00,0.0,0.00,4731.00,34.4
631,0.00,1868.00,1868.0,2.95,1.00,13.00,14.0,87.31,0,6.1,4432,0.00,4696,50,4,0.00,0.00,0.0,0.00,0.00,0.0,0.00,5331.00,34.5
632,0.00,568.00,568.0,4.68,0.00,184.00,184.0,87.31,1,6.1,4432,0.00,4696,50,4,0.00,0.00,0.0,0.00,0.00,0.0,1.00,5677.00,34.6
633,0.00,88.00,88.0,2.5,0.00,85.00,85.0,87.31,0,6.1,4432,0.00,4696,50,4,0.00,0.00,0.0,0.00,0.00,0.0,0.00,5055.00,34.7
634,0.00,88.00,88.0,4.97,9.00,278.00,287.0,87.32,2,6.1,4432,0.00,4687,50,4,8.00,0.00,8.0,0.00,0.00,0.0,0.00,8935.00,34.9
635,0.00,264.00,264.0,4.44,12.00,195.00,207.0,87.32,0,5.61,4432,0.00,4686,50,4,12.00,0.00,12.0,0.00,0.00,0.0,0.00,5299.00,35.2
636,0.00,51096.00,51096.0,2.86,2.00,100.00,102.0,87.32,0,5.61,4432,0.00,4686,50,4,0.00,2.00,2.0,0.00,0.00,0.0,0.00,4979.00,35.1
637,0.00,112.00,112.0,4.71,28.00,247.00,275.0,87.33,0,5.61,4436,0.00,4693,52,4,28.00,16.00,44.0,0.00,0.00,0.0,5.00,7622.00,35.3
638,0.00,616.00,616.0,5.4,14.00,180.00,194.0,87.33,0,5.61,4436,0.00,4694,52,4,10.00,6.00,16.0,4.00,4.00,8.0,0.00,6013.00,35.4
639,0.00,64.00,64.0,2.5,2.00,101.00,103.0,87.33,1,5.61,4436,0.00,4694,52,4,0.00,2.00,2.0,0.00,0.00,0.0,0.00,5222.00,35.4
640,0.00,104.00,104.0,5.32,20.00,252.00,272.0,87.33,0,5.24,4434,0.00,4690,51,4,19.00,4.00,23.0,0.00,0.00,0.0,0.00,8161.00,35.4
641,0.00,13656.00,13656.0,3.35,9.00,145.00,154.0,87.33,0,5.24,4432,0.00,4686,50,4,7.00,5.00,12.0,0.00,0.00,0.0,0.00,5539.00,35.4
642,0.00,28.00,28.0,3.88,8.00,207.00,215.0,87.33,0,5.24,4432,0.00,4685,50,4,2.00,2.00,4.0,4.00,4.00,8.0,1.00,14287.00,35.5
643,0.00,1152.00,1152.0,25.06,66.00,2128.00,2194.0,87.34,6,5.24,4432,0.00,4682,50,5,18.00,0.00,18.0,44.00,44.00,88.0,0.00,115140.00,53.6
644,0.00,1140.00,1140.0,69.06,12.00,2062.00,2074.0,87.37,9,5.24,4432,0.00,4671,50,4,0.00,0.00,0.0,16.00,16.00,32.0,0.00,200663.00,82.0
645,0.00,48.00,48.0,60.41,6.00,1618.00,1624.0,87.4,22,4.9,4432,0.00,4680,50,4,0.00,2.00,2.0,4.00,4.00,8.0,0.00,206424.00,81.8
646,0.00,788.00,788.0,76.7,9.00,687.00,696.0,87.42,17,4.9,4432,0.00,4694,50,4,0.00,1.00,1.0,7.92,7.92,15.84,0.00,172842.00,82.3
647,4.00,15192.00,15196.0,76.69,17.00,1309.00,1326.0,87.46,12,4.9,4432,0.00,4682,50,4,0.00,1.00,1.0,16.00,16.00,32.0,1.00,131410.00,82.7
648,0.00,1100.00,1100.0,78.66,28.00,1849.00,1877.0,87.46,16,4.9,4432,0.00,4680,50,4,0.00,0.00,0.0,28.00,28.00,56.0,0.00,130651.00,83.0
649,0.00,580.00,580.0,80.13,4.00,2221.00,2225.0,87.49,23,4.9,4432,0.00,4678,50,4,0.00,0.00,0.0,4.00,4.00,8.0,0.00,117755.00,83.2
650,0.00,1072.00,1072.0,69.28,2.00,1814.00,1816.0,87.51,4,6.35,4432,0.00,4690,50,4,0.00,2.00,2.0,0.00,0.00,0.0,0.00,73773.00,83.3
651,0.00,196.00,196.0,22.66,0.00,312.00,312.0,87.52,0,6.35,4432,0.00,4696,50,4,0.00,0.00,0.0,0.00,0.00,0.0,0.00,13634.00,61.2
652,0.00,1856.00,1856.0,3.94,2.00,148.00,150.0,87.52,0,6.35,4432,0.00,4694,50,4,2.00,0.00,2.0,0.00,0.00,0.0,1.00,6275.00,35.2
653,0.00,92.00,92.0,5.66,15.00,240.00,255.0,87.51,0,6.35,4432,0.00,4688,50,4,12.00,2.00,14.0,0.00,0.00,0.0,0.00,7653.00,35.3
654,0.00,92.00,92.0,10.27,15.00,185.00,200.0,87.51,1,6.35,4434,0.00,4689,51,4,15.00,9.00,24.0,0.00,0.00,0.0,2.00,6348.00,41.3
655,0.00,324.00,324.0,6.61,8.00,142.00,150.0,87.52,0,5.92,4434,0.00,4689,50,4,6.00,4.00,10.0,0.00,0.00,0.0,0.00,5806.00,41.4
656,0.00,72.00,72.0,5.88,14.00,210.00,224.0,87.52,0,5.92,4432,0.00,4685,50,4,14.00,3.00,17.0,0.00,0.00,0.0,0.00,7200.00,35.0
657,0.00,40144.00,40144.0,3.81,6.00,141.00,147.0,87.52,0,5.92,4432,0.00,4685,49,4,5.00,0.00,5.0,0.00,0.00,0.0,1.00,5634.00,35.0
658,0.00,0.00,0.0,4.48,8.00,150.00,158.0,87.52,0,5.92,4432,0.00,4685,49,4,4.00,0.00,4.0,4.00,4.00,8.0,3.00,6161.00,35.1
659,0.00,64.00,64.0,3.97,12.00,210.00,222.0,87.52,0,5.92,4432,0.00,4685,49,4,12.00,0.00,12.0,0.00,0.00,0.0,0.00,6703.00,35.1
660,0.00,712.00,712.0,5.59,7.00,186.00,193.0,87.52,2,5.45,4432,0.00,4688,49,5,4.00,0.00,4.0,2.00,2.00,4.0,0.00,8587.00,35.2
661,0.00,68.00,68.0,13.88,20.00,740.00,760.0,87.49,15,5.45,4432,0.00,4683,49,4,4.00,0.00,4.0,14.00,14.00,28.0,0.00,46785.00,46.0
662,0.00,4876.00,4876.0,41.3,51.00,1868.00,1919.0,87.5,14,5.45,4432,0.00,4679,49,5,14.00,0.00,14.0,38.00,38.00,76.0,1.00,125287.00,63.0
663,0.00,116.00,116.0,84.15,23.00,1569.00,1592.0,87.53,33,5.45,4434,0.00,4672,50,4,9.00,7.00,16.0,14.00,14.00,28.0,2.00,97203.00,86.0
664,0.00,656.00,656.0,76.94,4.95,1421.78,1426.73,87.55,18,5.45,4434,0.00,4681,50,4,4.00,4.00,8.0,0.00,0.00,0.0,0.00,142080.00,85.9
665,0.00,232.00,232.0,75.19,4.00,1029.00,1033.0,87.57,21,6.21,4434,0.00,4681,50,4,0.00,0.00,0.0,4.00,4.00,8.0,0.00,187582.00,85.9
666,0.00,808.00,808.0,77.96,19.00,1023.00,1042.0,87.53,19,6.21,4432,0.00,4671,49,4,3.00,3.00,6.0,16.00,16.00,32.0,0.00,174243.00,85.9
667,0.00,1284.00,1284.0,83.0,21.00,1779.00,1800.0,87.56,16,6.21,4432,0.00,4665,49,4,0.00,0.00,0.0,20.00,20.00,40.0,1.00,130228.00,85.9
668,0.00,324.75,324.75,70.55,14.00,2142.00,2156.0,87.59,11,6.21,4432,0.00,4671,50,5,0.00,2.00,2.0,13.00,13.00,26.0,0.00,127774.00,85.6
669,0.00,832.00,832.0,49.81,1.00,1925.00,1926.0,87.61,4,6.21,4432,0.00,4672,50,5,0.00,1.00,1.0,0.00,0.00,0.0,0.00,84257.00,73.8
670,0.00,420.00,420.0,16.44,0.00,378.00,378.0,87.58,2,5.96,4432,0.00,4676,50,5,0.00,0.00,0.0,0.00,0.00,0.0,0.00,23786.00,54.2
671,0.00,60.00,60.0,2.73,0.00,0.00,0.0,87.58,2,5.96,4432,0.00,4676,50,5,0.00,0.00,0.0,0.00,0.00,0.0,0.00,4984.00,34.9
672,0.00,6596.00,6596.0,2.72,2.00,52.00,54.0,87.59,1,5.96,4432,0.00,4684,50,4,0.00,2.00,2.0,0.00,0.00,0.0,1.00,5397.00,34.8
673,0.00,96.00,96.0,4.08,2.00,158.00,160.0,87.59,1,5.96,4432,0.00,4684,50,4,0.00,2.00,2.0,0.00,0.00,0.0,0.00,5091.00,34.9
674,0.00,64.00,64.0,2.74,1.00,89.00,90.0,87.59,1,5.96,4432,0.00,4684,50,4,0.00,1.00,1.0,0.00,0.00,0.0,0.00,5341.00,34.8
675,0.00,280.00,280.0,6.17,21.00,327.00,348.0,87.59,1,5.64,4432,0.00,4674,50,4,19.00,1.00,20.0,0.00,0.00,0.0,0.00,8803.00,35.1
676,0.00,72.00,72.0,4.1,0.00,130.00,130.0,87.59,1,5.64,4432,0.00,4674,50,4,2.00,0.00,2.0,0.00,0.00,0.0,0.00,5635.00,35.1
677,0.00,56324.00,56324.0,3.36,1.00,111.00,112.0,87.59,1,5.64,4432,0.00,4674,50,4,0.00,1.00,1.0,0.00,0.00,0.0,1.00,5792.00,35.2
678,0.00,612.00,612.0,5.55,24.00,276.00,300.0,87.6,0,5.64,4432,0.00,4674,50,4,20.00,0.00,20.0,4.00,4.00,8.0,0.00,7617.00,35.5
679,0.00,252.00,252.0,3.34,0.00,127.00,127.0,87.6,1,5.64,4432,0.00,4674,50,4,0.00,0.00,0.0,0.00,0.00,0.0,0.00,5109.00,35.4
680,0.00,276.00,276.0,3.74,4.00,137.00,141.0,87.6,1,5.19,4432,0.00,4674,50,4,2.00,2.00,4.0,0.00,0.00,0.0,0.00,6393.00,35.4
681,0.00,332.00,332.0,5.41,21.00,252.00,273.0,87.6,1,5.19,4432,0.00,4674,50,4,18.00,3.00,21.0,0.00,0.00,0.0,0.00,7196.00,35.6
682,0.00,19676.00,19676.0,3.22,2.00,112.00,114.0,87.6,1,5.19,4432,0.00,4674,50,4,0.00,2.00,2.0,0.00,0.00,0.0,1.00,5928.00,35.6
683,0.00,96.00,96.0,7.92,10.00,647.00,657.0,87.61,2,5.19,4432,0.00,4669,50,4,8.00,2.00,10.0,0.00,0.00,0.0,0.00,31695.00,35.9
