0,0.00,0.00,0.0,2.3,7.00,7.00,14.0,73.12,0,0.61,4276,0.60,3943,49,5,8.00,14.00,22.0,1.00,0.00,1.0,4.00,4894.00,34.4
1,0.00,320.00,320.0,1.9,0.00,0.00,0.0,73.12,0,0.56,4276,0.60,3943,49,5,0.00,0.00,0.0,0.00,0.00,0.0,1.00,5452.00,34.4
2,0.00,96.00,96.0,1.4,0.00,0.00,0.0,73.12,0,0.56,4276,0.60,3943,49,5,0.00,0.00,0.0,0.00,0.00,0.0,0.00,4689.00,34.4
3,0.00,52.00,52.0,1.78,0.00,0.00,0.0,73.13,0,0.56,4276,0.60,3943,49,5,0.00,0.00,0.0,0.00,0.00,0.0,0.00,4961.00,34.3
4,0.00,76.00,76.0,2.04,0.00,0.00,0.0,73.13,0,0.56,4276,0.60,3943,49,5,0.00,0.00,0.0,0.00,0.00,0.0,1.00,5060.00,34.3
5,0.00,48.00,48.0,1.53,4.00,12.00,16.0,73.13,0,0.56,4276,0.60,3943,50,4,0.00,1.00,1.0,4.00,4.00,8.0,0.00,5256.00,34.3
6,0.00,344.00,344.0,1.9,2.00,2.00,4.0,73.13,0,0.51,4276,0.60,3942,49,4,0.00,0.00,0.0,0.00,0.00,0.0,1.00,5151.00,34.4
7,0.00,264.00,264.0,2.16,0.00,0.00,0.0,73.13,1,0.51,4276,0.60,3942,49,4,0.00,1.00,1.0,0.00,0.00,0.0,0.00,4945.00,34.3
8,0.00,268.00,268.0,1.9,0.00,0.00,0.0,73.13,0,0.51,4276,0.60,3942,49,4,0.00,0.00,0.0,0.00,0.00,0.0,0.00,5189.00,34.4
9,0.00,72.00,72.0,14.54,0.00,5.00,5.0,73.15,8,0.51,4276,0.60,3944,49,4,0.00,0.00,0.0,0.00,0.00,0.0,1.00,7435.00,48.3
10,0.00,4.00,4.0,71.7,0.00,120.00,120.0,73.27,15,0.51,4281,0.60,3986,49,4,0.00,0.00,0.0,0.00,0.00,0.0,5.00,72419.00,77.4
11,0.00,672.00,672.0,95.36,0.00,121.00,121.0,73.39,25,1.19,4285,0.60,3995,49,4,0.00,0.00,0.0,0.00,0.00,0.0,5.00,20048.00,87.8
12,0.00,108.00,108.0,95.73,0.00,90.00,90.0,73.48,13,1.19,4291,0.60,4015,49,4,0.00,0.00,0.0,0.00,0.00,0.0,6.00,16490.00,87.7
13,0.00,516.00,516.0,93.12,1.00,143.00,144.0,73.6,16,1.19,4300,0.60,4007,49,4,0.00,0.00,0.0,0.00,0.00,0.0,9.00,23132.00,87.4
14,0.00,280.00,280.0,91.57,0.00,188.00,188.0,73.67,12,1.19,4306,0.60,4037,49,4,0.00,0.00,0.0,0.00,0.00,0.0,7.00,32396.00,86.9
15,0.00,56.00,56.0,83.25,5.00,283.00,288.0,73.68,7,1.19,4324,0.60,4075,49,4,0.00,0.00,0.0,4.00,4.00,8.0,18.00,29595.00,81.6
16,0.00,1552.00,1552.0,26.68,0.00,100.00,100.0,73.72,0,1.5,4324,0.60,4075,49,4,0.00,0.00,0.0,0.00,0.00,0.0,1.00,11300.00,56.5
17,0.00,1588.00,1588.0,59.55,1.00,53.00,54.0,73.77,13,1.5,4325,0.60,4090,49,4,0.00,0.00,0.0,0.00,0.00,0.0,18.00,16374.00,75.5
18,0.00,540.00,540.0,91.89,0.00,405.00,405.0,73.83,15,1.5,4336,0.60,4117,49,4,0.00,0.00,0.0,0.00,0.00,0.0,10.89,35166.34,84.7
19,0.00,172.00,172.0,93.96,0.00,82.00,82.0,73.93,15,1.5,4344,0.60,4138,49,4,0.00,0.00,0.0,0.00,0.00,0.0,10.00,21083.00,84.9
20,0.00,264.00,264.0,91.96,1.00,171.00,172.0,74.0,10,1.5,4345,0.60,4176,49,4,0.00,0.00,0.0,0.00,0.00,0.0,0.00,21330.00,84.8
21,0.00,48.00,48.0,80.28,1.00,101.00,102.0,74.02,16,2.18,4362,0.60,4233,49,4,1.00,1.00,2.0,0.00,0.00,0.0,18.00,38856.00,84.6
22,0.00,916.00,916.0,93.11,1.00,1.00,2.0,74.05,31,2.18,4362,0.60,4221,49,4,1.00,1.00,2.0,0.00,0.00,0.0,1.00,44063.00,84.6
23,0.00,544.00,544.0,93.22,0.00,163.00,163.0,74.09,15,2.18,4363,0.60,4192,49,4,0.00,0.00,0.0,0.00,0.00,0.0,1.00,40712.00,84.5
24,0.00,80.00,80.0,88.23,0.00,160.00,160.0,74.26,10,2.18,4371,0.60,4221,49,4,0.00,0.00,0.0,0.00,0.00,0.0,9.00,27413.00,84.5
25,0.00,256.00,256.0,92.47,0.00,227.00,227.0,74.31,10,2.18,4373,0.60,4220,49,4,0.00,0.00,0.0,0.00,0.00,0.0,2.00,26636.00,84.7
26,0.00,1204.00,1204.0,87.55,0.00,222.00,222.0,74.31,20,2.73,4373,0.60,4250,49,4,0.00,0.00,0.0,0.00,0.00,0.0,2.00,30719.00,84.8
27,0.00,764.00,764.0,92.46,0.00,422.00,422.0,74.37,18,2.73,4374,0.60,4248,49,4,0.00,0.00,0.0,0.00,0.00,0.0,1.98,32880.20,85.2
28,0.00,808.00,808.0,93.06,1.00,363.00,364.0,74.47,8,2.73,4381,0.60,4277,49,4,1.00,1.00,2.0,0.00,0.00,0.0,7.00,21782.00,85.3
29,0.00,476.00,476.0,81.1,0.00,73.00,73.0,74.62,3,2.73,4390,0.60,4297,49,4,0.00,0.00,0.0,0.00,0.00,0.0,11.00,19074.00,84.9
30,0.00,1116.00,1116.0,26.42,0.00,66.00,66.0,74.6,5,2.73,4389,0.60,4288,49,4,0.00,0.00,0.0,0.00,0.00,0.0,0.00,9998.00,59.7
31,0.00,16120.00,16120.0,74.43,0.00,162.00,162.0,74.56,14,2.99,4390,0.60,4281,49,4,0.00,0.00,0.0,0.00,0.00,0.0,3.00,20840.00,82.3
32,0.00,1044.00,1044.0,94.11,0.00,499.00,499.0,74.67,19,2.99,4389,0.60,4288,49,4,0.00,0.00,0.0,0.00,0.00,0.0,0.00,29074.00,82.6
33,0.00,552.00,552.0,95.25,0.00,512.00,512.0,74.64,16,2.99,4394,0.60,4324,49,4,0.00,0.00,0.0,0.00,0.00,0.0,5.00,31983.00,83.0
34,0.00,1048.00,1048.0,88.52,0.00,335.00,335.0,74.7,20,2.99,4401,0.60,4364,49,4,0.00,0.00,0.0,0.00,0.00,0.0,8.00,30383.00,83.5
35,0.00,756.00,756.0,95.0,4.00,182.00,186.0,74.74,14,2.99,4406,0.60,4385,49,4,0.00,0.00,0.0,4.00,4.00,8.0,6.00,26915.00,83.8
36,0.00,320.00,320.0,86.65,0.00,327.00,327.0,74.79,7,3.71,4408,0.60,4412,49,4,0.00,0.00,0.0,0.00,0.00,0.0,4.00,29681.00,83.9
37,0.00,504.00,504.0,94.07,0.00,147.00,147.0,74.93,9,3.71,4414,0.60,4409,49,4,0.00,0.00,0.0,0.00,0.00,0.0,7.00,17619.00,84.1
38,0.00,396.00,396.0,19.29,1.00,14.00,15.0,74.93,0,3.71,4414,0.60,4412,50,5,0.00,1.00,1.0,1.00,1.00,2.0,0.00,6384.00,50.5
39,0.00,208.00,208.0,1.4,1.00,9.00,10.0,74.9,0,3.71,4414,0.60,4412,50,5,0.00,1.00,1.0,0.00,0.00,0.0,1.00,4970.00,34.7
40,0.00,0.00,0.0,1.77,0.00,2.00,2.0,74.8,0,3.71,4414,0.60,4412,50,5,0.00,0.00,0.0,0.00,0.00,0.0,0.00,5547.00,34.6
41,0.00,48.00,48.0,1.9,0.00,0.00,0.0,74.77,0,3.73,4412,0.60,4398,50,5,0.00,0.00,0.0,0.00,0.00,0.0,1.00,5892.00,34.7
42,0.00,3844.00,3844.0,10.27,2.00,132.00,134.0,74.77,0,3.73,4412,0.60,4406,50,4,0.00,2.00,2.0,0.00,0.00,0.0,0.00,8212.00,43.2
43,0.00,372.00,372.0,12.23,2.00,193.00,195.0,74.78,0,3.73,4412,0.60,4406,50,4,0.00,0.00,0.0,0.00,0.00,0.0,0.00,10237.00,43.3
44,0.00,176.00,176.0,4.44,0.00,189.00,189.0,74.78,0,3.73,4411,0.60,4404,50,4,0.00,0.00,0.0,0.00,0.00,0.0,1.00,5875.00,36.4
45,0.00,184.00,184.0,2.81,4.00,133.00,137.0,74.78,0,3.73,4411,0.60,4404,50,4,0.00,0.00,0.0,4.00,4.00,8.0,0.00,6016.00,36.3
46,0.00,272.00,272.0,3.31,1.00,118.00,119.0,74.76,1,3.51,4410,0.60,4390,50,4,0.00,0.00,0.0,0.00,0.00,0.0,1.00,6167.00,36.2
47,0.00,2616.00,2616.0,10.39,0.00,244.00,244.0,74.76,0,3.51,4410,0.60,4390,50,4,0.00,0.00,0.0,0.00,0.00,0.0,0.00,9261.00,43.2
48,0.00,188.00,188.0,2.17,0.00,111.00,111.0,74.76,0,3.51,4410,0.60,4390,50,4,0.00,0.00,0.0,0.00,0.00,0.0,0.00,5513.00,35.3
49,0.00,104.00,104.0,2.66,1.00,98.00,99.0,74.76,0,3.51,4410,0.60,4390,50,4,0.00,0.00,0.0,0.00,0.00,0.0,1.00,5586.00,35.2
50,0.00,0.00,0.0,8.05,0.00,178.00,178.0,74.77,5,3.51,4410,0.60,4390,50,4,0.00,0.00,0.0,0.00,0.00,0.0,0.00,7755.00,43.7
51,0.00,52.00,52.0,15.11,3.00,197.00,200.0,74.81,1,3.39,4410,0.60,4390,50,4,2.00,0.00,2.0,0.00,0.00,0.0,1.00,6081.00,50.4
52,0.00,3400.00,3400.0,4.29,3.00,74.00,77.0,74.82,0,3.39,4410,0.60,4390,50,4,0.00,3.00,3.0,0.00,0.00,0.0,3.00,5684.00,41.6
53,0.00,380.00,380.0,3.17,1.00,128.00,129.0,74.82,0,3.39,4410,0.60,4390,50,4,0.00,1.00,1.0,0.00,0.00,0.0,0.00,5962.00,36.1
54,0.00,148.00,148.0,42.6,0.99,634.65,635.64,74.83,16,3.39,4411,0.60,4392,50,4,0.00,1.00,1.0,0.00,0.00,0.0,2.00,38052.00,66.2
55,0.00,448.00,448.0,86.89,2.00,985.00,987.0,74.85,4,3.39,4412,0.60,4410,50,4,0.00,2.00,2.0,0.00,0.00,0.0,1.00,54553.00,80.8
56,0.00,1544.00,1544.0,64.51,0.00,219.00,219.0,74.86,9,3.6,4413,0.60,4415,50,4,0.00,0.00,0.0,0.00,0.00,0.0,2.00,18916.00,80.6
57,0.00,3188.00,3188.0,94.75,0.00,348.00,348.0,74.96,21,3.6,4414,0.60,4450,50,4,0.00,0.00,0.0,0.00,0.00,0.0,2.00,25502.00,87.3
58,0.00,412.00,412.0,95.48,3.00,144.00,147.0,75.05,13,3.6,4417,0.60,4477,50,4,0.00,3.00,3.0,0.00,0.00,0.0,2.00,25966.00,87.2
59,0.00,368.00,368.0,94.37,0.00,248.00,248.0,75.06,13,3.6,4417,0.60,4489,50,4,0.00,0.00,0.0,0.00,0.00,0.0,1.00,30021.00,86.9
60,0.00,0.00,0.0,90.66,0.00,474.00,474.0,75.23,14,3.6,4420,0.60,4510,50,4,0.00,0.00,0.0,0.00,0.00,0.0,3.00,28945.00,86.8
61,0.00,436.00,436.0,85.62,0.00,2.00,2.0,75.3,25,3.95,4433,0.60,4577,50,4,0.00,0.00,0.0,0.00,0.00,0.0,14.00,32434.00,86.6
62,0.00,17348.00,17348.0,89.7,0.00,55.00,55.0,75.34,22,3.95,4435,0.60,4564,50,4,0.00,0.00,0.0,0.00,0.00,0.0,2.00,75137.00,86.3
63,0.00,780.00,780.0,91.25,0.00,256.00,256.0,75.4,29,3.95,4437,0.60,4564,50,4,0.00,0.00,0.0,0.00,0.00,0.0,2.00,69550.00,86.2
64,0.00,336.00,336.0,89.89,0.00,128.00,128.0,75.43,28,3.95,4443,0.60,4537,50,4,0.00,0.00,0.0,0.00,0.00,0.0,8.00,57693.00,86.0
65,0.00,284.00,284.0,96.62,5.00,441.00,446.0,75.37,9,3.95,4442,0.60,4533,50,4,0.00,1.00,1.0,4.00,4.00,8.0,0.00,21035.00,85.9
66,0.00,244.00,244.0,90.03,2.00,708.00,710.0,75.46,26,5.4,4448,0.60,4519,50,4,0.00,2.00,2.0,0.00,0.00,0.0,9.00,42158.00,85.7
67,0.00,1312.00,1312.0,89.87,0.00,823.00,823.0,75.42,8,5.4,4450,0.60,4533,50,4,0.00,0.00,0.0,0.00,0.00,0.0,2.00,44939.00,85.6
68,0.00,888.00,888.0,91.21,0.00,333.00,333.0,75.46,38,5.4,4450,0.60,4549,50,4,0.00,0.00,0.0,0.00,0.00,0.0,0.00,72475.00,85.6
69,0.00,196.00,196.0,94.87,0.00,208.00,208.0,75.51,11,5.4,4450,0.60,4549,50,4,0.00,0.00,0.0,0.00,0.00,0.0,1.00,30596.00,85.6
70,0.00,0.00,0.0,89.22,0.00,70.00,70.0,75.51,50,5.4,4453,0.60,4572,50,4,0.00,0.00,0.0,0.00,0.00,0.0,4.00,71114.00,85.7
71,0.00,228.00,228.0,88.08,0.00,0.00,0.0,75.52,37,7.13,4453,0.60,4555,50,4,0.00,0.00,0.0,0.00,0.00,0.0,2.00,84380.00,85.7
72,0.00,1636.00,1636.0,88.78,1.00,73.00,74.0,75.54,32,7.13,4454,0.60,4559,50,4,0.00,0.00,0.0,0.00,0.00,0.0,2.00,85547.00,85.5
73,4.00,564.00,568.0,90.38,0.00,72.00,72.0,75.56,39,7.13,4453,0.60,4554,50,4,0.00,0.00,0.0,0.00,0.00,0.0,0.00,84974.00,85.2
74,0.00,956.00,956.0,89.84,0.00,220.00,220.0,75.61,28,7.13,4454,0.60,4515,50,4,0.00,0.00,0.0,0.00,0.00,0.0,2.00,72105.00,85.1
75,0.00,280.00,280.0,90.85,4.00,531.00,535.0,75.68,19,7.13,4454,0.60,4534,50,4,0.00,0.00,0.0,4.00,4.00,8.0,2.00,63784.00,85.0
76,0.00,608.00,608.0,89.72,3.00,416.00,419.0,75.7,22,8.8,4455,0.60,4538,50,4,0.00,1.00,1.0,0.00,0.00,0.0,2.00,70521.00,84.9
77,0.00,980.00,980.0,94.62,0.00,396.00,396.0,75.75,30,8.8,4463,0.60,4538,50,4,0.00,0.00,0.0,0.00,0.00,0.0,13.00,39313.00,84.8
78,0.00,924.00,924.0,93.75,0.00,598.00,598.0,75.7,23,8.8,4457,0.60,4544,50,4,0.00,0.00,0.0,0.00,0.00,0.0,8.00,42039.00,84.9
79,0.00,820.00,820.0,92.12,1.00,442.00,443.0,75.73,50,8.8,4458,0.60,4550,50,4,0.00,0.00,0.0,0.00,0.00,0.0,2.00,59863.00,85.1
80,0.00,819.80,819.8,92.63,0.00,471.00,471.0,75.76,51,8.8,4458,0.60,4554,50,4,0.00,0.00,0.0,0.00,0.00,0.0,1.00,58280.00,85.0
81,0.00,76.00,76.0,92.24,0.00,333.00,333.0,75.77,53,12.26,4458,0.60,4572,50,4,0.00,0.00,0.0,0.00,0.00,0.0,1.00,55753.00,84.9
82,0.00,2220.00,2220.0,92.88,0.00,364.00,364.0,75.82,45,12.26,4458,0.60,4540,50,4,0.00,0.00,0.0,0.00,0.00,0.0,2.00,49869.00,85.0
83,0.00,1136.00,1136.0,92.88,1.00,632.00,633.0,75.86,54,12.26,4459,0.60,4542,49,5,0.00,0.00,0.0,1.00,0.00,1.0,0.99,43788.12,84.8
84,0.00,404.00,404.0,94.62,0.00,623.00,623.0,75.91,43,12.26,4459,0.60,4550,49,5,0.00,0.00,0.0,0.00,0.00,0.0,1.00,43696.00,84.8
85,0.00,364.00,364.0,94.99,5.00,653.00,658.0,75.98,38,12.26,4460,0.60,4545,49,6,0.00,0.00,0.0,5.00,5.00,10.0,1.00,35803.00,84.8
86,0.00,972.00,972.0,93.26,1.00,690.00,691.0,75.97,23,14.56,4459,0.60,4533,49,6,1.00,1.00,2.0,0.00,0.00,0.0,1.00,46374.00,84.8
87,0.00,840.00,840.0,89.38,0.00,506.00,506.0,76.0,9,14.56,4458,0.60,4535,49,6,0.00,0.00,0.0,0.00,0.00,0.0,0.00,39996.00,84.8
88,0.00,8200.00,8200.0,14.81,0.00,47.00,47.0,75.87,0,14.56,4455,0.60,4521,50,5,0.00,1.00,1.0,0.00,0.00,0.0,0.00,7126.00,41.3
89,0.00,264.00,264.0,3.05,0.00,108.00,108.0,75.87,0,14.56,4454,0.60,4527,50,4,0.00,0.00,0.0,0.00,0.00,0.0,1.00,5397.00,41.1
90,0.00,16.00,16.0,2.29,0.00,68.00,68.0,75.87,0,14.56,4453,0.60,4513,50,4,0.00,0.00,0.0,0.00,0.00,0.0,0.00,5189.00,34.9
91,0.00,244.00,244.0,2.54,1.00,91.00,92.0,75.84,0,13.4,4452,0.60,4509,49,5,0.00,0.00,0.0,1.00,0.00,1.0,1.00,5536.00,35.0
92,0.00,156.00,156.0,7.65,0.00,191.00,191.0,75.84,5,13.4,4451,0.60,4496,49,5,0.00,0.00,0.0,0.00,0.00,0.0,0.00,8737.00,44.3
93,0.00,36008.00,36008.0,13.08,0.00,251.00,251.0,75.84,0,13.4,4450,0.60,4491,49,5,0.00,0.00,0.0,0.00,0.00,0.0,0.00,7656.00,44.5
94,0.00,48.00,48.0,2.04,0.00,86.00,86.0,75.84,0,13.4,4450,0.60,4491,49,5,0.00,0.00,0.0,0.00,0.00,0.0,1.00,4953.00,35.2
95,0.00,56.00,56.0,3.28,0.00,109.00,109.0,75.84,2,13.4,4448,0.60,4481,49,5,0.00,0.00,0.0,0.00,0.00,0.0,0.00,5546.00,35.2
96,0.00,84.00,84.0,6.5,2.00,231.00,233.0,75.84,0,12.4,4448,0.60,4481,49,5,0.00,1.00,1.0,1.00,0.00,1.0,1.00,8299.00,35.7
97,0.00,432.00,432.0,2.8,0.00,122.00,122.0,75.84,0,12.4,4448,0.60,4481,49,5,0.00,0.00,0.0,0.00,0.00,0.0,0.00,5416.00,35.7
98,0.00,2340.00,2340.0,1.41,0.00,95.00,95.0,75.84,0,12.4,4448,0.60,4481,49,5,0.00,0.00,0.0,0.00,0.00,0.0,0.00,5509.00,35.5
99,0.00,428.00,428.0,4.94,0.00,220.00,220.0,75.85,1,12.4,4448,0.60,4481,49,5,0.00,0.00,0.0,0.00,0.00,0.0,1.00,7568.00,36.0
100,0.00,0.00,0.0,5.3,0.00,169.00,169.0,75.85,0,12.4,4448,0.60,4481,49,5,0.00,0.00,0.0,0.00,0.00,0.0,0.00,6366.00,36.1
101,0.00,60.00,60.0,2.4,0.00,91.00,91.0,75.85,0,11.41,4448,0.60,4481,49,5,0.00,0.00,0.0,0.00,0.00,0.0,1.00,5886.00,36.0
102,0.00,192.00,192.0,11.13,2.00,302.00,304.0,75.85,0,11.41,4449,0.60,4479,49,4,0.00,1.00,1.0,0.00,0.00,0.0,1.00,17814.00,46.1
103,0.00,2388.00,2388.0,70.38,2.00,1375.00,1377.0,75.88,16,11.41,4451,0.60,4477,49,4,2.00,0.00,2.0,0.00,0.00,0.0,2.00,71753.00,76.8
104,0.00,72.00,72.0,91.24,0.00,706.00,706.0,75.92,42,11.41,4456,0.60,4494,49,4,0.00,0.00,0.0,0.00,0.00,0.0,6.00,63348.00,85.2
105,0.00,84.00,84.0,92.12,5.00,549.00,554.0,75.93,46,11.41,4457,0.60,4492,49,4,0.00,0.00,0.0,4.00,4.00,8.0,1.00,67563.00,85.0
106,0.00,104.00,104.0,89.76,0.00,353.00,353.0,75.98,43,15.06,4457,0.60,4493,49,4,0.00,0.00,0.0,0.00,0.00,0.0,1.00,66056.00,85.0
107,0.00,340.00,340.0,91.88,0.00,481.00,481.0,75.98,43,15.06,4457,0.60,4515,49,4,0.00,0.00,0.0,0.00,0.00,0.0,0.00,64421.00,85.1
108,0.00,4040.00,4040.0,89.62,1.00,442.00,443.0,76.0,33,15.06,4457,0.60,4506,49,4,0.00,0.00,0.0,0.00,0.00,0.0,0.00,84946.00,84.9
109,0.00,88.00,88.0,92.37,1.00,635.00,636.0,76.02,44,15.06,4456,0.60,4493,49,4,0.00,0.00,0.0,0.00,0.00,0.0,2.00,64940.00,84.8
110,0.00,4.00,4.0,90.89,0.00,641.00,641.0,76.04,35,15.06,4456,0.60,4501,49,4,0.00,0.00,0.0,0.00,0.00,0.0,0.00,77657.00,84.6
111,0.00,60.00,60.0,90.25,1.00,316.00,317.0,76.08,28,16.82,4457,0.60,4516,49,4,0.00,0.00,0.0,0.00,0.00,0.0,2.00,82087.00,84.5
112,0.00,388.00,388.0,87.73,0.00,235.00,235.0,76.11,36,16.82,4456,0.60,4525,49,4,0.00,0.00,0.0,0.00,0.00,0.0,3.00,101684.00,84.4
113,0.00,636.00,636.0,89.36,0.00,200.00,200.0,76.12,32,16.82,4456,0.60,4544,49,4,0.00,0.00,0.0,0.00,0.00,0.0,1.00,96039.00,84.3
114,0.00,3096.00,3096.0,89.12,0.00,213.00,213.0,76.17,40,16.82,4457,0.60,4526,49,4,0.00,0.00,0.0,0.00,0.00,0.0,6.00,91719.00,84.2
115,0.00,68.00,68.0,88.25,4.00,272.00,276.0,76.18,36,16.82,4458,0.60,4549,49,4,0.00,0.00,0.0,4.00,4.00,8.0,2.00,90119.00,84.2
116,0.00,122.77,122.77,89.21,1.00,427.00,428.0,76.16,35,18.03,4459,0.60,4516,49,4,0.00,0.00,0.0,0.00,0.00,0.0,1.00,81063.00,84.2
117,0.00,524.00,524.0,94.87,0.00,528.00,528.0,76.18,34,18.03,4460,0.60,4517,49,4,0.00,0.00,0.0,0.00,0.00,0.0,2.00,45698.00,84.5
118,0.00,876.00,876.0,89.14,0.00,550.00,550.0,76.18,34,18.03,4461,0.60,4529,49,4,0.00,0.00,0.0,0.00,0.00,0.0,2.00,73864.00,84.4
119,0.00,2148.00,2148.0,91.51,3.00,488.00,491.0,76.18,48,18.03,4461,0.60,4525,50,5,0.00,3.00,3.0,1.00,1.00,2.0,2.00,54747.00,84.3
120,0.00,256.00,256.0,93.73,3.00,481.00,484.0,76.2,34,18.03,4461,0.60,4514,50,5,1.00,3.00,4.0,0.00,0.00,0.0,1.00,55361.00,84.3
121,0.00,508.00,508.0,92.12,2.00,737.00,739.0,76.25,47,18.83,4460,0.60,4506,50,5,0.00,2.00,2.0,0.00,0.00,0.0,1.00,50064.00,84.2
122,0.00,392.00,392.0,92.5,2.00,596.00,598.0,76.24,43,18.83,4462,0.60,4518,50,5,0.00,2.00,2.0,0.00,0.00,0.0,3.00,61791.00,84.2
123,0.00,536.00,536.0,90.51,1.00,657.00,658.0,76.26,46,18.83,4461,0.60,4502,50,4,0.00,1.00,1.0,0.00,0.00,0.0,0.00,65371.00,84.3
124,0.00,14968.00,14968.0,94.12,0.00,737.00,737.0,76.28,39,18.83,4460,0.60,4499,50,4,0.00,0.00,0.0,0.00,0.00,0.0,1.00,49834.00,84.4
125,0.00,136.00,136.0,94.37,4.00,796.00,800.0,76.32,26,18.83,4460,0.60,4500,50,4,0.00,0.00,0.0,4.00,4.00,8.0,1.00,45833.00,84.4
126,0.00,352.00,352.0,73.81,1.00,519.00,520.0,76.3,2,18.04,4460,0.60,4513,50,4,0.00,1.00,1.0,0.00,0.00,0.0,0.00,33557.00,76.4
127,0.00,232.00,232.0,2.41,0.00,114.00,114.0,76.31,1,18.04,4458,0.60,4511,50,4,0.00,0.00,0.0,0.00,0.00,0.0,1.00,6138.00,39.1
128,0.00,488.00,488.0,1.78,0.00,95.00,95.0,76.31,1,18.04,4457,0.60,4499,50,4,0.00,0.00,0.0,0.00,0.00,0.0,0.00,5639.00,38.6
129,0.00,120.00,120.0,14.12,2.00,165.00,167.0,76.31,1,18.04,4455,0.60,4487,50,4,0.00,2.00,2.0,0.00,0.00,0.0,1.00,7416.00,51.4
130,0.00,0.00,0.0,13.69,2.00,201.00,203.0,76.34,1,18.04,4453,0.60,4481,50,4,0.00,2.00,2.0,0.00,0.00,0.0,0.00,7672.00,44.9
131,0.00,64.00,64.0,3.16,0.00,114.00,114.0,76.34,1,16.68,4452,0.60,4479,50,4,0.00,0.00,0.0,0.00,0.00,0.0,0.00,5970.00,44.3
132,0.00,216.00,216.0,3.43,1.00,93.00,94.0,76.34,1,16.68,4451,0.60,4477,50,4,0.00,0.00,0.0,0.00,0.00,0.0,1.00,6845.00,35.6
133,0.00,284.00,284.0,11.11,0.00,175.00,175.0,76.34,1,16.68,4450,0.60,4475,50,4,0.00,0.00,0.0,0.00,0.00,0.0,0.00,7739.00,51.6
134,0.00,30648.00,30648.0,8.87,4.00,152.00,156.0,76.34,1,16.68,4448,0.60,4471,50,4,0.00,3.00,3.0,0.00,0.00,0.0,1.00,6711.00,43.4
135,0.00,64.00,64.0,2.53,6.00,130.00,136.0,76.32,1,16.68,4448,0.60,4471,50,4,0.00,1.00,1.0,4.00,4.00,8.0,0.00,5903.00,35.3
136,0.00,116.00,116.0,5.96,2.00,146.00,148.0,76.32,1,15.42,4448,0.60,4471,50,4,0.00,2.00,2.0,0.00,0.00,0.0,0.00,7119.00,40.8
137,0.00,756.00,756.0,3.8,1.00,168.00,169.0,76.33,1,15.42,4448,0.60,4471,50,4,0.00,1.00,1.0,0.00,0.00,0.0,1.00,7068.00,40.2
138,0.00,576.00,576.0,8.46,3.00,356.00,359.0,76.33,4,15.42,4450,0.60,4473,50,4,0.00,2.00,2.0,0.00,0.00,0.0,18.00,23090.00,40.5
139,0.00,3692.00,3692.0,53.32,0.99,556.44,557.4300000000001,76.35,11,15.42,4457,0.60,4481,49,4,0.00,0.00,0.0,0.00,0.00,0.0,8.00,50816.00,77.1
140,0.00,488.00,488.0,92.12,6.00,886.00,892.0,76.37,15,15.42,4457,0.60,4475,49,4,6.00,0.00,6.0,0.00,0.00,0.0,0.00,61164.00,82.3
141,0.00,68.00,68.0,89.12,2.00,903.00,905.0,76.43,29,16.67,4458,0.60,4494,49,4,2.00,0.00,2.0,0.00,0.00,0.0,0.99,84997.03,82.5
142,0.00,1472.00,1472.0,87.73,0.00,706.00,706.0,76.46,38,16.67,4458,0.60,4492,49,4,0.00,0.00,0.0,0.00,0.00,0.0,1.00,91492.00,82.7
143,0.00,1504.00,1504.0,89.5,0.00,583.00,583.0,76.52,57,16.67,4458,0.60,4508,49,4,0.00,0.00,0.0,0.00,0.00,0.0,0.00,82883.00,82.8
144,0.00,2780.00,2780.0,90.01,0.00,328.00,328.0,76.58,36,16.67,4456,0.60,4506,49,4,0.00,0.00,0.0,0.00,0.00,0.0,2.00,77015.00,82.9
145,0.00,84.00,84.0,88.0,0.00,572.00,572.0,76.6,36,16.67,4459,0.60,4502,49,4,0.00,0.00,0.0,0.00,0.00,0.0,3.00,96366.00,83.0
146,0.00,600.00,600.0,90.61,0.00,780.00,780.0,76.57,35,17.9,4460,0.60,4509,49,4,0.00,0.00,0.0,0.00,0.00,0.0,2.00,78123.00,83.1
147,0.00,872.00,872.0,90.21,0.00,746.00,746.0,76.59,35,17.9,4462,0.60,4511,49,4,0.00,0.00,0.0,0.00,0.00,0.0,3.00,93365.00,83.2
148,0.00,316.00,316.0,90.49,0.00,481.00,481.0,76.61,53,17.9,4460,0.60,4513,49,4,0.00,0.00,0.0,0.00,0.00,0.0,0.00,91194.00,83.3
149,0.00,5652.00,5652.0,88.14,0.00,278.00,278.0,76.65,32,17.9,4460,0.60,4535,49,4,0.00,0.00,0.0,0.00,0.00,0.0,3.00,90660.00,83.3
150,0.00,432.00,432.0,90.25,0.00,431.00,431.0,76.7,45,17.9,4460,0.60,4532,49,4,0.00,0.00,0.0,0.00,0.00,0.0,1.00,85009.00,83.6
151,0.00,440.00,440.0,89.26,0.00,269.00,269.0,76.72,53,19.83,4461,0.60,4510,49,4,0.00,0.00,0.0,0.00,0.00,0.0,3.00,92482.00,83.8
152,0.00,108.00,108.0,92.24,0.00,412.00,412.0,76.73,34,19.83,4462,0.60,4493,49,4,0.00,0.00,0.0,0.00,0.00,0.0,1.00,65643.00,84.0
153,0.00,1284.00,1284.0,91.73,0.00,546.00,546.0,76.75,25,19.83,4464,0.60,4511,49,4,0.00,0.00,0.0,0.00,0.00,0.0,2.00,65671.00,84.2
154,0.00,96.00,96.0,90.5,2.00,543.00,545.0,76.78,31,19.83,4464,0.60,4505,50,5,0.00,2.00,2.0,1.00,1.00,2.0,1.00,73268.00,84.2
155,0.00,14936.00,14936.0,91.09,4.00,709.00,713.0,76.76,32,19.83,4461,0.60,4513,50,5,0.00,0.00,0.0,4.00,4.00,8.0,0.00,60787.00,84.3
156,0.00,300.00,300.0,90.38,0.00,751.00,751.0,76.79,40,20.4,4461,0.60,4519,50,5,0.00,0.00,0.0,0.00,0.00,0.0,2.00,72851.00,84.2
157,0.00,300.00,300.0,92.23,3.00,576.00,579.0,76.89,34,20.4,4462,0.60,4511,50,5,0.00,3.00,3.0,0.00,0.00,0.0,3.00,60324.00,84.2
158,0.00,332.00,332.0,92.74,1.00,921.00,922.0,76.86,21,20.4,4461,0.60,4516,50,4,0.00,1.00,1.0,0.00,0.00,0.0,0.00,50445.00,84.3
159,0.00,592.00,592.0,93.09,2.00,732.00,734.0,76.89,9,20.4,4461,0.60,4515,50,4,0.00,2.00,2.0,0.00,0.00,0.0,3.00,45035.00,84.2
160,0.00,16.00,16.0,30.56,0.00,168.00,168.0,76.9,1,20.4,4461,0.60,4518,50,4,0.00,0.00,0.0,0.00,0.00,0.0,0.00,8943.00,59.8
161,0.00,32.00,32.0,5.93,1.00,144.00,145.0,76.83,0,18.77,4461,0.60,4512,50,4,0.00,0.00,0.0,0.00,0.00,0.0,0.00,7137.00,42.9
162,0.00,96.00,96.0,4.29,2.00,176.00,178.0,76.78,0,18.77,4458,0.60,4499,50,4,0.00,2.00,2.0,0.00,0.00,0.0,1.00,7202.00,36.2
163,0.00,364.00,364.0,3.17,0.00,147.00,147.0,76.78,0,18.77,4457,0.60,4492,50,4,0.00,0.00,0.0,0.00,0.00,0.0,0.00,7019.00,36.1
164,0.00,44.00,44.0,3.03,1.00,115.00,116.0,76.78,0,18.77,4454,0.60,4486,50,4,0.00,0.00,0.0,0.00,0.00,0.0,1.00,5834.00,35.9
165,0.00,796.00,796.0,4.31,7.00,175.00,182.0,76.78,1,18.77,4454,0.60,4486,50,4,0.00,3.00,3.0,4.00,4.00,8.0,0.00,6845.00,36.1
166,0.00,52.00,52.0,2.93,3.00,150.00,153.0,76.78,0,17.27,4451,0.60,4474,50,4,2.00,0.00,2.0,0.00,0.00,0.0,0.00,6293.00,36.1
167,0.00,40.00,40.0,3.42,1.00,125.00,126.0,76.79,0,17.27,4450,0.60,4472,50,4,0.00,0.00,0.0,0.00,0.00,0.0,1.00,6136.00,36.0
168,0.00,280.00,280.0,8.49,1.00,392.00,393.0,76.79,0,17.27,4452,0.60,4470,50,4,0.00,1.00,1.0,0.00,0.00,0.0,2.00,20715.00,42.0
169,0.00,36.00,36.0,51.34,0.00,621.00,621.0,76.8,1,17.27,4457,0.60,4490,50,4,0.00,0.00,0.0,0.00,0.00,0.0,7.00,66723.00,71.7
170,0.00,33456.00,33456.0,38.97,0.00,506.00,506.0,76.82,9,17.27,4458,0.60,4494,50,4,0.00,0.00,0.0,0.00,0.00,0.0,1.00,73043.00,71.5
171,0.00,424.00,424.0,54.72,1.00,438.00,439.0,76.88,2,16.2,4459,0.60,4493,50,4,0.00,0.00,0.0,0.00,0.00,0.0,1.00,78070.00,72.0
172,0.00,124.00,124.0,61.46,0.00,1015.00,1015.0,76.91,26,16.2,4463,0.60,4492,50,4,0.00,0.00,0.0,0.00,0.00,0.0,8.00,77637.00,72.4
173,0.00,876.00,876.0,89.6,0.00,1076.00,1076.0,76.91,30,16.2,4464,0.60,4485,50,4,0.00,0.00,0.0,0.00,0.00,0.0,2.00,85783.00,83.5
174,0.00,304.00,304.0,89.14,0.00,1013.00,1013.0,76.93,40,16.2,4466,0.60,4499,50,4,0.00,0.00,0.0,0.00,0.00,0.0,7.00,87475.00,83.5
175,0.00,4720.00,4720.0,88.25,7.00,913.00,920.0,76.95,34,16.2,4465,0.60,4494,50,4,0.00,3.00,3.0,4.00,4.00,8.0,0.00,93080.00,83.5
176,0.00,68.00,68.0,84.42,2.00,781.00,783.0,76.98,22,16.59,4465,0.60,4501,50,4,0.00,1.00,1.0,0.00,0.00,0.0,0.99,128370.30,83.6
177,0.00,80.00,80.0,84.69,0.00,749.00,749.0,77.0,19,16.59,4464,0.60,4495,50,4,0.00,0.00,0.0,0.00,0.00,0.0,1.00,119973.00,83.8
178,0.00,392.08,392.08,82.62,0.00,659.00,659.0,77.04,26,16.59,4462,0.60,4509,50,4,0.00,0.00,0.0,0.00,0.00,0.0,1.00,131672.00,83.7
179,0.00,896.00,896.0,84.73,0.00,580.00,580.0,77.06,41,16.59,4461,0.60,4508,50,4,0.00,0.00,0.0,0.00,0.00,0.0,3.00,123141.00,83.6
180,0.00,6056.00,6056.0,86.97,0.00,672.00,672.0,77.1,25,16.59,4463,0.60,4491,50,4,0.00,0.00,0.0,0.00,0.00,0.0,1.00,102549.00,83.6
181,0.00,648.00,648.0,88.64,0.00,886.00,886.0,77.12,33,17.66,4465,0.60,4494,50,4,0.00,0.00,0.0,0.00,0.00,0.0,2.00,86643.00,83.5
182,0.00,752.00,752.0,91.75,0.00,866.00,866.0,77.11,40,17.66,4464,0.60,4498,50,4,0.00,0.00,0.0,0.00,0.00,0.0,1.00,65903.00,83.5
183,0.00,120.00,120.0,88.97,2.00,874.00,876.0,77.2,14,17.66,4464,0.60,4493,50,4,0.00,2.00,2.0,0.00,0.00,0.0,1.00,74862.00,83.5
184,0.00,384.00,384.0,81.05,0.00,1021.00,1021.0,77.21,14,17.66,4460,0.60,4493,50,4,0.00,0.00,0.0,0.00,0.00,0.0,1.00,55765.00,83.3
185,0.00,3804.00,3804.0,32.16,4.00,383.00,387.0,77.21,1,17.66,4459,0.60,4499,50,4,0.00,0.00,0.0,4.00,4.00,8.0,0.00,20523.00,59.2
186,0.00,80.00,80.0,7.07,2.00,103.00,105.0,77.21,1,16.25,4458,0.60,4496,50,4,0.00,2.00,2.0,0.00,0.00,0.0,0.00,5776.00,40.0
187,0.00,64.00,64.0,4.7,2.00,174.00,176.0,77.18,1,16.25,4457,0.60,4493,50,4,0.00,2.00,2.0,0.00,0.00,0.0,1.00,6859.00,40.0
188,0.00,544.00,544.0,3.05,4.00,153.00,157.0,77.18,1,16.25,4456,0.60,4480,49,5,2.00,0.00,2.0,1.00,1.00,2.0,0.00,7114.00,39.6
189,0.00,64.00,64.0,2.3,0.00,96.00,96.0,77.18,1,16.25,4454,0.60,4472,49,5,0.00,0.00,0.0,0.00,0.00,0.0,1.00,5785.00,39.0
190,0.00,16508.00,16508.0,6.69,1.00,308.00,309.0,77.18,1,16.25,4455,0.60,4470,49,5,0.00,0.00,0.0,0.00,0.00,0.0,3.00,20464.00,39.6
191,0.00,44.00,44.0,27.27,0.00,556.00,556.0,77.19,13,15.27,4459,0.60,4484,49,5,0.00,0.00,0.0,0.00,0.00,0.0,6.00,53948.00,61.6
192,0.00,80.00,80.0,30.3,0.00,496.00,496.0,77.2,8,15.27,4460,0.60,4498,49,4,0.00,0.00,0.0,0.00,0.00,0.0,2.00,94673.00,54.6
193,0.00,348.00,348.0,33.55,2.00,372.00,374.0,77.21,1,15.27,4462,0.60,4498,49,4,1.00,1.00,2.0,0.00,0.00,0.0,3.00,83915.00,61.8
194,0.00,952.00,952.0,35.14,1.00,483.00,484.0,77.22,5,15.27,4465,0.60,4506,49,4,0.00,0.00,0.0,0.00,0.00,0.0,5.00,48748.00,62.2
195,0.00,912.00,912.0,35.05,6.00,577.00,583.0,77.29,3,15.27,4467,0.60,4512,49,4,1.00,1.00,2.0,4.00,4.00,8.0,2.00,33281.00,62.0
196,0.00,92.00,92.0,15.25,1.00,322.00,323.0,77.25,1,14.2,4467,0.60,4514,49,4,0.00,0.00,0.0,0.00,0.00,0.0,0.00,12537.00,46.9
197,0.00,764.00,764.0,2.04,0.00,79.00,79.0,77.26,1,14.2,4467,0.60,4514,49,4,0.00,0.00,0.0,0.00,0.00,0.0,1.00,5664.00,35.6
198,0.00,392.00,392.0,5.03,0.00,192.00,192.0,77.27,1,14.2,4466,0.60,4512,49,4,0.00,0.00,0.0,0.00,0.00,0.0,16.00,13821.00,35.9
199,0.00,344.00,344.0,20.64,0.00,871.00,871.0,77.27,7,14.2,4465,0.60,4507,49,4,0.00,0.00,0.0,0.00,0.00,0.0,1.00,58355.00,56.9
200,0.00,708.00,708.0,61.59,2.00,1136.00,1138.0,77.29,15,14.2,4465,0.60,4504,49,4,2.00,0.00,2.0,0.00,0.00,0.0,0.00,103527.00,74.4
201,0.00,28516.00,28516.0,82.47,2.00,834.00,836.0,77.46,13,13.95,4465,0.60,4502,49,4,2.00,1.00,3.0,0.00,0.00,0.0,2.00,96666.00,83.5
202,0.00,728.00,728.0,73.66,0.00,612.00,612.0,77.48,17,13.95,4466,0.60,4515,49,4,0.00,0.00,0.0,0.00,0.00,0.0,2.00,162231.00,83.3
203,0.00,1864.00,1864.0,73.27,0.00,1174.00,1174.0,77.5,24,13.95,4466,0.60,4497,49,4,0.00,0.00,0.0,0.00,0.00,0.0,0.00,110597.00,83.0
204,0.00,108.00,108.0,85.61,0.00,873.00,873.0,77.52,34,13.95,4465,0.60,4496,49,4,0.00,0.00,0.0,0.00,0.00,0.0,3.00,100422.00,83.0
205,0.00,80.00,80.0,87.62,0.00,1082.00,1082.0,77.61,22,13.95,4465,0.60,4492,49,4,0.00,0.00,0.0,0.00,0.00,0.0,2.00,95171.00,83.1
206,0.00,19424.00,19424.0,83.29,0.00,1120.00,1120.0,77.62,22,15.95,4465,0.60,4500,49,4,0.00,0.00,0.0,0.00,0.00,0.0,1.98,103513.86,83.1
207,0.00,372.00,372.0,84.87,0.00,787.00,787.0,77.63,13,15.95,4465,0.60,4503,49,4,0.00,0.00,0.0,0.00,0.00,0.0,2.00,120049.00,83.1
208,0.00,556.00,556.0,68.14,0.00,637.00,637.0,77.65,2,15.95,4465,0.60,4497,49,4,0.00,0.00,0.0,0.00,0.00,0.0,0.00,57869.00,76.5
209,0.00,320.00,320.0,54.72,0.00,1133.00,1133.0,77.67,9,15.95,4467,0.60,4508,49,4,0.00,0.00,0.0,0.00,0.00,0.0,4.00,92248.00,76.3
210,0.00,436.00,436.0,59.57,2.00,1139.00,1141.0,77.72,11,15.95,4467,0.60,4504,49,4,2.00,1.00,3.0,0.00,0.00,0.0,1.00,67567.00,76.2
211,0.00,8648.00,8648.0,39.97,0.00,542.00,542.0,77.68,0,15.4,4467,0.60,4512,49,4,0.00,0.00,0.0,0.00,0.00,0.0,0.00,87608.00,59.8
212,0.00,116.00,116.0,25.63,0.00,425.00,425.0,77.66,2,15.4,4467,0.60,4510,49,4,0.00,0.00,0.0,0.00,0.00,0.0,1.00,91500.00,59.5
213,0.00,1188.00,1188.0,21.97,0.00,570.00,570.0,77.67,0,15.4,4467,0.60,4510,49,4,0.00,0.00,0.0,0.00,0.00,0.0,0.00,43484.00,50.4
214,0.00,272.00,272.0,22.19,0.00,594.00,594.0,77.67,1,15.4,4466,0.60,4507,49,4,0.00,0.00,0.0,0.00,0.00,0.0,1.00,30108.00,58.9
215,0.00,52.00,52.0,11.19,4.00,190.00,194.0,77.63,0,15.4,4464,0.60,4507,49,4,0.00,0.00,0.0,4.00,4.00,8.0,0.00,10611.00,47.8
216,0.00,2376.00,2376.0,1.78,0.00,104.00,104.0,77.63,9,14.16,4464,0.60,4507,49,4,0.00,0.00,0.0,0.00,0.00,0.0,0.00,5480.00,35.9
217,0.00,72.00,72.0,7.5,0.00,170.00,170.0,77.64,1,14.16,4462,0.60,4502,49,4,0.00,0.00,0.0,0.00,0.00,0.0,1.00,7068.00,44.0
218,0.00,20.00,20.0,7.8,0.00,187.00,187.0,77.64,2,14.16,4460,0.60,4495,49,4,0.00,0.00,0.0,0.00,0.00,0.0,0.00,6307.00,43.5
219,0.00,628.00,628.0,3.18,0.00,176.00,176.0,77.64,0,14.16,4458,0.60,4486,49,4,0.00,0.00,0.0,0.00,0.00,0.0,2.00,10397.00,37.0
220,0.00,4.00,4.0,14.43,1.00,540.00,541.0,77.64,2,14.16,4458,0.60,4487,49,4,0.00,0.00,0.0,0.00,0.00,0.0,2.00,49761.00,49.8
221,0.00,15548.00,15548.0,62.47,0.00,1088.00,1088.0,77.75,4,13.59,4457,0.60,4476,49,4,0.00,0.00,0.0,0.00,0.00,0.0,0.00,74645.00,77.0
222,0.00,372.00,372.0,69.29,0.00,1012.00,1012.0,77.82,14,13.59,4459,0.60,4492,49,4,0.00,0.00,0.0,0.00,0.00,0.0,3.00,136072.00,77.5
223,0.00,500.00,500.0,49.75,2.00,876.00,878.0,77.84,8,13.59,4461,0.60,4496,49,4,0.00,0.00,0.0,0.00,0.00,0.0,2.00,159185.00,72.0
224,0.00,348.00,348.0,66.79,2.00,1209.00,1211.0,77.87,13,13.59,4464,0.60,4485,50,5,0.00,2.00,2.0,1.00,1.00,2.0,4.00,137954.00,79.7
225,0.00,364.00,364.0,83.92,4.00,1274.00,1278.0,77.81,26,13.59,4466,0.60,4491,50,5,0.00,0.00,0.0,4.00,4.00,8.0,2.00,107502.00,80.1
226,0.00,3316.00,3316.0,83.62,1.00,990.00,991.0,77.82,5,15.22,4466,0.60,4487,50,5,0.00,0.00,0.0,0.00,0.00,0.0,1.00,90499.00,80.4
227,0.00,460.00,460.0,70.3,0.00,1211.00,1211.0,77.84,16,15.22,4467,0.60,4489,50,5,0.00,0.00,0.0,0.00,0.00,0.0,2.00,121933.00,80.4
228,0.00,56.00,56.0,61.87,0.00,529.00,529.0,77.86,2,15.22,4466,0.60,4505,50,4,0.00,0.00,0.0,0.00,0.00,0.0,0.00,101720.00,73.6
229,0.00,96.00,96.0,33.62,0.00,614.00,614.0,77.87,1,15.22,4466,0.60,4506,50,4,0.00,0.00,0.0,0.00,0.00,0.0,7.00,69420.00,67.3
230,0.00,524.00,524.0,25.19,0.00,992.00,992.0,77.88,0,15.22,4465,0.60,4510,50,4,0.00,0.00,0.0,0.00,0.00,0.0,2.00,50688.00,55.2
231,0.00,32820.00,32820.0,13.96,1.98,409.90,411.88,77.89,0,14.0,4466,0.60,4510,50,4,1.00,1.00,2.0,0.00,0.00,0.0,1.00,22136.00,44.5
232,0.00,104.00,104.0,20.13,0.00,592.00,592.0,77.9,3,14.0,4467,0.60,4511,50,4,0.00,0.00,0.0,0.00,0.00,0.0,6.00,49873.00,57.4
233,0.00,568.00,568.0,22.81,0.00,556.00,556.0,77.92,0,14.0,4467,0.60,4511,50,4,0.00,0.00,0.0,0.00,0.00,0.0,0.00,57692.00,56.8
234,0.00,284.00,284.0,32.21,0.00,426.00,426.0,77.92,0,14.0,4467,0.60,4510,50,4,0.00,1.00,1.0,0.00,0.00,0.0,1.00,115242.00,56.3
235,0.00,276.00,276.0,17.88,4.00,511.00,515.0,77.93,0,14.0,4466,0.60,4508,50,4,0.00,0.00,0.0,4.00,4.00,8.0,0.00,48601.00,56.1
236,0.00,15660.00,15660.0,23.64,0.00,734.00,734.0,77.94,2,13.04,4466,0.60,4507,50,4,0.00,0.00,0.0,0.00,0.00,0.0,0.00,40632.00,56.3
237,0.00,356.00,356.0,18.34,0.00,185.00,185.0,77.94,1,13.04,4465,0.60,4511,50,4,0.00,0.00,0.0,0.00,0.00,0.0,1.00,12570.00,49.6
238,0.00,224.00,224.0,5.55,0.00,126.00,126.0,77.94,0,13.04,4465,0.60,4511,50,4,0.00,0.00,0.0,0.00,0.00,0.0,0.00,6158.00,41.3
239,0.00,572.00,572.0,2.78,0.00,157.00,157.0,77.94,0,13.04,4465,0.60,4511,50,4,0.00,0.00,0.0,0.00,0.00,0.0,1.00,7023.00,40.7
240,0.00,56.00,56.0,1.65,0.00,112.00,112.0,77.95,1,13.04,4464,0.60,4508,50,4,0.00,0.00,0.0,0.00,0.00,0.0,0.00,5815.00,35.5
241,0.00,48.00,48.0,3.54,2.00,135.00,137.0,77.95,0,12.0,4458,0.60,4481,50,4,0.00,1.00,1.0,0.00,0.00,0.0,0.00,6219.00,35.5
242,0.00,6036.00,6036.0,3.44,1.00,186.00,187.0,77.95,0,12.0,4457,0.60,4476,50,4,0.00,1.00,1.0,0.00,0.00,0.0,2.00,10480.00,35.7
243,0.00,64.00,64.0,20.36,0.00,956.00,956.0,77.97,2,12.0,4479,0.60,4491,50,4,0.00,0.00,0.0,0.00,0.00,0.0,23.00,68525.00,58.1
244,0.00,100.00,100.0,62.81,0.00,1220.00,1220.0,77.99,21,12.0,4475,0.60,4476,50,4,0.00,0.00,0.0,0.00,0.00,0.0,1.00,118243.00,76.4
245,0.00,64.00,64.0,59.75,6.00,1064.00,1070.0,78.01,19,12.0,4475,0.60,4486,50,4,0.00,2.00,2.0,4.00,4.00,8.0,1.00,163157.00,76.5
246,0.00,460.00,460.0,71.03,0.00,1134.00,1134.0,78.04,13,12.16,4478,0.60,4491,50,4,0.00,0.00,0.0,0.00,0.00,0.0,4.00,162628.00,77.1
247,0.00,4896.00,4896.0,79.88,0.00,1347.00,1347.0,78.05,26,12.16,4480,0.60,4485,50,4,0.00,0.00,0.0,0.00,0.00,0.0,4.00,116863.00,82.3
248,0.00,1480.00,1480.0,82.69,1.00,1282.00,1283.0,78.08,22,12.16,4481,0.60,4495,50,4,0.00,1.00,1.0,0.00,0.00,0.0,3.00,126234.00,82.4
249,0.00,152.00,152.0,76.65,1.00,1240.00,1241.0,78.09,2,12.16,4482,0.60,4497,50,4,0.00,0.00,0.0,0.00,0.00,0.0,2.00,127760.00,81.9
250,0.00,288.00,288.0,44.12,0.00,716.00,716.0,78.1,9,12.16,4482,0.60,4509,50,4,0.00,0.00,0.0,0.00,0.00,0.0,0.00,79958.00,73.8
251,0.00,528.00,528.0,64.81,0.00,975.00,975.0,78.23,0,11.67,4483,0.60,4507,50,4,0.00,0.00,0.0,0.00,0.00,0.0,1.00,67803.00,65.0
252,0.00,14768.00,14768.0,36.11,1.00,1193.00,1194.0,78.18,4,11.67,4483,0.60,4508,50,4,0.00,0.00,0.0,0.00,0.00,0.0,2.00,83285.00,72.4
253,0.00,68.00,68.0,21.51,0.00,567.00,567.0,78.19,2,11.67,4483,0.60,4512,50,4,0.00,0.00,0.0,0.00,0.00,0.0,0.00,86526.00,47.5
254,0.00,808.00,808.0,55.14,2.00,408.00,410.0,78.22,10,11.67,4483,0.60,4500,50,4,2.00,0.00,2.0,0.00,0.00,0.0,1.00,73189.00,74.1
255,0.00,256.00,256.0,33.67,4.00,521.00,525.0,78.24,2,11.67,4483,0.60,4499,50,4,0.00,3.00,3.0,0.00,0.00,0.0,0.00,47269.00,73.4
256,0.00,148.00,148.0,38.61,2.00,765.00,767.0,78.23,1,11.05,4482,0.60,4497,50,4,0.00,2.00,2.0,0.00,0.00,0.0,0.00,36810.00,59.7
257,0.00,13968.00,13968.0,6.87,2.00,213.00,215.0,78.23,0,11.05,4481,0.60,4497,50,4,0.00,2.00,2.0,0.00,0.00,0.0,1.00,11732.00,44.3
258,0.00,424.00,424.0,2.04,2.00,106.00,108.0,78.23,0,11.05,4477,0.60,4491,50,4,0.00,2.00,2.0,0.00,0.00,0.0,16.00,8740.00,36.4
259,0.00,320.00,320.0,2.04,8.00,130.00,138.0,78.24,0,11.05,4478,0.60,4489,50,6,4.00,0.00,4.0,3.00,3.00,6.0,2.00,6521.00,36.3
260,0.00,16.00,16.0,2.28,2.00,97.00,99.0,78.24,0,11.05,4477,0.60,4480,51,6,2.00,2.00,4.0,0.00,0.00,0.0,0.00,6629.00,36.3
261,0.00,304.00,304.0,1.77,3.00,24.00,27.0,78.24,4,10.17,4475,0.60,4473,51,6,0.00,2.00,2.0,0.00,0.00,0.0,0.00,5402.00,36.2
262,0.00,2944.00,2944.0,1.9,1.00,1.00,2.0,78.24,0,10.17,4472,0.60,4465,51,6,0.00,1.00,1.0,0.00,0.00,0.0,1.00,5615.00,36.0
263,0.00,924.00,924.0,2.66,3.00,136.00,139.0,78.24,0,10.17,4468,0.60,4460,50,5,2.00,1.00,3.0,0.00,0.00,0.0,0.00,6291.00,36.1
264,0.00,84.00,84.0,2.16,4.00,91.00,95.0,78.24,1,10.17,4465,0.60,4452,51,4,0.00,3.00,3.0,2.00,2.00,4.0,1.00,5371.00,36.0
265,0.00,52.00,52.0,2.04,6.00,148.00,154.0,78.24,0,10.17,4465,0.60,4451,51,4,0.00,2.00,2.0,4.00,4.00,8.0,0.00,6957.00,36.0
266,0.00,416.00,416.0,17.2,6.00,911.00,917.0,78.25,6,9.59,4472,0.60,4464,51,4,4.00,2.00,6.0,0.00,0.00,0.0,9.00,55414.00,57.2
267,0.00,23824.00,23824.0,68.88,1.00,1149.00,1150.0,78.37,17,9.59,4474,0.60,4466,50,4,0.00,0.00,0.0,0.00,0.00,0.0,1.00,109494.00,77.4
268,0.00,748.00,748.0,79.65,0.00,837.00,837.0,78.53,10,9.59,4475,0.60,4478,50,4,0.00,0.00,0.0,0.00,0.00,0.0,1.00,118718.00,84.1
269,0.00,284.00,284.0,76.64,2.00,906.00,908.0,78.53,7,9.59,4476,0.60,4478,51,4,0.00,3.00,3.0,0.00,0.00,0.0,2.00,156444.00,83.7
270,0.00,208.00,208.0,78.65,1.00,1223.00,1224.0,78.49,18,9.59,4480,0.60,4480,51,4,0.00,1.00,1.0,0.00,0.00,0.0,4.00,121897.00,83.5
271,0.00,924.00,924.0,82.21,0.00,1320.00,1320.0,78.52,15,11.15,4481,0.60,4476,52,4,0.00,1.00,1.0,0.00,0.00,0.0,2.00,120881.00,83.4
272,0.00,4632.00,4632.0,75.66,1.00,1493.00,1494.0,78.54,4,11.15,4482,0.60,4489,52,4,0.00,1.00,1.0,0.00,0.00,0.0,2.00,129436.00,83.1
273,0.00,508.00,508.0,78.62,2.00,1072.00,1074.0,78.68,17,11.15,4482,0.60,4493,52,4,0.00,2.00,2.0,0.00,0.00,0.0,0.00,123920.00,83.0
274,0.00,804.00,804.0,76.46,1.00,971.00,972.0,78.8,14,11.15,4483,0.60,4493,52,4,0.00,1.00,1.0,0.00,0.00,0.0,2.00,98246.00,82.8
275,0.00,100.00,100.0,70.5,4.00,1196.00,1200.0,78.79,14,11.15,4482,0.60,4491,52,4,0.00,0.00,0.0,4.00,4.00,8.0,1.00,97435.00,82.3
276,0.00,436.00,436.0,54.39,1.00,969.00,970.0,78.79,1,10.89,4482,0.60,4510,52,4,0.00,1.00,1.0,0.00,0.00,0.0,0.00,115254.00,69.8
277,4.00,24304.00,24308.0,17.86,1.00,519.00,520.0,78.8,3,10.89,4483,0.60,4513,52,4,0.00,1.00,1.0,0.00,0.00,0.0,2.00,54925.00,57.5
278,0.00,532.00,532.0,18.81,2.00,744.00,746.0,78.73,1,10.89,4483,0.60,4508,51,4,0.00,0.00,0.0,0.00,0.00,0.0,0.00,38373.00,51.1
279,0.00,408.00,408.0,4.31,0.00,212.00,212.0,78.73,0,10.89,4481,0.60,4510,51,4,0.00,0.00,0.0,0.00,0.00,0.0,1.00,8831.00,36.1
280,0.00,0.00,0.0,3.16,0.00,168.00,168.0,78.72,0,10.89,4480,0.60,4508,51,4,0.00,0.00,0.0,0.00,0.00,0.0,0.00,7360.00,36.0
281,0.00,56.00,56.0,2.03,1.00,117.00,118.0,78.72,1,10.02,4475,0.60,4500,51,4,0.00,0.00,0.0,0.00,0.00,0.0,0.00,5652.00,36.1
282,0.00,112.00,112.0,3.17,0.00,141.00,141.0,78.72,0,10.02,4473,0.60,4480,51,4,0.00,0.00,0.0,0.00,0.00,0.0,1.00,7275.00,36.0
283,0.00,13392.00,13392.0,2.92,3.00,157.00,160.0,78.72,0,10.02,4472,0.60,4474,51,4,0.00,2.00,2.0,0.00,0.00,0.0,0.00,6429.00,36.1
284,0.00,88.00,88.0,3.3,1.00,157.00,158.0,78.72,0,10.02,4472,0.60,4474,51,4,0.00,0.00,0.0,0.00,0.00,0.0,1.00,5988.00,35.9
285,0.00,56.00,56.0,2.93,4.00,112.00,116.0,78.72,0,10.02,4470,0.60,4472,51,5,0.00,0.00,0.0,0.00,0.00,0.0,0.00,5437.00,36.0
286,0.00,116.00,116.0,8.2,2.00,441.00,443.0,78.73,8,9.22,4469,0.60,4468,51,4,0.00,2.00,2.0,4.00,4.00,8.0,3.00,25340.00,48.6
287,0.00,344.00,344.0,33.93,5.00,998.00,1003.0,78.74,1,9.22,4473,0.60,4476,50,4,5.00,5.00,10.0,0.00,0.00,0.0,7.00,82268.00,62.9
288,0.00,4460.00,4460.0,53.15,0.00,1119.00,1119.0,78.75,7,9.22,4474,0.60,4488,50,4,0.00,0.00,0.0,0.00,0.00,0.0,1.00,147810.00,73.2
289,0.00,110.89,110.89,48.48,2.00,1071.00,1073.0,78.77,11,9.22,4477,0.60,4497,50,4,0.00,2.00,2.0,0.00,0.00,0.0,4.00,135000.00,73.5
290,0.00,452.00,452.0,75.19,0.00,1191.00,1191.0,78.82,14,9.22,4480,0.60,4495,50,4,0.00,0.00,0.0,0.00,0.00,0.0,3.00,151302.00,81.7
291,0.00,352.00,352.0,62.88,1.00,1737.00,1738.0,78.84,15,8.64,4483,0.60,4502,50,4,0.00,0.00,0.0,0.00,0.00,0.0,3.00,137904.00,81.0
292,0.00,440.00,440.0,62.12,0.00,1592.00,1592.0,78.83,18,8.64,4483,0.60,4493,50,4,0.00,0.00,0.0,0.00,0.00,0.0,4.00,153980.00,80.7
293,0.00,1044.00,1044.0,67.6,2.00,1374.00,1376.0,78.85,4,8.64,4483,0.60,4504,50,5,0.00,0.00,0.0,1.00,1.00,2.0,0.00,138928.00,80.3
294,0.00,300.00,300.0,68.35,0.00,929.00,929.0,78.87,9,8.64,4483,0.60,4493,50,5,0.00,0.00,0.0,0.00,0.00,0.0,1.00,122047.00,80.6
295,0.00,364.00,364.0,55.03,2.00,1223.00,1225.0,78.91,6,8.64,4482,0.60,4497,50,5,0.00,0.00,0.0,0.00,0.00,0.0,1.00,95624.00,70.5
296,0.00,452.00,452.0,23.91,7.00,681.00,688.0,78.91,0,8.19,4481,0.60,4504,51,5,0.00,6.00,6.0,4.00,4.00,8.0,1.00,74537.00,58.0
297,0.00,416.00,416.0,24.25,2.00,572.00,574.0,78.92,3,8.19,4481,0.60,4512,51,4,0.00,2.00,2.0,0.00,0.00,0.0,1.00,41968.00,58.0
298,4.00,46368.00,46372.0,11.8,2.00,342.00,344.0,78.92,0,8.19,4481,0.60,4514,51,4,0.00,2.00,2.0,0.00,0.00,0.0,0.00,17601.00,46.9
299,0.00,236.00,236.0,1.91,2.00,68.00,70.0,78.92,2,8.19,4480,0.60,4514,51,4,0.00,2.00,2.0,0.00,0.00,0.0,1.00,5212.00,35.2
300,0.00,324.00,324.0,2.41,1.00,98.00,99.0,78.93,0,8.19,4478,0.60,4513,50,4,0.00,0.00,0.0,0.00,0.00,0.0,0.00,5397.00,35.2
301,0.00,56.00,56.0,10.1,0.00,272.00,272.0,78.93,2,7.77,4476,0.60,4501,50,4,0.00,0.00,0.0,0.00,0.00,0.0,0.00,8842.00,52.5
302,0.00,352.00,352.0,8.06,1.00,131.00,132.0,78.93,2,7.77,4473,0.60,4481,50,4,0.00,0.99,0.99,0.00,0.00,0.0,1.00,5742.00,40.4
303,0.00,8596.00,8596.0,1.92,2.00,85.00,87.0,78.93,0,7.77,4472,0.60,4477,50,4,0.00,0.00,0.0,0.00,0.00,0.0,0.00,5295.00,34.9
304,0.00,96.00,96.0,2.3,0.00,113.00,113.0,78.93,1,7.77,4470,0.60,4471,50,4,0.00,2.00,2.0,0.00,0.00,0.0,1.00,6217.00,34.9
305,0.00,60.00,60.0,4.66,3.00,235.00,238.0,78.94,2,7.77,4470,0.60,4471,50,4,2.00,1.00,3.0,0.00,0.00,0.0,0.00,6902.00,35.1
306,0.00,112.00,112.0,2.4,4.00,88.00,92.0,78.94,0,7.15,4467,0.60,4465,50,4,0.00,0.00,0.0,4.00,4.00,8.0,0.00,5044.00,35.0
307,0.00,404.00,404.0,1.9,0.00,94.00,94.0,78.94,1,7.15,4464,0.60,4455,50,4,0.00,0.00,0.0,0.00,0.00,0.0,1.00,5431.00,35.0
308,0.00,4912.00,4912.0,4.71,1.00,354.00,355.0,78.94,1,7.15,4465,0.60,4455,50,4,0.00,0.00,0.0,0.00,0.00,0.0,1.00,18412.00,35.6
309,0.00,104.00,104.0,30.21,0.00,656.00,656.0,78.96,9,7.15,4473,0.60,4483,50,4,0.00,0.00,0.0,0.00,0.00,0.0,9.00,65906.00,60.0
310,0.00,4.00,4.0,23.62,0.00,488.00,488.0,78.96,10,7.15,4474,0.60,4495,50,4,0.00,0.00,0.0,0.00,0.00,0.0,1.00,80049.00,59.4
311,0.00,76.00,76.0,36.78,1.00,527.00,528.0,79.0,5,6.74,4475,0.60,4490,50,4,0.00,0.00,0.0,0.00,0.00,0.0,1.00,73880.00,65.1
312,0.00,148.00,148.0,51.23,1.00,1577.00,1578.0,79.01,16,6.74,4480,0.60,4488,50,4,0.00,1.00,1.0,0.00,0.00,0.0,6.00,107228.00,74.1
313,0.00,8264.00,8264.0,80.1,2.00,1774.00,1776.0,79.07,27,6.74,4481,0.60,4493,50,4,0.00,2.00,2.0,0.00,0.00,0.0,1.00,127124.00,82.5
314,0.00,1120.00,1120.0,69.3,2.00,1457.00,1459.0,79.05,0,6.74,4482,0.60,4490,50,4,0.00,0.00,0.0,0.00,0.00,0.0,3.00,152388.00,74.6
315,0.00,76.00,76.0,56.19,1.00,1099.00,1100.0,79.07,17,6.74,4482,0.60,4520,50,4,0.00,0.00,0.0,0.00,0.00,0.0,1.00,192030.00,75.0
316,0.00,144.00,144.0,78.07,1.98,740.59,742.57,79.1,17,7.08,4482,0.60,4492,50,4,0.00,2.00,2.0,0.00,0.00,0.0,0.00,165536.00,82.5
317,0.00,600.00,600.0,66.83,0.00,1345.00,1345.0,79.12,8,7.08,4483,0.60,4495,50,4,0.00,0.00,0.0,0.00,0.00,0.0,4.00,125643.00,74.9
318,0.00,2068.00,2068.0,64.65,0.00,1733.00,1733.0,79.23,7,7.08,4482,0.60,4492,50,4,0.00,0.00,0.0,0.00,0.00,0.0,15.84,109936.63,75.5
319,0.00,23040.00,23040.0,55.79,0.00,1519.00,1519.0,79.35,3,7.08,4479,0.60,4496,50,4,0.00,0.00,0.0,0.00,0.00,0.0,1.00,69120.00,66.3
320,0.00,8.00,8.0,5.69,0.00,160.00,160.0,79.35,1,7.08,4479,0.60,4500,50,4,0.00,0.00,0.0,0.00,0.00,0.0,0.00,8087.00,38.5
321,0.00,440.00,440.0,1.77,0.00,84.00,84.0,79.29,1,6.51,4479,0.60,4500,50,4,0.00,0.00,0.0,0.00,0.00,0.0,0.00,5321.00,38.1
322,0.00,88.00,88.0,4.67,0.00,217.00,217.0,79.3,1,6.51,4478,0.60,4496,50,4,0.00,0.00,0.0,0.00,0.00,0.0,1.00,7873.00,38.1
323,0.00,700.00,700.0,4.53,1.00,206.00,207.0,79.3,1,6.51,4477,0.60,4492,50,4,0.00,1.00,1.0,0.00,0.00,0.0,0.00,7477.00,38.1
324,0.00,8624.00,8624.0,1.53,0.00,88.00,88.0,79.23,1,6.51,4473,0.60,4474,50,4,0.00,0.00,0.0,0.00,0.00,0.0,1.00,5969.00,37.9
325,0.00,64.00,64.0,2.65,0.00,117.00,117.0,79.23,2,6.51,4472,0.60,4472,50,4,0.00,0.00,0.0,0.00,0.00,0.0,0.00,5870.00,37.7
326,0.00,112.00,112.0,4.31,5.00,230.00,235.0,79.23,1,6.23,4471,0.60,4470,50,4,0.00,1.00,1.0,4.00,4.00,8.0,0.00,7070.00,37.7
327,0.00,404.00,404.0,1.79,0.00,111.00,111.0,79.23,1,6.23,4466,0.60,4456,50,4,0.00,0.00,0.0,0.00,0.00,0.0,1.00,5602.00,37.4
328,0.00,432.00,432.0,1.53,0.00,93.00,93.0,79.23,1,6.23,4466,0.60,4456,50,4,0.00,0.00,0.0,0.00,0.00,0.0,0.00,5789.00,37.1
329,0.00,13660.00,13660.0,13.01,1.00,552.00,553.0,79.24,5,6.23,4467,0.60,4455,50,5,0.00,0.00,0.0,1.00,1.00,2.0,4.00,29124.00,51.6
330,0.00,8.00,8.0,26.82,1.00,629.00,630.0,79.25,2,6.23,4473,0.60,4474,50,5,1.00,1.00,2.0,0.00,0.00,0.0,6.00,67100.00,52.1
331,0.00,480.00,480.0,28.02,0.00,351.00,351.0,79.26,1,6.37,4474,0.60,4480,50,5,0.00,0.00,0.0,0.00,0.00,0.0,1.00,123577.00,52.1
332,0.00,112.00,112.0,16.77,0.00,357.00,357.0,79.26,1,6.37,4479,0.60,4494,50,5,0.00,0.00,0.0,0.00,0.00,0.0,6.00,45530.00,52.4
333,0.00,648.00,648.0,14.94,0.00,742.00,742.0,79.28,1,6.37,4481,0.60,4508,50,4,0.00,0.00,0.0,0.00,0.00,0.0,2.00,39067.00,47.2
334,0.00,488.00,488.0,7.93,0.00,220.00,220.0,79.28,1,6.37,4482,0.60,4514,50,4,0.00,0.00,0.0,0.00,0.00,0.0,2.00,12792.00,38.7
335,0.00,64.00,64.0,1.53,0.00,82.00,82.0,79.28,1,6.37,4482,0.60,4514,50,4,0.00,0.00,0.0,0.00,0.00,0.0,0.00,5151.00,38.2
336,0.00,112.00,112.0,9.28,4.00,653.00,657.0,79.25,1,5.86,4482,0.60,4507,50,4,0.00,1.00,1.0,4.00,4.00,8.0,0.00,35911.00,45.5
337,0.00,352.00,352.0,55.46,2.00,1854.00,1856.0,79.26,16,5.86,4481,0.60,4511,50,4,0.00,1.00,1.0,0.00,0.00,0.0,1.00,125694.00,74.7
338,0.00,240.00,240.0,80.71,2.00,1565.00,1567.0,79.34,14,5.86,4481,0.60,4490,50,4,0.00,2.00,2.0,0.00,0.00,0.0,0.00,135453.00,83.7
339,0.00,23972.00,23972.0,80.45,2.00,725.00,727.0,79.43,22,5.86,4481,0.60,4509,49,4,0.00,1.00,1.0,0.00,0.00,0.0,1.00,162859.00,83.7
340,0.00,284.00,284.0,74.84,1.00,809.00,810.0,79.44,8,5.86,4480,0.60,4519,49,4,0.00,0.00,0.0,0.00,0.00,0.0,2.00,149710.00,83.6
341,0.00,116.00,116.0,56.49,0.00,1319.00,1319.0,79.49,24,5.47,4481,0.60,4514,49,4,0.00,0.00,0.0,0.00,0.00,0.0,1.00,122215.00,75.5
342,0.00,608.00,608.0,64.43,0.00,1937.00,1937.0,79.42,14,5.47,4480,0.60,4513,49,4,0.00,0.00,0.0,0.00,0.00,0.0,2.00,132653.00,75.4
343,0.00,808.00,808.0,37.37,1.00,1663.00,1664.0,79.44,1,5.47,4480,0.60,4535,49,4,0.00,0.00,0.0,0.00,0.00,0.0,0.00,72174.00,56.6
344,0.00,16016.00,16016.0,2.78,0.00,144.00,144.0,79.42,2,5.47,4477,0.60,4527,49,4,0.00,0.00,0.0,0.00,0.00,0.0,5.00,6001.00,38.8
345,0.00,68.00,68.0,1.91,0.00,88.00,88.0,79.42,1,5.47,4476,0.60,4527,49,4,0.00,0.00,0.0,0.00,0.00,0.0,0.00,5130.00,38.3
346,0.00,128.00,128.0,2.8,0.00,163.00,163.0,79.42,1,5.11,4475,0.60,4510,49,4,0.00,0.00,0.0,0.00,0.00,0.0,0.00,6857.00,38.2
347,0.00,100.00,100.0,7.22,0.00,474.00,474.0,79.42,3,5.11,4475,0.60,4497,49,4,0.00,0.00,0.0,0.00,0.00,0.0,3.00,22524.00,38.3
348,0.00,40.00,40.0,15.82,0.00,633.00,633.0,79.43,1,5.11,4476,0.60,4493,49,4,0.00,0.00,0.0,0.00,0.00,0.0,3.00,69091.00,47.5
349,0.00,516.00,516.0,15.84,0.00,521.00,521.0,79.44,2,5.11,4476,0.60,4495,49,4,0.00,0.00,0.0,0.00,0.00,0.0,2.00,94119.00,53.3
350,0.00,11096.00,11096.0,17.34,0.00,483.00,483.0,79.45,4,5.11,4479,0.60,4501,49,4,0.00,0.00,0.0,0.00,0.00,0.0,3.00,73874.00,46.3
351,0.00,276.00,276.0,17.23,1.00,693.00,694.0,79.45,1,4.94,4481,0.60,4503,49,4,0.00,0.00,0.0,0.00,0.00,0.0,3.00,44760.00,46.3
352,0.00,380.00,380.0,14.89,0.00,467.00,467.0,79.46,1,4.94,4481,0.60,4509,49,4,0.00,0.00,0.0,0.00,0.00,0.0,5.00,25453.00,46.5
353,0.00,84.00,84.0,2.04,1.00,132.00,133.0,79.46,1,4.94,4480,0.60,4509,49,4,1.00,1.00,2.0,0.00,0.00,0.0,0.00,6241.00,35.5
354,0.00,372.00,372.0,3.29,0.00,120.00,120.0,79.46,1,4.94,4480,0.60,4509,49,4,0.00,0.00,0.0,0.00,0.00,0.0,1.00,6411.00,35.5
355,0.00,936.00,936.0,2.04,0.00,96.00,96.0,79.46,1,4.94,4480,0.60,4507,49,4,0.00,0.00,0.0,0.00,0.00,0.0,0.00,5343.00,35.5
356,0.00,128.00,128.0,4.08,4.00,254.00,258.0,79.47,2,4.63,4480,0.60,4503,49,4,0.00,0.00,0.0,4.00,4.00,8.0,0.00,12199.00,41.9
357,0.00,112.00,112.0,20.99,2.00,818.00,820.0,79.47,9,4.63,4481,0.60,4507,49,4,2.00,0.00,2.0,0.00,0.00,0.0,2.00,70470.00,56.2
358,0.00,52.00,52.0,44.85,2.00,1605.00,1607.0,79.51,14,4.63,4480,0.60,4498,49,4,0.00,0.00,0.0,0.00,0.00,0.0,0.00,112431.00,68.5
359,0.00,792.00,792.0,75.47,0.00,1191.00,1191.0,79.56,12,4.63,4481,0.60,4497,49,4,0.00,0.00,0.0,0.00,0.00,0.0,2.00,177474.00,81.6
360,0.00,25696.00,25696.0,61.67,0.00,1422.00,1422.0,79.58,21,4.63,4479,0.60,4507,49,4,0.00,0.00,0.0,0.00,0.00,0.0,1.00,153746.00,81.1
361,0.00,536.00,536.0,76.14,0.00,1059.00,1059.0,79.61,18,5.14,4481,0.60,4500,49,4,0.00,0.00,0.0,0.00,0.00,0.0,4.00,174685.00,81.2
362,0.00,3104.00,3104.0,61.07,0.00,1693.00,1693.0,79.62,17,5.14,4482,0.60,4488,49,4,0.00,0.00,0.0,0.00,0.00,0.0,3.00,121010.00,75.8
363,0.00,564.00,564.0,53.1,3.00,1512.00,1515.0,79.64,2,5.14,4483,0.60,4493,50,5,0.00,3.00,3.0,1.00,1.00,2.0,1.00,109294.00,70.6
364,0.00,636.00,636.0,33.12,1.00,1115.00,1116.0,79.66,2,5.14,4482,0.60,4493,50,5,0.00,1.00,1.0,0.00,0.00,0.0,1.00,49033.00,63.8
365,0.00,14812.00,14812.0,6.3,0.00,62.00,62.0,79.67,1,5.14,4481,0.60,4494,50,5,0.00,0.00,0.0,0.00,0.00,0.0,0.00,5857.00,38.4
366,0.00,392.00,392.0,2.78,4.00,69.00,73.0,79.66,1,4.73,4479,0.60,4490,50,5,0.00,0.00,0.0,4.00,4.00,8.0,0.00,6226.00,38.2
367,0.00,248.00,248.0,3.05,1.00,127.00,128.0,79.66,1,4.73,4475,0.60,4494,50,4,0.00,0.00,0.0,0.00,0.00,0.0,1.00,5633.00,37.9
368,0.00,332.00,332.0,1.14,0.00,75.00,75.0,79.66,1,4.73,4474,0.60,4488,50,4,0.00,0.00,0.0,0.00,0.00,0.0,0.00,5440.00,37.6
369,0.00,328.00,328.0,2.03,0.00,97.00,97.0,79.66,3,4.73,4473,0.60,4486,50,4,0.00,0.00,0.0,0.00,0.00,0.0,1.00,5310.00,37.3
370,0.00,13748.00,13748.0,2.91,1.00,150.00,151.0,79.66,1,4.73,4469,0.60,4467,50,4,0.00,0.00,0.0,0.00,0.00,0.0,0.00,6889.00,37.2
371,0.00,324.00,324.0,18.48,2.00,696.00,698.0,79.67,1,4.35,4469,0.60,4462,50,4,0.00,2.00,2.0,0.00,0.00,0.0,3.00,32273.00,55.7
372,0.00,320.00,320.0,22.28,0.00,628.00,628.0,79.67,1,4.35,4474,0.60,4486,50,4,0.00,0.00,0.0,0.00,0.00,0.0,7.00,64477.00,55.0
373,0.00,316.00,316.0,19.02,1.00,464.00,465.0,79.68,1,4.35,4474,0.60,4490,50,4,0.00,0.00,0.0,0.00,0.00,0.0,1.00,122372.00,44.6
374,0.00,952.00,952.0,15.97,2.00,553.00,555.0,79.69,2,4.35,4478,0.60,4498,50,4,2.00,0.00,2.0,0.00,0.00,0.0,5.00,50080.00,45.1
375,0.00,13056.00,13056.0,16.96,2.00,823.00,825.0,79.7,5,4.35,4480,0.60,4506,50,4,1.00,1.00,2.0,0.00,0.00,0.0,2.00,39956.00,55.1
376,0.00,424.00,424.0,6.16,0.00,197.00,197.0,79.7,2,4.0,4481,0.60,4512,50,4,0.00,0.00,0.0,0.00,0.00,0.0,1.00,12281.00,36.4
377,0.00,104.00,104.0,5.2,0.00,334.00,334.0,79.71,8,4.0,4481,0.60,4510,50,4,0.00,0.00,0.0,0.00,0.00,0.0,1.00,17819.00,36.7
378,0.00,972.00,972.0,28.62,3.00,668.00,671.0,79.74,1,4.0,4481,0.60,4504,50,4,0.00,3.00,3.0,0.00,0.00,0.0,0.00,65388.00,66.3
379,0.00,760.00,760.0,42.91,3.00,558.00,561.0,79.91,10,4.0,4481,0.60,4498,50,4,0.00,2.00,2.0,0.00,0.00,0.0,18.00,89012.00,66.3
380,0.00,6564.00,6564.0,17.11,0.00,404.00,404.0,79.85,1,4.0,4481,0.60,4500,50,4,0.00,0.00,0.0,0.00,0.00,0.0,0.00,64086.00,43.1
381,0.00,540.00,540.0,39.8,0.00,1512.00,1512.0,79.86,10,4.32,4482,0.60,4495,50,4,0.00,0.00,0.0,0.00,0.00,0.0,1.00,94993.00,72.0
382,0.00,396.00,396.0,71.78,2.00,1798.00,1800.0,79.86,20,4.32,4482,0.60,4496,50,4,0.00,2.00,2.0,0.00,0.00,0.0,2.00,143861.00,79.6
383,0.00,534.65,534.65,49.81,2.00,1298.00,1300.0,79.88,16,4.32,4482,0.60,4519,50,4,0.00,2.00,2.0,0.00,0.00,0.0,0.00,182029.00,73.3
384,0.00,1264.00,1264.0,57.94,2.00,961.00,963.0,79.9,15,4.32,4482,0.60,4502,50,4,0.00,2.00,2.0,0.00,0.00,0.0,2.00,173635.00,73.2
385,0.00,18176.00,18176.0,42.44,1.00,1422.00,1423.0,79.92,4,4.32,4483,0.60,4503,50,4,0.00,1.00,1.0,0.00,0.00,0.0,3.00,114212.00,67.7
386,0.00,632.00,632.0,43.74,8.00,1747.00,1755.0,79.94,2,5.26,4481,0.60,4502,50,4,2.00,2.00,4.0,4.00,4.00,8.0,0.00,84492.00,67.7
387,0.00,528.00,528.0,8.81,2.00,464.00,466.0,79.93,1,5.26,4481,0.60,4514,50,4,0.00,2.00,2.0,0.00,0.00,0.0,1.00,21682.00,39.6
388,0.00,476.00,476.0,2.15,0.00,92.00,92.0,79.93,1,5.26,4481,0.60,4514,50,4,0.00,0.00,0.0,0.00,0.00,0.0,0.00,5697.00,39.1
389,0.00,64.00,64.0,5.41,0.00,274.00,274.0,79.94,2,5.26,4482,0.60,4514,50,4,0.00,0.00,0.0,0.00,0.00,0.0,2.00,15144.00,39.3
390,0.00,12.00,12.0,15.69,2.00,763.00,765.0,79.92,2,5.26,4482,0.60,4508,50,4,0.00,0.00,0.0,0.00,0.00,0.0,0.00,55878.00,49.8
391,0.00,19860.00,19860.0,16.15,0.00,550.00,550.0,79.93,6,5.16,4482,0.60,4508,50,4,0.00,2.00,2.0,0.00,0.00,0.0,0.00,94206.00,50.2
392,0.00,92.00,92.0,20.65,1.00,421.00,422.0,79.94,9,5.16,4482,0.60,4503,49,4,0.00,0.00,0.0,0.00,0.00,0.0,2.00,82976.00,41.1
393,0.00,468.00,468.0,14.45,0.00,727.00,727.0,79.94,2,5.16,4482,0.60,4497,49,4,0.00,0.00,0.0,0.00,0.00,0.0,0.00,50773.00,46.4
394,0.00,752.00,752.0,11.04,2.00,599.00,601.0,79.95,2,5.16,4481,0.60,4501,49,4,2.00,0.00,2.0,0.00,0.00,0.0,1.00,30456.00,52.2
395,0.00,80.00,80.0,5.98,0.00,122.00,122.0,79.95,5,5.16,4480,0.60,4503,49,4,0.00,0.00,0.0,0.00,0.00,0.0,0.00,6697.00,36.9
396,0.00,168.00,168.0,4.56,5.00,359.00,364.0,79.95,1,4.74,4479,0.60,4497,49,4,0.00,0.00,0.0,4.00,4.00,8.0,1.00,19166.00,37.2
397,0.00,364.00,364.0,15.45,1.00,750.00,751.0,79.96,6,4.74,4480,0.60,4505,50,5,0.00,1.00,1.0,1.00,1.00,2.0,3.00,70586.00,52.2
398,0.00,36.00,36.0,24.36,0.00,476.00,476.0,79.97,1,4.74,4480,0.60,4501,50,5,0.00,0.00,0.0,0.00,0.00,0.0,1.00,110046.00,52.1
399,0.00,84.00,84.0,13.74,1.00,483.00,484.0,79.98,9,4.74,4478,0.60,4496,50,5,0.00,0.00,0.0,0.00,0.00,0.0,3.00,46593.00,46.9
400,0.00,752.00,752.0,26.42,4.00,1272.00,1276.0,79.99,17,4.74,4479,0.60,4492,50,5,4.00,0.00,4.0,0.00,0.00,0.0,2.00,97995.00,59.1
401,0.00,1972.00,1972.0,47.99,2.00,1757.00,1759.0,80.0,15,4.84,4480,0.60,4503,50,4,2.00,0.00,2.0,0.00,0.00,0.0,2.00,131259.00,69.4
402,0.00,108.00,108.0,44.73,1.00,1059.00,1060.0,80.02,8,4.84,4481,0.60,4508,50,4,0.00,0.00,0.0,0.00,0.00,0.0,2.00,185592.00,69.8
403,0.00,636.00,636.0,39.97,0.00,880.00,880.0,80.04,14,4.84,4482,0.60,4497,50,4,0.00,0.00,0.0,0.00,0.00,0.0,1.00,146308.00,70.0
404,0.00,400.00,400.0,38.17,5.00,1684.00,1689.0,80.06,12,4.84,4483,0.60,4491,50,4,2.00,3.00,5.0,0.00,0.00,0.0,2.00,114000.00,62.9
405,0.00,400.00,400.0,57.27,0.00,1330.00,1330.0,80.07,3,4.84,4483,0.60,4505,50,4,0.00,0.00,0.0,0.00,0.00,0.0,0.00,74936.00,74.0
406,0.00,46304.00,46304.0,28.86,0.00,372.00,372.0,80.11,2,4.7,4483,0.60,4513,50,4,0.00,0.00,0.0,0.00,0.00,0.0,0.00,66471.00,62.4
407,0.00,92.00,92.0,6.57,2.00,279.00,281.0,80.11,2,4.7,4482,0.60,4513,50,4,0.00,2.00,2.0,0.00,0.00,0.0,1.00,25617.00,38.8
408,0.00,64.00,64.0,9.16,1.00,491.00,492.0,80.12,2,4.7,4482,0.60,4511,50,4,0.00,1.00,1.0,0.00,0.00,0.0,0.00,32843.00,39.1
409,0.00,104.00,104.0,6.08,2.00,375.00,377.0,80.12,5,4.7,4482,0.60,4510,50,4,2.00,0.00,2.0,0.00,0.00,0.0,1.00,16329.00,39.1
410,0.00,0.00,0.0,1.9,1.00,101.00,102.0,80.11,1,4.7,4482,0.60,4510,50,4,0.00,0.00,0.0,0.00,0.00,0.0,0.00,5282.00,38.6
411,0.00,7908.00,7908.0,6.61,4.00,437.00,441.0,80.11,3,4.4,4482,0.60,4508,50,4,0.00,3.00,3.0,0.00,0.00,0.0,0.00,20729.00,38.9
412,0.00,404.00,404.0,18.26,2.00,719.00,721.0,80.11,1,4.4,4482,0.60,4503,50,4,0.00,2.00,2.0,0.00,0.00,0.0,5.00,69239.00,50.1
413,0.00,68.00,68.0,17.56,3.00,469.00,472.0,80.12,3,4.4,4481,0.60,4511,50,4,0.00,2.00,2.0,0.00,0.00,0.0,0.00,113467.00,50.5
414,0.00,628.00,628.0,14.98,2.00,584.00,586.0,80.13,2,4.4,4481,0.60,4501,50,4,0.00,2.00,2.0,0.00,0.00,0.0,2.00,59278.00,42.5
415,0.00,132.00,132.0,39.8,2.00,1230.00,1232.0,80.14,8,4.4,4483,0.60,4490,50,4,0.00,2.00,2.0,0.00,0.00,0.0,4.00,85353.00,67.9
416,0.00,20368.00,20368.0,50.88,4.00,880.00,884.0,80.15,11,4.29,4483,0.60,4499,50,4,0.00,0.00,0.0,4.00,4.00,8.0,1.00,87352.00,68.1
417,0.00,100.00,100.0,29.86,0.00,416.00,416.0,80.16,3,4.29,4483,0.60,4495,50,4,0.00,0.00,0.0,0.00,0.00,0.0,1.00,81212.00,60.7
418,0.00,520.00,520.0,29.4,2.00,614.00,616.0,80.17,2,4.29,4483,0.60,4499,50,4,0.00,2.00,2.0,0.00,0.00,0.0,0.00,54134.00,60.8
419,0.00,760.00,760.0,27.64,1.00,1196.00,1197.0,80.18,4,4.29,4483,0.60,4499,50,4,0.00,1.00,1.0,0.00,0.00,0.0,1.00,57281.00,61.2
420,0.00,664.00,664.0,49.11,2.00,1405.00,1407.0,80.19,10,4.29,4482,0.60,4508,50,4,2.00,0.00,2.0,0.00,0.00,0.0,0.00,121630.00,73.3
421,0.00,17244.00,17244.0,47.57,2.00,1140.00,1142.0,80.26,9,4.34,4482,0.60,4512,50,4,0.00,0.00,0.0,2.00,2.00,4.0,0.00,161282.00,73.0
422,0.00,612.00,612.0,45.86,0.00,843.00,843.0,80.28,9,4.34,4482,0.60,4508,50,4,0.00,0.00,0.0,0.00,0.00,0.0,3.00,168225.00,72.7
423,0.00,340.00,340.0,42.24,0.00,1411.00,1411.0,80.3,10,4.34,4483,0.60,4501,50,4,0.00,0.00,0.0,0.00,0.00,0.0,1.00,104363.00,64.7
424,0.00,504.00,504.0,30.81,0.00,1419.00,1419.0,80.31,1,4.34,4483,0.60,4501,50,4,0.00,0.00,0.0,0.00,0.00,0.0,1.00,64456.00,54.9
425,0.00,268.00,268.0,11.93,0.00,459.00,459.0,80.28,2,4.34,4482,0.60,4506,50,4,0.00,0.00,0.0,0.00,0.00,0.0,0.00,42164.00,41.6
426,0.00,708.00,708.0,5.73,5.00,300.00,305.0,80.27,6,4.48,4482,0.60,4502,50,4,0.00,0.00,0.0,4.00,4.00,8.0,0.00,37945.00,41.6
427,0.00,104.00,104.0,11.32,3.00,283.00,286.0,80.28,3,4.48,4481,0.60,4497,50,4,0.00,3.00,3.0,0.00,0.00,0.0,1.00,48049.00,41.2
428,0.00,504.00,504.0,10.79,1.00,437.00,438.0,80.28,3,4.48,4480,0.60,4491,49,4,0.00,0.00,0.0,0.00,0.00,0.0,0.00,33696.00,51.0
429,0.00,372.00,372.0,7.08,1.00,439.00,440.0,80.29,2,4.48,4479,0.60,4492,49,4,0.00,0.00,0.0,0.00,0.00,0.0,1.00,17571.00,38.8
430,0.00,0.00,0.0,1.53,0.00,93.00,93.0,80.29,2,4.48,4479,0.60,4492,49,4,0.00,0.00,0.0,0.00,0.00,0.0,0.00,5226.00,38.3
431,0.00,1252.00,1252.0,4.26,3.00,249.00,252.0,80.29,2,4.12,4479,0.60,4492,50,5,0.00,3.00,3.0,1.00,1.00,2.0,1.00,12014.00,38.1
432,0.00,108.00,108.0,16.1,1.00,464.00,465.0,80.3,5,4.12,4480,0.60,4495,50,5,0.00,0.00,0.0,0.00,0.00,0.0,4.00,43529.00,51.9
433,0.00,64.00,64.0,16.2,0.00,492.00,492.0,80.3,8,4.12,4480,0.60,4492,50,5,0.00,0.00,0.0,0.00,0.00,0.0,1.00,83863.00,51.5
434,0.00,1080.00,1080.0,14.9,0.00,528.00,528.0,80.31,17,4.12,4480,0.60,4489,50,5,0.00,0.00,0.0,0.00,0.00,0.0,3.00,66558.00,52.0
435,0.00,224.00,224.0,34.35,1.00,933.00,934.0,80.41,11,4.12,4482,0.60,4494,50,4,0.00,0.00,0.0,0.00,0.00,0.0,2.00,96389.00,62.9
436,0.00,412.00,412.0,40.12,0.00,1105.00,1105.0,80.45,14,3.87,4482,0.60,4502,50,4,0.00,0.00,0.0,0.00,0.00,0.0,1.00,97605.00,62.6
437,0.00,23772.00,23772.0,27.6,0.00,698.00,698.0,80.46,2,3.87,4482,0.60,4502,50,4,0.00,0.00,0.0,0.00,0.00,0.0,1.00,113081.00,53.6
438,0.00,732.00,732.0,11.56,0.00,568.00,568.0,80.47,4,3.87,4482,0.60,4500,50,4,0.00,0.00,0.0,0.00,0.00,0.0,0.00,54503.00,53.5
439,0.00,1308.00,1308.0,11.82,2.00,781.00,783.0,80.48,1,3.87,4481,0.60,4499,50,4,2.00,0.00,2.0,0.00,0.00,0.0,18.00,37566.00,44.3
440,0.00,88.00,88.0,4.16,1.00,198.00,199.0,80.49,2,3.87,4479,0.60,4498,50,4,0.00,0.00,0.0,0.00,0.00,0.0,0.00,10793.00,36.5
441,0.00,356.00,356.0,1.78,3.00,104.00,107.0,80.44,2,3.72,4478,0.60,4496,50,4,2.00,2.00,4.0,0.00,0.00,0.0,0.00,7720.00,36.6
442,0.00,18544.00,18544.0,23.38,1.00,1073.00,1074.0,80.44,5,3.72,4477,0.60,4483,50,4,0.00,1.00,1.0,0.00,0.00,0.0,4.00,59870.00,65.0
443,0.00,648.00,648.0,37.5,6.00,1514.00,1520.0,80.45,6,3.72,4478,0.60,4489,50,4,4.00,2.00,6.0,0.00,0.00,0.0,1.00,149830.00,64.4
444,0.00,884.00,884.0,42.93,2.00,968.00,970.0,80.48,13,3.72,4479,0.60,4495,50,4,0.00,2.00,2.0,0.00,0.00,0.0,2.00,203813.00,69.8
445,0.00,1120.00,1120.0,40.13,3.00,1051.00,1054.0,80.49,9,3.72,4481,0.60,4500,50,4,1.00,3.00,4.0,0.00,0.00,0.0,5.00,117977.00,70.1
446,0.00,448.00,448.0,65.18,6.00,1898.00,1904.0,80.52,5,3.9,4482,0.60,4500,50,4,0.00,2.00,2.0,4.00,4.00,8.0,3.00,110813.00,75.3
447,0.00,20476.00,20476.0,38.87,2.00,1043.00,1045.0,80.53,9,3.9,4483,0.60,4516,50,4,0.00,2.00,2.0,0.00,0.00,0.0,2.00,82966.00,67.7
448,0.00,360.00,360.0,30.3,0.00,294.00,294.0,80.54,2,3.9,4483,0.60,4512,50,4,0.00,0.00,0.0,0.00,0.00,0.0,0.00,32642.00,58.6
449,0.00,256.00,256.0,25.06,0.00,424.00,424.0,80.55,11,3.9,4483,0.60,4511,50,4,0.00,0.00,0.0,0.00,0.00,0.0,1.00,35984.00,59.0
450,0.00,244.00,244.0,23.62,2.00,792.00,794.0,80.55,1,3.9,4482,0.60,4506,50,4,0.00,2.00,2.0,0.00,0.00,0.0,0.00,51581.00,52.1
451,0.00,400.00,400.0,14.23,0.00,614.00,614.0,80.56,9,3.59,4482,0.60,4511,50,4,0.00,0.00,0.0,0.00,0.00,0.0,0.00,61925.00,58.6
452,0.00,18788.00,18788.0,17.08,0.00,498.00,498.0,80.57,10,3.59,4482,0.60,4508,50,4,0.00,0.00,0.0,0.00,0.00,0.0,1.00,78833.00,49.8
453,0.00,472.00,472.0,33.77,0.00,882.00,882.0,80.58,3,3.59,4482,0.60,4502,50,4,0.00,0.00,0.0,0.00,0.00,0.0,0.00,106669.00,60.3
454,0.00,1132.00,1132.0,23.77,0.00,1237.00,1237.0,80.59,1,3.59,4483,0.60,4498,50,4,0.00,0.00,0.0,0.00,0.00,0.0,2.00,96716.00,59.8
455,0.00,260.00,260.0,28.39,1.00,769.00,770.0,80.6,10,3.59,4483,0.60,4496,50,4,0.00,0.00,0.0,0.00,0.00,0.0,0.00,115478.00,59.7
456,0.00,96.00,96.0,20.23,4.00,531.00,535.0,80.6,3,3.3,4482,0.60,4494,50,4,0.00,0.00,0.0,4.00,4.00,8.0,0.00,48512.00,52.4
457,0.00,4128.00,4128.0,18.96,0.00,809.00,809.0,80.62,4,3.3,4482,0.60,4495,50,4,0.00,0.00,0.0,0.00,0.00,0.0,2.00,44700.00,52.6
458,0.00,308.00,308.0,4.93,1.00,308.00,309.0,80.62,2,3.3,4482,0.60,4497,50,4,0.00,0.00,0.0,0.00,0.00,0.0,0.00,12942.00,37.5
459,0.00,104.00,104.0,2.16,0.00,116.00,116.0,80.62,2,3.3,4480,0.60,4494,50,4,0.00,0.00,0.0,0.00,0.00,0.0,5.00,5374.00,37.2
460,0.00,384.00,384.0,4.08,2.00,432.00,434.0,80.62,1,3.3,4480,0.60,4493,50,4,2.00,1.00,3.0,0.00,0.00,0.0,1.00,21418.00,37.6
461,0.00,48.00,48.0,30.52,8.91,1200.99,1209.9,80.63,20,3.28,4480,0.60,4494,50,4,8.00,0.00,8.0,0.00,0.00,0.0,0.00,92459.00,67.0
462,0.00,1928.00,1928.0,55.13,2.00,1271.00,1273.0,80.65,15,3.28,4480,0.60,4499,50,4,2.00,0.00,2.0,0.00,0.00,0.0,2.00,148313.00,67.4
463,0.00,52.00,52.0,72.59,0.00,903.00,903.0,80.67,17,3.28,4481,0.60,4502,50,4,0.00,0.00,0.0,0.00,0.00,0.0,0.00,165531.00,81.2
464,0.00,568.00,568.0,68.28,1.00,1199.00,1200.0,80.69,14,3.28,4483,0.60,4490,50,4,0.00,0.00,0.0,0.00,0.00,0.0,3.00,121618.00,80.6
465,0.00,564.00,564.0,50.85,1.00,1670.00,1671.0,80.7,18,3.28,4483,0.60,4496,50,5,0.00,0.00,0.0,1.00,1.00,2.0,0.00,125716.00,74.1
466,0.00,312.00,312.0,37.52,4.00,1037.00,1041.0,80.71,12,3.09,4483,0.60,4498,50,5,0.00,0.00,0.0,4.00,4.00,8.0,0.00,70936.00,61.8
467,0.00,22760.00,22760.0,20.15,0.00,318.00,318.0,80.72,3,3.09,4483,0.60,4493,50,5,0.00,0.00,0.0,0.00,0.00,0.0,1.00,31465.00,56.6
468,0.00,408.00,408.0,16.19,2.00,412.00,414.0,80.72,3,3.09,4483,0.60,4492,50,5,2.00,0.00,2.0,0.00,0.00,0.0,0.00,23820.00,50.1
469,0.00,32.00,32.0,14.5,0.00,340.00,340.0,80.73,2,3.09,4481,0.60,4503,50,4,0.00,0.00,0.0,0.00,0.00,0.0,1.00,38512.00,49.9
470,0.00,204.00,204.0,11.84,0.00,302.00,302.0,80.74,2,3.09,4480,0.60,4503,50,4,0.00,0.00,0.0,0.00,0.00,0.0,0.00,61947.00,43.4
471,0.00,32.00,32.0,5.63,1.00,264.00,265.0,80.74,2,3.17,4480,0.60,4501,49,5,0.00,0.00,0.0,1.00,0.00,1.0,0.00,25047.00,42.9
472,0.00,16244.00,16244.0,11.55,0.00,614.00,614.0,80.75,2,3.17,4481,0.60,4495,49,5,0.00,0.00,0.0,0.00,0.00,0.0,5.00,42436.00,43.1
473,0.00,56.00,56.0,21.99,0.00,1097.00,1097.0,80.75,11,3.17,4480,0.60,4494,49,5,0.00,0.00,0.0,0.00,0.00,0.0,0.00,86456.00,59.2
474,0.00,740.00,740.0,30.5,0.00,767.00,767.0,80.76,8,3.17,4480,0.60,4498,49,5,0.00,0.00,0.0,0.00,0.00,0.0,1.00,101005.00,59.3
475,0.00,44.00,44.0,45.39,0.00,555.00,555.0,80.78,2,3.17,4481,0.60,4494,49,5,0.00,0.00,0.0,0.00,0.00,0.0,1.00,115702.00,59.4
476,0.00,352.00,352.0,27.57,4.00,824.00,828.0,80.79,9,3.47,4482,0.60,4496,49,5,0.00,0.00,0.0,5.00,4.00,9.0,1.00,72688.00,59.3
477,0.00,652.00,652.0,20.46,0.00,1112.00,1112.0,80.81,2,3.47,4482,0.60,4501,49,5,0.00,0.00,0.0,0.00,0.00,0.0,1.00,51135.00,49.9
478,0.00,25520.00,25520.0,3.3,0.00,150.00,150.0,80.81,2,3.47,4482,0.60,4503,49,5,0.00,0.00,0.0,0.00,0.00,0.0,0.00,7452.00,39.7
479,0.00,440.00,440.0,1.65,0.00,66.00,66.0,80.81,2,3.47,4482,0.60,4503,49,5,0.00,0.00,0.0,0.00,0.00,0.0,1.00,5433.00,39.1
480,0.00,116.00,116.0,1.65,1.00,134.00,135.0,80.81,2,3.47,4480,0.60,4501,49,5,0.00,0.00,0.0,0.00,0.00,0.0,0.00,6243.00,38.7
481,0.00,224.00,224.0,4.2,0.00,213.00,213.0,80.81,2,3.2,4480,0.60,4498,49,5,0.00,0.00,0.0,1.00,0.00,1.0,0.00,7732.00,38.6
482,0.00,280.00,280.0,2.16,0.00,116.00,116.0,80.82,2,3.2,4475,0.60,4476,49,5,0.00,0.00,0.0,0.00,0.00,0.0,1.00,5768.00,38.2
483,0.00,16752.00,16752.0,3.16,0.00,195.00,195.0,80.82,9,3.2,4474,0.60,4467,49,5,0.00,0.00,0.0,0.00,0.00,0.0,1.00,11456.00,38.1
484,0.00,80.00,80.0,13.24,2.00,864.00,866.0,80.82,4,3.2,4479,0.60,4482,49,5,2.00,0.00,2.0,0.00,0.00,0.0,7.00,67992.00,52.2
485,0.00,44.00,44.0,43.41,3.00,1344.00,1347.0,80.83,19,3.2,4478,0.60,4490,49,5,2.00,0.00,2.0,0.00,0.00,0.0,1.00,132377.00,70.8
486,0.00,428.00,428.0,57.7,1.00,1217.00,1218.0,80.87,12,3.02,4476,0.60,4494,49,5,0.00,0.00,0.0,1.00,0.00,1.0,1.00,181383.00,76.1
487,0.00,540.00,540.0,52.23,0.00,1271.00,1271.0,80.9,3,3.02,4480,0.60,4485,49,5,0.00,0.00,0.0,0.00,0.00,0.0,7.00,158983.00,75.7
488,0.00,8612.00,8612.0,51.73,1.00,1833.00,1834.0,80.92,7,3.02,4482,0.60,4503,49,5,0.00,0.00,0.0,0.00,0.00,0.0,2.00,153291.00,75.5
489,0.00,1036.00,1036.0,29.07,0.00,1592.00,1592.0,80.94,3,3.02,4482,0.60,4507,49,5,0.00,0.00,0.0,0.00,0.00,0.0,1.00,97628.00,58.7
490,0.00,44.00,44.0,19.07,0.00,682.00,682.0,80.95,4,3.02,4483,0.60,4509,49,5,0.00,0.00,0.0,0.00,0.00,0.0,1.00,74032.00,51.3
491,0.00,292.00,292.0,17.04,2.00,397.00,399.0,80.94,3,3.18,4482,0.60,4509,49,5,0.00,0.00,0.0,1.00,0.00,1.0,0.00,36804.00,51.6
492,0.00,108.00,108.0,21.54,0.00,805.00,805.0,80.95,6,3.18,4481,0.60,4505,49,5,0.00,0.00,0.0,0.00,0.00,0.0,1.00,37494.00,51.8
493,0.00,3912.00,3912.0,31.23,0.00,953.00,953.0,80.96,12,3.18,4481,0.60,4502,49,5,0.00,0.00,0.0,0.00,0.00,0.0,0.00,86690.00,66.7
494,0.00,392.00,392.0,39.49,2.00,771.00,773.0,80.97,9,3.18,4481,0.60,4504,49,5,1.00,1.00,2.0,0.00,0.00,0.0,1.00,132240.00,66.9
495,0.00,440.00,440.0,22.08,0.00,605.00,605.0,80.99,2,3.18,4481,0.60,4498,49,5,0.00,0.00,0.0,0.00,0.00,0.0,1.00,104732.00,46.4
496,0.00,440.00,440.0,17.53,7.00,1069.00,1076.0,80.98,4,3.24,4482,0.60,4499,49,5,2.00,0.00,2.0,5.00,5.00,10.0,1.00,75502.00,58.0
497,0.00,156.00,156.0,12.66,0.00,748.00,748.0,80.99,2,3.24,4483,0.60,4504,49,4,0.00,0.00,0.0,0.00,0.00,0.0,2.00,30740.00,43.7
498,0.00,6256.00,6256.0,1.91,0.00,101.00,101.0,80.99,2,3.24,4482,0.60,4502,49,4,0.00,0.00,0.0,0.00,0.00,0.0,0.00,5505.00,35.3
499,0.00,1140.00,1140.0,3.91,3.00,140.00,143.0,80.99,2,3.24,4479,0.60,4495,49,6,2.00,0.00,2.0,2.00,1.00,3.0,17.00,10985.00,35.6
500,0.00,100.00,100.0,2.42,4.00,129.00,133.0,80.99,2,3.24,4477,0.60,4485,49,6,3.00,1.00,4.0,0.00,0.00,0.0,0.00,6722.00,35.6
501,0.00,240.00,240.0,2.04,0.00,64.00,64.0,81.0,2,3.06,4477,0.60,4482,49,6,0.00,0.00,0.0,0.00,0.00,0.0,0.00,5955.00,35.6
502,0.00,96.00,96.0,2.17,0.00,100.00,100.0,81.0,4,3.06,4472,0.60,4467,49,6,0.00,0.00,0.0,0.00,0.00,0.0,2.00,11210.00,35.8
503,0.00,22944.00,22944.0,14.1,0.00,536.00,536.0,81.0,2,3.06,4474,0.60,4472,49,5,0.00,0.00,0.0,0.00,0.00,0.0,4.00,51480.00,47.8
504,0.00,616.00,616.0,11.31,0.00,616.00,616.0,81.01,9,3.06,4474,0.60,4476,50,4,0.00,1.00,1.0,0.00,0.00,0.0,2.00,68784.00,47.7
505,0.00,1168.00,1168.0,18.01,2.00,392.00,394.0,81.02,2,3.06,4475,0.60,4484,50,4,0.00,2.00,2.0,0.00,0.00,0.0,1.00,97066.00,47.9
506,0.00,124.00,124.0,14.47,6.00,618.00,624.0,81.03,3,3.06,4479,0.60,4489,50,4,0.00,0.00,0.0,4.00,4.00,8.0,6.00,58496.00,48.1
507,0.00,632.00,632.0,29.01,2.00,1673.00,1675.0,81.04,11,3.06,4483,0.60,4490,50,4,2.00,2.00,4.0,0.00,0.00,0.0,4.00,80857.00,60.0
508,0.00,5932.00,5932.0,38.63,0.00,1195.00,1195.0,81.05,6,3.06,4483,0.60,4496,50,4,0.00,0.00,0.0,0.00,0.00,0.0,0.00,111566.00,65.7
509,0.00,780.00,780.0,45.17,0.00,725.00,725.0,81.07,5,3.06,4483,0.60,4502,50,4,0.00,0.00,0.0,0.00,0.00,0.0,1.00,181204.00,66.1
510,0.00,208.00,208.0,29.52,4.00,906.00,910.0,81.09,12,3.06,4483,0.60,4511,50,4,2.00,2.00,4.0,0.00,0.00,0.0,0.00,76202.00,65.9
511,0.00,668.00,668.0,39.24,2.00,1792.00,1794.0,81.11,9,2.81,4482,0.60,4509,50,4,0.00,2.00,2.0,0.00,0.00,0.0,0.00,101262.00,65.4
512,0.00,204.00,204.0,23.32,1.00,666.00,667.0,81.12,4,2.81,4481,0.60,4522,50,4,0.00,1.00,1.0,0.00,0.00,0.0,1.00,54023.00,57.7
513,0.00,15688.00,15688.0,11.32,1.00,401.00,402.0,81.13,2,2.81,4481,0.60,4517,50,4,0.00,1.00,1.0,0.00,0.00,0.0,0.00,51780.00,41.1
514,0.00,820.00,820.0,26.53,2.00,896.00,898.0,81.13,5,2.81,4482,0.60,4507,50,4,0.00,1.00,1.0,0.00,0.00,0.0,4.00,69950.00,60.0
515,0.00,476.00,476.0,24.62,2.00,1274.00,1276.0,81.15,12,2.81,4482,0.60,4508,50,4,0.00,2.00,2.0,0.00,0.00,0.0,0.00,120804.00,52.7
516,0.00,312.00,312.0,22.58,6.00,691.00,697.0,81.16,8,3.07,4482,0.60,4499,50,4,2.00,0.00,2.0,4.00,4.00,8.0,1.00,122060.00,59.4
517,0.00,420.00,420.0,18.05,1.00,818.00,819.0,81.17,7,3.07,4482,0.60,4502,50,4,0.00,0.00,0.0,0.00,0.00,0.0,2.00,65793.00,51.0
518,0.00,72.00,72.0,20.18,2.00,910.00,912.0,81.18,2,3.07,4481,0.60,4501,50,4,0.00,2.00,2.0,0.00,0.00,0.0,0.00,59005.00,50.6
519,0.00,42084.00,42084.0,10.59,1.00,476.00,477.0,81.18,2,3.07,4481,0.60,4504,50,4,0.00,1.00,1.0,0.00,0.00,0.0,1.00,22127.00,44.2
520,0.00,288.00,288.0,2.03,2.00,91.00,93.0,81.19,2,3.07,4480,0.60,4504,50,4,0.00,1.00,1.0,0.00,0.00,0.0,0.00,5947.00,35.8
521,0.00,48.00,48.0,5.24,1.00,454.00,455.0,81.19,6,2.98,4481,0.60,4504,50,4,0.00,1.00,1.0,0.00,0.00,0.0,1.00,27978.00,42.0
522,0.00,108.00,108.0,18.09,0.00,808.00,808.0,81.19,2,2.98,4481,0.60,4499,50,4,0.00,0.00,0.0,0.00,0.00,0.0,2.00,67615.00,50.8
523,0.00,64.00,64.0,19.46,1.00,467.00,468.0,81.2,3,2.98,4481,0.60,4503,50,4,0.00,0.00,0.0,0.00,0.00,0.0,0.00,116700.00,50.5
524,0.00,6912.00,6912.0,11.83,1.00,455.00,456.0,81.21,4,2.98,4481,0.60,4497,50,4,0.00,1.00,1.0,0.00,0.00,0.0,2.00,50645.00,50.4
525,0.00,320.00,320.0,19.04,1.00,1079.00,1080.0,81.22,3,2.98,4483,0.60,4500,50,4,0.00,1.00,1.0,0.00,0.00,0.0,2.00,55627.00,50.4
526,0.00,344.00,344.0,25.66,6.00,1295.00,1301.0,81.23,10,2.74,4482,0.60,4530,50,4,0.00,2.00,2.0,4.00,4.00,8.0,0.00,91017.00,51.0
527,0.00,84.00,84.0,30.14,0.00,982.00,982.0,81.24,15,2.74,4482,0.60,4525,50,4,0.00,0.00,0.0,0.00,0.00,0.0,1.00,134684.00,68.8
528,0.00,48.00,48.0,28.81,0.00,746.00,746.0,81.27,3,2.74,4482,0.60,4521,50,4,0.00,0.00,0.0,0.00,0.00,0.0,1.00,129675.00,57.2
529,0.00,628.00,628.0,31.65,0.00,1388.00,1388.0,81.28,2,2.74,4483,0.60,4521,50,4,0.00,0.00,0.0,0.00,0.00,0.0,2.00,93866.00,63.3
530,0.00,256.00,256.0,28.04,0.00,1593.00,1593.0,81.3,4,2.74,4482,0.60,4522,50,4,0.00,0.00,0.0,0.00,0.00,0.0,0.00,85912.00,52.8
531,0.00,60.00,60.0,22.54,1.00,343.00,344.0,81.3,2,2.52,4482,0.60,4522,50,4,0.00,0.00,0.0,0.00,0.00,0.0,0.00,65834.00,52.6
532,0.00,220.00,220.0,7.65,0.00,543.00,543.0,81.31,7,2.52,4481,0.60,4518,50,4,0.00,0.00,0.0,0.00,0.00,0.0,5.00,43331.00,43.5
533,0.00,100.00,100.0,31.93,0.00,1135.00,1135.0,81.32,3,2.52,4481,0.60,4515,50,4,0.00,0.00,0.0,0.00,0.00,0.0,1.00,77544.00,63.5
534,0.00,28324.00,28324.0,23.5,2.00,836.00,838.0,81.33,2,2.52,4481,0.60,4528,50,5,0.00,0.00,0.0,1.00,1.00,2.0,2.00,115216.00,49.0
535,0.00,140.00,140.0,20.43,0.00,599.00,599.0,81.34,2,2.52,4482,0.60,4528,50,5,0.00,0.00,0.0,0.00,0.00,0.0,1.00,85466.00,58.7
536,0.00,404.00,404.0,17.94,7.00,949.00,956.0,81.36,2,2.32,4482,0.60,4512,49,4,0.00,0.00,0.0,6.00,5.00,11.0,1.00,63205.00,49.2
537,0.00,364.00,364.0,20.69,0.00,852.00,852.0,81.37,5,2.32,4482,0.60,4518,49,4,0.00,0.00,0.0,0.00,0.00,0.0,2.00,46868.00,49.5
538,0.00,28.00,28.0,6.67,0.00,176.00,176.0,81.37,2,2.32,4481,0.60,4520,49,4,0.00,0.00,0.0,0.00,0.00,0.0,0.00,10711.00,41.6
539,0.00,7488.00,7488.0,1.91,0.00,79.00,79.0,81.37,2,2.32,4481,0.60,4520,49,4,0.00,0.00,0.0,0.00,0.00,0.0,1.00,5312.00,35.5
540,0.00,0.00,0.0,2.42,0.00,158.00,158.0,81.38,2,2.32,4479,0.60,4515,49,4,0.00,0.00,0.0,0.00,0.00,0.0,0.00,6710.00,35.6
541,0.00,380.00,380.0,9.01,0.00,579.00,579.0,81.38,3,2.38,4479,0.60,4509,49,4,0.00,0.00,0.0,0.00,0.00,0.0,1.00,29849.00,44.2
542,0.00,464.00,464.0,11.96,0.00,667.00,667.0,81.38,2,2.38,4479,0.60,4500,49,4,0.00,0.00,0.0,0.00,0.00,0.0,1.00,65929.00,44.4
543,0.00,212.00,212.0,19.85,1.00,462.00,463.0,81.4,2,2.38,4480,0.60,4504,49,4,0.00,0.00,0.0,0.00,0.00,0.0,1.00,121944.00,45.0
544,0.00,19732.00,19732.0,13.08,0.00,519.00,519.0,81.4,9,2.38,4479,0.60,4502,49,4,0.00,0.00,0.0,0.00,0.00,0.0,1.00,51074.00,45.2
545,0.00,424.00,424.0,12.42,1.00,849.00,850.0,81.41,2,2.38,4481,0.60,4506,49,4,1.00,1.00,2.0,0.00,0.00,0.0,2.00,33997.00,45.5
546,0.00,240.00,240.0,6.94,4.00,212.00,216.0,81.42,2,2.19,4483,0.60,4512,49,4,0.00,0.00,0.0,4.00,4.00,8.0,2.00,11316.00,37.9
547,0.00,80.00,80.0,3.68,1.00,197.00,198.0,81.42,3,2.19,4483,0.60,4511,49,4,0.00,0.00,0.0,0.00,0.00,0.0,0.99,11214.85,37.7
548,0.00,216.00,216.0,22.97,0.00,904.00,904.0,81.42,2,2.19,4483,0.60,4502,49,4,0.00,0.00,0.0,0.00,0.00,0.0,0.00,62545.00,58.6
549,0.00,12372.00,12372.0,30.51,0.00,1179.00,1179.0,81.44,13,2.19,4483,0.60,4509,49,4,0.00,0.00,0.0,0.00,0.00,0.0,1.00,128978.00,58.8
550,0.00,24.00,24.0,35.82,1.00,831.00,832.0,81.45,11,2.19,4482,0.60,4510,49,4,0.00,0.00,0.0,0.00,0.00,0.0,0.00,181125.00,59.2
551,0.00,564.00,564.0,26.02,0.00,1104.00,1104.0,81.47,3,2.25,4483,0.60,4507,49,4,0.00,0.00,0.0,0.00,0.00,0.0,2.00,99523.00,58.8
552,0.00,208.00,208.0,37.1,0.00,1876.00,1876.0,81.5,12,2.25,4484,0.60,4513,49,4,0.00,0.00,0.0,0.00,0.00,0.0,2.00,107684.00,68.2
553,0.00,100.00,100.0,68.03,0.00,1291.00,1291.0,81.54,7,2.25,4484,0.60,4508,49,4,0.00,0.00,0.0,0.00,0.00,0.0,1.00,112523.00,79.1
554,0.00,18920.00,18920.0,47.27,0.00,936.00,936.0,81.55,5,2.25,4484,0.60,4506,49,4,0.00,0.00,0.0,0.00,0.00,0.0,1.00,132433.00,69.8
555,0.00,10160.00,10160.0,30.64,1.00,702.00,703.0,81.57,7,2.25,4484,0.60,4513,49,4,0.00,0.00,0.0,0.00,0.00,0.0,0.00,115592.00,69.2
556,0.00,388.00,388.0,46.84,2.00,1123.00,1125.0,81.59,15,2.31,4483,0.60,4515,49,4,2.00,0.00,2.0,0.00,0.00,0.0,1.00,76748.00,69.7
557,0.00,648.00,648.0,41.75,0.00,1140.00,1140.0,81.6,9,2.31,4483,0.60,4514,49,4,0.00,0.00,0.0,0.00,0.00,0.0,2.00,53320.00,69.2
558,0.00,36.00,36.0,18.84,0.00,249.00,249.0,81.61,3,2.31,4483,0.60,4518,49,4,0.00,0.00,0.0,0.00,0.00,0.0,0.00,11063.00,52.1
559,0.00,988.00,988.0,13.84,6.00,116.00,122.0,81.61,2,2.31,4484,0.60,4518,50,5,0.00,5.00,5.0,2.00,2.00,4.0,18.00,9327.00,51.7
560,0.00,1052.00,1052.0,3.67,3.00,328.00,331.0,81.61,3,2.31,4484,0.60,4517,51,5,0.00,3.00,3.0,0.00,0.00,0.0,0.00,16315.00,42.0
561,0.00,544.00,544.0,11.32,1.00,751.00,752.0,81.62,11,2.13,4484,0.60,4511,51,5,0.00,1.00,1.0,0.00,0.00,0.0,0.00,60951.00,42.6
562,0.00,124.00,124.0,14.85,1.00,529.00,530.0,81.62,4,2.13,4482,0.60,4505,50,5,0.00,0.00,0.0,0.00,0.00,0.0,1.00,98178.00,49.8
563,0.00,388.00,388.0,24.11,2.00,502.00,504.0,81.62,7,2.13,4482,0.60,4509,51,5,0.00,3.00,3.0,0.00,0.00,0.0,0.00,70806.00,50.2
564,0.00,480.00,480.0,38.47,3.00,727.00,730.0,81.63,3,2.13,4482,0.60,4504,51,4,0.00,1.00,1.0,2.00,2.00,4.0,2.00,47347.00,63.6
565,0.00,16516.00,16516.0,19.1,1.00,559.00,560.0,81.64,3,2.13,4481,0.60,4507,50,4,0.00,0.00,0.0,0.00,0.00,0.0,0.00,25276.00,55.2
566,0.00,608.00,608.0,9.21,5.00,306.00,311.0,81.64,3,2.2,4481,0.60,4506,50,5,0.00,0.00,0.0,5.00,5.00,10.0,0.00,18620.00,43.8
567,0.00,500.00,500.0,20.13,0.00,1014.00,1014.0,81.65,8,2.2,4481,0.60,4502,50,5,0.00,0.00,0.0,0.00,0.00,0.0,2.00,86221.00,60.6
568,0.00,244.00,244.0,41.04,0.00,1019.00,1019.0,81.67,8,2.2,4481,0.60,4497,50,5,0.00,0.00,0.0,0.00,0.00,0.0,0.00,134563.00,61.0
569,0.00,700.00,700.0,26.85,0.00,750.00,750.0,81.69,5,2.2,4479,0.60,4501,50,5,0.00,0.00,0.0,0.00,0.00,0.0,2.00,151249.00,61.1
570,0.00,7484.00,7484.0,29.68,0.00,1097.00,1097.0,81.7,2,2.2,4482,0.60,4499,50,4,0.00,0.00,0.0,0.00,0.00,0.0,2.00,99288.00,54.8
571,0.00,776.00,776.0,18.38,0.00,1168.00,1168.0,81.71,2,2.34,4483,0.60,4504,51,4,0.00,1.00,1.0,0.00,0.00,0.0,2.00,62264.00,54.8
572,0.00,204.00,204.0,5.71,0.00,364.00,364.0,81.71,2,2.34,4482,0.60,4508,51,4,0.00,0.00,0.0,0.00,0.00,0.0,1.00,17517.00,38.4
573,0.00,68.00,68.0,3.82,8.00,257.00,265.0,81.71,2,2.34,4481,0.60,4504,51,4,1.00,4.00,5.0,2.00,0.00,2.0,0.00,13076.00,38.3
574,0.00,540.00,540.0,48.74,2.00,974.00,976.0,81.72,11,2.34,4482,0.60,4503,51,4,0.00,2.00,2.0,0.00,0.00,0.0,6.00,65966.00,74.0
575,0.00,23840.00,23840.0,49.04,3.00,1181.00,1184.0,81.75,7,2.34,4482,0.60,4505,51,4,2.00,1.00,3.0,0.00,0.00,0.0,2.00,125983.00,73.5
576,0.00,448.00,448.0,42.42,1.00,802.00,803.0,81.77,12,2.63,4481,0.60,4506,51,4,0.00,0.00,0.0,0.00,0.00,0.0,0.00,179116.00,73.0
577,0.00,360.00,360.0,35.52,0.00,945.00,945.0,81.78,12,2.63,4481,0.60,4507,51,4,0.00,0.00,0.0,0.00,0.00,0.0,2.00,84261.00,67.7
578,0.00,416.00,416.0,38.69,2.00,1522.00,1524.0,81.8,3,2.63,4483,0.60,4508,51,4,2.00,0.00,2.0,0.00,0.00,0.0,2.00,68141.00,67.2
579,0.00,96.00,96.0,17.46,3.00,343.00,346.0,81.81,2,2.63,4483,0.60,4514,51,4,0.00,2.00,2.0,0.00,0.00,0.0,1.00,17350.00,49.6
580,0.00,16948.00,16948.0,3.94,2.00,290.00,292.0,81.8,3,2.63,4483,0.60,4514,51,4,0.00,2.00,2.0,0.00,0.00,0.0,0.00,16384.00,36.7
581,0.00,496.00,496.0,9.6,3.00,536.00,539.0,81.81,2,2.42,4482,0.60,4512,51,4,2.00,1.00,3.0,0.00,0.00,0.0,0.00,45820.00,48.7
582,0.00,296.00,296.0,18.53,0.00,700.00,700.0,81.82,2,2.42,4481,0.60,4510,51,4,0.00,0.00,0.0,0.00,0.00,0.0,1.00,97295.00,48.9
583,0.00,84.00,84.0,16.1,1.00,475.00,476.0,81.83,5,2.42,4480,0.60,4510,51,4,0.00,0.00,0.0,0.00,0.00,0.0,1.00,86446.00,49.1
584,0.00,660.00,660.0,15.54,2.00,870.00,872.0,81.84,6,2.42,4483,0.60,4507,51,4,2.00,0.00,2.0,0.00,0.00,0.0,3.00,51199.00,48.8
585,0.00,112.00,112.0,26.8,2.00,1258.00,1260.0,81.85,5,2.42,4483,0.60,4503,51,4,2.00,0.00,2.0,0.00,0.00,0.0,0.00,96879.00,54.2
586,0.00,21580.00,21580.0,23.02,6.00,1098.00,1104.0,81.86,8,3.11,4483,0.60,4511,51,4,2.00,0.00,2.0,4.00,4.00,8.0,0.00,128527.00,54.8
587,0.00,448.00,448.0,28.39,0.00,927.00,927.0,81.88,9,3.11,4483,0.60,4504,51,4,0.00,0.00,0.0,0.00,0.00,0.0,1.00,137822.00,55.4
588,0.00,92.00,92.0,38.42,2.00,1110.00,1112.0,81.89,3,3.11,4482,0.60,4501,51,4,0.00,2.00,2.0,0.00,0.00,0.0,0.00,120737.00,63.0
589,0.00,160.00,160.0,19.29,2.00,1092.00,1094.0,81.92,2,3.11,4485,0.60,4518,50,4,2.00,0.00,2.0,0.00,0.00,0.0,24.00,71382.00,51.4
590,0.00,40.00,40.0,13.67,0.00,651.00,651.0,81.92,3,3.11,4485,0.60,4520,50,4,0.00,0.00,0.0,0.00,0.00,0.0,0.00,33386.00,51.1
591,0.00,6580.00,6580.0,3.17,3.00,192.00,195.0,81.92,4,2.86,4484,0.60,4519,50,4,0.00,2.00,2.0,0.00,0.00,0.0,0.00,8575.00,39.4
592,0.00,488.00,488.0,25.83,0.00,950.00,950.0,81.93,4,2.86,4485,0.60,4511,50,4,0.00,0.00,0.0,0.00,0.00,0.0,5.00,58214.00,64.8
593,0.00,88.00,88.0,27.2,0.00,1181.00,1181.0,81.94,4,2.86,4485,0.60,4510,50,4,0.00,0.00,0.0,0.00,0.00,0.0,0.00,119439.00,54.0
594,0.00,520.00,520.0,44.85,0.00,767.00,767.0,81.96,7,2.86,4483,0.60,4508,50,4,0.00,0.00,0.0,0.00,0.00,0.0,1.00,190153.00,64.4
595,0.00,332.00,332.0,22.26,0.00,929.00,929.0,81.97,3,2.86,4485,0.60,4506,50,4,0.00,0.00,0.0,0.00,0.00,0.0,3.00,84590.00,53.3
596,0.00,13136.00,13136.0,20.33,4.00,1498.00,1502.0,81.99,3,2.63,4484,0.60,4500,50,4,0.00,0.00,0.0,4.00,4.00,8.0,1.00,77320.00,59.4
597,0.00,108.00,108.0,8.32,0.00,474.00,474.0,82.0,3,2.63,4485,0.60,4510,50,4,0.00,0.00,0.0,0.00,0.00,0.0,1.00,22168.00,38.1
598,0.00,28.00,28.0,1.91,0.00,86.00,86.0,82.0,3,2.63,4485,0.60,4508,50,4,0.00,0.00,0.0,0.00,0.00,0.0,0.00,5625.00,37.7
599,0.00,508.00,508.0,3.69,1.00,180.00,181.0,82.0,2,2.63,4481,0.60,4498,50,4,0.00,0.00,0.0,0.00,0.00,0.0,10.00,10241.00,37.5
600,0.00,4.00,4.0,7.8,1.00,359.00,360.0,82.0,2,2.63,4480,0.60,4494,50,5,0.00,0.00,0.0,1.00,1.00,2.0,2.00,39087.00,37.9
601,0.00,20808.00,20808.0,11.28,1.00,646.00,647.0,82.01,5,2.42,4479,0.60,4487,50,4,0.00,1.00,1.0,1.00,1.00,2.0,1.00,63226.00,50.7
602,0.00,576.00,576.0,14.27,1.00,552.00,553.0,82.02,13,2.42,4479,0.60,4495,50,4,0.00,0.00,0.0,0.00,0.00,0.0,1.00,68812.00,42.9
603,0.00,236.00,236.0,17.96,2.00,533.00,535.0,82.03,3,2.42,4481,0.60,4493,50,4,2.00,1.00,3.0,0.00,0.00,0.0,3.00,81301.00,48.0
604,0.00,128.00,128.0,14.11,0.00,689.00,689.0,82.03,2,2.42,4483,0.60,4504,50,4,0.00,0.00,0.0,0.00,0.00,0.0,3.00,45051.00,47.5
605,0.00,540.00,540.0,13.27,0.00,980.00,980.0,82.04,4,2.42,4483,0.60,4500,50,4,0.00,0.00,0.0,0.00,0.00,0.0,0.00,61519.00,47.1
606,0.00,132.00,132.0,19.7,1.00,1063.00,1064.0,82.06,7,2.55,4483,0.60,4503,50,4,0.00,0.00,0.0,0.00,0.00,0.0,0.00,112111.00,53.6
607,0.00,20824.00,20824.0,23.97,0.00,938.00,938.0,82.08,3,2.55,4482,0.60,4504,50,4,0.00,0.00,0.0,0.00,0.00,0.0,1.00,140389.00,53.7
608,0.00,84.00,84.0,26.45,0.00,926.00,926.0,82.09,6,2.55,4481,0.60,4500,50,4,0.00,0.00,0.0,0.00,0.00,0.0,0.00,145740.00,53.6
609,0.00,1064.00,1064.0,20.73,1.00,1263.00,1264.0,82.11,3,2.55,4483,0.60,4504,50,4,0.00,0.00,0.0,0.00,0.00,0.0,4.00,76682.00,54.2
610,0.00,60.00,60.0,22.84,0.00,867.00,867.0,82.12,9,2.55,4482,0.60,4508,50,4,0.00,0.00,0.0,0.00,0.00,0.0,0.00,42454.00,54.4
611,0.00,288.00,288.0,19.75,1.00,169.00,170.0,82.13,2,2.34,4482,0.60,4509,49,4,1.00,1.00,2.0,0.00,0.00,0.0,0.00,6897.00,54.2
612,0.00,15588.00,15588.0,20.74,0.00,546.00,546.0,82.13,2,2.34,4482,0.60,4505,49,4,0.00,0.00,0.0,0.00,0.00,0.0,2.00,27549.00,54.2
613,0.00,84.00,84.0,32.49,0.00,1212.00,1212.0,82.13,5,2.34,4482,0.60,4501,49,4,0.00,0.00,0.0,0.00,0.00,0.0,0.00,112666.00,60.4
614,0.00,102.97,102.97,41.38,1.00,964.00,965.0,82.15,9,2.34,4483,0.60,4523,49,4,0.00,0.00,0.0,0.00,0.00,0.0,2.00,148807.00,73.0
615,0.00,844.00,844.0,28.95,1.00,785.00,786.0,82.17,0,2.34,4483,0.60,4495,49,4,0.00,0.00,0.0,0.00,0.00,0.0,1.00,111402.00,51.6
616,0.00,556.00,556.0,23.4,5.00,1325.00,1330.0,82.18,4,2.48,4484,0.60,4501,49,4,1.00,1.00,2.0,4.00,4.00,8.0,1.00,94572.00,52.1
617,0.00,15364.00,15364.0,24.74,0.00,1052.00,1052.0,82.2,3,2.48,4484,0.60,4507,49,4,0.00,0.00,0.0,0.00,0.00,0.0,1.00,44070.00,52.7
618,0.00,28.00,28.0,3.44,0.00,206.00,206.0,82.21,3,2.48,4484,0.60,4506,49,4,0.00,0.00,0.0,0.00,0.00,0.0,0.00,10574.00,37.0
619,0.00,840.00,840.0,9.97,0.00,367.00,367.0,82.21,2,2.48,4481,0.60,4506,49,4,0.00,0.00,0.0,0.00,0.00,0.0,18.00,39012.00,44.3
620,0.00,756.00,756.0,10.43,0.00,499.00,499.0,82.21,7,2.48,4481,0.60,4506,49,4,0.00,0.00,0.0,0.00,0.00,0.0,0.00,60739.00,44.5
621,0.00,152.00,152.0,14.43,2.00,648.00,650.0,82.22,2,2.36,4482,0.60,4499,49,4,2.00,0.00,2.0,0.00,0.00,0.0,1.00,62641.00,44.7
622,0.00,10248.00,10248.0,21.99,0.00,573.00,573.0,82.24,2,2.36,4484,0.60,4499,49,4,0.00,0.00,0.0,0.00,0.00,0.0,3.00,83787.00,58.9
623,0.00,808.00,808.0,32.36,0.00,796.00,796.0,82.25,2,2.36,4484,0.60,4503,49,4,0.00,0.00,0.0,0.00,0.00,0.0,0.00,47835.00,58.4
624,0.00,804.00,804.0,20.36,0.00,1093.00,1093.0,82.26,4,2.36,4484,0.60,4495,49,4,0.00,0.00,0.0,0.00,0.00,0.0,1.00,93780.00,51.3
625,0.00,520.00,520.0,20.93,0.00,839.00,839.0,82.27,9,2.36,4484,0.60,4498,49,4,0.00,0.00,0.0,0.00,0.00,0.0,1.00,124917.00,62.2
626,0.00,932.00,932.0,21.31,0.00,858.00,858.0,82.3,6,2.33,4484,0.60,4501,49,4,0.00,0.00,0.0,0.00,0.00,0.0,0.00,86833.00,49.2
627,0.00,14280.00,14280.0,35.85,0.00,1243.00,1243.0,82.32,5,2.33,4483,0.60,4488,49,4,0.00,0.00,0.0,0.00,0.00,0.0,1.00,130037.00,62.2
628,0.00,456.00,456.0,32.48,0.00,869.00,869.0,82.32,4,2.33,4483,0.60,4491,49,4,0.00,0.00,0.0,0.00,0.00,0.0,0.00,86990.00,70.9
629,0.00,848.00,848.0,23.51,0.00,708.00,708.0,82.35,0,2.33,4484,0.60,4491,49,4,0.00,0.00,0.0,0.00,0.00,0.0,3.00,43179.00,48.3
630,0.00,40.00,40.0,8.7,0.00,600.00,600.0,82.35,0,2.33,4484,0.60,4492,49,4,0.00,0.00,0.0,0.00,0.00,0.0,0.00,37522.00,47.7
631,0.00,408.00,408.0,35.65,3.00,982.00,985.0,82.35,9,2.46,4482,0.60,4478,50,5,0.00,3.00,3.0,1.00,1.00,2.0,0.00,59032.00,70.6
632,0.00,23288.00,23288.0,68.82,1.00,1082.00,1083.0,82.38,9,2.46,4480,0.60,4484,50,5,0.00,0.00,0.0,0.00,0.00,0.0,1.00,107424.00,71.0
633,0.00,96.00,96.0,53.03,0.00,748.00,748.0,82.4,13,2.46,4481,0.60,4489,50,5,0.00,0.00,0.0,0.00,0.00,0.0,1.00,178721.00,71.3
634,0.00,720.00,720.0,30.87,0.00,846.00,846.0,82.42,3,2.46,4481,0.60,4495,50,5,0.00,0.00,0.0,0.00,0.00,0.0,3.00,91374.00,62.7
635,0.00,1256.00,1256.0,44.46,1.00,1465.00,1466.0,82.45,1,2.46,4483,0.60,4501,50,4,0.00,0.00,0.0,0.00,0.00,0.0,2.00,75106.00,62.8
636,0.00,160.00,160.0,11.27,4.00,571.00,575.0,82.44,1,2.59,4483,0.60,4507,50,4,0.00,0.00,0.0,4.00,4.00,8.0,0.00,27448.00,46.4
637,0.00,13744.00,13744.0,3.05,0.00,96.00,96.0,82.45,1,2.59,4483,0.60,4507,50,4,0.00,0.00,0.0,0.00,0.00,0.0,1.00,5369.00,35.8
638,0.00,28.00,28.0,3.66,1.00,187.00,188.0,82.45,1,2.59,4482,0.60,4501,50,4,0.00,0.00,0.0,0.00,0.00,0.0,1.00,11312.00,35.9
639,0.00,384.00,384.0,9.43,0.00,492.00,492.0,82.45,7,2.59,4484,0.60,4499,50,4,0.00,0.00,0.0,0.00,0.00,0.0,3.00,37052.00,45.8
640,0.00,4.00,4.0,9.92,2.00,334.00,336.0,82.46,1,2.59,4481,0.60,4497,50,4,2.00,0.00,2.0,0.00,0.00,0.0,0.00,29277.00,45.3
641,0.00,468.00,468.0,9.66,2.00,384.00,386.0,82.46,0,2.38,4481,0.60,4491,50,4,0.00,3.00,3.0,0.00,0.00,0.0,0.00,60530.00,44.8
642,0.00,15600.00,15600.0,12.44,6.00,675.00,681.0,82.47,0,2.38,4483,0.60,4494,50,4,4.00,2.00,6.0,0.00,0.00,0.0,3.00,61639.00,44.9
643,0.00,416.00,416.0,11.96,2.00,671.00,673.0,82.48,5,2.38,4483,0.60,4496,50,4,0.00,2.00,2.0,0.00,0.00,0.0,0.00,68546.00,45.2
644,0.00,440.00,440.0,9.17,0.00,347.00,347.0,82.48,1,2.38,4481,0.60,4491,50,4,0.00,0.00,0.0,0.00,0.00,0.0,1.00,31913.00,44.6
645,0.00,104.00,104.0,15.35,0.00,1033.00,1033.0,82.49,3,2.38,4480,0.60,4485,50,4,0.00,0.00,0.0,0.00,0.00,0.0,0.00,77467.00,51.8
646,0.00,412.00,412.0,23.24,6.00,1184.00,1190.0,82.5,1,2.51,4481,0.60,4491,50,4,0.00,2.00,2.0,4.00,4.00,8.0,1.00,113863.00,52.2
647,0.00,120.00,120.0,31.06,2.00,659.00,661.0,82.52,0,2.51,4480,0.60,4494,50,4,2.00,0.00,2.0,0.00,0.00,0.0,1.00,141618.00,52.7
648,0.00,19804.00,19804.0,18.72,0.00,1026.00,1026.0,82.53,0,2.51,4482,0.60,4494,50,4,0.00,0.00,0.0,0.00,0.00,0.0,3.00,83111.00,52.9
649,0.00,196.00,196.0,38.64,2.00,2171.00,2173.0,82.55,25,2.51,4483,0.60,4488,50,4,0.00,1.98,1.98,0.00,0.00,0.0,1.98,131237.62,69.4
650,0.00,36.00,36.0,62.71,0.00,1530.00,1530.0,82.58,5,2.51,4483,0.60,4492,50,4,0.00,0.00,0.0,0.00,0.00,0.0,0.00,173611.11,74.9
651,0.00,608.00,608.0,41.06,1.00,1005.00,1006.0,82.6,0,2.55,4484,0.60,4494,50,4,0.00,0.00,0.0,0.00,0.00,0.0,1.00,156080.00,67.0
652,0.00,624.00,624.0,32.3,2.00,1317.00,1319.0,82.62,13,2.55,4484,0.60,4505,50,4,0.00,2.00,2.0,0.00,0.00,0.0,4.00,129230.00,66.5
653,0.00,15248.00,15248.0,26.88,0.00,1470.00,1470.0,82.64,7,2.55,4484,0.60,4498,50,4,0.00,0.00,0.0,0.00,0.00,0.0,0.00,78574.00,60.3
654,0.00,124.00,124.0,9.8,0.00,624.00,624.0,82.64,0,2.55,4483,0.60,4501,50,4,0.00,0.00,0.0,0.00,0.00,0.0,1.00,27096.00,41.3
655,0.00,444.00,444.0,2.02,2.00,79.00,81.0,82.65,1,2.55,4483,0.60,4501,50,4,0.00,2.00,2.0,0.00,0.00,0.0,0.00,5188.00,35.2
656,0.00,128.00,128.0,1.78,4.00,99.00,103.0,82.65,2,2.34,4483,0.60,4501,50,4,0.00,0.00,0.0,4.00,4.00,8.0,0.00,5289.00,35.3
657,0.00,104.00,104.0,4.29,0.00,309.00,309.0,82.65,7,2.34,4482,0.60,4495,50,4,0.00,0.00,0.0,0.00,0.00,0.0,1.00,14184.00,35.6
658,0.00,11492.00,11492.0,9.17,0.00,471.00,471.0,82.65,0,2.34,4481,0.60,4495,50,4,0.00,0.00,0.0,0.00,0.00,0.0,1.00,39997.00,42.5
659,0.00,532.00,532.0,9.67,1.00,281.00,282.0,82.66,0,2.34,4480,0.60,4491,50,4,0.00,0.00,0.0,0.00,0.00,0.0,1.00,59189.00,42.4
660,0.00,180.00,180.0,5.37,0.00,278.00,278.0,82.66,1,2.34,4480,0.60,4491,50,4,0.00,0.00,0.0,0.00,0.00,0.0,0.00,25389.00,42.1
661,0.00,556.00,556.0,12.58,4.00,663.00,667.0,82.67,0,2.24,4480,0.60,4486,50,4,4.00,0.00,4.0,0.00,0.00,0.0,2.00,37260.00,42.7
662,0.00,580.00,580.0,12.31,1.00,517.00,518.0,82.67,2,2.24,4481,0.60,4492,50,4,0.00,0.00,0.0,0.00,0.00,0.0,2.00,43681.00,43.2
663,0.00,20472.00,20472.0,11.24,1.00,290.00,291.0,82.68,2,2.24,4480,0.60,4490,50,4,0.00,1.00,1.0,0.00,0.00,0.0,0.00,59997.00,43.3
664,0.00,328.00,328.0,14.81,0.00,724.00,724.0,82.69,0,2.24,4481,0.60,4491,50,4,0.00,0.00,0.0,0.00,0.00,0.0,2.00,45591.00,52.7
665,0.00,120.00,120.0,29.33,2.00,1302.00,1304.0,82.7,3,2.24,4484,0.60,4499,50,4,0.00,0.00,0.0,0.00,0.00,0.0,4.00,115809.00,52.5
666,0.00,156.00,156.0,24.42,6.00,884.00,890.0,82.72,1,2.46,4483,0.60,4499,50,5,0.00,2.00,2.0,5.00,5.00,10.0,0.00,145459.00,53.1
667,0.00,136.00,136.0,18.22,1.00,757.00,758.0,82.73,0,2.46,4483,0.60,4492,50,5,0.00,1.00,1.0,0.00,0.00,0.0,1.00,95778.00,53.0
668,0.00,6652.00,6652.0,28.76,1.00,1622.00,1623.0,82.75,5,2.46,4484,0.60,4494,50,5,0.00,0.00,0.0,0.00,0.00,0.0,1.00,109837.00,53.6
669,0.00,988.00,988.0,26.81,0.00,1602.00,1602.0,82.77,8,2.46,4484,0.60,4498,50,5,0.00,0.00,0.0,0.00,0.00,0.0,1.00,125049.00,59.7
670,0.00,24.00,24.0,34.36,3.00,924.00,927.0,82.79,5,2.46,4483,0.60,4499,49,4,0.00,2.00,2.0,0.00,0.00,0.0,0.00,173389.00,60.0
671,0.00,256.00,256.0,23.75,0.00,888.00,888.0,82.8,19,2.82,4483,0.60,4503,49,4,0.00,0.00,0.0,0.00,0.00,0.0,0.00,112978.00,60.4
672,0.00,552.00,552.0,27.74,0.00,1438.00,1438.0,82.82,2,2.82,4484,0.60,4503,49,4,0.00,0.00,0.0,0.00,0.00,0.0,2.00,78543.00,54.2
673,0.00,27128.00,27128.0,13.08,0.00,711.00,711.0,82.83,1,2.82,4484,0.60,4507,49,4,0.00,0.00,0.0,0.00,0.00,0.0,1.00,29844.00,45.4
674,0.00,104.00,104.0,6.28,1.00,369.00,370.0,82.83,1,2.82,4484,0.60,4506,49,4,1.00,1.00,2.0,0.00,0.00,0.0,1.00,20165.00,44.8
675,0.00,916.00,916.0,8.41,1.00,346.00,347.0,82.84,3,2.82,4484,0.60,4506,49,4,0.00,0.00,0.0,0.00,0.00,0.0,0.00,41023.00,44.2
676,0.00,232.00,232.0,10.44,0.00,318.00,318.0,82.85,1,2.6,4484,0.60,4505,49,4,0.00,0.00,0.0,0.00,0.00,0.0,0.00,62197.00,44.1
677,0.00,128.00,128.0,9.38,0.00,451.00,451.0,82.85,3,2.6,4483,0.60,4496,49,4,0.00,0.00,0.0,0.00,0.00,0.0,1.00,31452.00,44.4
678,0.00,15844.00,15844.0,11.11,0.00,397.00,397.0,82.86,2,2.6,4482,0.60,4494,49,4,0.00,0.00,0.0,0.00,0.00,0.0,0.00,20581.00,43.8
679,0.00,500.00,500.0,2.68,1.00,133.00,134.0,82.86,2,2.6,4481,0.60,4494,49,4,0.00,0.00,0.0,0.00,0.00,0.0,17.00,8461.00,36.4
680,0.00,636.00,636.0,2.41,0.00,214.00,214.0,82.86,1,2.6,4480,0.60,4491,49,4,0.00,0.00,0.0,0.00,0.00,0.0,0.00,8405.00,36.5
681,0.00,76.00,76.0,6.75,0.00,401.00,401.0,82.87,1,2.39,4480,0.60,4492,49,4,0.00,0.00,0.0,0.00,0.00,0.0,1.00,35645.00,45.4
682,0.00,544.00,544.0,12.42,0.00,341.00,341.0,82.87,1,2.39,4480,0.60,4486,49,4,0.00,0.00,0.0,0.00,0.00,0.0,1.00,31284.00,45.7
683,0.00,13172.00,13172.0,8.88,0.00,299.00,299.0,82.88,1,2.39,4480,0.60,4490,49,4,0.00,0.00,0.0,0.00,0.00,0.0,2.00,56377.00,45.1
684,0.00,672.00,672.0,14.56,2.00,1099.00,1101.0,82.89,1,2.39,4482,0.60,4494,49,4,2.00,0.00,2.0,0.00,0.00,0.0,3.00,74211.00,52.7
685,0.00,560.00,560.0,34.79,0.00,1556.00,1556.0,82.9,2,2.39,4482,0.60,4499,49,4,0.00,0.00,0.0,0.00,0.00,0.0,0.00,129597.00,53.1
686,0.00,1240.00,1240.0,35.41,4.00,949.00,953.0,82.92,5,3.08,4482,0.60,4506,49,4,0.00,0.00,0.0,4.00,4.00,8.0,0.00,180335.00,68.0
687,0.00,160.00,160.0,55.39,0.00,1396.00,1396.0,82.95,11,3.08,4483,0.60,4496,49,4,0.00,0.00,0.0,0.00,0.00,0.0,2.00,117581.00,77.0
688,0.00,8088.00,8088.0,50.84,1.00,2243.00,2244.0,82.98,6,3.08,4484,0.60,4494,49,4,1.00,1.00,2.0,0.00,0.00,0.0,2.00,164787.00,71.7
689,0.00,976.00,976.0,53.51,0.00,1579.00,1579.0,83.0,12,3.08,4484,0.60,4502,49,4,0.00,0.00,0.0,0.00,0.00,0.0,5.00,162607.00,71.2
690,0.00,420.00,420.0,23.37,0.00,931.00,931.0,83.02,2,3.08,4484,0.60,4507,49,4,0.00,0.00,0.0,0.00,0.00,0.0,1.00,120467.00,58.0
691,0.00,448.00,448.0,17.74,1.00,1278.00,1279.0,83.03,2,2.99,4484,0.60,4503,49,4,0.00,0.00,0.0,0.00,0.00,0.0,0.00,80067.00,57.4
692,0.00,516.00,516.0,11.04,0.00,916.00,916.0,83.04,1,2.99,4483,0.60,4502,49,4,0.00,0.00,0.0,0.00,0.00,0.0,32.00,41718.00,44.0
693,0.00,76.00,76.0,10.06,0.00,535.00,535.0,83.04,2,2.99,4481,0.60,4500,49,4,0.00,0.00,0.0,0.00,0.00,0.0,0.00,43412.00,44.1
694,0.00,26904.00,26904.0,18.89,0.99,288.12,289.11,83.05,1,2.99,4481,0.60,4496,49,4,0.00,0.00,0.0,0.00,0.00,0.0,1.00,62896.00,54.5
695,0.00,668.00,668.0,6.52,0.00,321.00,321.0,83.06,5,2.99,4481,0.60,4490,49,4,0.00,0.00,0.0,0.00,0.00,0.0,1.00,26163.00,44.0
696,0.00,288.00,288.0,10.08,4.00,619.00,623.0,83.06,2,2.91,4482,0.60,4492,49,4,0.00,0.00,0.0,4.00,4.00,8.0,1.00,32517.00,43.7
697,0.00,124.00,124.0,13.02,1.00,232.00,233.0,83.06,2,2.91,4482,0.60,4490,49,4,0.00,0.00,0.0,0.00,0.00,0.0,1.00,12278.00,43.7
698,0.00,36.00,36.0,2.15,0.00,109.00,109.0,83.07,1,2.91,4482,0.60,4490,49,4,0.00,0.00,0.0,0.00,0.00,0.0,0.00,5770.00,38.4
699,0.00,9076.00,9076.0,4.68,2.00,285.00,287.0,83.07,1,2.91,4480,0.60,4479,49,4,2.00,0.00,2.0,0.00,0.00,0.0,2.00,13666.00,38.4
700,0.00,8.00,8.0,7.52,2.00,446.00,448.0,83.07,1,2.91,4481,0.60,4490,50,5,0.00,2.00,2.0,1.00,1.00,2.0,3.00,39329.00,38.6
701,0.00,784.00,784.0,9.08,1.00,271.00,272.0,83.07,9,3.08,4480,0.60,4487,50,5,0.00,0.00,0.0,0.00,0.00,0.0,0.00,68863.00,43.7
702,0.00,96.00,96.0,6.59,0.00,310.00,310.0,83.08,3,3.08,4480,0.60,4484,50,5,0.00,0.00,0.0,0.00,0.00,0.0,2.00,25968.00,43.3
703,0.00,100.00,100.0,34.89,2.00,938.00,940.0,83.09,5,3.08,4481,0.60,4480,50,5,0.00,2.00,2.0,0.00,0.00,0.0,1.00,57077.00,65.4
704,0.00,18568.00,18568.0,16.25,1.00,736.00,737.0,83.1,8,3.08,4481,0.60,4497,50,4,0.00,1.00,1.0,0.00,0.00,0.0,1.00,78520.00,43.5
705,0.00,92.00,92.0,21.37,2.00,392.00,394.0,83.11,2,3.08,4482,0.60,4501,50,4,0.00,2.00,2.0,0.00,0.00,0.0,1.00,98557.00,43.9
706,0.00,320.00,320.0,18.3,0.00,593.00,593.0,83.12,1,2.91,4483,0.60,4499,50,4,0.00,0.00,0.0,0.00,0.00,0.0,1.00,49459.00,44.4
707,0.00,332.00,332.0,19.82,2.00,1646.00,1648.0,83.13,11,2.91,4482,0.60,4497,50,4,2.00,0.00,2.0,0.00,0.00,0.0,2.00,66854.00,60.4
708,0.00,304.00,304.0,40.28,4.00,1919.00,1923.0,83.16,10,2.91,4482,0.60,4526,50,4,2.00,3.00,5.0,0.00,0.00,0.0,0.00,144708.00,61.0
709,0.00,18224.00,18224.0,48.03,1.00,971.00,972.0,83.18,15,2.91,4482,0.60,4516,50,4,0.00,1.00,1.0,0.00,0.00,0.0,1.00,181604.00,75.9
710,0.00,24.00,24.0,41.38,0.00,978.00,978.0,83.2,2,2.91,4481,0.60,4526,50,4,0.00,0.00,0.0,0.00,0.00,0.0,1.00,122651.00,60.3
711,0.00,508.00,508.0,33.29,1.00,1741.00,1742.0,83.22,4,2.68,4484,0.60,4520,50,4,0.00,0.00,0.0,0.00,0.00,0.0,3.00,115432.00,60.6
712,0.00,284.00,284.0,42.44,1.00,1966.00,1967.0,83.26,1,2.68,4484,0.60,4528,50,4,0.00,1.00,1.0,0.00,0.00,0.0,4.00,72650.00,67.1
713,0.00,256.00,256.0,4.28,1.00,313.00,314.0,83.26,1,2.68,4484,0.60,4525,50,4,0.00,1.00,1.0,0.00,0.00,0.0,0.00,15644.00,39.4
714,0.00,12728.00,12728.0,9.22,0.00,362.00,362.0,83.27,1,2.68,4484,0.60,4527,50,4,0.00,0.00,0.0,0.00,0.00,0.0,1.00,38168.00,39.5
715,0.00,596.00,596.0,24.08,0.00,293.00,293.0,83.27,7,2.68,4483,0.60,4521,50,4,0.00,0.00,0.0,0.00,0.00,0.0,0.00,62684.00,55.7
716,0.00,368.00,368.0,6.02,6.00,341.00,347.0,83.28,1,2.46,4481,0.60,4507,50,4,0.00,1.00,1.0,4.00,4.00,8.0,1.00,28518.00,41.6
717,0.00,284.00,284.0,8.51,1.00,556.00,557.0,83.28,1,2.46,4483,0.60,4503,50,4,0.00,1.00,1.0,0.00,0.00,0.0,2.00,22305.00,41.6
718,0.00,196.00,196.0,5.44,0.00,311.00,311.0,83.29,1,2.46,4483,0.60,4504,50,4,0.00,0.00,0.0,0.00,0.00,0.0,1.00,18939.00,41.1
719,0.00,16196.00,16196.0,10.49,2.00,415.00,417.0,83.29,1,2.46,4483,0.60,4504,50,4,2.00,0.00,2.0,0.00,0.00,0.0,0.00,38443.00,41.2
720,0.00,644.00,644.0,12.17,1.00,317.00,318.0,83.3,1,2.46,4483,0.60,4504,50,4,0.00,1.00,1.0,0.00,0.00,0.0,1.00,65563.00,41.8
721,0.00,680.00,680.0,6.7,2.00,328.00,330.0,83.3,2,2.59,4482,0.60,4502,50,4,0.00,1.00,1.0,0.00,0.00,0.0,0.00,26257.00,41.9
722,0.00,132.00,132.0,11.11,1.00,792.00,793.0,83.31,1,2.59,4482,0.60,4499,50,4,0.00,1.00,1.0,0.00,0.00,0.0,2.00,40069.00,42.5
723,0.00,500.00,500.0,14.52,0.00,779.00,779.0,83.32,1,2.59,4482,0.60,4495,50,4,0.00,0.00,0.0,0.00,0.00,0.0,0.00,70711.00,49.5
724,0.00,13196.00,13196.0,27.77,1.00,503.00,504.0,83.33,1,2.59,4483,0.60,4503,50,4,0.00,0.00,0.0,0.00,0.00,0.0,2.00,115951.00,50.0
725,0.00,108.00,108.0,12.33,1.00,526.00,527.0,83.33,4,2.59,4483,0.60,4499,50,4,0.00,1.00,1.0,0.00,0.00,0.0,1.00,48780.00,49.7
726,0.00,184.00,184.0,16.09,4.00,828.00,832.0,83.35,2,2.86,4484,0.60,4503,50,4,0.00,0.00,0.0,4.00,4.00,8.0,1.00,43212.00,50.2
727,0.00,116.00,116.0,8.07,1.00,358.00,359.0,83.35,1,2.86,4483,0.60,4508,50,4,0.00,0.00,0.0,0.00,0.00,0.0,1.00,17057.00,37.8
728,0.00,440.00,440.0,10.83,1.00,762.00,763.0,83.35,2,2.86,4483,0.60,4501,50,4,0.00,1.00,1.0,0.00,0.00,0.0,0.00,38254.00,48.9
729,0.00,8768.00,8768.0,33.12,0.00,1663.00,1663.0,83.37,3,2.86,4483,0.60,4517,50,4,0.00,0.00,0.0,0.00,0.00,0.0,1.00,155618.00,64.1
730,0.00,12.00,12.0,51.2,0.00,1217.00,1217.0,83.38,10,2.86,4483,0.60,4522,50,4,0.00,0.00,0.0,0.00,0.00,0.0,1.00,140870.00,73.0
731,0.00,464.00,464.0,76.17,1.00,822.00,823.0,83.4,12,3.27,4483,0.60,4513,50,4,1.00,1.00,2.0,0.00,0.00,0.0,1.00,170021.00,80.3
732,0.00,156.00,156.0,39.77,0.00,1370.00,1370.0,83.43,9,3.27,4484,0.60,4501,50,4,0.00,0.00,0.0,0.00,0.00,0.0,2.00,99917.00,65.4
733,0.00,700.00,700.0,42.62,0.00,2085.00,2085.0,83.46,9,3.27,4483,0.60,4511,50,4,0.00,0.00,0.0,0.00,0.00,0.0,0.00,98928.00,65.8
734,0.00,264.00,264.0,21.19,1.00,652.00,653.0,83.46,1,3.27,4483,0.60,4516,50,5,0.00,0.00,0.0,1.00,1.00,2.0,1.00,35373.00,48.0
735,0.00,29040.00,29040.0,6.79,2.00,328.00,330.0,83.47,1,3.27,4483,0.60,4510,50,5,0.00,1.00,1.0,0.00,0.00,0.0,1.00,37981.00,42.9
736,0.00,216.00,216.0,15.56,2.00,235.00,237.0,83.52,1,3.09,4484,0.60,4514,50,5,0.00,2.00,2.0,0.00,0.00,0.0,1.00,60935.00,51.4
737,0.00,80.00,80.0,7.53,0.00,214.00,214.0,83.52,3,3.09,4484,0.60,4510,50,5,0.00,0.00,0.0,0.00,0.00,0.0,1.00,24855.00,41.4
738,0.00,68.00,68.0,9.07,0.00,514.00,514.0,83.48,4,3.09,4484,0.60,4509,50,4,0.00,0.00,0.0,0.00,0.00,0.0,0.00,31217.00,41.4
739,0.00,508.00,508.0,5.7,3.00,193.00,196.0,83.48,3,3.09,4483,0.60,4510,49,4,0.00,2.00,2.0,0.00,0.00,0.0,8.00,12954.00,41.0
740,0.00,17780.00,17780.0,1.9,1.00,92.00,93.0,83.49,1,3.09,4482,0.60,4506,49,4,0.00,0.00,0.0,0.00,0.00,0.0,9.00,7397.00,40.4
741,0.00,248.00,248.0,4.93,2.00,340.00,342.0,83.49,1,2.84,4481,0.60,4501,49,4,0.00,0.00,0.0,0.00,0.00,0.0,1.00,14308.00,40.1
742,0.00,380.00,380.0,9.18,3.00,442.00,445.0,83.49,1,2.84,4481,0.60,4500,49,4,5.00,2.00,7.0,0.00,0.00,0.0,2.00,41547.00,40.3
743,0.00,428.00,428.0,11.0,0.00,313.00,313.0,83.49,7,2.84,4482,0.60,4501,49,4,0.00,0.00,0.0,0.00,0.00,0.0,1.00,65444.00,40.7
744,0.00,484.00,484.0,6.46,0.00,426.00,426.0,83.5,3,2.84,4482,0.60,4501,49,4,0.00,0.00,0.0,0.00,0.00,0.0,2.00,30575.00,40.7
745,0.00,8860.00,8860.0,18.23,0.00,1119.00,1119.0,83.51,4,2.84,4484,0.60,4497,49,4,0.00,0.00,0.0,0.00,0.00,0.0,3.00,75343.00,55.6
746,0.00,328.00,328.0,17.26,4.00,690.00,694.0,83.52,3,2.86,4483,0.60,4499,49,4,0.00,0.00,0.0,4.00,4.00,8.0,0.00,97351.00,45.5
747,0.00,1076.00,1076.0,13.9,1.00,427.00,428.0,83.52,2,2.86,4484,0.60,4501,49,4,1.00,1.00,2.0,0.00,0.00,0.0,2.00,73911.00,45.7
748,0.00,460.00,460.0,15.42,2.00,795.00,797.0,83.52,2,2.86,4483,0.60,4493,49,4,2.00,1.00,3.0,0.00,0.00,0.0,0.00,56458.00,45.9
749,0.00,148.00,148.0,14.12,0.00,850.00,850.0,83.53,7,2.86,4483,0.60,4495,49,4,0.00,0.00,0.0,0.00,0.00,0.0,0.00,40529.00,46.4
750,0.00,13476.00,13476.0,9.16,1.00,386.00,387.0,83.54,1,2.86,4482,0.60,4497,49,4,0.00,0.00,0.0,0.00,0.00,0.0,2.00,34217.00,40.7
751,0.00,44.00,44.0,12.45,0.00,414.00,414.0,83.55,1,2.63,4482,0.60,4497,49,4,0.00,0.00,0.0,0.00,0.00,0.0,0.00,73875.00,41.1
752,0.00,724.00,724.0,25.9,0.00,1413.00,1413.0,83.56,10,2.63,4482,0.60,4497,49,4,0.00,0.00,0.0,0.00,0.00,0.0,3.00,108119.00,62.7
753,0.00,516.00,516.0,51.15,1.00,2003.00,2004.0,83.63,11,2.63,4484,0.60,4495,49,4,0.00,0.00,0.0,0.00,0.00,0.0,1.00,148162.00,72.6
754,0.00,560.00,560.0,68.63,0.00,1037.00,1037.0,83.65,15,2.63,4485,0.60,4511,49,4,0.00,0.00,0.0,0.00,0.00,0.0,1.00,199291.00,78.5
755,0.00,23832.00,23832.0,37.74,0.00,1293.00,1293.0,83.68,3,2.63,4485,0.60,4503,49,4,0.00,0.00,0.0,0.00,0.00,0.0,1.00,157118.00,63.3
756,0.00,1128.00,1128.0,32.07,5.00,2128.00,2133.0,83.71,2,2.66,4485,0.60,4499,49,4,0.00,0.00,0.0,4.00,4.00,8.0,0.00,112692.00,72.0
757,0.00,300.00,300.0,26.4,2.00,1152.00,1154.0,83.71,1,2.66,4484,0.60,4507,49,4,2.00,0.00,2.0,0.00,0.00,0.0,1.00,48040.00,45.7
758,0.00,200.00,200.0,3.18,0.00,136.00,136.0,83.68,1,2.66,4483,0.60,4510,49,4,0.00,0.00,0.0,0.00,0.00,0.0,0.00,6867.00,39.7
759,0.00,104.00,104.0,1.65,0.00,96.00,96.0,83.68,1,2.66,4483,0.60,4510,49,4,0.00,0.00,0.0,0.00,0.00,0.0,0.00,4792.00,39.1
760,0.00,4080.00,4080.0,3.54,0.00,272.00,272.0,83.68,1,2.66,4481,0.60,4497,49,4,0.00,0.00,0.0,0.00,0.00,0.0,1.00,12477.00,38.8
761,0.00,460.00,460.0,7.07,0.00,462.00,462.0,83.68,1,2.68,4482,0.60,4495,49,4,0.00,0.00,0.0,0.00,0.00,0.0,2.00,38231.00,39.1
762,0.00,112.00,112.0,8.09,0.00,295.00,295.0,83.68,2,2.68,4482,0.60,4501,49,4,0.00,0.00,0.0,0.00,0.00,0.0,2.00,53657.00,39.6
763,0.00,36.00,36.0,9.25,0.00,404.00,404.0,83.69,2,2.68,4480,0.60,4492,49,4,0.00,0.00,0.0,0.00,0.00,0.0,0.00,34339.00,39.6
764,0.00,544.00,544.0,19.67,0.00,1000.00,1000.0,83.73,8,2.68,4483,0.60,4497,49,4,0.00,0.00,0.0,0.00,0.00,0.0,4.00,80132.00,57.7
765,0.00,12796.00,12796.0,16.86,0.00,862.00,862.0,83.74,1,2.68,4483,0.60,4501,49,4,0.00,0.00,0.0,0.00,0.00,0.0,1.00,98520.00,44.8
766,0.00,80.00,80.0,12.64,0.00,431.00,431.0,83.75,4,2.47,4483,0.60,4501,49,4,0.00,0.00,0.0,0.00,0.00,0.0,0.00,73601.00,44.4
767,0.00,412.00,412.0,10.97,2.00,765.00,767.0,83.76,1,2.47,4483,0.60,4501,49,4,2.00,0.00,2.0,0.00,0.00,0.0,1.00,55820.00,44.7
768,0.00,312.00,312.0,11.15,4.00,822.00,826.0,83.74,1,2.47,4484,0.60,4504,50,5,0.00,4.00,4.0,1.00,1.00,2.0,1.00,38512.00,44.8
769,0.00,168.00,168.0,8.61,3.00,393.00,396.0,83.74,1,2.47,4482,0.60,4499,50,5,3.00,1.00,4.0,0.00,0.00,0.0,0.00,37841.58,44.4
