frequency,workload,tool,run_number,duration,energy_consumption,cpu_usage_percentage,total_datagrams_count,memory_usage_percentage,load_avg
F_LOW,W_LOW,netdata,r1,754,41033.8,37.268565153733526,465469.71,67.3773206442167,8.718521229868228
F_LOW,W_MEDIUM,baseline,r1,807,52405.8,47.91455136540962,1025084.5000000001,68.07972691807542,13.890143042912875
F_HIGH,W_MEDIUM,baseline,r1,780,52890.0,49.7922987012987,1078527.13,67.82398701298702,14.135103896103894
F_MEDIUM,W_MEDIUM,prometheus,r1,725,49109.7,53.74473684210527,981924.75,69.85149122807017,15.155482456140351
F_MEDIUM,W_MEDIUM,baseline,r1,657,42550.9,53.57055183946488,908949.05,60.016822742474915,14.286170568561875
F_LOW,W_MEDIUM,prometheus,r1,768,48464.0,50.87462664714495,948144.41,72.81510980966326,13.720102489019034
F_MEDIUM,W_LOW,baseline,r1,747,40976.1,35.93349926793558,469123.68,70.79005856515373,8.264934114202049
F_MEDIUM,W_HIGH,prometheus,r1,874,72193.0,75.2011111111111,2335204.9299999997,82.458350877193,31.601391812865497
F_LOW,W_LOW,zipkin,r1,777,46420.5,37.19651948051948,514528.22000000003,80.18089610389609,7.5122727272727285
F_LOW,W_MEDIUM,elastic,r1,852,52376.8,43.87678803641092,957556.9299999999,99.21535760728219,12.42336801040312
F_LOW,W_LOW,prometheus,r1,766,41292.6,34.867452415812586,460207.53,52.99431918008784,8.067701317715958
F_LOW,W_MEDIUM,zipkin,r1,774,56276.0,54.90811688311688,1086077.8599999999,63.25118181818182,14.303662337662336
F_LOW,W_LOW,elastic,r1,823,44973.9,32.06768831168831,482795.89,99.20458441558442,9.514142857142858
F_HIGH,W_HIGH,baseline,r1,855,63985.600000000006,71.5434155844156,2093235.1199999999,59.534922077922076,30.13848051948052
F_HIGH,W_MEDIUM,elastic,r1,855,53226.9,45.472649350649355,953326.4099999999,99.21474025974027,14.072688311688314
F_LOW,W_HIGH,elastic,r1,986,74677.8,62.54922340425532,2271753.8499999996,99.22979787234044,25.100978723404257
F_LOW,W_HIGH,zipkin,r1,993,79302.5,76.927,2225927.91,66.55634042553191,32.88522340425532
F_MEDIUM,W_HIGH,baseline,r1,898,69392.5,68.94538011695907,2251927.63,66.74556725146199,24.533929824561405
F_HIGH,W_LOW,elastic,r1,745,40775.3,34.202119883040936,442106.27,99.19555555555557,6.921710526315791
F_LOW,W_HIGH,netdata,r1,909,69382.79999999999,69.06523976608187,2234557.8,64.43474853801169,25.111438596491226
F_HIGH,W_LOW,prometheus,r1,783,45644.7,34.00555844155844,516264.43,57.526506493506496,7.127935064935065
F_MEDIUM,W_LOW,netdata,r1,779,45280.600000000006,34.45566233766234,511946.41,57.89980519480519,7.44912987012987
F_HIGH,W_HIGH,elastic,r1,1009,74785.5,66.01707135250265,2153967.99,99.21523961661343,32.33871139510117
F_MEDIUM,W_HIGH,netdata,r1,896,69690.20000000001,70.16164912280702,2270209.19,61.239789473684205,29.08927485380117
F_HIGH,W_HIGH,netdata,r1,915,70433.29999999999,72.00458479532165,2200557.93,61.24559064327485,29.851719298245616
F_HIGH,W_LOW,zipkin,r1,759,41875.299999999996,40.399370424597365,466004.99000000005,68.21937042459737,7.894524158125916
F_MEDIUM,W_LOW,prometheus,r1,717,41770.2,37.718947368421055,491464.56999999995,67.19893274853801,7.985862573099415
F_LOW,W_LOW,baseline,r1,711,41303.399999999994,35.81137426900584,495547.77,65.72701754385965,7.9317982456140355
F_MEDIUM,W_LOW,elastic,r1,776,44803.5,33.58092207792208,514041.56000000006,99.17424675324676,8.040805194805195
F_LOW,W_MEDIUM,netdata,r1,756,46680.7,47.773523391812866,977875.6399999999,55.56872807017543,12.053903508771928
F_HIGH,W_HIGH,zipkin,r1,1053,84566.6,74.556005859375,2372527.0100000002,69.008515625,30.08337890625
F_MEDIUM,W_MEDIUM,elastic,r1,646,46083.5,64.3599331103679,1051010.29,99.21120401337794,23.2135618729097
F_HIGH,W_HIGH,prometheus,r1,923,69567.5,68.84504103165298,2187498.9800000004,60.773528722157096,26.574941451990632
F_MEDIUM,W_MEDIUM,netdata,r1,723,49307.600000000006,52.573245614035095,986039.6,56.975190058479534,14.104049707602343
F_LOW,W_HIGH,baseline,r1,918,70752.1,73.33837426900584,2196116.9299999997,64.29973099415204,32.27962573099415
F_LOW,W_HIGH,prometheus,r1,868,72575.7,76.693981264637,2329350.64,70.93806791569087,36.40201405152225
F_HIGH,W_LOW,netdata,r1,718,42931.9,38.575812591508054,498695.07000000007,62.6504831625183,8.321229868228404
F_HIGH,W_LOW,baseline,r1,770,40874.8,37.331976573938505,457252.79999999993,61.838535871156665,7.680014641288433
F_HIGH,W_MEDIUM,prometheus,r1,726,49527.5,53.627803806734995,968149.0299999999,65.33698389458273,14.212386530014642
F_HIGH,W_MEDIUM,netdata,r1,717,49713.3,53.59840409956076,994216.15,66.21103953147878,14.903221083455344
F_MEDIUM,W_HIGH,elastic,r1,1002,74810.79999999999,65.09339723109692,2192414.15,99.1799148029819,29.33106496272631
F_MEDIUM,W_HIGH,zipkin,r1,1095,83064.1,70.03291707317072,2261005.5100000002,66.43599999999999,28.709443902439023
F_HIGH,W_MEDIUM,zipkin,r1,753,52267.7,60.12298245614036,938789.9700000001,66.37834795321638,15.369736842105263
F_MEDIUM,W_MEDIUM,zipkin,r1,744,51735.600000000006,60.69089181286551,947772.83,67.53033625730994,16.054970760233918
F_MEDIUM,W_LOW,zipkin,r1,785,47493.8,39.73235064935064,521308.08999999997,66.71466233766233,9.208597402597402
F_MEDIUM,W_MEDIUM,baseline,r2,762,46475.1,47.96518301610542,955757.88,68.68840409956077,13.14267935578331
F_MEDIUM,W_MEDIUM,prometheus,r2,782,53709.7,50.657503250975296,1079569.98,75.7049544863459,14.491885565669701
F_MEDIUM,W_LOW,prometheus,r2,747,42327.3,38.1110980966325,472894.6,73.28963396778917,8.593704245973646
F_LOW,W_LOW,elastic,r2,784,45347.6,32.88176853055917,512888.02,99.20734720416124,8.619115734720415
F_MEDIUM,W_HIGH,elastic,r2,995,74195.79999999999,62.96287234042554,2231605.49,99.22886170212766,26.456840425531915
F_MEDIUM,W_MEDIUM,elastic,r2,757,47746.100000000006,48.52054172767203,911873.08,99.20639824304538,13.718667642752562
F_LOW,W_HIGH,elastic,r2,939,69545.9,67.76804678362572,2130205.2199999997,99.21706432748537,30.78494736842105
F_LOW,W_LOW,netdata,r2,764,40422.5,33.22437134502924,459165.74,56.32334795321637,6.2105555555555565
F_LOW,W_LOW,zipkin,r2,793,47174.0,36.178558441558444,508848.78,63.92731168831169,7.236688311688312
F_HIGH,W_MEDIUM,zipkin,r2,812,57200.2,57.12306493506493,1021465.86,70.26746753246753,15.727766233766236
F_LOW,W_MEDIUM,netdata,r2,741,48277.1,50.32899122807017,933087.3700000001,69.28042397660819,12.584736842105261
F_HIGH,W_HIGH,elastic,r2,1042,80952.6,61.61393170731707,2357587.14,99.2152,24.250448780487805
F_MEDIUM,W_LOW,zipkin,r2,910,49322.399999999994,31.347894736842107,494597.98,58.400783625730995,7.186023391812864
F_MEDIUM,W_MEDIUM,zipkin,r2,778,57656.100000000006,58.095519480519485,1095782.6,63.06151948051947,14.848636363636365
F_MEDIUM,W_LOW,netdata,r2,759,39827.100000000006,33.48627192982456,465137.57999999996,60.87109649122807,7.259634502923976
F_LOW,W_MEDIUM,prometheus,r2,845,52448.9,44.37325974025975,963920.22,64.62158441558442,11.005090909090908
F_MEDIUM,W_LOW,baseline,r2,724,40788.2,36.31616398243045,471353.23000000004,61.16647144948755,6.881493411420205
F_LOW,W_MEDIUM,elastic,r2,655,44763.4,60.64973244147157,915790.47,99.20866220735788,21.226187290969897
F_HIGH,W_MEDIUM,elastic,r2,615,45903.3,60.65178631051753,1019037.53,99.21888146911519,21.169782971619366
F_HIGH,W_LOW,prometheus,r2,744,41246.399999999994,33.2603947368421,472508.78,53.09016081871345,5.85469298245614
F_LOW,W_MEDIUM,zipkin,r2,753,50117.1,55.1277485380117,929375.92,62.343055555555544,13.692909356725144
F_MEDIUM,W_LOW,elastic,r2,781,45842.5,32.04018181818182,517280.15,99.21474025974027,7.374454545454546
F_HIGH,W_HIGH,baseline,r2,930,67282.8,65.38162763466043,2132606.58,59.85596018735364,24.13269320843091
F_HIGH,W_LOW,zipkin,r2,788,47150.9,39.209519480519475,525172.81,70.75867532467532,8.728272727272726
F_HIGH,W_HIGH,zipkin,r2,1033,87107.1,78.82448780487806,2374588.23,74.29716097560976,34.68964878048781
F_HIGH,W_LOW,netdata,r2,798,45497.899999999994,32.718077922077924,506097.86,65.25248051948053,7.094779220779221
F_HIGH,W_LOW,baseline,r2,730,41108.40000000001,35.13869883040935,463984.05,64.12505847953217,6.963070175438596
F_HIGH,W_HIGH,netdata,r2,934,69368.29999999999,69.01442105263158,2155021.1500000004,73.23401169590643,27.65410526315789
F_MEDIUM,W_HIGH,netdata,r2,844,64010.7,77.28874025974027,2076984.79,78.57055844155845,36.63103896103896
F_HIGH,W_HIGH,prometheus,r2,929,68628.9,69.26185964912281,2178113.6,78.90688888888889,28.881403508771932
F_LOW,W_MEDIUM,baseline,r2,778,52050.3,49.330350649350656,1079839.5899999999,73.21566233766234,14.247597402597405
F_LOW,W_HIGH,prometheus,r2,924,68567.29999999999,70.40148711943795,2198279.85,79.6687587822014,27.786100702576114
F_MEDIUM,W_HIGH,baseline,r2,907,68522.2,69.70370023419204,2221119.96,77.10272833723654,26.162412177985946
F_HIGH,W_MEDIUM,netdata,r2,702,49177.9,54.268609077598825,1031086.6400000001,72.00677891654466,16.040029282576867
F_MEDIUM,W_HIGH,zipkin,r2,966,80087.0,78.2780724174654,2312616.2,84.85626198083067,32.786624068157614
F_LOW,W_HIGH,zipkin,r2,967,78632.1,77.1531914893617,2289862.46,87.8876170212766,34.03243617021276
F_MEDIUM,W_HIGH,prometheus,r2,862,72294.4,74.7473567251462,2361640.1999999997,74.1766081871345,31.92559064327485
F_MEDIUM,W_MEDIUM,netdata,r2,712,48709.2,52.453318713450294,1011669.97,68.7490058479532,14.364956140350875
F_LOW,W_HIGH,netdata,r2,881,71674.79999999999,74.89891228070177,2305115.21,76.73635087719296,31.496596491228065
F_HIGH,W_MEDIUM,prometheus,r2,686,50058.5,56.05285505124451,1071332.4700000002,71.80838945827233,15.965124450951684
F_HIGH,W_MEDIUM,baseline,r2,691,49607.100000000006,55.47318713450292,1065153.21,69.80093567251461,16.18573099415205
F_LOW,W_LOW,prometheus,r2,753,41629.5,37.83213450292398,475189.87,69.75729532163743,8.750131578947368
F_LOW,W_LOW,baseline,r2,718,41299.600000000006,37.007894736842104,494098.1000000001,69.02279239766081,7.888640350877193
F_LOW,W_HIGH,baseline,r2,931,69145.29999999999,68.85653801169592,2137686.11,74.83934502923977,27.553906432748544
F_HIGH,W_LOW,elastic,r2,808,44820.100000000006,32.391363636363636,495601.62,99.20648051948052,8.761727272727272
F_LOW,W_HIGH,elastic,r3,975,75295.7,65.50033013844516,2310929.15,99.22991480298191,26.882619808306707
F_MEDIUM,W_MEDIUM,prometheus,r3,746,47596.700000000004,50.208682284041,979488.3200000001,56.70698389458273,13.997467057101025
F_LOW,W_MEDIUM,elastic,r3,828,53118.9,47.102545454545464,1007368.29,99.21296103896104,14.004363636363637
F_LOW,W_HIGH,netdata,r3,902,69352.6,69.4819649122807,2245160.39,62.100491228070176,28.064128654970762
F_HIGH,W_MEDIUM,netdata,r3,700,50436.3,56.72729532163743,1060613.9,57.95381578947369,16.479576023391814
F_HIGH,W_LOW,baseline,r3,745,40366.2,36.65017543859649,462240.08999999997,55.763625730994164,8.471666666666668
F_LOW,W_LOW,prometheus,r3,750,41764.7,38.28953147877013,463455.43999999994,58.148945827232794,8.590571010248903
F_LOW,W_LOW,elastic,r3,783,45530.8,31.25280519480519,510479.07,99.19731168831169,6.106714285714286
F_HIGH,W_HIGH,prometheus,r3,912,70180.20000000001,69.82411007025762,2218209.0,60.93984777517565,27.296405152224825
F_HIGH,W_LOW,prometheus,r3,759,41456.6,36.26720351390922,464297.77,53.97672035139093,7.721874084919473
F_LOW,W_MEDIUM,prometheus,r3,787,53725.2,48.60427272727272,1075742.78,57.38618181818182,13.568571428571428
F_HIGH,W_MEDIUM,elastic,r3,780,55632.8,49.33797402597402,1160568.26,99.21370129870131,12.990168831168832
F_HIGH,W_HIGH,netdata,r3,912,69629.0,68.24164912280702,2228550.12,61.468116959064325,28.290432748538013
F_HIGH,W_MEDIUM,prometheus,r3,758,48466.2,51.09359649122806,910469.3699999999,57.015087719298236,14.628976608187134
F_LOW,W_LOW,zipkin,r3,775,46193.1,36.19244155844156,517112.59,61.49293506493506,7.564558441558441
F_LOW,W_HIGH,zipkin,r3,994,79667.5,74.54962765957447,2288331.8200000003,70.62585106382978,28.202617021276595
F_HIGH,W_HIGH,zipkin,r3,1031,88213.6,78.033662109375,2377857.81,76.503544921875,32.86767578125
F_HIGH,W_LOW,netdata,r3,748,40793.9,35.59519005847953,463526.27999999997,73.9077485380117,7.986871345029241
F_LOW,W_MEDIUM,netdata,r3,729,48615.0,52.266096491228076,979767.61,75.36230994152046,13.573464912280702
F_MEDIUM,W_MEDIUM,baseline,r3,806,53123.2,47.90646753246753,1041255.8699999999,76.69857142857144,13.369155844155845
F_MEDIUM,W_HIGH,netdata,r3,970,75144.70000000001,65.99608510638298,2285717.2199999997,83.76321276595745,21.999170212765957
F_LOW,W_HIGH,prometheus,r3,1013,73498.4,65.71379787234042,2136305.85,83.5934255319149,26.135755319148938
F_MEDIUM,W_LOW,zipkin,r3,765,42645.8,39.119048316251835,462709.89,79.17112737920938,8.771522693997072
F_MEDIUM,W_LOW,netdata,r3,818,44214.7,33.250025974025974,483164.53,79.486,6.578818181818183
F_HIGH,W_HIGH,elastic,r3,1004,73867.3,66.51046858359958,2165624.19,99.21174653887114,33.40381256656017
F_LOW,W_LOW,baseline,r3,748,40516.7,37.23261695906433,463572.66,71.22577485380117,8.207850877192982
F_MEDIUM,W_MEDIUM,zipkin,r3,867,60156.8,50.252842105263156,1108604.83,64.93804678362574,12.862713450292397
F_MEDIUM,W_HIGH,elastic,r3,981,75950.1,66.67421276595744,2246471.81,99.22042553191491,32.29339361702128
F_MEDIUM,W_LOW,baseline,r3,806,44351.100000000006,30.47667100130039,495920.82,53.109596879063716,5.550117035110533
F_MEDIUM,W_LOW,prometheus,r3,744,41658.5,37.562327964860906,476693.91,62.82346998535871,8.745241581259151
F_LOW,W_LOW,netdata,r3,725,41568.7,36.1290350877193,484721.91000000003,80.28752923976609,8.263494152046784
F_LOW,W_MEDIUM,zipkin,r3,636,46666.5,67.71986644407345,974064.09,65.05747913188648,20.823021702838066
F_HIGH,W_MEDIUM,baseline,r3,831,50959.100000000006,45.930415584415584,988810.5799999998,63.507428571428576,11.238012987012988
F_MEDIUM,W_MEDIUM,netdata,r3,796,52736.5,47.20076723016905,1044414.38,66.33672301690507,12.657607282184657
F_HIGH,W_LOW,elastic,r3,654,38551.9,41.05153589315526,463970.12,99.20606010016695,9.690467445742906
F_MEDIUM,W_HIGH,baseline,r3,885,70325.59999999999,72.00772833723653,2282984.88,60.98587822014052,29.479238875878224
F_LOW,W_HIGH,baseline,r3,914,68774.9,71.22540350877193,2205731.12,63.99576608187135,29.40459649122807
F_MEDIUM,W_MEDIUM,elastic,r3,754,48269.7,48.86695906432749,899152.3500000001,99.21152046783625,15.005307017543858
F_LOW,W_MEDIUM,baseline,r3,712,47784.200000000004,48.99483162518302,995641.98,54.8489019033675,11.874743777452418
F_MEDIUM,W_HIGH,zipkin,r3,1047,84801.59999999999,72.4292487804878,2394644.85,70.71713170731707,27.96911219512195
F_MEDIUM,W_HIGH,prometheus,r3,934,69752.1,69.50850292397661,2148886.8200000003,70.16094736842106,27.51168421052632
F_HIGH,W_LOW,zipkin,r3,767,43229.6,39.29663742690059,467497.83999999997,70.45771929824562,7.906067251461988
F_HIGH,W_MEDIUM,zipkin,r3,808,58024.0,60.9865974025974,1037621.21,73.73502597402597,16.83331168831169
F_HIGH,W_HIGH,baseline,r3,902,70430.8,70.79966081871346,2244396.81,74.61058479532164,26.72253801169591
F_MEDIUM,W_LOW,elastic,r3,815,45187.9,33.07457737321196,491292.72,99.20087126137841,8.076488946684005
F_HIGH,W_LOW,baseline,r4,763,40464.2,33.34317251461988,452544.0,56.13206140350877,6.7226900584795315
F_LOW,W_HIGH,netdata,r4,905,69995.5,71.10045614035087,2244475.26,69.35759064327486,26.81233918128655
F_MEDIUM,W_MEDIUM,prometheus,r4,738,48960.2,51.86404099560761,934776.9400000001,63.449048316251826,14.123191800878477
F_HIGH,W_MEDIUM,elastic,r4,858,63886.0,52.099449648711946,1077217.68,99.22401639344262,14.728384074941452
F_MEDIUM,W_HIGH,zipkin,r4,1031,85351.5,72.402,2385506.04,66.87158048780488,28.560634146341464
F_LOW,W_LOW,netdata,r4,846,43517.9,29.523922077922077,465226.07999999996,61.42235064935065,5.971571428571428
F_HIGH,W_HIGH,zipkin,r4,1105,85626.9,74.415615234375,2253466.43,86.73056640625,30.576816406250003
F_HIGH,W_LOW,elastic,r4,945,52119.6,26.689062832800857,514568.05,99.22325878594249,6.296794462193824
F_LOW,W_MEDIUM,zipkin,r4,951,62515.2,43.45337234042553,1089883.05,61.084776595744685,10.200095744680851
F_LOW,W_LOW,baseline,r4,868,47255.2,26.934327485380116,509866.12,59.02720467836257,5.422748538011696
F_HIGH,W_MEDIUM,netdata,r4,903,55402.6,40.41399297423888,973065.6300000001,66.4229156908665,11.146779859484777
F_MEDIUM,W_HIGH,prometheus,r4,884,71680.5,72.30288888888889,2255137.24,72.78894736842106,32.22595321637427
F_LOW,W_MEDIUM,netdata,r4,906,55432.4,42.30002341920375,1031327.49,67.48096018735363,11.85307962529274
F_MEDIUM,W_LOW,zipkin,r4,801,45487.1,35.80883116883117,493469.37,72.61822077922078,7.5955324675324665
F_MEDIUM,W_MEDIUM,netdata,r4,884,56206.2,41.87747368421052,1049426.5699999998,75.28036257309941,10.694783625730995
F_HIGH,W_LOW,zipkin,r4,617,40976.100000000006,46.90540901502504,488766.42,77.35948247078464,10.022003338898164
F_LOW,W_HIGH,prometheus,r4,893,70890.70000000001,71.58670175438597,2293250.45,75.50412865497076,29.539146198830412
F_MEDIUM,W_HIGH,netdata,r4,869,71836.5,74.85527485380118,2340393.9699999997,76.31166081871346,32.948479532163745
F_MEDIUM,W_LOW,elastic,r4,663,39824.7,43.614749163879594,611136.35,99.2009364548495,9.947775919732441
F_LOW,W_MEDIUM,elastic,r4,751,46967.700000000004,49.66437134502924,906240.49,99.23716374269006,15.595453216374267
F_LOW,W_HIGH,elastic,r4,1016,71535.6,61.607710330138445,2147505.0,99.22883919062834,26.030926517571885
F_LOW,W_MEDIUM,baseline,r4,864,54408.5,40.69983625730994,1072840.02,56.20543859649123,9.993438596491227
F_HIGH,W_MEDIUM,zipkin,r4,717,52312.3,66.07035139092241,1002258.02,65.15355783308931,20.15679355783309
F_HIGH,W_HIGH,netdata,r4,934,70713.5,73.70776608187134,2098628.0300000003,70.02138011695907,33.27754385964912
F_HIGH,W_MEDIUM,baseline,r4,623,46195.3,63.96993322203674,998297.8,65.94811352253755,19.94636060100167
F_MEDIUM,W_HIGH,elastic,r4,958,76490.1,67.02389361702127,2320142.89,99.18087234042554,32.152882978723405
F_HIGH,W_MEDIUM,prometheus,r4,733,48618.399999999994,52.103070175438596,955095.01,82.73326023391813,14.601739766081872
F_LOW,W_LOW,prometheus,r4,817,45416.100000000006,33.58611688311688,488573.53,54.78228571428571,6.711363636363636
F_HIGH,W_HIGH,elastic,r4,914,70190.8,69.35046838407494,2191941.6100000003,99.19298594847776,34.17483606557377
F_LOW,W_MEDIUM,prometheus,r4,763,47348.9,47.0925,893886.59,56.13549707602339,11.325423976608187
F_MEDIUM,W_LOW,prometheus,r4,807,45418.0,33.88170572916667,498102.1,57.62697916666667,7.136796875000001
F_LOW,W_LOW,elastic,r4,851,44096.1,32.64518855656697,460642.06000000006,99.16240572171651,8.566150845253576
F_MEDIUM,W_MEDIUM,baseline,r4,686,42999.7,54.53781302170283,830328.24,72.7498998330551,15.574357262103508
F_HIGH,W_HIGH,baseline,r4,920,69140.69999999998,68.49348538011695,2181501.45,63.164619883040935,27.037590643274854
F_HIGH,W_LOW,netdata,r4,754,41860.0,36.36871156661786,472209.73,60.152386530014645,8.22143484626647
F_MEDIUM,W_LOW,netdata,r4,773,44581.7,34.25417425227569,513968.4,60.30485045513653,7.936970091027308
F_HIGH,W_LOW,prometheus,r4,749,41910.6,36.84366032210835,472485.66,63.0616251830161,7.684421669106881
F_LOW,W_HIGH,baseline,r4,873,71452.2,73.61555555555556,2323265.01,68.45835087719298,31.095660818713448
F_LOW,W_HIGH,zipkin,r4,1023,77423.09999999999,72.41622340425532,2228717.86,75.8890425531915,28.27676595744681
F_MEDIUM,W_MEDIUM,elastic,r4,770,47160.5,47.54969298245615,863139.78,99.19156432748538,13.80954678362573
F_LOW,W_LOW,zipkin,r4,747,42626.4,37.78272327964861,473295.43,57.8302635431918,8.361361639824304
F_MEDIUM,W_MEDIUM,zipkin,r4,745,50824.4,57.82891654465592,940964.6599999999,63.92377745241581,15.815856515373353
F_MEDIUM,W_LOW,baseline,r4,767,39843.0,33.6946783625731,459905.89,62.493947368421054,7.071067251461989
F_HIGH,W_HIGH,prometheus,r4,920,70399.00000000001,70.65162573099416,2202914.86,75.21538011695907,27.38625730994152
F_MEDIUM,W_HIGH,baseline,r4,916,69835.79999999999,69.35873536299766,2206958.43,70.59728337236534,25.881990632318498
F_LOW,W_MEDIUM,elastic,r5,916,54330.1,39.657976608187134,933413.75,99.21732163742689,12.174339181286552
F_HIGH,W_MEDIUM,netdata,r5,777,55848.1,49.33777922077922,1085668.7,58.36418181818181,11.72012987012987
F_MEDIUM,W_HIGH,prometheus,r5,940,69470.5,68.9301403508772,2117808.1399999997,64.46659649122807,27.333976608187132
F_HIGH,W_LOW,netdata,r5,745,42169.6,35.489253294289895,467882.04000000004,57.24576866764275,7.484187408491948
F_HIGH,W_HIGH,baseline,r5,917,69865.9,68.92568421052633,2186214.1100000003,63.98829239766081,26.239614035087722
F_LOW,W_HIGH,elastic,r5,1014,74364.6,61.46614893617021,2169833.57,99.23617021276596,22.452659574468086
F_MEDIUM,W_MEDIUM,prometheus,r5,756,47402.1,45.990716374269006,905379.25,56.467339181286555,10.644985380116958
F_LOW,W_HIGH,zipkin,r5,991,78646.0,73.27735889243877,2257880.82,71.99566560170393,29.930713525026622
F_LOW,W_LOW,baseline,r5,980,51431.399999999994,25.65309574468085,497462.47,63.810191489361706,4.722202127659576
F_MEDIUM,W_MEDIUM,elastic,r5,863,57955.5,42.79169590643275,1069899.36,99.19697076023392,12.244222222222222
F_HIGH,W_HIGH,elastic,r5,949,76732.2,65.55720212765958,2357733.15,99.2311914893617,29.191723404255317
F_LOW,W_MEDIUM,baseline,r5,825,51876.2,43.28244473342002,1009821.0499999999,58.322262678803654,10.320195058517555
F_MEDIUM,W_MEDIUM,baseline,r5,854,51774.4,44.871170351105334,959186.26,61.77381014304291,11.729102730819246
F_LOW,W_LOW,elastic,r5,784,45951.9,32.59327698309493,502210.57999999996,99.16183355006504,6.929973992197659
F_LOW,W_HIGH,prometheus,r5,916,68671.8,65.50347368421053,2203258.3899999997,69.04329824561403,23.643251461988307
F_LOW,W_MEDIUM,zipkin,r5,802,54256.5,51.666792207792206,1023241.81,71.43681818181817,13.268883116883115
F_HIGH,W_LOW,prometheus,r5,794,45954.1,32.947919375812745,501700.76,69.52481144343304,6.792301690507152
F_HIGH,W_MEDIUM,zipkin,r5,694,54259.1,67.09501461988305,1054361.51,77.25511695906432,19.29239766081871
F_LOW,W_MEDIUM,prometheus,r5,854,51716.3,45.31802597402597,964757.3500000001,75.68402597402597,12.723987012987015
F_LOW,W_HIGH,netdata,r5,935,68314.6,66.69076112412178,2133478.0300000003,80.92348946135832,25.4157962529274
F_LOW,W_LOW,netdata,r5,818,44189.59999999999,32.13827272727272,487118.61000000004,73.42345454545455,7.21164935064935
F_MEDIUM,W_LOW,zipkin,r5,776,48084.600000000006,38.4535974025974,520157.22,84.12494805194805,7.7003246753246755
F_MEDIUM,W_LOW,prometheus,r5,957,52605.0,27.712276595744687,508880.01,77.44026595744681,5.714744680851063
F_HIGH,W_HIGH,netdata,r5,925,70011.6,69.03954385964911,2165415.79,84.55846783625732,27.04545029239766
F_MEDIUM,W_LOW,netdata,r5,750,41198.200000000004,34.11429824561404,469423.52999999997,81.0345760233918,6.495730994152047
F_HIGH,W_LOW,baseline,r5,777,44823.5,32.85723376623377,513186.43,55.160012987013,6.604844155844156
F_HIGH,W_MEDIUM,baseline,r5,808,52824.0,47.04542857142857,1034708.1600000001,61.43487012987013,12.65051948051948
F_HIGH,W_HIGH,prometheus,r5,941,76747.4,69.09338658146964,2387461.1799999997,71.734494142705,25.35269435569755
F_MEDIUM,W_HIGH,netdata,r5,957,74671.1,66.02616613418532,2347360.88,72.06188498402555,25.12749733759318
F_MEDIUM,W_LOW,elastic,r5,861,48602.3,28.382479532163746,516237.75000000006,99.19073684210527,6.170479532163742
F_HIGH,W_MEDIUM,prometheus,r5,710,49666.0,53.2910380116959,1015441.97,83.49573099415205,15.602076023391815
F_MEDIUM,W_HIGH,baseline,r5,881,71219.0,73.75984777517564,2290650.36,61.73170960187354,31.74748243559719
F_HIGH,W_LOW,elastic,r5,814,45143.799999999996,32.62717815344603,487516.09,99.19334200260077,10.276423927178152
F_MEDIUM,W_HIGH,zipkin,r5,992,79146.19999999998,74.00729787234043,2286607.09,65.89120212765957,28.70976595744681
F_LOW,W_MEDIUM,netdata,r5,756,47496.4,47.568726207906295,975073.23,63.88711566617862,12.386734992679354
F_MEDIUM,W_MEDIUM,netdata,r5,726,48214.600000000006,50.778128654970764,975406.3099999999,64.59323099415205,13.206345029239765
F_MEDIUM,W_LOW,baseline,r5,744,40946.09999999999,36.09144736842104,470681.75999999995,61.116286549707596,8.140043859649122
F_LOW,W_HIGH,baseline,r5,866,72117.4,73.45750877192984,2430224.3200000003,71.43211695906433,31.3299298245614
F_HIGH,W_MEDIUM,elastic,r5,763,48176.799999999996,47.97201754385965,880748.71,99.21258771929826,14.194269005847952
F_HIGH,W_LOW,zipkin,r5,778,47677.9,40.87383116883117,527261.04,73.25919480519481,9.445064935064934
F_LOW,W_LOW,prometheus,r5,716,42023.3,37.162909356725145,494302.86,69.62418128654971,7.628377192982457
F_MEDIUM,W_MEDIUM,zipkin,r5,786,56804.100000000006,56.4042077922078,1098286.56,76.99623376623376,14.944532467532468
F_LOW,W_LOW,zipkin,r5,762,42216.200000000004,38.825095168374816,458973.44,64.17402635431918,7.919575402635432
F_HIGH,W_HIGH,zipkin,r5,1071,87295.6,76.99014634146343,2321757.0,73.17644878048782,31.145395121951218
F_MEDIUM,W_HIGH,elastic,r5,977,74282.5,66.47774227902023,2275637.34,99.21971246006389,29.41743343982961
F_LOW,W_HIGH,zipkin,r6,997,78184.30000000002,73.35156382978724,2264827.04,66.4854255319149,27.451340425531917
F_HIGH,W_LOW,baseline,r6,715,41236.5,36.2807906295754,495872.6,71.84909224011712,8.07519765739385
F_LOW,W_HIGH,baseline,r6,871,70698.79999999999,71.53597660818713,2328089.9699999997,76.77976608187136,29.57226900584795
F_MEDIUM,W_MEDIUM,netdata,r6,813,53039.2,48.03498701298702,1030059.6400000001,76.01462337662338,13.744662337662337
F_MEDIUM,W_HIGH,baseline,r6,937,68813.8,66.87830409356725,2113124.69,78.07712280701755,24.088561403508773
F_LOW,W_MEDIUM,netdata,r6,768,48170.8,51.01014641288433,941448.0900000001,75.67079062957541,14.892489019033675
F_LOW,W_MEDIUM,elastic,r6,750,48970.4,50.461461988304094,925557.6799999999,99.2229239766082,13.82998538011696
F_MEDIUM,W_LOW,netdata,r6,779,44780.9,33.29318595578673,513083.19000000006,77.12668400520155,7.539934980494147
F_HIGH,W_HIGH,netdata,r6,875,71685.70000000001,72.48943793911006,2310622.84,84.92996487119439,30.336440281030445
F_HIGH,W_HIGH,zipkin,r6,1032,88516.1,78.044638671875,2365712.42,73.186943359375,33.570751953125
F_LOW,W_HIGH,netdata,r6,921,70346.0,70.43625730994152,2173761.26,73.48880701754385,27.657415204678358
F_LOW,W_LOW,elastic,r6,808,45411.2,32.28319480519481,501880.38,99.16949350649352,6.94461038961039
F_LOW,W_LOW,zipkin,r6,790,46365.299999999996,36.47062337662338,504769.87,58.26745454545455,7.686987012987013
F_MEDIUM,W_HIGH,elastic,r6,927,70426.6,68.64709941520468,2171532.8,99.24145029239764,32.54753216374269
F_HIGH,W_MEDIUM,prometheus,r6,737,48462.1,50.362485380116965,1005507.7300000001,56.0779970760234,14.110467836257312
F_HIGH,W_HIGH,elastic,r6,960,77029.1,65.48463829787234,2367686.3200000003,99.21608510638298,26.187872340425532
F_MEDIUM,W_MEDIUM,elastic,r6,758,47466.5,45.527923976608186,903974.46,99.19897660818712,13.532076023391811
F_LOW,W_HIGH,prometheus,r6,931,69443.2,67.62333333333333,2158056.46,61.594,25.450888888888887
F_LOW,W_LOW,prometheus,r6,768,42279.7,36.14238304093567,457694.00999999995,54.28192982456141,9.077236842105263
F_HIGH,W_LOW,elastic,r6,766,40436.4,33.20931185944363,456310.84,99.22956076134699,7.99139092240117
F_LOW,W_MEDIUM,baseline,r6,671,42788.5,52.71517529215359,883263.12,54.705041736227045,13.557445742904841
F_MEDIUM,W_LOW,elastic,r6,786,45593.0,33.290195058517554,509157.43000000005,99.17388816644994,7.446176853055916
F_MEDIUM,W_HIGH,prometheus,r6,909,69654.3,68.528783625731,2218007.58,66.09971929824563,25.81549707602339
F_HIGH,W_LOW,netdata,r6,741,41478.899999999994,35.158479532163746,475299.47,59.79535087719299,7.785540935672514
F_HIGH,W_HIGH,baseline,r6,906,69983.1,70.70315789473683,2228898.85,67.60325146198831,27.716923976608186
F_HIGH,W_MEDIUM,zipkin,r6,835,56626.7,55.174103896103894,1013459.89,72.76607792207793,14.339129870129872
F_HIGH,W_HIGH,prometheus,r6,939,69956.5,70.16804678362573,2147069.37,76.17632748538011,27.53883040935672
F_MEDIUM,W_LOW,baseline,r6,696,41896.2,37.11609077598829,504721.26,67.65369883040935,7.25874269005848
F_MEDIUM,W_HIGH,netdata,r6,919,70087.5,70.39618713450292,2202444.8699999996,77.13632748538011,28.59304093567251
F_LOW,W_MEDIUM,prometheus,r6,733,48798.9,52.44790935672515,957732.3400000001,71.51010233918129,14.046081871345029
F_MEDIUM,W_HIGH,zipkin,r6,1017,78234.4,73.57900000000001,2200482.46,81.03659574468084,29.734085106382977
F_HIGH,W_LOW,zipkin,r6,839,46171.5,37.356025974025975,479904.84,61.100376623376626,7.454532467532467
F_MEDIUM,W_LOW,zipkin,r6,765,42659.2,39.26272327964861,462470.38,65.21458272327965,8.055212298682283
F_HIGH,W_MEDIUM,netdata,r6,760,46523.1,48.4254319180088,972511.88,68.12566617862372,12.817130307467055
F_HIGH,W_MEDIUM,baseline,r6,779,52778.7,49.14809090909091,1082936.23,64.8700909090909,13.881181818181819
F_LOW,W_LOW,netdata,r6,745,41185.399999999994,35.88998535871157,473211.62000000005,73.9435578330893,7.317554904831624
F_HIGH,W_MEDIUM,elastic,r6,767,48045.5,48.57450951683748,863674.19,99.21617862371887,13.292064421669107
F_LOW,W_HIGH,elastic,r6,979,75298.7,65.82162765957447,2298678.0799999996,99.23111702127659,29.145617021276593
F_MEDIUM,W_MEDIUM,prometheus,r6,697,49508.6,53.21223684210526,1053789.2999999998,56.28473684210527,13.279327485380117
F_MEDIUM,W_MEDIUM,baseline,r6,779,52981.2,48.51209090909091,1078266.08,57.23001298701299,13.10207792207792
F_LOW,W_MEDIUM,zipkin,r6,788,56003.3,53.347766233766244,1081924.46,68.37014285714287,13.54464935064935
F_MEDIUM,W_LOW,prometheus,r6,752,41729.7,36.762631578947364,462931.57999999996,65.05159356725146,7.770672514619882
F_LOW,W_LOW,baseline,r6,746,40972.5,35.99260233918129,466772.18,63.866169590643274,7.395482456140352
F_MEDIUM,W_MEDIUM,zipkin,r6,814,56174.600000000006,55.12203896103896,1040861.9199999999,73.05677922077922,14.354402597402599
F_HIGH,W_LOW,prometheus,r6,743,41802.2,36.36976608187134,474631.23,68.6593567251462,7.067412280701754
F_LOW,W_MEDIUM,baseline,r7,780,53620.1,50.49342857142857,1074207.01,70.23025974025974,14.148831168831167
F_LOW,W_MEDIUM,netdata,r7,712,49444.3,54.013260233918125,1008572.95,78.50067251461988,14.435204678362574
F_HIGH,W_HIGH,netdata,r7,956,76954.20000000001,70.71821276595745,2377342.17,84.8703085106383,27.834946808510637
F_MEDIUM,W_MEDIUM,prometheus,r7,793,54540.0,49.276792207792205,1065673.33,72.66168831168831,13.325363636363635
F_MEDIUM,W_HIGH,prometheus,r7,1050,79521.0,62.622058536585364,2341646.08,80.89591219512195,25.250058536585364
F_HIGH,W_HIGH,prometheus,r7,1065,80114.9,61.654775390625005,2265366.94,81.1517578125,23.558876953125
F_LOW,W_LOW,zipkin,r7,871,49640.2,33.00908665105386,514197.65,78.29652224824358,7.070679156908666
F_HIGH,W_MEDIUM,baseline,r7,879,55939.8,44.12169789227166,1073058.68,77.14914519906323,12.622564402810307
F_HIGH,W_MEDIUM,netdata,r7,844,52790.299999999996,46.58759427828348,977295.48,78.91895968790637,12.741196358907672
F_HIGH,W_LOW,prometheus,r7,819,46093.899999999994,33.154506493506496,487521.36,76.50072727272727,6.544818181818182
F_LOW,W_LOW,elastic,r7,744,42401.100000000006,35.52166910688141,467433.79000000004,99.16983894582724,8.341522693997073
F_MEDIUM,W_MEDIUM,elastic,r7,775,52790.2,44.89638961038961,1080554.27,99.20718181818184,13.525246753246751
F_LOW,W_MEDIUM,elastic,r7,806,52498.0,44.67897402597402,1008021.54,99.22472727272726,13.286636363636363
F_LOW,W_HIGH,baseline,r7,935,68381.1,66.74208187134504,2124415.69,60.606818713450295,24.88714619883041
F_MEDIUM,W_LOW,netdata,r7,743,40820.9,35.3792972181552,447636.45999999996,62.04445095168375,7.89234260614934
F_MEDIUM,W_MEDIUM,baseline,r7,847,51360.799999999996,45.777298701298704,966283.3099999999,62.819662337662336,12.772051948051947
F_MEDIUM,W_HIGH,netdata,r7,894,71928.3,75.69440935672515,2229622.2,71.05798830409356,35.091497076023394
F_HIGH,W_LOW,zipkin,r7,763,43589.799999999996,42.410789473684204,465122.15,84.59690058479534,8.87704678362573
F_LOW,W_LOW,baseline,r7,738,40566.8,34.552997076023395,444920.11,64.76074561403509,7.217850877192983
F_LOW,W_MEDIUM,zipkin,r7,648,47317.6,68.15384615384616,958087.3299999998,73.4220735785953,23.32207357859532
F_HIGH,W_MEDIUM,zipkin,r7,904,60107.3,53.28494736842105,1048383.35,74.67526315789473,13.919157894736843
F_MEDIUM,W_MEDIUM,zipkin,r7,669,46506.200000000004,71.38217028380635,925857.56,76.40636060100167,22.63866444073456
F_HIGH,W_MEDIUM,prometheus,r7,602,46985.5,64.28188647746245,1042531.01,75.64263772954925,18.7469449081803
F_MEDIUM,W_MEDIUM,netdata,r7,719,48804.100000000006,52.79433382137628,987418.52,69.1997364568082,14.520322108345535
F_MEDIUM,W_LOW,zipkin,r7,773,47386.8,39.307233766233765,523367.17,70.60996103896103,8.068805194805194
F_HIGH,W_LOW,netdata,r7,746,40729.7,36.13080409356726,462172.56000000006,67.3698245614035,8.435058479532163
F_LOW,W_LOW,netdata,r7,736,40266.9,36.175219298245615,484620.07,67.39635964912281,7.964897660818713
F_MEDIUM,W_HIGH,baseline,r7,924,68840.9,68.9855737704918,2179333.35,80.96633489461358,27.377470725995316
F_MEDIUM,W_HIGH,elastic,r7,923,69890.9,68.95480093676815,2123288.12,99.21599531615925,34.3031850117096
F_LOW,W_LOW,prometheus,r7,758,41660.7,37.413845029239766,468284.12,67.32785087719299,8.639327485380116
F_HIGH,W_HIGH,baseline,r7,864,70381.6,76.13706088992974,2332602.0700000003,63.12966042154567,36.127857142857145
F_HIGH,W_LOW,elastic,r7,807,45795.6,31.382467532467533,492416.89,99.20011688311688,7.044311688311688
F_LOW,W_HIGH,elastic,r7,1002,73980.3,60.9062832800852,2226692.54,99.22996805111822,24.418136315228963
F_LOW,W_HIGH,netdata,r7,918,68581.3,66.37176608187134,2202849.06,61.91712280701754,24.60076023391813
F_HIGH,W_MEDIUM,elastic,r7,849,52447.5,45.07976592977894,962380.4000000001,99.21206762028609,12.700780234070221
F_LOW,W_HIGH,zipkin,r7,969,78076.0,75.31527659574469,2324977.46,66.39182978723404,30.54763829787234
F_MEDIUM,W_LOW,elastic,r7,765,40835.7,33.27904970760234,456696.5,99.22273391812867,7.809181286549707
F_HIGH,W_HIGH,zipkin,r7,1036,87544.5,77.03020487804879,2410738.2,67.01501463414634,32.50821463414634
F_HIGH,W_LOW,baseline,r7,842,42394.6,29.897178153446035,458236.16000000003,52.34006501950584,6.425383615084526
F_LOW,W_MEDIUM,prometheus,r7,731,49419.99999999999,52.08625730994152,967259.7,70.00010233918128,14.95396198830409
F_HIGH,W_HIGH,elastic,r7,995,75574.7,66.02790202342918,2226602.95,99.21993610223642,31.248860489882855
F_MEDIUM,W_LOW,baseline,r7,739,39475.600000000006,33.57763157894737,475350.11,52.771023391812875,6.932573099415206
F_MEDIUM,W_LOW,prometheus,r7,753,41944.0,37.26781844802343,466230.69999999995,56.43234260614934,7.559926793557834
F_MEDIUM,W_HIGH,zipkin,r7,1009,79050.3,75.92117021276596,2218151.89,69.93081914893617,30.145797872340427
F_LOW,W_HIGH,prometheus,r7,910,70097.6,72.388783625731,2208679.53,77.64474853801171,30.050584795321637
F_LOW,W_MEDIUM,baseline,r8,704,49257.6,54.11776315789473,1040087.98,66.63051169590643,14.010818713450291
F_LOW,W_LOW,elastic,r8,786,45476.899999999994,31.553454545454542,509924.72,99.22081818181817,8.375454545454545
F_MEDIUM,W_LOW,zipkin,r8,765,42244.7,38.16733918128655,469770.71,57.25672514619884,8.283070175438596
F_MEDIUM,W_LOW,baseline,r8,758,39368.09999999999,33.75214912280702,463581.64,57.51630116959065,6.984663742690059
F_HIGH,W_LOW,elastic,r8,822,45056.899999999994,32.81175324675325,484652.64999999997,99.21180519480521,8.743649350649351
F_LOW,W_MEDIUM,netdata,r8,729,47982.40000000001,48.56700292397661,975213.28,57.19603801169591,12.79809941520468
F_MEDIUM,W_LOW,netdata,r8,781,44829.3,32.53044155844156,510683.07999999996,55.969610389610395,6.43451948051948
F_HIGH,W_HIGH,prometheus,r8,964,76320.2,67.78208510638298,2379248.72,64.75820212765959,25.957212765957447
F_MEDIUM,W_MEDIUM,baseline,r8,756,47868.8,49.084956140350876,905590.2200000001,57.887192982456135,12.160540935672515
F_MEDIUM,W_HIGH,zipkin,r8,1031,86466.09999999999,75.69302734375,2394998.38,76.58687499999999,30.72884765625
F_LOW,W_LOW,zipkin,r8,821,46604.1,35.911896103896105,485586.89,73.15864935064936,6.830077922077922
F_HIGH,W_HIGH,elastic,r8,1015,75120.8,63.266340425531915,2178714.31,99.2165,26.439904255319153
F_MEDIUM,W_MEDIUM,elastic,r8,1050,61727.0,34.17958048780488,1039132.0100000001,99.22120000000001,9.333668292682926
F_HIGH,W_LOW,baseline,r8,925,46053.5,29.90052693208431,464851.69,63.648735362997655,6.852295081967214
F_MEDIUM,W_MEDIUM,zipkin,r8,640,48957.0,70.81953255425708,979553.1499999999,63.77933222036729,23.112854757929885
F_HIGH,W_HIGH,baseline,r8,848,65464.50000000001,77.25163636363638,2087679.3600000003,66.74870129870129,35.762701298701295
F_LOW,W_LOW,baseline,r8,955,50790.6,27.942566560170395,515610.82000000007,62.43434504792333,6.183535676251331
F_MEDIUM,W_HIGH,netdata,r8,861,72057.40000000001,75.53990632318502,2324950.58,72.30656908665107,34.94422716627635
F_LOW,W_LOW,prometheus,r8,721,41303.700000000004,36.429298245614035,467960.27,63.7135380116959,7.898011695906432
F_LOW,W_MEDIUM,elastic,r8,800,52922.8,46.28703896103897,1016980.8400000001,99.24059740259742,13.236506493506495
F_LOW,W_HIGH,baseline,r8,829,64444.8,76.72624675324676,2157379.93,60.607935064935056,36.63394805194805
F_LOW,W_LOW,netdata,r8,717,41115.700000000004,36.1305701754386,472608.81999999995,61.329152046783626,6.7334941520467835
F_MEDIUM,W_MEDIUM,prometheus,r8,741,48499.5,51.85590043923865,941740.23,64.61251830161054,14.528491947291363
F_MEDIUM,W_LOW,prometheus,r8,760,41900.600000000006,36.69932650073206,461574.29000000004,65.3807906295754,7.930893118594435
F_LOW,W_HIGH,elastic,r8,1034,79459.09999999999,61.81981463414634,2392324.8200000003,99.2180292682927,25.881560975609755
F_MEDIUM,W_MEDIUM,netdata,r8,845,50139.899999999994,42.376233766233774,964009.4099999999,56.19015584415584,10.512207792207793
F_HIGH,W_LOW,prometheus,r8,717,41582.3,36.63683284457478,491731.15,56.596583577712614,7.8240469208211145
F_LOW,W_HIGH,zipkin,r8,947,79258.1,76.31597872340426,2350148.2,70.65517021276595,32.37473404255319
F_HIGH,W_MEDIUM,baseline,r8,847,49157.9,43.20681818181818,872914.1,65.16196103896104,9.664506493506494
F_LOW,W_HIGH,prometheus,r8,862,72713.0,76.00840935672515,2336931.23,71.99045614035089,33.97405847953216
F_LOW,W_HIGH,netdata,r8,1027,78333.5,64.00565853658536,2342070.9699999997,75.91664390243902,29.432068292682928
F_HIGH,W_MEDIUM,elastic,r8,635,46193.0,60.54395659432387,959354.2199999999,99.1921368948247,23.795208681135225
F_MEDIUM,W_HIGH,prometheus,r8,866,70852.6,72.27804678362574,2342703.6599999997,62.21949707602339,30.808888888888887
F_LOW,W_MEDIUM,prometheus,r8,909,55655.4,41.05093676814988,1002542.4099999999,58.98545667447306,8.842175438596493
F_HIGH,W_MEDIUM,netdata,r8,775,52538.7,47.87628088426528,1079015.08,60.85162548764629,14.150780234070222
F_MEDIUM,W_LOW,elastic,r8,816,45417.5,31.150324675324676,482498.64,99.2184155844156,6.373805194805195
F_HIGH,W_MEDIUM,prometheus,r8,697,48974.8,51.75935578330893,1049651.9100000001,56.65988286969253,13.725944363103952
F_HIGH,W_LOW,netdata,r8,755,41158.5,36.188609077598834,470134.97000000003,60.559458272327966,8.91
F_HIGH,W_MEDIUM,zipkin,r8,767,51891.899999999994,59.92913742690058,917493.1100000001,67.9315350877193,16.043874269005848
F_LOW,W_MEDIUM,zipkin,r8,841,55747.3,53.77045454545455,1076886.15,74.58349350649351,13.933311688311685
F_HIGH,W_HIGH,zipkin,r8,1087,85718.1,74.28026367187499,2287643.6399999997,80.85304687499999,28.39701171875
F_MEDIUM,W_HIGH,baseline,r8,908,69837.6,69.69837236533958,2222459.21,77.39785714285715,25.624730679156905
F_MEDIUM,W_HIGH,elastic,r8,1010,72429.4,61.97262765957447,2190775.61,99.2122659574468,26.569499999999998
F_HIGH,W_LOW,zipkin,r8,782,42877.100000000006,39.79631578947369,485080.4,58.3786403508772,9.0878216374269
F_HIGH,W_HIGH,netdata,r8,890,70310.9,68.98597660818713,2315562.04,72.69163742690058,25.538269005847955
F_MEDIUM,W_HIGH,baseline,r9,917,69755.4,70.31878220140516,2193909.09,72.54565573770492,26.40916861826698
F_MEDIUM,W_HIGH,prometheus,r9,874,71984.90000000001,74.66670175438597,2327129.3200000003,77.75419883040935,30.9373918128655
F_LOW,W_LOW,prometheus,r9,774,45314.6,34.03829648894668,510326.77,70.2107412223667,7.776384915474642
F_LOW,W_MEDIUM,zipkin,r9,814,55332.3,52.072623376623376,1039425.47,77.42233766233765,12.782467532467532
F_MEDIUM,W_MEDIUM,netdata,r9,741,48170.399999999994,49.276198830409356,935563.85,75.28847953216375,12.31833333333333
F_MEDIUM,W_MEDIUM,baseline,r9,759,47128.5,49.055526315789464,891931.1499999999,73.43706140350876,13.873742690058478
F_LOW,W_LOW,zipkin,r9,781,47577.4,37.353701298701296,512389.55999999994,77.39676623376623,7.934298701298701
F_HIGH,W_LOW,netdata,r9,733,41683.2,35.21420204978038,455820.79000000004,73.71,7.840394736842105
F_HIGH,W_LOW,elastic,r9,762,41015.899999999994,34.2001461988304,460073.12,99.20847953216375,7.544429824561402
F_LOW,W_HIGH,zipkin,r9,961,79636.1,76.34805111821088,2315335.9000000004,66.77174653887114,33.02332268370607
F_MEDIUM,W_MEDIUM,elastic,r9,839,52365.2,44.45084525357607,982558.0700000001,99.21697009102732,13.040468140442131
F_MEDIUM,W_HIGH,elastic,r9,979,74237.70000000001,63.940340425531915,2307956.31,99.22993617021277,26.109489361702124
F_HIGH,W_MEDIUM,netdata,r9,771,47434.2,47.38486842105263,941867.15,56.747485380116956,12.407573099415206
F_LOW,W_HIGH,baseline,r9,865,71963.5,76.09127485380117,2321889.95,63.1213567251462,34.42927485380117
F_MEDIUM,W_MEDIUM,zipkin,r9,652,48236.2,69.09290484140233,944529.29,66.42365609348914,21.532604340567612
F_MEDIUM,W_HIGH,zipkin,r9,992,80243.7,78.26379126730563,2293457.8200000003,73.38513312034078,33.0987326943557
F_HIGH,W_MEDIUM,zipkin,r9,696,53933.5,67.2374269005848,1063346.25,71.98521929824561,20.245540935672516
F_MEDIUM,W_HIGH,netdata,r9,920,69797.40000000001,69.88777517564404,2210257.23,74.99085480093677,27.405550351288053
F_HIGH,W_LOW,zipkin,r9,785,48904.6,39.88515584415585,533856.8400000001,70.89505194805196,8.371597402597402
F_LOW,W_LOW,elastic,r9,745,41446.100000000006,36.04966325036603,443441.07000000007,99.20658857979501,8.088067349926794
F_LOW,W_MEDIUM,elastic,r9,629,45127.09999999999,60.639866444073455,984507.81,99.25487479131885,21.121385642737895
F_HIGH,W_HIGH,elastic,r9,968,73436.8,64.90321618743343,2322459.55,99.22188498402556,27.754398296059637
F_LOW,W_LOW,netdata,r9,788,44531.4,30.187906371911573,510807.85,58.89634590377112,5.905747724317296
F_LOW,W_HIGH,prometheus,r9,906,69966.0,69.84714285714286,2235054.96,65.57156908665105,27.850281030444965
F_HIGH,W_HIGH,baseline,r9,844,65662.70000000001,77.70015584415584,2113082.3,64.77535064935066,35.23285714285714
F_HIGH,W_HIGH,prometheus,r9,922,70702.9,71.22212865497076,2172351.09,70.02175438596491,27.914690058479533
F_LOW,W_HIGH,elastic,r9,964,74582.9,67.22891373801917,2301487.26,99.22047923322684,32.73985090521831
F_MEDIUM,W_MEDIUM,prometheus,r9,699,50144.4,54.971652046783625,1047994.3200000001,68.32985380116959,15.147719298245615
F_MEDIUM,W_LOW,zipkin,r9,757,42897.7,39.530058479532165,482092.97000000003,61.58273391812865,7.663845029239767
F_LOW,W_HIGH,netdata,r9,856,72046.3,76.42903981264637,2339463.6500000004,72.05016393442622,34.69469555035129
F_HIGH,W_HIGH,zipkin,r9,1026,87759.6,77.3768487804878,2389136.95,77.39899512195122,33.467190243902444
F_MEDIUM,W_LOW,elastic,r9,833,44888.3,32.93654545454545,466857.17000000004,99.1989090909091,10.22251948051948
F_HIGH,W_HIGH,netdata,r9,875,71047.29999999999,72.35162573099416,2321230.09,62.21045614035087,31.146736842105263
F_LOW,W_MEDIUM,netdata,r9,716,48976.299999999996,54.08062865497076,1000717.06,57.06229532163743,15.355804093567253
F_HIGH,W_MEDIUM,baseline,r9,743,48490.4,52.38226608187135,949262.39,56.1521783625731,14.371023391812864
F_MEDIUM,W_LOW,prometheus,r9,793,45976.3,36.1787012987013,511412.97,59.099051948051944,9.100909090909092
F_HIGH,W_LOW,prometheus,r9,764,41986.90000000001,37.885423976608195,459872.7100000001,61.22380116959064,8.342266081871344
F_MEDIUM,W_LOW,baseline,r9,744,41395.5,37.23585651537336,467601.36,63.14313323572473,8.097130307467058
F_HIGH,W_LOW,baseline,r9,744,41681.5,37.37283625730994,470733.99,63.956783625731,7.27937134502924
F_HIGH,W_MEDIUM,prometheus,r9,785,54165.7,50.52810143042913,1073970.3900000001,68.45845253576073,14.458816644993497
F_LOW,W_MEDIUM,prometheus,r9,736,49045.09999999999,53.391476608187126,957630.4900000001,67.6621052631579,15.325847953216376
F_LOW,W_MEDIUM,baseline,r9,708,49542.399999999994,53.97921052631579,1015861.81,67.53827485380117,15.486798245614036
F_LOW,W_LOW,baseline,r9,759,41022.899999999994,37.11421669106882,463591.77,67.77692532942899,7.976476608187134
F_MEDIUM,W_LOW,netdata,r9,770,41161.100000000006,36.76201754385965,461343.54000000004,68.83612573099415,7.756944444444445
F_HIGH,W_MEDIUM,elastic,r9,786,53660.600000000006,47.118244473342,1058464.78,99.21275682704811,13.996957087126138
F_MEDIUM,W_MEDIUM,baseline,r10,782,52190.8,44.32422077922078,1069371.12,55.80564935064935,10.53474025974026
F_HIGH,W_MEDIUM,prometheus,r10,780,53823.0,47.93820779220779,1080486.58,61.19676623376623,13.263532467532468
F_MEDIUM,W_HIGH,netdata,r10,924,69622.3,68.46367251461989,2175382.56,66.78601169590644,27.09301754385965
F_MEDIUM,W_LOW,elastic,r10,818,45663.4,32.49207792207792,482841.75,99.21537662337661,10.137064935064934
F_LOW,W_LOW,elastic,r10,788,44651.0,30.22561038961039,510703.25,99.23502597402597,8.085792207792208
F_LOW,W_LOW,netdata,r10,780,44168.5,31.794330299089733,513024.33999999997,54.26088426527958,6.711547464239272
F_MEDIUM,W_MEDIUM,elastic,r10,772,48093.399999999994,47.039298245614034,864044.23,99.21773391812867,11.947061403508771
F_HIGH,W_LOW,prometheus,r10,757,41493.9,33.67121522693997,461724.52,52.69405563689604,6.496749633967789
F_HIGH,W_HIGH,netdata,r10,916,69538.1,68.37221052631578,2179892.32,62.4422105263158,27.182865497076026
F_LOW,W_MEDIUM,netdata,r10,722,49372.899999999994,52.49653001464129,988343.78,57.734070278184475,14.588931185944363
F_LOW,W_MEDIUM,elastic,r10,790,53621.8,47.187077922077926,1050034.62,99.21885714285715,15.435571428571428
F_LOW,W_HIGH,elastic,r10,952,75877.9,66.12752127659574,2372559.83,99.23597872340426,30.81718085106383
F_MEDIUM,W_HIGH,prometheus,r10,949,75100.5,65.02174468085107,2377209.38,68.13111702127661,23.72627659574468
F_LOW,W_MEDIUM,baseline,r10,713,49092.8,53.407529239766085,1005179.3699999999,59.003274853801166,14.860526315789471
F_LOW,W_HIGH,zipkin,r10,1019,77200.2,71.78356382978723,2198221.0999999996,76.47158510638299,27.83986170212766
F_HIGH,W_MEDIUM,baseline,r10,807,52381.7,47.50340702210663,1038660.0800000002,69.90191157347203,13.200221066319894
F_MEDIUM,W_MEDIUM,prometheus,r10,740,48558.9,51.32397660818713,943323.97,71.51570175438597,14.321973684210526
F_LOW,W_LOW,zipkin,r10,783,46979.40000000001,38.04554545454546,517424.67,73.05903896103896,7.994077922077922
F_LOW,W_MEDIUM,prometheus,r10,897,55203.7,43.38643274853801,969376.8300000001,63.93405847953217,11.34838596491228
F_MEDIUM,W_HIGH,baseline,r10,823,65713.20000000001,77.78537662337662,2176018.83,75.27932467532467,36.31150649350649
F_LOW,W_MEDIUM,zipkin,r10,624,48667.299999999996,72.85302170283808,1010616.6,76.46125208681136,23.44480801335559
F_LOW,W_LOW,baseline,r10,755,40474.4,36.53922514619883,462230.79000000004,60.13862573099415,6.999122807017543
F_LOW,W_HIGH,baseline,r10,853,64161.2,77.39959740259741,2079004.9000000001,76.53822077922078,35.939844155844156
F_MEDIUM,W_LOW,zipkin,r10,780,46065.7,37.4912987012987,521412.16000000003,78.39357142857143,8.423506493506494
F_HIGH,W_LOW,baseline,r10,926,46723.899999999994,29.34214035087719,473522.98,61.69971929824562,6.734362573099415
F_LOW,W_LOW,prometheus,r10,701,42763.100000000006,37.813961988304094,499838.2,75.51947368421054,7.74375730994152
F_MEDIUM,W_HIGH,elastic,r10,975,75948.20000000001,66.98515957446808,2283077.0,99.17458510638298,32.57090425531915
F_HIGH,W_HIGH,elastic,r10,994,73865.79999999999,61.82344680851064,2251033.89,99.24858510638296,23.907510638297868
F_HIGH,W_HIGH,prometheus,r10,921,67343.5,67.44680327868852,2187345.2,62.15193208430913,24.871627634660424
F_MEDIUM,W_LOW,prometheus,r10,777,45074.5,33.10289610389611,512091.19,58.24728571428572,7.572337662337661
F_MEDIUM,W_LOW,baseline,r10,779,44652.7,33.28945454545454,508350.94,57.80215584415585,6.903259740259741
F_HIGH,W_HIGH,zipkin,r10,1050,85694.4,75.12156097560977,2378190.1999999997,73.88726829268292,30.457639024390243
F_HIGH,W_MEDIUM,zipkin,r10,808,57632.5,57.7570611183355,1061276.3199999998,73.36938881664499,13.62449934980494
F_LOW,W_HIGH,prometheus,r10,872,71655.1,74.56436768149884,2332272.8,77.32751756440283,32.042775175644024
F_MEDIUM,W_MEDIUM,netdata,r10,700,49397.700000000004,53.67440058479532,1054523.53,71.82565789473684,14.242105263157896
F_LOW,W_HIGH,netdata,r10,866,71786.4,74.7945380116959,2347237.5,77.80004678362575,30.630116959064328
F_HIGH,W_MEDIUM,netdata,r10,787,53059.1,47.99462938881665,1070029.23,72.80135240572172,12.895448634590377
F_HIGH,W_LOW,elastic,r10,819,54119.1,43.73927178153446,483119.96,99.22897269180754,9.193016905071522
F_HIGH,W_MEDIUM,elastic,r10,815,52261.0,43.23743823146943,1012799.3800000001,99.21695708712613,12.175669700910273
F_HIGH,W_LOW,zipkin,r10,781,47999.5,38.69023407022107,535605.32,61.19879063719115,8.293563068920676
F_HIGH,W_HIGH,baseline,r10,848,64066.299999999996,73.23779220779221,2098659.77,71.83720779220779,29.93825974025974
F_MEDIUM,W_LOW,netdata,r10,751,41675.6,35.642064421669104,472509.94000000006,70.59967789165447,7.127598828696925
F_MEDIUM,W_HIGH,zipkin,r10,1021,81520.0,72.16198083067093,2195049.0300000003,82.36101171458999,27.670383386581467
F_HIGH,W_LOW,netdata,r10,747,43789.8,35.14272327964861,470073.63,74.75412884333822,7.768961988304093
F_MEDIUM,W_MEDIUM,zipkin,r10,825,57309.0,55.036571428571435,1028227.59,79.60023376623376,13.24742857142857
