0,1076.00,52.00,1128.0,2.28,1.00,1.00,2.0,98.83,15,2.41,4335,0.72,4098,50,4,0.00,0.00,0.0,0.00,0.00,0.0,0.00,4996.00,
1,0.00,412.00,412.0,1.77,0.00,0.00,0.0,98.83,11,2.45,4335,0.72,4098,50,4,0.00,0.00,0.0,0.00,0.00,0.0,0.00,4936.00,35.0
2,0.00,72.00,72.0,2.29,0.00,0.00,0.0,98.83,16,2.45,4335,0.72,4098,50,4,0.00,0.00,0.0,0.00,0.00,0.0,1.00,5891.00,34.9
3,0.00,96.00,96.0,2.53,1.00,1.00,2.0,98.84,11,2.45,4335,0.72,4098,50,4,0.00,0.00,0.0,0.00,0.00,0.0,0.00,5057.00,34.8
4,4.00,3764.00,3768.0,2.26,0.00,0.00,0.0,98.84,16,2.45,4335,0.72,4098,50,4,0.00,0.00,0.0,0.00,0.00,0.0,0.00,5252.00,34.7
5,0.00,20.00,20.0,2.17,0.00,0.00,0.0,98.84,10,2.45,4335,0.72,4098,50,4,0.00,0.00,0.0,0.00,0.00,0.0,0.00,4703.00,34.8
6,376.00,472.00,848.0,2.15,0.00,0.00,0.0,98.84,12,2.34,4335,0.72,4098,50,4,0.00,0.00,0.0,0.00,0.00,0.0,3.00,5012.00,34.8
7,0.00,80.00,80.0,2.55,0.00,0.00,0.0,98.84,10,2.34,4335,0.72,4098,50,4,0.00,0.00,0.0,0.00,0.00,0.0,1.00,5217.00,34.7
8,0.00,28.00,28.0,1.91,0.00,0.00,0.0,98.84,7,2.34,4335,0.72,4098,50,4,0.00,0.00,0.0,0.00,0.00,0.0,0.00,5066.00,34.6
9,64.00,0.00,64.0,1.65,0.00,5.00,5.0,98.85,3,2.34,4335,0.72,4099,50,4,0.00,0.00,0.0,0.00,0.00,0.0,0.00,4957.43,34.5
10,1520.00,52.00,1572.0,31.37,0.00,60.00,60.0,98.91,2,2.34,4335,0.72,4100,50,4,0.00,0.00,0.0,0.00,0.00,0.0,0.00,8286.00,41.0
11,2232.00,332.00,2564.0,38.01,0.00,0.00,0.0,99.0,13,2.47,4336,0.72,4111,50,4,0.00,0.00,0.0,0.00,0.00,0.0,1.00,15273.00,63.0
12,2532.00,76.00,2608.0,41.15,0.00,0.00,0.0,99.04,3,2.47,4345,0.72,4150,50,4,0.00,0.00,0.0,0.00,0.00,0.0,10.00,20067.00,74.9
13,4640.00,104.00,4744.0,23.55,4.00,72.00,76.0,99.09,13,2.47,4355,0.72,4177,50,4,0.00,0.00,0.0,4.00,4.00,8.0,10.00,23343.00,63.9
14,1932.00,80.00,2012.0,55.86,0.00,122.00,122.0,99.14,9,2.47,4355,0.72,4188,50,4,0.00,0.00,0.0,0.00,0.00,0.0,0.00,22010.00,64.0
15,1928.00,376.00,2304.0,51.13,1.00,91.00,92.0,99.22,15,2.47,4373,0.72,4225,50,4,0.00,0.00,0.0,0.00,0.00,0.0,18.00,26916.00,78.1
16,636.00,104.00,740.0,79.22,0.00,266.00,266.0,99.25,24,2.91,4374,0.72,4222,50,4,0.00,0.00,0.0,0.00,0.00,0.0,1.00,35979.00,78.1
17,2160.00,7300.00,9460.0,66.71,0.00,214.00,214.0,99.28,12,2.91,4387,0.72,4228,50,4,0.00,0.00,0.0,0.00,0.00,0.0,14.00,31925.00,85.7
18,1192.00,6316.00,7508.0,31.35,0.00,0.00,0.0,99.12,4,2.91,4387,0.73,4239,50,4,0.00,0.00,0.0,0.00,0.00,0.0,0.00,14320.00,78.7
19,1576.00,472.00,2048.0,31.77,0.00,206.00,206.0,99.16,3,2.91,4397,0.73,4259,50,4,0.00,0.00,0.0,0.00,0.00,0.0,10.00,23283.00,64.1
20,1212.00,788.00,2000.0,4.94,1.00,14.00,15.0,99.15,3,2.91,4397,0.73,4261,50,4,1.00,1.00,2.0,0.00,0.00,0.0,0.00,7328.00,58.4
21,1976.00,516.00,2492.0,16.83,0.00,0.00,0.0,99.19,4,3.16,4397,0.73,4264,50,4,0.00,0.00,0.0,0.00,0.00,0.0,0.00,8046.00,39.4
22,1280.00,472.00,1752.0,44.85,6.00,6.00,12.0,99.18,9,3.16,4400,0.73,4270,51,4,6.00,7.00,13.0,0.00,0.00,0.0,4.00,8611.00,63.3
23,1152.00,572.00,1724.0,71.1,8.00,198.00,206.0,99.27,16,3.16,4400,0.73,4268,51,4,3.00,4.00,7.0,4.00,4.00,8.0,1.00,28737.00,79.6
24,620.00,1132.00,1752.0,23.62,0.00,251.00,251.0,99.24,5,3.16,4405,0.73,4289,51,4,0.00,0.00,0.0,0.00,0.00,0.0,5.00,26207.00,84.7
25,1936.00,504.00,2440.0,23.01,4.00,4.00,8.0,99.28,8,3.16,4403,0.73,4306,50,4,3.00,4.00,7.0,0.00,0.00,0.0,0.00,17404.00,46.4
26,1008.00,13856.00,14864.0,49.37,1.00,61.00,62.0,99.14,23,3.87,4412,0.75,4321,50,4,0.00,0.00,0.0,0.00,0.00,0.0,9.00,21661.00,63.2
27,1680.00,516.00,2196.0,20.13,0.00,192.00,192.0,99.16,5,3.87,4413,0.75,4324,50,4,0.00,0.00,0.0,0.00,0.00,0.0,2.00,16607.00,74.1
28,2460.00,40.00,2500.0,40.46,1.00,1.00,2.0,99.23,9,3.87,4413,0.75,4346,50,4,0.00,0.00,0.0,0.00,0.00,0.0,0.00,20860.00,56.5
29,2632.00,0.00,2632.0,66.37,2.00,102.00,104.0,99.27,10,3.87,4422,0.75,4363,50,4,0.00,0.00,0.0,0.00,0.00,0.0,9.00,24296.00,75.2
30,1448.00,28.00,1476.0,78.5,0.00,0.00,0.0,99.26,20,3.87,4432,0.75,4393,50,4,0.00,0.00,0.0,0.00,0.00,0.0,10.00,46047.00,84.4
31,704.00,5836.00,6540.0,86.51,3.96,3.96,7.92,99.23,32,5.88,4435,0.75,4416,51,4,4.00,4.00,8.0,0.00,0.00,0.0,3.00,47760.00,84.6
32,1920.00,3160.00,5080.0,80.35,4.00,205.00,209.0,99.2,10,5.88,4435,0.76,4383,51,4,4.00,6.00,10.0,0.00,0.00,0.0,2.00,27739.00,84.8
33,1884.00,840.00,2724.0,59.65,1.00,1.00,2.0,99.25,9,5.88,4444,0.76,4413,51,4,1.00,1.00,2.0,0.00,0.00,0.0,9.00,16292.00,85.0
34,1532.00,8716.00,10248.0,61.17,2.00,122.00,124.0,99.17,18,5.88,4444,0.77,4429,51,4,2.00,3.00,5.0,0.00,0.00,0.0,7.00,25740.00,84.6
35,1604.00,392.00,1996.0,80.25,1.00,233.00,234.0,99.21,13,5.88,4447,0.77,4412,50,4,1.00,0.00,1.0,0.00,0.00,0.0,3.00,25384.00,84.4
36,2804.00,108.00,2912.0,68.98,0.00,220.00,220.0,99.22,18,6.53,4448,0.77,4423,50,4,0.00,0.00,0.0,0.00,0.00,0.0,1.00,27725.00,84.8
37,2596.00,452.00,3048.0,73.92,0.00,60.00,60.0,99.29,10,6.53,4457,0.77,4441,50,4,0.00,0.00,0.0,0.00,0.00,0.0,11.00,23570.00,84.9
38,56.00,9112.00,9168.0,54.83,0.00,337.00,337.0,99.14,2,6.53,4458,0.78,4451,50,4,0.00,0.00,0.0,0.00,0.00,0.0,9.00,28822.00,85.0
39,1808.00,356.00,2164.0,27.3,0.00,81.00,81.0,99.13,6,6.53,4467,0.78,4480,50,4,0.00,0.00,0.0,0.00,0.00,0.0,9.00,16018.00,67.0
40,3136.00,32.00,3168.0,68.5,0.00,295.00,295.0,99.29,10,6.53,4467,0.78,4479,50,4,0.00,0.00,0.0,0.00,0.00,0.0,1.00,26867.00,67.3
41,1568.00,768.00,2336.0,23.99,0.00,60.00,60.0,99.24,3,6.17,4477,0.78,4497,50,4,0.00,0.00,0.0,0.00,0.00,0.0,11.00,20821.00,80.0
42,632.00,984.00,1616.0,8.62,0.00,64.00,64.0,99.25,4,6.17,4476,0.78,4494,50,4,0.00,0.00,0.0,0.00,0.00,0.0,1.00,11783.00,46.4
43,2308.00,648.00,2956.0,35.9,4.00,14.00,18.0,99.28,5,6.17,4477,0.78,4496,50,4,0.00,0.00,0.0,4.00,4.00,8.0,1.00,8485.00,46.5
44,1188.00,10352.00,11540.0,71.23,0.00,238.00,238.0,99.26,21,6.17,4477,0.80,4490,50,4,0.00,0.00,0.0,0.00,0.00,0.0,1.00,18898.00,78.8
45,992.00,2424.00,3416.0,91.0,0.00,374.00,374.0,99.26,30,6.17,4480,0.80,4511,50,4,0.00,0.00,0.0,0.00,0.00,0.0,4.00,26519.00,86.0
46,268.00,7280.00,7548.0,72.91,0.00,478.00,478.0,99.17,9,5.75,4486,0.81,4521,50,4,0.00,0.00,0.0,0.00,0.00,0.0,46.00,30986.00,86.1
47,2500.00,88.00,2588.0,41.27,0.00,237.00,237.0,99.19,3,5.75,4496,0.81,4542,50,4,0.00,0.00,0.0,0.00,0.00,0.0,12.00,29556.00,77.0
48,296.00,992.00,1288.0,17.63,0.00,40.00,40.0,99.22,0,5.75,4496,0.81,4542,50,4,0.00,0.00,0.0,0.00,0.00,0.0,0.00,8981.00,76.4
49,1264.00,748.00,2012.0,16.86,0.00,14.00,14.0,99.21,2,5.75,4497,0.81,4550,50,4,0.00,0.00,0.0,0.00,0.00,0.0,1.00,10450.00,42.5
50,2480.00,448.00,2928.0,20.65,0.00,0.00,0.0,99.25,1,5.75,4497,0.81,4552,50,4,0.00,0.00,0.0,0.00,0.00,0.0,0.00,7998.00,60.7
51,732.00,576.00,1308.0,46.1,0.00,169.00,169.0,99.25,36,8.1,4499,0.81,4577,50,4,0.00,0.00,0.0,0.00,0.00,0.0,3.00,30865.00,60.1
52,412.00,9512.00,9924.0,88.71,1.00,304.00,305.0,99.21,16,8.1,4503,0.82,4591,50,4,0.00,0.00,0.0,0.00,0.00,0.0,11.00,25242.00,74.6
53,2032.00,8504.00,10536.0,43.41,5.00,39.00,44.0,99.15,5,8.1,4502,0.85,4602,50,4,1.00,1.00,2.0,4.00,4.00,8.0,6.00,15685.00,85.5
54,1828.00,308.00,2136.0,56.09,0.00,152.00,152.0,99.15,3,8.1,4511,0.85,4617,50,4,0.00,0.00,0.0,0.00,0.00,0.0,9.00,21238.00,74.7
55,2556.00,28.00,2584.0,26.88,4.00,4.00,8.0,99.2,0,8.1,4511,0.85,4620,51,5,0.00,3.00,3.0,1.00,1.00,2.0,0.00,14407.00,79.9
56,16.00,424.00,440.0,2.03,0.00,0.00,0.0,99.2,0,7.45,4511,0.85,4620,51,5,0.00,0.00,0.0,0.00,0.00,0.0,0.00,5324.00,47.2
57,60.00,92.00,152.0,2.52,0.00,18.00,18.0,99.2,0,7.45,4511,0.85,4620,51,5,0.00,0.00,0.0,0.00,0.00,0.0,1.00,5614.00,35.2
58,0.00,272.00,272.0,1.27,1.00,3.00,4.0,99.2,1,7.45,4511,0.85,4620,51,5,0.00,0.00,0.0,0.00,0.00,0.0,0.00,5267.00,35.1
59,800.00,0.00,800.0,2.04,1.00,33.00,34.0,99.2,2,7.45,4510,0.85,4622,51,4,0.00,0.00,0.0,0.00,0.00,0.0,0.00,5589.00,35.1
60,1608.00,52.00,1660.0,11.29,0.00,98.00,98.0,99.22,0,7.45,4510,0.85,4622,51,4,0.00,0.00,0.0,0.00,0.00,0.0,0.00,8424.00,35.7
61,44.00,424.00,468.0,3.3,0.00,114.00,114.0,99.22,2,7.09,4510,0.85,4622,51,4,0.00,0.00,0.0,0.00,0.00,0.0,0.00,5669.00,41.0
62,440.00,88.00,528.0,4.21,2.00,116.00,118.0,99.23,0,7.09,4509,0.85,4616,51,4,0.00,2.00,2.0,0.00,0.00,0.0,1.00,6464.00,40.4
63,72.00,116.00,188.0,13.3,16.00,301.00,317.0,99.23,0,7.09,4509,0.85,4616,51,4,16.00,0.00,16.0,0.00,0.00,0.0,0.00,11162.00,40.1
64,0.00,72.00,72.0,2.66,0.00,107.00,107.0,99.24,0,7.09,4509,0.85,4616,51,4,0.00,0.00,0.0,0.00,0.00,0.0,0.00,4954.00,40.4
65,0.00,28.00,28.0,2.92,0.00,119.00,119.0,99.24,0,7.09,4510,0.85,4616,51,4,0.00,0.00,0.0,0.00,0.00,0.0,1.00,5071.00,35.0
66,332.00,100.00,432.0,9.33,10.00,227.00,237.0,99.23,0,6.6,4510,0.85,4616,51,4,10.00,0.00,10.0,0.00,0.00,0.0,3.00,8733.00,35.0
67,16.00,312.00,328.0,3.95,2.00,135.00,137.0,99.24,0,6.6,4510,0.85,4616,51,4,2.00,0.00,2.0,0.00,0.00,0.0,1.00,5726.00,42.8
68,0.00,0.00,0.0,3.78,0.00,116.00,116.0,99.24,0,6.6,4510,0.85,4616,51,4,0.00,0.00,0.0,0.00,0.00,0.0,0.00,5128.00,34.7
69,68.00,0.00,68.0,9.78,5.00,195.00,200.0,99.24,1,6.6,4510,0.85,4616,51,4,4.00,1.00,5.0,0.00,0.00,0.0,0.00,7707.00,34.7
70,140.00,52.00,192.0,11.54,16.00,198.00,214.0,99.3,0,6.6,4512,0.85,4619,52,4,15.00,6.00,21.0,0.00,0.00,0.0,2.00,6036.00,48.9
71,160.00,12384.00,12544.0,2.3,4.00,126.00,130.0,99.2,1,7.36,4512,0.85,4619,52,4,4.00,6.00,10.0,0.00,0.00,0.0,0.00,5738.00,41.1
72,496.00,3824.00,4320.0,28.93,9.00,334.00,343.0,99.17,28,7.36,4513,0.86,4623,52,4,9.00,1.00,10.0,0.00,0.00,0.0,2.00,19239.00,40.9
73,520.00,128.00,648.0,82.77,13.00,1084.00,1097.0,99.21,24,7.36,4512,0.86,4641,51,4,9.00,4.00,13.0,4.00,4.00,8.0,0.00,60560.00,66.7
74,164.00,872.00,1036.0,39.27,0.00,454.00,454.0,99.23,0,7.36,4514,0.86,4647,51,4,0.00,0.00,0.0,0.00,0.00,0.0,3.00,28290.00,87.3
75,224.00,1036.00,1260.0,5.02,0.00,57.00,57.0,99.23,0,7.36,4514,0.86,4648,51,4,0.00,0.00,0.0,0.00,0.00,0.0,0.00,7560.00,52.4
76,3276.00,436.00,3712.0,25.12,0.00,4.00,4.0,99.29,2,7.09,4514,0.86,4650,51,4,0.00,0.00,0.0,0.00,0.00,0.0,0.00,9283.00,43.5
77,920.00,22956.00,23876.0,20.48,0.00,36.00,36.0,99.14,0,7.09,4514,0.90,4652,51,4,0.00,0.00,0.0,0.00,0.00,0.0,2.00,6791.00,68.6
78,1384.00,392.00,1776.0,15.94,0.00,30.00,30.0,99.12,0,7.09,4514,0.90,4642,51,4,0.00,0.00,0.0,0.00,0.00,0.0,0.00,7077.00,52.4
79,1472.00,176.00,1648.0,80.18,0.00,245.00,245.0,99.21,23,7.09,4517,0.90,4687,51,4,0.00,0.00,0.0,0.00,0.00,0.0,3.00,35187.00,58.4
80,3132.00,52.00,3184.0,70.38,0.00,92.00,92.0,99.26,18,7.09,4517,0.90,4706,51,4,0.00,0.00,0.0,0.00,0.00,0.0,0.00,23730.00,87.6
81,1184.00,92.00,1276.0,86.47,1.00,402.00,403.0,99.3,9,7.0,4519,0.90,4727,51,4,0.00,1.00,1.0,0.00,0.00,0.0,2.00,32583.00,81.9
82,2228.00,5968.00,8196.0,52.71,2.00,297.00,299.0,99.2,5,7.0,4521,0.91,4736,51,4,0.00,2.00,2.0,0.00,0.00,0.0,4.00,31139.00,82.2
83,2584.00,680.00,3264.0,33.46,4.00,12.00,16.0,99.22,2,7.0,4521,0.91,4766,51,4,0.00,0.00,0.0,4.00,4.00,8.0,0.00,19267.00,81.8
84,1448.00,716.00,2164.0,17.99,1.00,21.00,22.0,99.25,9,7.0,4516,0.91,4767,51,4,0.00,0.00,0.0,0.00,0.00,0.0,0.00,11327.00,58.0
85,1044.00,844.00,1888.0,19.97,1.00,1.00,2.0,99.22,1,7.0,4516,0.91,4767,51,4,0.00,0.00,0.0,0.00,0.00,0.0,0.00,11007.00,58.4
86,620.00,492.00,1112.0,67.76,0.00,0.00,0.0,99.25,39,9.24,4534,0.91,4778,51,4,0.00,0.00,0.0,0.00,0.00,0.0,18.00,62663.00,58.7
87,244.00,76.00,320.0,92.23,0.00,207.00,207.0,99.24,33,9.24,4536,0.91,4777,51,4,0.00,0.00,0.0,0.00,0.00,0.0,3.00,54168.00,83.7
88,344.00,1104.00,1448.0,89.89,5.00,76.00,81.0,99.28,25,9.24,4538,0.91,4776,52,4,4.00,4.00,8.0,0.00,0.00,0.0,2.00,75247.00,84.1
89,852.00,23984.00,24836.0,77.76,8.00,435.00,443.0,99.15,2,9.24,4537,0.95,4752,52,4,4.00,8.00,12.0,0.00,0.00,0.0,0.00,27473.00,84.6
90,3160.00,52.00,3212.0,27.75,2.00,2.00,4.0,99.18,3,9.24,4537,0.95,4754,52,4,1.00,2.00,3.0,0.00,0.00,0.0,0.00,17963.00,84.2
91,628.00,18592.00,19220.0,65.27,2.00,522.00,524.0,99.16,3,9.38,4543,0.99,4748,52,4,0.00,2.00,2.0,0.00,0.00,0.0,11.00,38118.00,71.2
92,856.00,1524.00,2380.0,27.31,5.00,355.00,360.0,99.14,24,9.38,4546,0.99,4758,51,4,3.00,5.00,8.0,0.00,0.00,0.0,8.00,18071.00,78.5
93,468.00,96.00,564.0,74.37,1.00,781.00,782.0,99.16,20,9.38,4547,0.99,4763,51,4,0.00,1.00,1.0,0.00,0.00,0.0,1.00,45437.00,65.4
94,24.00,620.00,644.0,88.11,0.00,231.00,231.0,99.19,24,9.38,4548,0.99,4762,51,4,0.00,0.00,0.0,0.00,0.00,0.0,1.00,78857.00,87.5
95,2664.00,28.00,2692.0,49.81,0.00,152.00,152.0,99.24,7,9.38,4548,0.99,4772,51,4,0.00,0.00,0.0,0.00,0.00,0.0,0.00,20524.00,87.5
96,2596.00,116.00,2712.0,59.75,2.00,69.00,71.0,99.26,23,10.31,4549,0.99,4809,51,4,0.00,2.00,2.0,0.00,0.00,0.0,3.00,46451.00,69.4
97,28.00,52.00,80.0,88.5,2.00,2.00,4.0,99.28,37,10.31,4549,0.99,4769,51,4,0.00,2.00,2.0,0.00,0.00,0.0,2.00,83067.00,83.2
98,52.00,11944.00,11996.0,81.33,1.00,37.00,38.0,99.27,35,10.31,4549,0.99,4793,51,4,0.00,1.00,1.0,0.00,0.00,0.0,0.00,71663.00,83.7
99,56.00,10828.00,10884.0,87.55,2.00,50.00,52.0,99.13,51,10.31,4550,1.02,4799,50,4,0.00,1.00,1.0,0.00,0.00,0.0,1.00,85716.00,84.0
100,188.00,252.00,440.0,90.38,0.00,71.00,71.0,99.16,31,10.31,4551,1.02,4789,50,4,0.00,0.00,0.0,0.00,0.00,0.0,1.00,83623.00,84.5
101,228.00,108.00,336.0,90.51,0.00,584.00,584.0,99.19,25,10.93,4550,1.02,4746,50,4,0.00,0.00,0.0,0.00,0.00,0.0,3.00,65985.00,84.9
102,8.00,96.00,104.0,91.1,0.00,297.00,297.0,99.21,32,10.93,4552,1.02,4760,50,4,0.00,0.00,0.0,0.00,0.00,0.0,3.00,78502.00,85.2
103,16.00,92.00,108.0,92.65,4.00,501.00,505.0,99.19,28,10.93,4553,1.02,4766,50,4,0.00,0.00,0.0,4.00,4.00,8.0,1.00,50120.00,85.5
104,36.00,456.00,492.0,92.37,0.00,619.00,619.0,99.19,40,10.93,4553,1.02,4776,50,4,0.00,0.00,0.0,0.00,0.00,0.0,1.00,53281.00,85.9
105,184.00,48.00,232.0,93.37,0.00,509.00,509.0,99.23,52,10.93,4555,1.02,4792,50,4,0.00,0.00,0.0,0.00,0.00,0.0,2.00,54720.00,86.5
106,148.00,636.00,784.0,93.88,0.00,446.00,446.0,99.25,42,13.34,4557,1.02,4788,50,4,0.00,0.00,0.0,0.00,0.00,0.0,2.00,52959.00,86.8
107,32.00,88.00,120.0,93.88,0.00,494.00,494.0,99.3,56,13.34,4557,1.02,4795,50,4,0.00,0.00,0.0,0.00,0.00,0.0,2.00,54377.00,87.1
108,52.00,61464.00,61516.0,86.11,0.00,357.00,357.0,99.1,48,13.34,4557,1.14,4802,50,4,0.00,0.00,0.0,0.00,0.00,0.0,0.00,46058.00,87.2
109,260.00,828.00,1088.0,94.24,0.00,528.00,528.0,99.15,52,13.34,4556,1.14,4760,50,4,0.00,0.00,0.0,0.00,0.00,0.0,0.00,47678.00,87.2
110,88.00,248.00,336.0,94.01,0.00,609.00,609.0,99.2,48,13.34,4556,1.14,4777,50,4,0.00,0.00,0.0,0.00,0.00,0.0,0.00,48336.00,87.4
111,16.00,148.00,164.0,94.87,1.00,585.00,586.0,99.18,44,15.23,4554,1.14,4758,50,4,0.00,0.00,0.0,0.00,0.00,0.0,0.00,36779.00,87.5
112,8.00,548.00,556.0,93.75,3.00,634.00,637.0,99.21,26,15.23,4555,1.14,4749,51,5,0.00,3.00,3.0,1.00,1.00,2.0,4.00,40457.00,87.5
113,184.00,344.00,528.0,94.87,6.00,566.00,572.0,99.23,20,15.23,4555,1.14,4741,51,5,0.00,2.00,2.0,4.00,4.00,8.0,1.00,37966.00,87.5
114,36.00,256.00,292.0,51.13,3.00,166.00,169.0,99.22,1,15.23,4554,1.14,4741,51,5,0.00,2.00,2.0,0.00,0.00,0.0,0.00,18525.00,87.6
115,0.00,32.00,32.0,1.78,2.00,2.00,4.0,99.23,1,15.23,4552,1.14,4733,51,5,0.00,2.00,2.0,0.00,0.00,0.0,0.00,4786.00,56.6
116,144.00,552.00,696.0,3.31,2.00,108.00,110.0,99.18,5,14.01,4549,1.14,4731,51,4,0.00,2.00,2.0,0.00,0.00,0.0,0.00,5749.00,34.3
117,400.00,228.00,628.0,3.55,8.00,120.00,128.0,99.19,1,14.01,4551,1.14,4734,52,4,5.00,7.00,12.0,0.00,0.00,0.0,3.00,5703.00,34.7
118,216.00,444.00,660.0,2.54,6.00,102.00,108.0,99.19,1,14.01,4550,1.14,4733,52,4,4.00,8.00,12.0,0.00,0.00,0.0,0.00,5915.00,34.9
119,12.00,0.00,12.0,15.66,22.00,326.00,348.0,99.2,2,14.01,4550,1.14,4723,52,4,20.00,1.00,21.0,0.00,0.00,0.0,0.00,10593.00,35.0
120,328.00,24.00,352.0,2.55,5.00,135.00,140.0,99.2,1,14.01,4548,1.14,4719,51,4,3.00,6.00,9.0,0.00,0.00,0.0,0.00,5115.00,49.8
121,12.00,268.00,280.0,3.05,2.00,98.00,100.0,99.2,1,12.89,4547,1.14,4715,51,4,0.00,2.00,2.0,0.00,0.00,0.0,0.00,4928.00,35.0
122,0.00,364.00,364.0,13.96,18.00,265.00,283.0,99.2,2,12.89,4546,1.14,4713,51,4,18.00,0.00,18.0,0.00,0.00,0.0,1.00,8919.00,35.6
123,4.00,100.00,104.0,6.09,6.00,159.00,165.0,99.17,1,12.89,4546,1.14,4713,51,4,2.00,0.00,2.0,4.00,4.00,8.0,0.00,5616.00,53.4
124,0.00,92.00,92.0,2.93,1.00,113.00,114.0,99.17,1,12.89,4546,1.14,4713,51,4,0.00,1.00,1.0,0.00,0.00,0.0,0.00,5332.00,37.0
125,96.00,32.00,128.0,7.3,17.00,224.00,241.0,99.17,2,12.89,4546,1.14,4713,51,4,16.00,1.00,17.0,0.00,0.00,0.0,0.00,8199.00,37.0
126,292.00,124.00,416.0,6.32,6.00,149.00,155.0,99.17,1,11.86,4546,1.14,4713,51,4,4.00,2.00,6.0,0.00,0.00,0.0,3.00,5460.00,43.8
127,0.00,304.00,304.0,2.29,0.00,100.00,100.0,99.18,1,11.86,4546,1.14,4713,51,4,0.00,0.00,0.0,0.00,0.00,0.0,1.00,5407.00,37.9
128,788.00,24.00,812.0,53.56,2.00,810.00,812.0,99.19,16,11.86,4548,1.14,4715,51,4,2.00,0.00,2.0,0.00,0.00,0.0,2.00,39253.00,37.9
129,40.00,12.00,52.0,90.61,1.00,1074.00,1075.0,99.24,40,11.86,4551,1.14,4723,50,4,0.00,0.00,0.0,0.00,0.00,0.0,3.00,64572.00,82.8
130,0.00,52.00,52.0,91.75,0.00,516.00,516.0,99.27,40,11.86,4555,1.14,4721,50,4,0.00,0.00,0.0,0.00,0.00,0.0,4.00,67075.00,83.3
131,80.00,624.00,704.0,92.12,0.00,639.00,639.0,99.29,44,14.27,4555,1.14,4720,50,4,0.00,0.00,0.0,0.00,0.00,0.0,0.00,67750.00,83.8
132,32.00,26908.00,26940.0,85.73,0.00,466.00,466.0,99.18,40,14.27,4556,1.14,4720,50,4,0.00,0.00,0.0,0.00,0.00,0.0,9.00,70018.00,84.5
133,36.00,456.00,492.0,91.99,1.00,624.00,625.0,99.15,41,14.27,4555,1.14,4743,50,4,1.00,1.00,2.0,0.00,0.00,0.0,0.00,62347.00,84.9
134,12.00,776.00,788.0,91.11,0.00,451.00,451.0,99.18,41,14.27,4554,1.14,4736,50,4,0.00,0.00,0.0,0.00,0.00,0.0,1.00,77326.00,85.4
135,16.00,584.00,600.0,91.02,0.00,532.00,532.0,99.22,35,14.27,4555,1.14,4734,50,4,0.00,0.00,0.0,0.00,0.00,0.0,2.00,75068.00,85.8
136,140.00,376.00,516.0,90.11,0.00,522.00,522.0,99.25,38,15.69,4556,1.14,4750,50,4,0.00,0.00,0.0,0.00,0.00,0.0,1.00,79199.00,86.3
137,0.00,72.00,72.0,87.48,0.00,216.00,216.0,99.29,50,15.69,4556,1.14,4752,50,4,0.00,0.00,0.0,0.00,0.00,0.0,1.00,99647.00,86.6
138,100.00,31988.00,32088.0,83.0,0.00,206.00,206.0,99.15,43,15.69,4555,1.19,4753,50,4,0.00,0.00,0.0,0.00,0.00,0.0,0.00,82508.00,86.9
139,0.00,116.00,116.0,90.1,0.00,276.00,276.0,99.15,44,15.69,4555,1.19,4736,50,4,0.00,0.00,0.0,0.00,0.00,0.0,1.00,85819.00,87.2
140,16.00,260.00,276.0,91.5,1.00,284.00,285.0,99.17,45,15.69,4555,1.19,4757,50,4,0.00,0.00,0.0,0.00,0.00,0.0,3.00,68010.00,87.4
141,96.00,80.00,176.0,92.75,0.00,171.00,171.0,99.21,41,17.64,4560,1.19,4759,50,4,0.00,0.00,0.0,0.00,0.00,0.0,5.00,64939.00,87.4
142,4.00,80.00,84.0,91.0,0.00,291.00,291.0,99.27,47,17.64,4560,1.19,4740,50,4,0.00,0.00,0.0,0.00,0.00,0.0,1.00,77840.00,87.6
143,232.00,660.00,892.0,88.42,7.00,455.00,462.0,99.3,43,17.64,4563,1.19,4732,51,4,2.00,1.00,3.0,4.00,4.00,8.0,3.00,80456.00,87.6
144,112.00,28736.00,28848.0,88.99,5.00,521.00,526.0,99.15,60,17.64,4565,1.23,4727,51,4,5.00,8.00,13.0,0.00,0.00,0.0,7.00,43786.00,87.7
145,388.00,1424.00,1812.0,92.12,5.00,501.00,506.0,99.16,30,17.64,4565,1.23,4754,51,4,4.00,4.00,8.0,0.00,0.00,0.0,1.00,59637.00,87.7
146,68.00,1020.00,1088.0,90.75,3.00,488.00,491.0,99.15,41,20.79,4567,1.23,4745,52,5,0.00,2.00,2.0,1.00,1.00,2.0,3.00,69958.00,87.9
147,388.00,436.00,824.0,93.12,3.00,578.00,581.0,99.14,43,20.79,4565,1.23,4742,51,5,3.00,3.00,6.0,0.00,0.00,0.0,1.00,52338.00,87.8
148,12.00,960.00,972.0,95.24,0.00,643.00,643.0,99.18,33,20.79,4565,1.23,4742,51,5,0.00,0.00,0.0,0.00,0.00,0.0,0.00,40730.00,87.8
149,8.00,32.00,40.0,91.64,3.00,709.00,712.0,99.21,40,20.79,4564,1.23,4751,51,5,2.00,1.00,3.0,0.00,0.00,0.0,0.00,61237.00,87.9
150,4.00,296.00,300.0,91.74,1.00,625.00,626.0,99.22,39,20.79,4564,1.23,4746,51,4,0.00,1.00,1.0,0.00,0.00,0.0,1.00,69399.00,87.9
151,20.00,584.00,604.0,94.38,2.00,720.00,722.0,99.23,24,21.37,4564,1.23,4744,51,4,0.00,2.00,2.0,0.00,0.00,0.0,0.00,43060.00,88.0
152,12.00,720.00,732.0,95.49,0.00,619.00,619.0,99.3,26,21.37,4564,1.23,4746,51,4,0.00,0.00,0.0,0.00,0.00,0.0,1.00,33951.00,88.2
153,96.00,44236.00,44332.0,84.19,4.00,396.00,400.0,99.15,9,21.37,4563,1.31,4746,51,4,0.00,0.00,0.0,4.00,4.00,8.0,0.00,24718.00,88.1
154,83.17,2118.81,2201.98,28.43,12.00,206.00,218.0,99.1,1,21.37,4562,1.31,4733,51,4,10.00,1.00,11.0,0.00,0.00,0.0,0.00,7408.00,87.9
155,12.00,36.00,48.0,10.83,6.00,148.00,154.0,99.04,1,21.37,4559,1.31,4725,51,4,4.00,2.00,6.0,0.00,0.00,0.0,0.00,6470.00,55.9
156,4.00,100.00,104.0,10.09,9.00,196.00,205.0,99.03,0,19.74,4558,1.31,4717,51,5,6.00,2.00,8.0,2.00,2.00,4.0,1.00,7653.00,49.2
157,8.00,80.00,88.0,4.07,14.00,198.00,212.0,99.02,0,19.74,4557,1.31,4718,52,5,10.00,3.00,13.0,0.00,0.00,0.0,1.00,6674.00,43.2
158,12.00,460.00,472.0,2.41,6.00,119.00,125.0,99.02,0,19.74,4556,1.31,4716,52,5,4.00,2.00,6.0,0.00,0.00,0.0,0.00,5537.00,36.4
159,0.00,0.00,0.0,4.05,2.00,138.00,140.0,99.02,0,19.74,4555,1.31,4714,52,5,0.00,2.00,2.0,0.00,0.00,0.0,0.00,6506.00,36.2
160,116.00,540.00,656.0,4.9,14.00,206.00,220.0,99.03,0,19.74,4553,1.31,4710,52,5,12.00,2.00,14.0,0.00,0.00,0.0,0.00,8387.00,36.5
161,68.00,56.00,124.0,3.29,6.00,125.00,131.0,99.03,0,18.16,4550,1.31,4705,52,4,2.00,2.00,4.0,2.00,2.00,4.0,0.00,5879.00,36.4
162,0.00,88.00,88.0,4.08,7.00,140.00,147.0,99.03,0,18.16,4550,1.31,4705,52,4,6.00,1.00,7.0,0.00,0.00,0.0,1.00,6435.00,36.3
163,92.00,120.00,212.0,41.43,13.00,966.00,979.0,99.04,14,18.16,4553,1.31,4704,51,4,7.92,0.00,7.92,4.00,4.00,8.0,3.00,49024.00,36.7
164,60.00,92.00,152.0,88.43,7.00,924.00,931.0,99.08,23,18.16,4559,1.31,4725,52,4,4.00,4.00,8.0,0.00,0.00,0.0,6.00,77936.00,75.6
165,296.00,444.00,740.0,89.47,9.00,731.00,740.0,99.11,38,18.16,4561,1.31,4736,53,4,8.00,6.00,14.0,0.00,0.00,0.0,2.00,92586.00,87.3
166,236.00,504.00,740.0,89.64,17.00,869.00,886.0,99.17,40,19.67,4563,1.31,4733,53,4,16.00,14.00,30.0,0.00,0.00,0.0,2.00,75313.00,87.3
167,44.00,224.00,268.0,88.47,4.00,969.00,973.0,99.21,32,19.67,4563,1.31,4734,54,4,2.00,6.00,8.0,0.00,0.00,0.0,1.00,89837.00,87.3
168,392.00,32.00,424.0,87.62,9.00,601.00,610.0,99.25,30,19.67,4562,1.31,4750,53,4,8.00,9.00,17.0,0.00,0.00,0.0,1.00,114148.00,87.3
169,444.00,308.00,752.0,86.34,5.00,514.00,519.0,99.24,31,19.67,4560,1.31,4740,52,4,3.00,5.00,8.0,0.00,0.00,0.0,2.00,116052.00,87.2
170,24.00,596.00,620.0,85.71,1.00,518.00,519.0,99.23,31,19.67,4561,1.31,4751,51,4,0.00,0.00,0.0,0.00,0.00,0.0,0.00,126968.00,87.2
171,24.00,104.00,128.0,85.12,0.00,591.00,591.0,99.26,38,20.41,4562,1.31,4734,51,4,0.00,0.00,0.0,0.00,0.00,0.0,2.00,123159.00,87.2
172,16.00,352.00,368.0,87.11,0.00,415.00,415.0,99.29,24,20.41,4564,1.31,4755,51,4,0.00,0.00,0.0,0.00,0.00,0.0,3.00,105032.00,87.2
173,8.00,43064.00,43072.0,79.7,1.00,465.00,466.0,99.22,34,20.41,4563,1.32,4734,51,4,0.00,0.00,0.0,0.00,0.00,0.0,15.00,89832.00,87.1
174,16.00,10140.00,10156.0,88.88,2.00,744.00,746.0,99.19,33,20.41,4565,1.35,4739,52,4,0.00,3.00,3.0,0.00,0.00,0.0,9.00,76403.00,87.2
175,48.00,532.00,580.0,89.26,2.00,952.00,954.0,99.21,39,20.41,4566,1.35,4747,52,4,0.00,2.00,2.0,0.00,0.00,0.0,1.00,86353.00,87.3
176,28.00,1024.00,1052.0,92.12,2.00,722.00,724.0,99.23,38,21.82,4567,1.35,4731,51,4,0.00,0.00,0.0,0.00,0.00,0.0,0.00,71742.00,87.3
177,148.00,100.00,248.0,90.62,0.00,829.00,829.0,99.26,49,21.82,4567,1.35,4740,51,4,0.00,0.00,0.0,0.00,0.00,0.0,2.00,70134.00,87.4
178,24.00,424.00,448.0,91.75,1.00,786.00,787.0,99.29,43,21.82,4565,1.35,4731,51,4,0.00,0.00,0.0,0.00,0.00,0.0,1.00,59059.00,87.4
179,60.00,30372.00,30432.0,88.11,0.00,640.00,640.0,99.18,29,21.82,4562,1.39,4730,51,4,0.00,0.00,0.0,0.00,0.00,0.0,6.00,37664.00,87.7
180,552.00,21768.00,22320.0,92.76,4.00,660.00,664.0,99.13,21,21.82,4565,1.45,4734,51,4,4.00,0.00,4.0,0.00,0.00,0.0,8.00,35930.00,87.7
181,16.00,296.00,312.0,86.57,3.00,309.00,312.0,99.16,5,20.56,4565,1.45,4739,51,5,2.00,0.00,2.0,1.00,1.00,2.0,0.00,20818.00,88.0
182,8.00,428.00,436.0,30.85,1.00,71.00,72.0,99.14,1,20.56,4563,1.45,4736,52,5,0.00,2.00,2.0,0.00,0.00,0.0,1.00,7105.00,87.5
183,0.00,84.00,84.0,8.92,14.00,50.00,64.0,99.12,0,20.56,4562,1.45,4734,52,5,8.00,2.00,10.0,4.00,4.00,8.0,0.00,5949.00,61.0
184,0.00,48.00,48.0,1.65,1.00,1.00,2.0,99.12,0,20.56,4559,1.45,4726,52,5,0.00,1.00,1.0,0.00,0.00,0.0,0.00,5224.75,41.7
185,8.00,40.00,48.0,4.18,1.00,131.00,132.0,99.01,0,20.56,4557,1.45,4731,51,4,0.00,0.00,0.0,0.00,0.00,0.0,0.00,5340.00,35.0
186,264.00,68.00,332.0,3.05,1.00,115.00,116.0,99.01,0,18.99,4555,1.45,4722,52,4,0.00,2.00,2.0,0.00,0.00,0.0,3.00,5332.00,35.1
187,116.00,304.00,420.0,3.06,2.00,123.00,125.0,99.01,0,18.99,4555,1.45,4717,52,4,0.00,2.00,2.0,0.00,0.00,0.0,1.00,6187.00,35.2
188,120.00,28.00,148.0,4.71,16.00,278.00,294.0,99.01,0,18.99,4555,1.45,4713,52,4,14.00,2.00,16.0,0.00,0.00,0.0,0.00,8372.00,35.4
189,0.00,0.00,0.0,1.4,1.00,96.00,97.0,99.01,0,18.99,4554,1.45,4709,52,4,1.00,1.00,2.0,0.00,0.00,0.0,0.00,5125.00,35.7
190,0.00,52.00,52.0,2.67,0.00,116.00,116.0,99.01,0,18.99,4552,1.45,4705,52,4,0.00,0.00,0.0,0.00,0.00,0.0,0.00,5883.00,35.5
191,32.00,40.00,72.0,11.58,20.00,435.00,455.0,99.01,1,17.47,4553,1.45,4705,52,4,20.00,2.00,22.0,0.00,0.00,0.0,1.00,21248.00,35.4
192,52.00,296.00,348.0,56.33,3.00,533.00,536.0,99.02,4,17.47,4561,1.45,4729,52,4,0.00,1.00,1.0,0.00,0.00,0.0,9.00,62698.00,44.9
193,76.00,56.00,132.0,48.61,5.00,531.00,536.0,99.06,9,17.47,4561,1.45,4732,51,4,0.00,0.00,0.0,4.00,4.00,8.0,0.00,42277.00,80.8
194,20.00,84.00,104.0,52.97,13.00,722.00,735.0,99.08,11,17.47,4563,1.45,4741,52,4,14.00,2.00,16.0,0.00,0.00,0.0,2.00,116022.00,80.2
195,32.00,64.00,96.0,55.61,5.00,1012.00,1017.0,99.1,15,17.47,4566,1.45,4739,52,4,2.00,1.00,3.0,0.00,0.00,0.0,3.00,80728.00,79.6
196,84.00,904.00,988.0,80.95,0.00,808.00,808.0,99.11,20,17.51,4568,1.45,4742,52,4,0.00,0.00,0.0,0.00,0.00,0.0,2.00,113843.00,79.3
197,28.00,400.00,428.0,76.22,8.00,1230.00,1238.0,99.13,30,17.51,4570,1.45,4744,52,4,8.00,0.00,8.0,0.00,0.00,0.0,3.00,104212.00,84.6
198,4.00,460.00,464.0,86.78,2.00,862.00,864.0,99.16,34,17.51,4571,1.45,4742,52,4,2.00,0.00,2.0,0.00,0.00,0.0,1.00,102868.00,84.6
199,0.00,32.00,32.0,88.74,1.00,851.00,852.0,99.19,29,17.51,4571,1.45,4749,52,4,0.00,0.00,0.0,0.00,0.00,0.0,0.00,105520.00,84.8
200,180.00,384.00,564.0,87.12,0.00,892.00,892.0,99.21,30,17.51,4570,1.45,4746,52,4,0.00,0.00,0.0,0.00,0.00,0.0,0.00,102916.00,85.1
201,276.00,396.00,672.0,88.72,4.00,920.00,924.0,99.24,24,18.43,4571,1.45,4753,52,4,4.00,0.00,4.0,0.00,0.00,0.0,2.00,88846.00,85.2
202,4.00,56252.00,56256.0,78.88,2.00,597.00,599.0,99.22,27,18.43,4571,1.50,4754,52,4,0.00,1.00,1.0,0.00,0.00,0.0,22.00,81397.00,85.5
203,152.00,14588.00,14740.0,86.23,7.00,599.00,606.0,99.23,27,18.43,4572,1.54,4766,53,4,1.98,1.98,3.96,4.00,4.00,8.0,1.00,115612.00,85.6
204,272.00,1168.00,1440.0,88.61,12.00,699.00,711.0,99.24,15,18.43,4573,1.54,4740,52,4,11.00,7.00,18.0,0.00,0.00,0.0,1.00,97623.00,85.9
205,676.00,488.00,1164.0,85.37,4.00,759.00,763.0,99.26,11,18.43,4573,1.54,4745,52,4,2.00,3.00,5.0,0.00,0.00,0.0,0.00,64120.00,86.1
206,540.00,19740.00,20280.0,63.78,2.00,509.00,511.0,99.16,13,20.16,4572,1.55,4756,52,4,2.00,0.00,2.0,0.00,0.00,0.0,9.00,45234.00,86.4
207,80.00,888.00,968.0,73.96,7.00,960.00,967.0,99.1,6,20.16,4566,1.55,4739,52,4,8.00,3.00,11.0,0.00,0.00,0.0,2.00,70649.00,86.0
208,132.00,964.00,1096.0,55.74,5.00,813.00,818.0,99.11,7,20.16,4567,1.55,4743,51,4,3.00,0.00,3.0,0.00,0.00,0.0,0.00,44718.00,85.7
209,604.00,532.00,1136.0,5.3,3.00,161.00,164.0,99.12,0,20.16,4566,1.55,4746,52,4,0.00,3.00,3.0,0.00,0.00,0.0,1.00,8278.00,69.5
210,4.00,220.00,224.0,12.23,7.00,530.00,537.0,99.12,2,20.16,4569,1.55,4750,51,4,6.00,0.00,6.0,0.00,0.00,0.0,3.00,27003.00,37.8
211,52.00,380.00,432.0,44.21,8.00,713.00,721.0,99.13,1,18.78,4570,1.55,4760,51,4,8.00,0.00,8.0,0.00,0.00,0.0,1.00,67978.00,49.6
212,0.00,64.00,64.0,41.58,7.00,465.00,472.0,99.08,7,18.78,4570,1.55,4758,51,4,6.00,1.00,7.0,0.00,0.00,0.0,1.00,109449.00,72.4
213,16.00,720.00,736.0,22.77,3.00,405.00,408.0,99.03,10,18.78,4570,1.55,4753,51,4,2.00,1.00,3.0,0.00,0.00,0.0,0.00,43656.00,72.9
214,112.00,836.00,948.0,52.75,10.00,848.00,858.0,99.04,15,18.78,4569,1.55,4738,51,4,8.00,2.00,10.0,0.00,0.00,0.0,0.00,64361.00,55.6
215,60.00,200.00,260.0,64.61,11.00,735.00,746.0,99.24,0,18.78,4571,1.55,4748,52,5,8.00,4.00,12.0,1.00,1.00,2.0,2.00,51565.00,74.3
216,4.00,372.00,376.0,21.8,10.00,423.00,433.0,99.25,2,17.28,4570,1.55,4753,52,5,9.00,10.00,19.0,0.00,0.00,0.0,1.00,72992.00,73.9
217,184.00,92.00,276.0,38.43,4.00,609.00,613.0,99.26,6,17.28,4570,1.55,4751,51,5,2.00,1.00,3.0,0.00,0.00,0.0,2.00,59813.00,59.4
218,32.00,832.00,864.0,50.38,4.00,673.00,677.0,99.14,12,17.28,4572,1.55,4753,51,5,4.00,1.00,5.0,0.00,0.00,0.0,2.00,95630.00,68.2
219,32.00,32.00,64.0,57.39,8.00,614.00,622.0,99.22,8,17.28,4571,1.55,4754,50,4,8.00,3.00,11.0,0.00,0.00,0.0,1.00,61247.00,78.7
220,44.00,768.00,812.0,25.91,0.00,525.00,525.0,99.18,1,17.28,4571,1.55,4757,50,4,0.00,0.00,0.0,0.00,0.00,0.0,0.00,73204.00,78.4
221,8.00,324.00,332.0,27.39,0.00,463.00,463.0,99.17,1,15.98,4571,1.55,4752,50,4,0.00,0.00,0.0,0.00,0.00,0.0,0.00,39815.00,59.2
222,100.00,96.00,196.0,11.69,0.00,369.00,369.0,99.18,0,15.98,4569,1.55,4758,50,4,0.00,0.00,0.0,0.00,0.00,0.0,1.00,21566.00,58.6
223,0.00,96.00,96.0,14.36,17.00,736.00,753.0,99.19,1,15.98,4567,1.55,4751,50,4,13.00,0.00,13.0,4.00,4.00,8.0,0.00,34399.00,41.9
224,28.00,468.00,496.0,56.66,2.00,1079.00,1081.0,99.2,9,15.98,4567,1.55,4746,50,4,2.00,0.00,2.0,0.00,0.00,0.0,0.00,109288.00,54.2
225,20.00,32.00,52.0,50.76,2.00,1153.00,1155.0,99.23,17,15.98,4567,1.55,4756,50,4,2.00,0.00,2.0,0.00,0.00,0.0,0.00,130111.00,79.7
226,20.00,14936.00,14956.0,63.37,0.00,556.00,556.0,99.25,17,16.06,4568,1.55,4737,50,4,0.00,0.00,0.0,0.00,0.00,0.0,1.00,139187.00,79.5
227,28.00,624.00,652.0,85.18,2.00,656.00,658.0,99.34,20,16.06,4567,1.55,4738,50,4,2.00,0.00,2.0,0.00,0.00,0.0,0.99,80084.16,79.5
228,28.00,29684.00,29712.0,68.94,7.00,1000.00,1007.0,99.11,10,16.06,4570,1.64,4738,50,4,6.00,0.00,6.0,0.00,0.00,0.0,8.00,83420.00,86.3
229,0.00,27504.00,27504.0,79.19,2.00,1196.00,1198.0,99.07,2,16.06,4571,1.64,4746,50,4,2.00,0.00,2.0,0.00,0.00,0.0,2.00,70848.00,86.0
230,16.00,11804.00,11820.0,13.61,2.00,431.00,433.0,99.07,0,16.06,4567,1.64,4738,50,4,2.00,0.00,2.0,0.00,0.00,0.0,0.00,25228.00,78.8
231,0.00,72.00,72.0,2.04,3.00,111.00,114.0,99.06,0,14.77,4567,1.64,4738,50,4,2.00,0.00,2.0,0.00,0.00,0.0,0.00,5161.00,42.6
232,64.00,72.00,136.0,2.42,4.00,113.00,117.0,99.06,0,14.77,4566,1.64,4730,50,4,4.00,0.00,4.0,0.00,0.00,0.0,1.00,6488.00,35.6
233,36.00,92.00,128.0,3.55,8.00,148.00,156.0,99.07,0,14.77,4564,1.64,4728,50,4,5.00,1.00,6.0,4.00,4.00,8.0,0.00,6278.00,35.6
234,4.00,404.00,408.0,3.17,11.00,147.00,158.0,99.07,0,14.77,4562,1.64,4721,50,4,8.00,0.00,8.0,0.00,0.00,0.0,0.00,6588.00,35.8
235,0.00,48.00,48.0,14.11,4.00,288.00,292.0,99.07,0,14.77,4562,1.64,4718,50,4,4.00,0.00,4.0,0.00,0.00,0.0,2.00,16184.00,36.0
236,196.00,500.00,696.0,35.25,2.00,498.00,500.0,99.1,1,13.91,4564,1.64,4732,50,4,2.00,0.00,2.0,0.00,0.00,0.0,5.00,45971.00,53.7
237,0.00,180.00,180.0,38.78,8.00,869.00,877.0,99.11,5,13.91,4565,1.64,4739,50,4,8.00,0.00,8.0,0.00,0.00,0.0,2.00,102271.00,69.5
238,8.00,60.00,68.0,58.69,6.00,959.00,965.0,99.24,5,13.91,4566,1.64,4736,50,4,6.00,0.00,6.0,0.00,0.00,0.0,3.00,107346.00,69.7
239,24.00,544.00,568.0,52.6,1.00,794.00,795.0,99.25,9,13.91,4568,1.64,4746,50,4,0.00,0.00,0.0,0.00,0.00,0.0,3.00,140976.00,81.1
240,64.00,1568.00,1632.0,43.82,4.00,997.00,1001.0,99.27,13,13.91,4570,1.64,4754,50,4,4.00,0.00,4.0,0.00,0.00,0.0,2.00,96239.00,72.4
241,44.00,768.00,812.0,56.71,2.00,1083.00,1085.0,99.24,13,12.95,4572,1.64,4749,50,4,2.00,0.00,2.0,0.00,0.00,0.0,3.00,74857.00,72.4
242,112.00,39756.00,39868.0,43.98,4.00,692.00,696.0,99.19,1,12.95,4572,1.67,4751,50,4,4.00,0.00,4.0,0.00,0.00,0.0,10.00,79583.00,79.3
243,184.00,25180.00,25364.0,10.98,2.00,216.00,218.0,99.12,0,12.95,4572,1.74,4751,50,4,2.00,0.00,2.0,0.00,0.00,0.0,10.00,24594.00,70.0
244,1752.00,532.00,2284.0,17.46,4.00,537.00,541.0,99.13,1,12.95,4572,1.74,4749,50,4,4.00,0.00,4.0,0.00,0.00,0.0,0.00,43754.00,44.3
245,1820.00,60.00,1880.0,25.77,3.00,885.00,888.0,99.14,2,12.95,4572,1.74,4744,50,4,3.00,0.00,3.0,0.00,0.00,0.0,1.00,61694.00,54.3
246,528.00,120.00,648.0,62.17,4.00,869.00,873.0,99.16,8,12.88,4571,1.74,4746,50,4,6.00,0.00,6.0,0.00,0.00,0.0,4.00,107914.00,60.4
247,16.00,104.00,120.0,46.48,6.00,1066.00,1072.0,99.17,9,12.88,4571,1.74,4746,50,4,4.00,0.00,4.0,0.00,0.00,0.0,1.00,89259.00,84.9
248,8.00,72.00,80.0,73.92,0.00,759.00,759.0,99.19,19,12.88,4570,1.74,4724,50,4,0.00,0.00,0.0,0.00,0.00,0.0,0.00,156838.00,68.9
249,36.00,552.00,588.0,67.17,2.00,950.00,952.0,99.21,6,12.88,4568,1.74,4730,50,4,2.00,0.00,2.0,1.00,1.00,2.0,1.00,80701.00,86.3
250,180.00,132.00,312.0,50.39,7.00,1010.00,1017.0,99.24,0,12.88,4570,1.74,4744,51,5,3.96,2.97,6.93,0.00,0.00,0.0,3.00,111833.00,85.7
251,16.00,576.00,592.0,32.62,4.00,853.00,857.0,99.23,3,12.01,4572,1.74,4741,51,5,4.00,0.00,4.0,0.00,0.00,0.0,2.00,61656.00,68.0
252,80.00,324.00,404.0,8.5,2.00,338.00,340.0,99.23,1,12.01,4572,1.74,4739,51,5,2.00,0.00,2.0,0.00,0.00,0.0,1.00,21767.00,60.6
253,828.00,984.00,1812.0,6.67,6.00,38.00,44.0,99.23,0,12.01,4571,1.74,4740,51,5,0.00,2.00,2.0,4.00,4.00,8.0,0.00,7682.00,45.7
254,316.00,1304.00,1620.0,6.17,2.00,134.00,136.0,99.24,0,12.01,4571,1.74,4748,51,4,0.00,2.00,2.0,0.00,0.00,0.0,0.00,6745.00,40.4
255,360.00,1176.00,1536.0,3.91,1.00,99.00,100.0,99.24,0,12.01,4568,1.74,4744,51,4,0.00,1.00,1.0,0.00,0.00,0.0,1.00,6553.00,40.4
256,8.00,1156.00,1164.0,2.67,2.00,83.00,85.0,99.24,0,11.04,4563,1.74,4728,51,4,0.00,2.00,2.0,0.00,0.00,0.0,0.00,6900.00,40.1
257,0.00,88.00,88.0,6.62,17.00,282.00,299.0,99.24,2,11.04,4562,1.74,4716,51,4,14.00,2.00,16.0,0.00,0.00,0.0,2.00,12762.00,39.8
258,0.00,268.00,268.0,19.2,8.00,411.00,419.0,99.25,0,11.04,4566,1.74,4731,51,4,6.00,2.00,8.0,0.00,0.00,0.0,5.00,37368.00,39.9
259,0.00,4.00,4.0,8.86,0.00,299.00,299.0,99.25,1,11.04,4565,1.74,4731,51,4,0.00,0.00,0.0,0.00,0.00,0.0,0.00,26925.00,50.8
260,56.00,236.00,292.0,21.67,1.00,397.00,398.0,99.26,0,11.04,4566,1.74,4729,51,4,0.00,0.00,0.0,0.00,0.00,0.0,2.00,64328.00,50.6
261,20.00,108.00,128.0,37.81,20.00,1242.00,1262.0,99.27,15,10.64,4571,1.74,4744,52,4,18.00,4.00,22.0,0.00,0.00,0.0,7.00,84160.00,50.5
262,264.00,44044.00,44308.0,41.79,10.00,1333.00,1343.0,99.3,1,10.64,4574,1.74,4755,52,4,7.00,9.00,16.0,0.00,0.00,0.0,4.00,100714.00,71.1
263,356.00,4480.00,4836.0,47.36,8.00,335.00,343.0,99.16,9,10.64,4574,1.75,4761,52,4,2.00,4.00,6.0,4.00,4.00,8.0,9.00,88900.00,70.8
264,8.00,680.00,688.0,60.86,5.00,638.00,643.0,99.19,2,10.64,4574,1.75,4772,52,4,4.00,1.00,5.0,0.00,0.00,0.0,0.00,121070.00,79.4
265,156.00,60.00,216.0,36.76,9.00,872.00,881.0,99.2,3,10.64,4574,1.75,4770,52,4,6.00,3.00,9.0,0.00,0.00,0.0,0.00,81648.00,78.9
266,896.00,1296.00,2192.0,61.07,10.00,1167.00,1177.0,99.22,9,11.07,4576,1.75,4773,51,4,8.00,8.00,16.0,0.00,0.00,0.0,4.00,55785.00,68.5
267,16.00,564.00,580.0,17.72,7.00,489.00,496.0,99.22,0,11.07,4576,1.75,4776,51,4,6.00,6.00,12.0,0.00,0.00,0.0,2.00,30453.00,76.8
268,2140.00,1296.00,3436.0,17.09,6.00,845.00,851.0,99.23,4,11.07,4576,1.75,4771,51,4,6.00,0.00,6.0,0.00,0.00,0.0,2.00,54354.00,45.2
269,2177.00,984.00,3161.0,39.62,8.00,1196.00,1204.0,99.25,15,11.07,4574,1.75,4753,50,4,7.00,4.00,11.0,0.00,0.00,0.0,0.00,95172.00,56.2
270,12.00,68.00,80.0,66.92,6.00,956.00,962.0,99.27,16,11.07,4573,1.75,4743,50,4,6.00,0.00,6.0,0.00,0.00,0.0,1.00,145557.00,74.3
271,8.00,592.00,600.0,84.19,4.00,494.00,498.0,99.28,22,11.3,4570,1.75,4729,50,4,4.00,0.00,4.0,0.00,0.00,0.0,1.00,119939.00,83.1
272,120.00,62436.00,62556.0,59.6,0.00,537.00,537.0,99.15,15,11.3,4571,1.85,4748,50,4,0.00,0.00,0.0,0.00,0.00,0.0,4.00,83134.00,83.5
273,184.00,12704.00,12888.0,55.28,0.00,829.00,829.0,99.26,13,11.3,4573,1.87,4745,50,4,0.00,0.00,0.0,0.00,0.00,0.0,2.00,53575.00,83.0
274,52.00,928.00,980.0,76.57,10.00,969.00,979.0,99.26,1,11.3,4574,1.87,4744,50,4,10.00,0.00,10.0,0.00,0.00,0.0,1.00,72002.00,82.5
275,36.00,660.00,696.0,32.0,0.00,966.00,966.0,99.27,0,11.3,4574,1.87,4750,50,4,0.00,0.00,0.0,0.00,0.00,0.0,0.00,48214.00,82.6
276,4.00,128.00,132.0,2.78,0.00,120.00,120.0,99.2,2,10.4,4571,1.87,4750,50,4,0.00,0.00,0.0,0.00,0.00,0.0,0.00,5221.00,54.5
277,0.00,96.00,96.0,13.38,12.00,428.00,440.0,99.21,1,10.4,4570,1.87,4744,50,4,12.00,0.00,12.0,0.00,0.00,0.0,1.00,22514.00,36.9
278,16.00,692.00,708.0,10.22,0.00,428.71,428.71,99.21,3,10.4,4571,1.87,4744,50,4,2.00,0.00,2.0,0.00,0.00,0.0,1.00,37974.00,51.3
279,0.00,8.00,8.0,23.77,8.00,299.00,307.0,99.23,1,10.4,4571,1.87,4749,50,4,6.00,0.00,6.0,0.00,0.00,0.0,0.00,69454.00,44.5
280,12.00,704.00,716.0,21.07,6.00,840.00,846.0,99.23,2,10.4,4572,1.87,4741,50,4,8.00,0.00,8.0,0.00,0.00,0.0,1.00,53607.00,56.0
281,0.00,592.00,592.0,55.51,6.00,1382.00,1388.0,99.21,8,10.37,4573,1.87,4734,50,4,4.00,0.00,4.0,0.00,0.00,0.0,1.00,112035.00,56.5
282,308.00,432.00,740.0,65.69,6.00,862.00,868.0,99.23,4,10.37,4574,1.87,4739,50,4,6.00,0.00,6.0,0.00,0.00,0.0,2.00,136010.00,79.0
283,60.00,624.00,684.0,51.84,4.00,661.00,665.0,99.24,7,10.37,4573,1.87,4748,50,4,0.00,0.00,0.0,4.00,4.00,8.0,0.00,126729.00,79.4
284,60.00,596.00,656.0,52.33,7.00,963.00,970.0,99.25,3,10.37,4574,1.87,4740,51,5,6.00,1.00,7.0,1.00,1.00,2.0,0.99,86914.85,79.1
285,0.00,536.00,536.0,41.02,7.00,1166.00,1173.0,99.26,1,10.37,4574,1.87,4745,51,5,6.00,1.00,7.0,0.00,0.00,0.0,0.00,66420.00,73.0
286,28.00,332.00,360.0,17.84,3.00,180.00,183.0,99.27,1,9.62,4573,1.87,4747,51,5,0.00,2.00,2.0,0.00,0.00,0.0,0.00,14233.00,72.4
287,32.00,432.00,464.0,23.46,2.00,263.00,265.0,99.27,7,9.62,4573,1.87,4746,51,5,2.00,0.00,2.0,0.00,0.00,0.0,1.00,20916.00,56.5
288,96.00,48092.00,48188.0,34.09,0.00,235.00,235.0,99.1,0,9.62,4572,1.90,4733,51,5,0.00,0.00,0.0,0.00,0.00,0.0,23.00,32970.00,66.0
289,736.00,756.00,1492.0,13.96,4.00,284.00,288.0,99.11,0,9.62,4572,1.90,4745,51,4,0.00,3.00,3.0,0.00,0.00,0.0,0.00,67910.00,56.9
290,4.00,368.00,372.0,10.53,0.00,267.00,267.0,99.1,7,9.62,4572,1.90,4745,51,4,0.00,0.00,0.0,0.00,0.00,0.0,1.00,23084.00,47.3
291,0.00,480.00,480.0,13.72,0.00,431.00,431.0,99.02,0,9.57,4572,1.90,4744,51,4,0.00,0.00,0.0,0.00,0.00,0.0,1.00,30127.00,46.9
292,0.00,104.00,104.0,26.42,19.00,1047.00,1066.0,99.03,10,9.57,4572,1.90,4740,51,4,18.00,0.00,18.0,0.00,0.00,0.0,2.00,52099.00,46.9
293,72.00,144.00,216.0,43.58,4.00,1173.00,1177.0,99.05,1,9.57,4572,1.90,4745,51,4,0.00,0.00,0.0,4.00,4.00,8.0,1.00,107448.00,63.9
294,24.00,104.00,128.0,48.79,0.00,662.00,662.0,99.06,13,9.57,4573,1.90,4745,51,4,0.00,0.00,0.0,0.00,0.00,0.0,1.00,172232.00,63.9
295,1876.00,796.00,2672.0,39.97,10.00,836.00,846.0,99.09,7,9.57,4572,1.90,4744,51,4,10.00,0.00,10.0,0.00,0.00,0.0,0.00,81729.00,78.2
296,752.00,456.00,1208.0,47.49,4.00,1093.00,1097.0,99.11,12,9.12,4573,1.90,4760,51,4,2.00,2.00,4.0,0.00,0.00,0.0,1.00,79214.00,72.9
297,20.00,888.00,908.0,25.28,2.00,904.00,906.0,99.12,1,9.12,4572,1.90,4764,51,4,0.00,2.00,2.0,0.00,0.00,0.0,1.00,47056.00,72.8
298,96.00,44.00,140.0,9.53,10.00,342.00,352.0,99.12,0,9.12,4573,1.90,4765,51,4,10.00,0.00,10.0,0.00,0.00,0.0,2.00,17143.00,56.2
299,20.00,392.00,412.0,22.19,2.00,429.00,431.0,99.13,0,9.12,4573,1.90,4763,51,4,2.00,0.00,2.0,0.00,0.00,0.0,0.00,36974.00,43.7
300,0.00,76.00,76.0,13.99,6.00,339.00,345.0,99.14,0,9.12,4573,1.90,4757,51,4,8.00,0.00,8.0,0.00,0.00,0.0,1.00,67783.00,52.4
301,4.00,392.00,396.0,22.39,10.00,913.00,923.0,99.14,5,9.19,4573,1.90,4748,51,4,10.00,0.00,10.0,0.00,0.00,0.0,0.00,48522.00,51.8
302,4.00,564.00,568.0,43.32,2.00,1404.00,1406.0,99.17,0,9.19,4573,1.90,4743,51,4,0.00,0.00,0.0,0.00,0.00,0.0,1.00,127848.00,59.5
303,8.00,35144.00,35152.0,43.29,10.00,958.00,968.0,99.19,6,9.19,4573,1.90,4741,51,4,8.00,0.00,8.0,4.00,4.00,8.0,0.00,122815.00,68.2
304,120.00,764.00,884.0,40.44,5.00,867.00,872.0,99.2,16,9.19,4573,1.90,4740,51,4,2.00,0.00,2.0,0.00,0.00,0.0,0.00,128519.00,76.8
305,184.00,640.00,824.0,54.25,2.00,1127.00,1129.0,99.34,12,9.19,4574,1.90,4743,51,4,0.00,2.00,2.0,0.00,0.00,0.0,1.00,104661.00,67.1
306,2700.39,39839.69,42540.08,16.15,5.47,233.20,238.67,99.02,12,37.68,4577,2.15,4741,51,4,3.95,1.58,5.53,0.00,0.00,0.0,13.39,14455.51,79.9
307,3104.00,0.00,3104.0,1.02,0.00,54.00,54.0,99.04,14,37.68,4579,2.15,4739,51,4,0.00,0.00,0.0,0.00,0.00,0.0,2.00,9867.00,66.8
308,4944.00,320.00,5264.0,1.89,7.00,61.00,68.0,99.04,13,37.68,4580,2.15,4738,51,4,4.00,3.00,7.0,0.00,0.00,0.0,2.00,7737.00,54.2
309,8149.02,31.37,8180.39,4.8,2.00,192.00,194.0,99.06,13,37.68,4577,2.15,4734,51,4,2.00,0.00,2.0,0.00,0.00,0.0,1.00,15687.00,44.0
310,1081.63,979.59,2061.2200000000003,50.68,0.00,1700.00,1700.0,99.08,34,35.47,4576,2.15,4733,51,4,0.00,0.00,0.0,0.00,0.00,0.0,1.96,113581.37,44.2
311,1064.00,320.00,1384.0,72.01,8.00,1011.00,1019.0,99.14,18,35.47,4578,2.15,4741,51,4,0.00,4.00,4.0,4.00,4.00,8.0,3.06,111510.20,44.4
312,252.00,28.00,280.0,57.0,3.00,1066.00,1069.0,99.15,31,35.47,4580,2.15,4753,50,4,2.00,0.00,2.0,0.00,0.00,0.0,2.00,127084.00,64.7
313,120.00,92.00,212.0,40.28,4.00,793.00,797.0,99.17,14,35.47,4580,2.15,4745,50,4,4.00,0.00,4.0,0.00,0.00,0.0,1.00,129589.00,82.2
314,60.00,456.00,516.0,37.73,5.00,1069.00,1074.0,99.2,25,35.47,4580,2.15,4739,50,4,4.00,0.00,4.0,0.00,0.00,0.0,0.00,89213.00,73.5
315,900.00,968.00,1868.0,42.73,4.00,1381.00,1385.0,99.22,20,33.51,4580,2.15,4745,51,4,4.00,2.00,6.0,0.00,0.00,0.0,2.00,60730.00,80.2
316,56.00,140.00,196.0,21.25,13.00,549.00,562.0,99.23,5,33.51,4581,2.15,4749,51,4,13.00,8.00,21.0,0.00,0.00,0.0,2.00,43952.00,60.6
317,200.00,456.00,656.0,21.14,5.00,322.00,327.0,99.24,5,33.51,4581,2.15,4756,51,4,4.00,1.00,5.0,0.00,0.00,0.0,1.00,69839.00,61.0
318,52.00,44.00,96.0,7.32,6.00,271.00,277.0,99.24,5,33.51,4581,2.15,4760,53,5,2.00,6.00,8.0,1.00,1.00,2.0,1.00,25644.00,66.8
319,440.00,10988.00,11428.0,14.57,21.00,480.00,501.0,99.25,11,33.51,4580,2.15,4745,52,5,19.00,14.00,33.0,0.00,0.00,0.0,1.00,23500.00,50.5
320,196.00,112.00,308.0,4.7,6.00,102.00,108.0,99.25,8,30.9,4579,2.15,4745,52,5,5.00,1.00,6.0,0.00,0.00,0.0,0.00,11171.00,43.1
321,16.00,44.00,60.0,2.14,4.00,12.00,16.0,99.25,9,30.9,4577,2.15,4737,52,5,0.00,0.00,0.0,4.00,4.00,8.0,1.00,5250.00,43.6
322,216.00,656.00,872.0,1.53,5.00,17.00,22.0,99.25,4,30.9,4572,2.15,4731,51,4,3.00,5.00,8.0,0.00,0.00,0.0,0.00,5236.00,43.8
323,4.00,176.00,180.0,3.79,3.00,150.00,153.0,99.25,9,30.9,4572,2.15,4731,51,4,0.00,2.00,2.0,0.00,0.00,0.0,0.00,4808.00,35.0
324,12.00,25360.00,25372.0,2.93,2.00,87.00,89.0,99.26,9,30.9,4572,2.15,4731,51,4,0.00,2.00,2.0,0.00,0.00,0.0,0.00,5042.00,34.9
325,60.00,932.00,992.0,3.78,4.00,209.00,213.0,99.26,8,28.75,4571,2.15,4728,51,4,4.00,0.00,4.0,0.00,0.00,0.0,1.00,10477.00,35.0
326,36.00,1084.00,1120.0,24.06,15.00,1040.00,1055.0,99.27,20,28.75,4573,2.15,4722,51,4,14.00,0.00,14.0,0.00,0.00,0.0,6.00,62156.00,35.1
327,100.00,1492.00,1592.0,31.57,0.00,1088.00,1088.0,99.27,16,28.75,4572,2.15,4732,51,4,0.00,0.00,0.0,0.00,0.00,0.0,1.00,102286.00,35.2
328,44.00,852.00,896.0,55.89,7.00,646.00,653.0,99.29,11,28.75,4572,2.15,4741,51,4,4.00,3.00,7.0,0.00,0.00,0.0,2.00,155085.00,43.7
329,20.00,420.00,440.0,41.53,10.00,1024.00,1034.0,99.26,8,28.75,4575,2.15,4735,51,4,9.00,1.00,10.0,0.00,0.00,0.0,3.00,103269.00,68.5
330,16.00,720.00,736.0,62.34,0.00,1389.00,1389.0,99.28,15,26.69,4579,2.15,4739,51,4,0.00,0.00,0.0,0.00,0.00,0.0,4.00,98571.00,68.5
331,32.00,416.00,448.0,53.81,4.00,1192.00,1196.0,99.29,9,26.69,4580,2.15,4749,51,4,4.00,0.00,4.0,0.00,0.00,0.0,2.00,94232.00,69.0
332,73.00,13264.00,13337.0,41.5,6.00,1148.00,1154.0,99.26,16,26.69,4580,2.15,4742,51,4,6.00,0.00,6.0,0.00,0.00,0.0,16.00,92835.00,76.2
333,64.00,18420.00,18484.0,45.83,0.00,1277.00,1277.0,99.23,1,26.69,4579,2.16,4753,51,4,0.00,0.00,0.0,0.00,0.00,0.0,0.00,103340.00,76.8
334,416.00,1024.00,1440.0,54.87,2.00,881.00,883.0,99.24,18,26.69,4579,2.16,4748,51,4,2.00,0.00,2.0,0.00,0.00,0.0,0.99,169990.10,69.2
335,84.00,352.00,436.0,52.08,10.00,1034.00,1044.0,99.25,26,24.71,4579,2.16,4739,51,4,9.00,2.00,11.0,0.00,0.00,0.0,1.01,92122.22,80.8
336,36.00,20872.00,20908.0,58.2,0.00,1026.00,1026.0,99.13,7,24.71,4579,2.17,4730,51,4,0.00,0.00,0.0,0.00,0.00,0.0,2.00,77691.00,72.1
337,404.00,3056.00,3460.0,49.81,10.00,1163.00,1173.0,99.13,1,24.71,4580,2.17,4734,51,4,10.00,0.00,10.0,0.00,0.00,0.0,19.00,88382.00,72.6
338,4.00,496.00,500.0,14.7,2.00,376.00,378.0,99.08,7,24.71,4580,2.17,4740,51,4,0.00,2.00,2.0,0.00,0.00,0.0,0.00,30315.00,84.1
339,56.00,760.00,816.0,14.21,2.00,421.00,423.0,99.07,2,24.71,4579,2.17,4740,51,4,1.00,2.00,3.0,0.00,0.00,0.0,0.00,31657.00,75.6
340,80.00,112.00,192.0,10.9,8.00,300.00,308.0,99.08,8,22.89,4577,2.17,4738,51,4,8.00,0.00,8.0,0.00,0.00,0.0,0.00,14066.00,52.7
341,12.00,48.00,60.0,4.45,14.00,212.00,226.0,99.08,3,22.89,4573,2.17,4730,51,4,10.00,0.00,10.0,4.00,4.00,8.0,6.00,6727.00,52.2
342,24.00,0.00,24.0,2.4,0.00,99.00,99.0,99.08,7,22.89,4573,2.17,4730,51,4,0.00,0.00,0.0,0.00,0.00,0.0,0.00,4733.00,47.0
343,8.00,40.00,48.0,6.71,12.00,489.00,501.0,99.07,7,22.89,4573,2.17,4725,51,4,12.00,0.00,12.0,0.00,0.00,0.0,1.00,18511.00,38.1
344,4.00,408.00,412.0,38.47,9.00,1054.00,1063.0,99.03,18,22.89,4574,2.17,4729,51,4,8.00,0.00,8.0,0.00,0.00,0.0,3.00,82014.00,37.7
345,60.00,576.00,636.0,66.58,0.00,972.28,972.28,99.13,5,22.1,4571,2.17,4713,51,4,0.00,0.00,0.0,0.00,0.00,0.0,0.00,77256.00,37.5
346,140.00,352.00,492.0,65.43,13.00,827.00,840.0,99.21,19,22.1,4572,2.17,4725,51,4,10.00,3.00,13.0,0.00,0.00,0.0,3.00,167624.00,51.6
347,12.00,88.00,100.0,39.82,5.00,1037.00,1042.0,99.22,1,22.1,4575,2.17,4735,51,4,2.00,2.00,4.0,0.00,0.00,0.0,3.00,94321.00,81.7
348,28.00,108.00,136.0,49.61,1.00,1375.00,1376.0,99.23,13,22.1,4578,2.17,4730,50,4,0.00,0.00,0.0,0.00,0.00,0.0,4.00,120268.00,82.0
349,16.00,1164.00,1180.0,29.46,6.00,1180.00,1186.0,99.17,6,22.1,4580,2.17,4745,50,4,6.00,0.00,6.0,0.00,0.00,0.0,2.00,72670.00,70.0
350,12.00,35992.00,36004.0,51.4,5.00,1213.00,1218.0,99.19,24,20.89,4580,2.17,4747,50,4,4.00,0.00,4.0,0.00,0.00,0.0,0.00,102092.00,70.4
351,256.00,72.00,328.0,40.0,0.00,1117.00,1117.0,99.21,11,20.89,4580,2.17,4766,50,4,0.00,0.00,0.0,0.00,0.00,0.0,1.00,91503.00,65.0
352,92.00,8.00,100.0,51.28,11.00,863.00,874.0,99.2,7,20.89,4580,2.17,4759,50,4,11.00,1.00,12.0,0.00,0.00,0.0,0.00,165200.00,75.6
353,168.00,704.00,872.0,44.83,0.00,1138.00,1138.0,99.21,4,20.89,4580,2.17,4747,50,4,0.00,0.00,0.0,0.00,0.00,0.0,0.00,111368.00,75.2
354,48.00,620.00,668.0,46.5,5.00,1480.00,1485.0,99.23,3,20.89,4579,2.17,4744,51,5,2.00,3.00,5.0,1.00,1.00,2.0,0.00,116504.00,75.4
355,16.00,732.00,748.0,14.59,8.00,528.00,536.0,99.24,3,19.38,4579,2.17,4738,51,5,8.00,0.00,8.0,0.00,0.00,0.0,0.00,42724.00,75.0
356,20.00,392.00,412.0,9.97,0.00,304.00,304.0,99.24,5,19.38,4578,2.17,4742,51,5,0.00,0.00,0.0,0.00,0.00,0.0,1.00,31423.00,75.1
357,0.00,336.00,336.0,7.08,3.00,183.00,186.0,99.24,2,19.38,4575,2.17,4742,51,5,0.00,2.00,2.0,0.00,0.00,0.0,0.00,15238.00,55.9
358,0.00,112.00,112.0,3.16,0.00,121.00,121.0,99.24,1,19.38,4574,2.17,4750,51,4,0.00,0.00,0.0,0.00,0.00,0.0,0.00,5151.00,42.0
359,60.00,104.00,164.0,1.91,0.00,111.00,111.0,99.25,1,19.38,4571,2.17,4742,51,4,0.00,0.00,0.0,0.00,0.00,0.0,0.00,5117.00,42.0
360,720.00,108.00,828.0,2.79,2.00,113.00,115.0,99.25,3,17.83,4571,2.17,4742,51,4,0.00,2.00,2.0,0.00,0.00,0.0,0.00,5681.00,35.8
361,36.00,0.00,36.0,5.18,25.00,287.00,312.0,99.25,2,17.83,4570,2.17,4729,51,4,20.00,1.00,21.0,4.00,4.00,8.0,1.00,8582.00,35.8
362,12.00,48.00,60.0,1.79,2.00,115.00,117.0,99.25,2,17.83,4564,2.17,4699,51,4,0.00,2.00,2.0,0.00,0.00,0.0,0.00,5681.00,35.8
363,36.00,388.00,424.0,7.71,5.00,380.00,385.0,99.25,3,17.83,4562,2.17,4687,51,4,4.00,1.00,5.0,0.00,0.00,0.0,1.00,18199.00,36.1
364,96.00,364.00,460.0,28.22,16.00,1233.00,1249.0,99.26,9,17.83,4568,2.17,4713,51,4,16.00,0.00,16.0,0.00,0.00,0.0,7.00,93865.00,36.0
365,16.00,116.00,132.0,26.79,0.00,954.00,954.0,99.27,11,16.4,4569,2.17,4731,51,4,0.00,0.00,0.0,0.00,0.00,0.0,1.00,123522.00,36.0
366,144.00,39624.00,39768.0,35.28,2.00,700.00,702.0,99.28,3,16.4,4571,2.17,4729,52,4,2.00,1.00,3.0,0.00,0.00,0.0,6.00,147626.00,54.0
367,64.00,948.00,1012.0,31.35,15.00,1174.00,1189.0,99.3,10,16.4,4577,2.17,4745,52,4,15.00,7.00,22.0,0.00,0.00,0.0,6.00,92348.00,59.2
368,1432.00,18748.00,20180.0,40.13,2.00,1521.00,1523.0,99.2,13,16.4,4581,2.20,4758,52,4,2.00,3.00,5.0,0.00,0.00,0.0,8.00,81467.00,67.3
369,8.00,21168.00,21176.0,16.93,0.00,453.00,453.0,99.11,2,16.4,4582,2.25,4765,52,4,0.00,1.00,1.0,0.00,0.00,0.0,5.00,71171.00,59.7
370,348.00,872.00,1220.0,24.3,16.00,1169.00,1185.0,99.11,13,15.32,4580,2.25,4757,51,4,13.00,6.00,19.0,0.00,0.00,0.0,0.00,69584.00,75.9
371,16.00,368.00,384.0,63.48,3.00,1632.00,1635.0,99.15,21,15.32,4580,2.25,4745,51,5,0.00,1.00,1.0,4.00,4.00,8.0,1.00,142349.00,54.2
372,0.00,216.00,216.0,55.24,10.00,1231.00,1241.0,99.15,10,15.32,4579,2.25,4753,51,4,8.00,0.00,8.0,0.00,0.00,0.0,0.00,193757.00,54.2
373,8.00,252.00,260.0,47.59,1.00,856.00,857.0,99.15,12,15.32,4579,2.25,4741,51,4,0.00,0.00,0.0,0.00,0.00,0.0,1.00,116993.00,75.0
374,64.00,432.00,496.0,48.17,2.00,1453.00,1455.0,99.18,8,15.32,4580,2.25,4739,51,4,2.00,0.00,2.0,0.00,0.00,0.0,1.00,113117.00,81.6
375,32.00,1056.00,1088.0,31.32,8.00,1196.00,1204.0,99.2,3,14.42,4580,2.25,4746,51,4,8.00,0.00,8.0,0.00,0.00,0.0,0.00,56539.00,76.5
376,124.00,152.00,276.0,4.92,5.00,155.00,160.0,99.21,2,14.42,4582,2.25,4753,52,4,4.00,4.00,8.0,0.00,0.00,0.0,3.00,6806.00,76.1
377,16.00,264.00,280.0,2.94,8.00,139.00,147.0,99.21,3,14.42,4582,2.25,4753,52,4,8.00,6.00,14.0,0.00,0.00,0.0,0.00,5711.00,69.2
378,312.00,36.00,348.0,3.3,16.00,239.00,255.0,99.21,2,14.42,4580,2.25,4748,52,4,13.00,4.00,17.0,0.00,0.00,0.0,0.00,7566.00,42.9
379,0.00,132.00,132.0,3.33,7.00,151.00,158.0,99.22,2,14.42,4574,2.25,4719,52,4,4.00,2.00,6.0,0.00,0.00,0.0,0.00,6903.00,35.8
380,296.00,76.00,372.0,7.48,9.00,404.00,413.0,99.21,11,13.26,4572,2.25,4712,51,4,7.00,5.00,12.0,0.00,0.00,0.0,1.00,18437.00,35.8
381,12.00,44.00,56.0,31.39,12.00,1185.00,1197.0,99.22,9,13.26,4577,2.25,4727,51,4,12.00,2.00,14.0,0.00,0.00,0.0,7.00,100981.00,35.9
382,16.00,33496.00,33512.0,67.1,7.00,784.00,791.0,99.24,24,13.26,4574,2.25,4726,50,4,4.00,0.00,4.0,0.00,0.00,0.0,1.00,112992.00,36.1
383,16.00,608.00,624.0,39.8,2.00,751.00,753.0,99.25,7,13.26,4573,2.25,4732,50,4,0.00,0.00,0.0,0.00,0.00,0.0,1.00,137628.00,57.1
384,16.00,156.00,172.0,61.59,6.00,1044.00,1050.0,99.27,18,13.26,4577,2.25,4733,50,4,8.00,0.00,8.0,0.00,0.00,0.0,5.00,84612.00,75.8
385,172.00,1288.00,1460.0,46.52,6.00,1574.00,1580.0,99.29,19,12.76,4579,2.25,4740,50,4,4.00,0.00,4.0,0.00,0.00,0.0,3.00,100666.00,75.2
386,20.00,1056.00,1076.0,17.81,0.00,658.00,658.0,99.3,3,12.76,4578,2.25,4744,50,4,0.00,0.00,0.0,0.00,0.00,0.0,1.00,79832.00,82.0
387,356.00,32604.00,32960.0,10.97,7.00,694.00,701.0,99.16,2,12.76,4579,2.28,4747,50,4,6.00,0.00,6.0,0.00,0.00,0.0,5.00,44455.00,81.4
388,360.00,4348.00,4708.0,30.72,7.00,978.00,985.0,99.16,10,12.76,4580,2.28,4740,51,5,4.00,3.00,7.0,1.00,1.00,2.0,1.00,80149.00,55.7
389,736.63,1885.15,2621.78,48.99,10.00,1535.00,1545.0,99.19,10,12.76,4578,2.28,4743,51,5,8.00,2.00,10.0,0.00,0.00,0.0,0.00,116778.00,55.2
390,968.00,588.00,1556.0,45.37,2.00,899.00,901.0,99.21,15,12.06,4577,2.28,4744,51,5,0.00,2.00,2.0,0.00,0.00,0.0,0.00,199049.00,54.7
391,24.00,68.00,92.0,30.68,2.00,974.00,976.0,99.23,2,12.06,4579,2.28,4746,51,5,0.00,2.00,2.0,2.00,2.00,4.0,3.00,108985.00,76.2
392,0.00,556.00,556.0,41.37,5.00,1617.00,1622.0,99.25,4,12.06,4580,2.28,4744,51,4,0.00,1.00,1.0,2.00,2.00,4.0,1.00,96279.00,76.2
393,8.00,228.00,236.0,13.09,2.00,709.00,711.0,99.25,2,12.06,4580,2.28,4753,51,4,0.00,2.00,2.0,0.00,0.00,0.0,0.00,37859.00,65.1
394,156.00,768.00,924.0,2.15,2.00,98.00,100.0,99.26,2,12.06,4579,2.28,4753,51,4,0.00,2.00,2.0,0.00,0.00,0.0,0.00,5538.00,65.2
395,348.00,112.00,460.0,3.53,0.00,139.00,139.0,99.26,2,11.57,4580,2.28,4752,51,4,0.00,0.00,0.0,0.00,0.00,0.0,1.00,6294.00,56.6
396,0.00,108.00,108.0,4.82,18.00,251.00,269.0,99.26,2,11.57,4575,2.28,4719,51,4,18.00,0.00,18.0,0.00,0.00,0.0,1.00,7652.00,36.7
397,56.00,96.00,152.0,2.93,2.00,116.00,118.0,99.26,2,11.57,4572,2.28,4711,51,4,2.00,0.00,2.0,0.00,0.00,0.0,0.00,5191.00,36.6
398,4.00,468.00,472.0,2.29,1.00,139.00,140.0,99.26,2,11.57,4570,2.28,4707,51,4,0.00,1.00,1.0,0.00,0.00,0.0,0.00,6529.00,36.8
399,12.00,520.00,532.0,3.79,21.00,226.00,247.0,99.27,2,11.57,4567,2.28,4701,51,4,20.00,1.00,21.0,0.00,0.00,0.0,0.00,6958.00,36.8
400,0.00,56.00,56.0,2.03,2.00,114.00,116.0,99.27,4,10.65,4565,2.28,4697,51,4,0.00,2.00,2.0,0.00,0.00,0.0,0.00,5224.00,36.6
401,0.00,20.00,20.0,5.86,2.00,281.00,283.0,99.27,8,10.65,4563,2.28,4687,51,4,2.00,0.00,2.0,0.00,0.00,0.0,2.00,13969.00,36.7
402,44.00,16.00,60.0,47.97,21.00,1197.00,1218.0,99.3,12,10.65,4571,2.28,4713,51,4,15.84,0.00,15.84,4.00,4.00,8.0,8.00,78931.00,36.5
403,44.00,54144.00,54188.0,26.19,4.00,1039.00,1043.0,99.18,5,10.65,4572,2.33,4721,51,4,2.00,2.00,4.0,0.00,0.00,0.0,9.00,126497.00,36.4
404,16.00,908.00,924.0,41.56,0.00,758.00,758.0,99.19,7,10.65,4573,2.33,4728,51,4,0.00,0.00,0.0,0.00,0.00,0.0,1.00,170207.00,65.4
405,44.00,816.00,860.0,43.75,11.00,1780.00,1791.0,99.18,23,10.43,4578,2.33,4738,51,4,10.00,0.00,10.0,0.00,0.00,0.0,5.00,124253.00,65.4
406,28.00,812.00,840.0,76.55,6.00,2376.00,2382.0,99.21,16,10.43,4580,2.33,4732,51,4,2.00,4.00,6.0,0.00,0.00,0.0,3.00,147991.00,71.2
407,8.00,144.00,152.0,55.6,0.00,1547.00,1547.0,99.22,17,10.43,4581,2.33,4757,51,4,0.00,0.00,0.0,0.00,0.00,0.0,2.00,184761.00,64.1
408,104.00,472.00,576.0,49.81,0.00,1009.90,1009.9,99.25,21,10.43,4581,2.33,4755,51,4,0.00,0.00,0.0,0.00,0.00,0.0,0.00,178155.00,83.8
409,16.00,496.00,512.0,34.52,2.00,1405.00,1407.0,99.26,10,10.43,4581,2.33,4750,50,4,0.00,0.00,0.0,0.00,0.00,0.0,0.00,109064.00,83.3
410,152.00,34828.00,34980.0,22.27,8.00,1342.00,1350.0,99.27,15,10.48,4581,2.33,4752,50,4,8.00,0.00,8.0,0.00,0.00,0.0,0.00,65343.00,77.1
411,8.00,408.00,416.0,20.63,0.00,881.00,881.0,99.28,2,10.48,4579,2.33,4759,50,4,0.00,0.00,0.0,0.00,0.00,0.0,1.00,44324.00,61.5
412,20.00,0.00,20.0,1.66,0.00,122.00,122.0,99.28,2,10.48,4577,2.33,4755,50,4,0.00,0.00,0.0,0.00,0.00,0.0,0.00,5229.00,61.7
413,8.00,256.00,264.0,3.03,10.00,176.00,186.0,99.28,3,10.48,4576,2.33,4752,50,4,10.00,0.00,10.0,0.00,0.00,0.0,0.00,6557.00,53.9
414,0.00,124.00,124.0,3.2,8.00,212.00,220.0,99.28,3,10.48,4576,2.33,4746,50,4,8.00,0.00,8.0,0.00,0.00,0.0,0.00,6339.00,41.9
415,128.00,12264.00,12392.0,2.92,6.00,150.00,156.0,99.29,3,9.64,4573,2.33,4730,51,4,6.00,4.00,10.0,0.00,0.00,0.0,2.00,6089.00,35.5
416,660.00,240.00,900.0,3.94,16.00,169.00,185.0,99.29,2,9.64,4572,2.33,4729,51,4,15.00,7.00,22.0,0.00,0.00,0.0,1.00,6452.00,35.5
417,0.00,100.00,100.0,3.66,8.00,183.00,191.0,99.29,2,9.64,4565,2.33,4693,51,4,8.00,0.00,8.0,0.00,0.00,0.0,0.00,6299.00,35.6
418,244.00,316.00,560.0,3.04,6.00,170.00,176.0,99.29,2,9.64,4563,2.33,4688,50,4,5.00,4.00,9.0,1.00,1.00,2.0,0.00,6847.00,35.8
419,12.00,148.00,160.0,12.36,10.00,796.00,806.0,99.3,8,9.64,4571,2.33,4710,50,4,10.00,0.00,10.0,0.00,0.00,0.0,9.00,50871.00,35.8
420,0.00,22400.00,22400.0,29.19,8.00,1264.00,1272.0,99.15,2,9.11,4571,2.36,4713,50,4,8.00,0.00,8.0,0.00,0.00,0.0,9.00,120333.00,35.9
421,0.00,36.00,36.0,41.44,2.00,771.00,773.0,99.16,20,9.11,4573,2.36,4719,50,4,2.00,0.00,2.0,0.00,0.00,0.0,3.00,183810.00,36.3
422,8.00,684.00,692.0,39.77,4.00,1086.00,1090.0,99.18,25,9.11,4578,2.36,4733,50,4,0.00,0.00,0.0,4.00,4.00,8.0,4.00,88052.00,63.9
423,20.00,1496.00,1516.0,55.83,8.00,2309.00,2317.0,99.19,32,9.11,4580,2.36,4712,50,4,8.00,0.00,8.0,0.00,0.00,0.0,3.00,141472.00,64.1
424,12.00,816.00,828.0,73.17,8.00,1748.00,1756.0,99.21,12,9.11,4579,2.36,4717,51,5,2.00,6.00,8.0,1.00,1.00,2.0,1.00,143699.00,72.1
425,148.00,528.00,676.0,54.19,1.00,1141.00,1142.0,99.26,10,8.54,4581,2.36,4730,51,5,0.00,1.00,1.0,0.00,0.00,0.0,5.00,182232.00,72.6
426,68.00,160.00,228.0,53.18,2.00,1064.00,1066.0,99.29,9,8.54,4581,2.36,4749,51,5,0.00,2.00,2.0,0.00,0.00,0.0,1.00,176648.00,81.2
427,32.00,36624.00,36656.0,48.86,1.00,1580.00,1581.0,99.3,23,8.54,4580,2.36,4750,51,5,0.00,1.00,1.0,0.00,0.00,0.0,0.00,111251.49,81.4
428,12.00,11704.00,11716.0,40.76,1.00,1107.00,1108.0,99.2,4,8.54,4581,2.38,4752,51,4,1.00,1.00,2.0,0.00,0.00,0.0,5.00,58252.00,72.4
429,152.00,1048.00,1200.0,8.89,0.00,490.00,490.0,99.2,2,8.54,4579,2.38,4750,51,4,0.00,0.00,0.0,0.00,0.00,0.0,0.00,22445.00,72.7
430,688.00,448.00,1136.0,7.84,5.00,231.00,236.0,99.21,3,8.02,4578,2.38,4751,51,4,2.00,3.00,5.0,0.00,0.00,0.0,1.00,11757.00,79.6
431,100.00,24.00,124.0,5.94,14.00,220.00,234.0,99.21,1,8.02,4578,2.38,4747,51,4,12.00,2.00,14.0,0.00,0.00,0.0,1.00,6892.00,45.1
432,0.00,0.00,0.0,2.16,5.00,167.00,172.0,99.21,2,8.02,4578,2.38,4744,51,4,4.00,0.00,4.0,0.00,0.00,0.0,0.00,6061.00,44.9
433,208.00,44.00,252.0,2.67,6.00,148.00,154.0,99.21,0,8.02,4577,2.38,4744,51,4,6.00,0.00,6.0,0.00,0.00,0.0,0.99,5665.35,39.0
434,60.00,132.00,192.0,3.44,17.00,199.00,216.0,99.22,1,8.02,4575,2.38,4723,52,4,15.00,7.00,22.0,0.00,0.00,0.0,2.00,6572.00,38.6
435,148.00,436.00,584.0,2.78,9.00,139.00,148.0,99.22,2,7.37,4574,2.38,4720,52,4,8.00,6.00,14.0,0.00,0.00,0.0,0.00,6116.00,38.2
436,8.00,272.00,280.0,3.07,6.00,158.00,164.0,99.22,0,7.37,4572,2.38,4706,52,4,6.00,0.00,6.0,0.00,0.00,0.0,1.00,6836.00,37.9
437,128.00,232.00,360.0,3.17,20.00,195.00,215.0,99.22,1,7.37,4566,2.38,4692,51,4,17.00,6.00,23.0,0.00,0.00,0.0,0.00,6455.00,37.8
438,0.00,44.00,44.0,1.79,1.00,106.00,107.0,99.22,2,7.37,4565,2.38,4690,51,4,0.00,0.00,0.0,0.00,0.00,0.0,0.00,5059.00,37.6
439,8.00,156.00,164.0,7.07,6.00,466.00,472.0,99.22,2,7.37,4564,2.38,4686,51,4,6.00,0.00,6.0,0.00,0.00,0.0,2.00,23642.00,37.4
440,24.00,424.00,448.0,37.97,13.00,1734.00,1747.0,99.24,23,7.58,4571,2.38,4706,51,4,12.00,1.00,13.0,0.00,0.00,0.0,7.00,112749.00,37.2
441,24.00,23364.00,23388.0,75.81,2.00,1440.00,1442.0,99.34,24,7.58,4572,2.39,4701,51,4,2.00,0.00,2.0,0.00,0.00,0.0,2.00,148809.00,37.3
442,129.41,87844.12,87973.53,66.73,4.44,1174.07,1178.51,98.99,17,7.58,4574,2.75,4728,51,4,1.49,0.00,1.49,3.01,3.01,6.02,21.48,164042.22,54.3
443,206.25,631.25,837.5,50.69,3.08,1461.54,1464.62,99.0,15,7.58,4574,2.75,4720,51,4,0.00,1.52,1.52,0.00,0.00,0.0,0.00,199710.77,83.2
444,1197.00,572.00,1769.0,72.26,0.00,1370.00,1370.0,99.02,21,7.58,4577,2.75,4726,51,4,0.00,0.00,0.0,0.00,0.00,0.0,3.00,185596.00,83.5
445,176.00,924.00,1100.0,60.15,0.00,2196.00,2196.0,99.05,27,8.1,4581,2.75,4727,51,4,0.00,0.00,0.0,0.00,0.00,0.0,4.00,164415.00,83.0
446,4.00,1616.00,1620.0,82.12,1.00,1849.00,1850.0,99.09,17,8.1,4582,2.75,4731,51,4,0.00,1.00,1.0,0.00,0.00,0.0,2.00,117335.00,83.2
447,64.00,38880.00,38944.0,53.31,1.00,1196.00,1197.0,99.13,4,8.1,4582,2.75,4748,51,4,0.00,0.00,0.0,0.00,0.00,0.0,0.00,53538.00,83.1
448,64.00,528.00,592.0,37.47,1.00,566.00,567.0,99.1,2,8.1,4582,2.75,4760,51,4,0.00,0.00,0.0,0.00,0.00,0.0,0.00,30802.00,83.1
449,28.00,648.00,676.0,16.96,6.00,209.00,215.0,99.11,0,8.1,4579,2.75,4748,51,4,6.00,0.00,6.0,0.00,0.00,0.0,0.00,7906.00,82.8
450,20.00,1012.00,1032.0,2.65,4.00,126.00,130.0,99.11,1,7.93,4575,2.75,4740,51,4,4.00,0.00,4.0,0.00,0.00,0.0,0.00,6140.00,71.1
451,0.00,28.00,28.0,3.8,10.00,217.00,227.0,99.1,0,7.93,4574,2.75,4729,51,4,10.00,0.00,10.0,0.00,0.00,0.0,1.00,7382.00,62.1
452,4.00,2220.00,2224.0,4.31,10.00,183.00,193.0,99.1,1,7.93,4574,2.75,4729,51,4,6.00,0.00,6.0,4.00,4.00,8.0,0.00,6986.00,38.7
453,4.00,44.00,48.0,2.79,9.00,144.00,153.0,99.1,0,7.93,4573,2.75,4726,50,4,6.00,1.00,7.0,0.00,0.00,0.0,0.00,5170.00,38.3
454,140.00,664.00,804.0,3.04,8.00,166.00,174.0,99.1,0,7.93,4571,2.75,4720,50,4,8.00,0.00,8.0,0.00,0.00,0.0,0.00,6650.00,38.0
455,456.00,220.00,676.0,2.54,12.00,183.00,195.0,99.1,1,7.29,4565,2.75,4693,52,5,8.00,4.00,12.0,2.00,2.00,4.0,1.00,6529.00,38.0
456,4.00,124.00,128.0,2.92,4.00,137.00,141.0,99.1,1,7.29,4564,2.75,4689,52,5,4.00,2.00,6.0,0.00,0.00,0.0,1.00,5808.00,37.7
457,0.00,88.00,88.0,2.8,8.00,155.00,163.0,99.1,2,7.29,4564,2.75,4689,52,5,8.00,0.00,8.0,0.00,0.00,0.0,0.00,5833.00,37.6
458,4.00,460.00,464.0,9.57,12.00,806.00,818.0,99.11,1,7.29,4566,2.75,4692,52,5,10.00,0.00,10.0,0.00,0.00,0.0,2.00,33189.00,37.4
459,12.00,884.00,896.0,46.95,6.00,1492.00,1498.0,99.13,1,7.29,4573,2.75,4725,52,5,2.00,4.00,6.0,0.00,0.00,0.0,7.00,126880.00,37.1
460,44.00,104.00,148.0,59.45,11.00,1691.00,1702.0,99.15,24,7.59,4573,2.75,4730,51,4,8.00,0.00,8.0,1.98,1.98,3.96,1.00,160211.00,37.4
461,20.00,448.00,468.0,76.91,0.00,1328.00,1328.0,99.17,24,7.59,4574,2.75,4714,51,4,0.00,0.00,0.0,0.00,0.00,0.0,2.00,195339.00,62.2
462,0.00,260.00,260.0,73.89,3.00,1630.00,1633.0,99.2,27,7.59,4577,2.75,4734,51,4,0.00,2.00,2.0,0.00,0.00,0.0,3.00,167508.00,75.2
463,8.00,32340.00,32348.0,75.53,2.00,1580.00,1582.0,99.19,34,7.59,4578,2.75,4722,52,4,0.00,2.97,2.97,0.00,0.00,0.0,2.00,186070.00,85.8
464,444.00,728.00,1172.0,60.81,3.00,1613.00,1616.0,99.21,9,7.59,4582,2.75,4738,53,5,3.00,2.00,5.0,1.00,1.00,2.0,6.00,123112.00,85.6
465,172.00,608.00,780.0,43.24,8.00,1504.00,1512.0,99.23,7,7.06,4583,2.75,4751,53,5,6.00,9.00,15.0,0.00,0.00,0.0,1.00,111740.00,85.6
466,72.00,732.00,804.0,20.28,1.00,1355.00,1356.0,99.24,1,7.06,4583,2.75,4749,53,5,0.00,1.00,1.0,0.00,0.00,0.0,1.00,68864.00,85.0
467,360.00,216.00,576.0,3.71,5.00,128.00,133.0,99.25,2,7.06,4582,2.75,4752,53,5,5.00,5.00,10.0,0.00,0.00,0.0,0.00,12988.00,74.1
468,572.00,12464.00,13036.0,4.05,4.00,122.00,126.0,99.25,0,7.06,4578,2.75,4752,52,4,3.00,4.00,7.0,0.00,0.00,0.0,0.00,5242.00,60.4
469,0.00,96.00,96.0,2.79,1.00,114.00,115.0,99.25,0,7.06,4575,2.75,4745,51,4,0.00,0.00,0.0,0.00,0.00,0.0,0.00,4799.00,41.9
470,0.00,92.00,92.0,2.05,0.00,94.00,94.0,99.25,2,6.5,4574,2.75,4741,51,4,0.00,0.00,0.0,0.00,0.00,0.0,0.00,5456.00,35.6
471,24.00,776.00,800.0,4.17,20.00,310.00,330.0,99.25,2,6.5,4573,2.75,4725,51,4,20.00,0.00,20.0,0.00,0.00,0.0,1.00,9496.00,35.8
472,0.00,0.00,0.0,2.04,4.00,137.00,141.0,99.25,0,6.5,4571,2.75,4719,51,4,0.00,0.00,0.0,4.00,4.00,8.0,0.00,5341.00,35.7
473,0.00,200.00,200.0,1.41,4.00,99.00,103.0,99.25,0,6.5,4570,2.75,4717,51,4,0.00,1.00,1.0,2.00,0.00,2.0,0.00,4858.00,35.9
474,2020.00,148.00,2168.0,2.93,25.00,236.00,261.0,99.26,2,6.5,4565,2.75,4695,51,5,23.00,11.00,34.0,1.00,0.00,1.0,2.00,7559.00,35.8
475,8.00,64.00,72.0,2.92,6.00,156.00,162.0,99.26,2,5.98,4565,2.75,4695,51,5,6.00,0.00,6.0,0.00,0.00,0.0,0.00,5397.00,35.7
476,160.00,528.00,688.0,2.17,3.00,96.00,99.0,99.26,2,5.98,4563,2.75,4691,50,5,3.00,3.00,6.0,0.00,0.00,0.0,1.00,5685.00,35.9
477,16.00,44.00,60.0,3.68,16.00,234.00,250.0,99.26,2,5.98,4563,2.75,4691,50,5,16.00,0.00,16.0,0.00,0.00,0.0,0.00,7722.00,35.9
478,4.00,296.00,300.0,2.8,5.00,149.00,154.0,99.27,2,5.98,4563,2.75,4691,50,5,4.00,0.00,4.0,0.00,0.00,0.0,0.00,5210.00,35.8
479,4.00,52.00,56.0,1.78,2.00,100.00,102.0,99.27,0,5.98,4563,2.75,4691,50,5,0.00,1.00,1.0,1.00,0.00,1.0,0.00,5007.00,35.8
480,0.00,56.00,56.0,15.52,16.00,1460.00,1476.0,99.27,4,5.5,4566,2.75,4689,50,5,16.00,0.00,16.0,0.00,0.00,0.0,3.00,66641.00,35.8
481,0.00,60.00,60.0,72.24,4.00,2092.00,2096.0,99.29,18,5.5,4572,2.75,4713,50,5,4.00,0.00,4.0,0.00,0.00,0.0,7.00,175269.00,35.7
482,16.00,32344.00,32360.0,71.93,0.00,1598.00,1598.0,99.29,19,5.5,4573,2.75,4731,50,5,0.00,0.00,0.0,0.00,0.00,0.0,1.00,150265.00,36.3
483,16.00,7216.00,7232.0,74.91,0.00,856.00,856.0,99.19,24,5.5,4574,2.75,4761,50,5,0.00,0.00,0.0,0.00,0.00,0.0,1.00,198510.00,74.7
484,138.61,253.47,392.08000000000004,77.19,0.00,922.00,922.0,99.24,20,5.5,4577,2.75,4735,51,4,0.00,1.00,1.0,0.00,0.00,0.0,3.00,190092.00,86.0
485,192.00,556.00,748.0,59.77,0.00,1714.00,1714.0,99.26,16,5.62,4580,2.75,4731,51,4,0.00,0.00,0.0,0.00,0.00,0.0,6.00,135613.00,85.8
486,152.00,528.00,680.0,65.68,0.00,2076.00,2076.0,99.27,8,5.62,4582,2.75,4745,51,4,0.00,0.00,0.0,0.00,0.00,0.0,3.00,140583.00,85.8
487,28.00,24352.00,24380.0,42.47,2.00,2318.00,2320.0,99.3,3,5.62,4582,2.75,4761,50,5,0.00,0.00,0.0,1.00,0.00,1.0,0.00,91319.00,85.3
488,36.00,14268.00,14304.0,3.17,0.00,148.00,148.0,99.19,1,5.62,4580,2.75,4765,50,5,0.00,0.00,0.0,0.00,0.00,0.0,0.00,7393.00,84.8
489,0.00,68.00,68.0,1.8,5.00,133.00,138.0,99.17,1,5.62,4580,2.75,4763,50,5,5.00,1.00,6.0,0.00,0.00,0.0,0.00,5896.00,71.5
490,4.00,744.00,748.0,4.44,9.00,224.00,233.0,99.17,3,5.33,4579,2.75,4752,51,5,10.00,6.00,16.0,0.00,0.00,0.0,2.00,7313.00,51.6
491,336.00,32.00,368.0,3.93,16.00,185.00,201.0,99.18,2,5.33,4576,2.75,4737,51,5,14.00,4.00,18.0,0.00,0.00,0.0,1.00,6200.00,35.3
492,0.00,0.00,0.0,2.03,7.00,137.00,144.0,99.18,1,5.33,4575,2.75,4731,51,5,3.00,1.00,4.0,4.00,4.00,8.0,0.00,5660.00,35.4
493,672.00,388.00,1060.0,3.4,9.00,192.00,201.0,99.18,1,5.33,4575,2.75,4730,52,4,8.00,3.00,11.0,0.00,0.00,0.0,0.00,6835.00,35.7
494,2636.00,40.00,2676.0,2.66,14.00,174.00,188.0,99.19,1,5.33,4570,2.75,4713,51,4,13.00,2.00,15.0,0.00,0.00,0.0,0.00,6381.00,35.6
495,4.00,40.00,44.0,2.55,2.00,126.00,128.0,99.19,1,4.9,4567,2.75,4703,51,4,2.00,0.00,2.0,0.00,0.00,0.0,0.00,5789.00,35.8
496,4.00,580.00,584.0,2.68,13.00,189.00,202.0,99.19,1,4.9,4562,2.75,4691,51,4,12.00,1.00,13.0,0.00,0.00,0.0,1.00,7011.00,36.2
497,1016.00,196.00,1212.0,2.28,7.00,173.00,180.0,99.2,1,4.9,4562,2.75,4691,51,4,6.00,0.00,6.0,0.00,0.00,0.0,0.00,6142.00,36.2
498,4.00,56.00,60.0,6.63,2.00,429.00,431.0,99.2,1,4.9,4565,2.75,4697,51,4,2.00,0.00,2.0,0.00,0.00,0.0,3.00,24298.00,36.2
499,16.00,104.00,120.0,23.97,9.00,1361.00,1370.0,99.18,1,4.9,4571,2.75,4706,51,4,8.00,1.00,9.0,0.00,0.00,0.0,6.00,94088.00,36.2
500,28.00,420.00,448.0,56.07,10.00,2204.00,2214.0,99.2,6,5.15,4572,2.75,4717,51,4,10.00,0.00,10.0,0.00,0.00,0.0,1.00,184925.00,36.3
501,20.00,72.00,92.0,66.08,0.00,1897.00,1897.0,99.23,20,5.15,4576,2.75,4732,51,4,0.00,0.00,0.0,0.00,0.00,0.0,5.00,217844.00,48.9
502,8.00,40.00,48.0,77.42,4.00,1180.00,1184.0,99.26,33,5.15,4578,2.75,4749,51,4,0.00,0.00,0.0,4.00,4.00,8.0,2.00,186876.00,73.0
503,12.00,720.00,732.0,65.4,2.00,1695.00,1697.0,99.29,17,5.15,4581,2.75,4750,51,5,0.00,0.00,0.0,1.00,1.00,2.0,3.00,192960.00,83.4
504,20.00,58964.00,58984.0,51.2,1.00,1956.00,1957.0,99.11,8,5.15,4581,2.77,4754,51,5,1.00,1.00,2.0,0.00,0.00,0.0,9.00,129792.00,83.5
505,628.00,376.00,1004.0,29.8,0.00,2171.00,2171.0,99.13,1,6.66,4581,2.77,4754,51,5,0.00,0.00,0.0,0.00,0.00,0.0,0.00,80069.00,83.7
506,56.00,808.00,864.0,18.99,2.00,343.00,345.0,99.13,1,6.66,4580,2.77,4762,52,5,0.00,3.00,3.0,0.00,0.00,0.0,1.00,28213.00,83.2
507,56.00,332.00,388.0,2.79,2.00,14.00,16.0,99.14,1,6.66,4579,2.77,4770,52,4,0.00,2.00,2.0,0.00,0.00,0.0,0.00,5231.00,68.5
508,56.00,164.00,220.0,2.81,2.00,177.00,179.0,99.14,1,6.66,4576,2.77,4761,52,4,0.00,2.00,2.0,0.00,0.00,0.0,0.00,5181.00,57.5
509,68.00,96.00,164.0,2.29,2.00,88.00,90.0,99.14,1,6.66,4573,2.77,4742,52,4,0.00,2.00,2.0,0.00,0.00,0.0,0.00,5470.00,38.8
510,28.00,1272.00,1300.0,2.78,9.00,227.00,236.0,99.14,3,6.13,4572,2.77,4727,52,4,8.00,1.00,9.0,0.00,0.00,0.0,0.00,8911.00,38.4
511,0.00,404.00,404.0,3.9,14.00,218.00,232.0,99.15,3,6.13,4569,2.77,4711,51,4,12.00,0.00,12.0,0.00,0.00,0.0,1.00,6933.00,38.0
512,88.00,0.00,88.0,2.04,11.00,123.00,134.0,99.15,2,6.13,4570,2.77,4711,53,4,4.00,8.00,12.0,4.00,4.00,8.0,2.00,5613.00,37.9
513,444.00,56.00,500.0,3.27,15.00,198.00,213.0,99.16,3,6.13,4567,2.77,4703,53,4,15.00,7.00,22.0,0.00,0.00,0.0,0.00,6858.00,38.0
514,756.00,280.00,1036.0,2.38,10.00,193.00,203.0,99.16,1,6.13,4564,2.77,4694,53,4,10.00,0.00,10.0,0.00,0.00,0.0,0.00,6377.00,37.6
515,276.00,684.00,960.0,1.89,5.00,76.00,81.0,99.16,2,5.8,4562,2.77,4689,52,4,3.00,6.00,9.0,0.00,0.00,0.0,1.00,5740.00,37.4
516,0.00,92.00,92.0,2.04,1.00,68.00,69.0,99.16,1,5.8,4562,2.77,4689,51,4,0.00,0.00,0.0,0.00,0.00,0.0,1.00,5026.00,37.5
517,0.00,72.00,72.0,3.42,20.00,263.00,283.0,99.16,1,5.8,4562,2.77,4689,51,4,20.00,0.00,20.0,0.00,0.00,0.0,0.00,7183.00,37.3
518,156.00,400.00,556.0,3.31,0.00,113.00,113.0,99.16,1,5.8,4562,2.77,4689,51,4,0.00,0.00,0.0,0.00,0.00,0.0,0.00,5576.00,37.0
519,4.00,348.00,352.0,2.41,0.00,140.00,140.0,99.17,1,5.8,4562,2.77,4687,51,4,0.00,0.00,0.0,0.00,0.00,0.0,0.00,7097.00,36.8
520,0.00,444.00,444.0,22.67,20.00,1779.00,1799.0,99.18,17,5.33,4570,2.77,4702,51,4,20.00,0.00,20.0,0.00,0.00,0.0,8.00,87201.00,37.0
521,4.00,64.00,68.0,60.8,2.00,2198.00,2200.0,99.21,2,5.33,4571,2.77,4722,51,4,1.00,1.00,2.0,0.00,0.00,0.0,2.00,209433.00,36.7
522,4.00,340.00,344.0,56.23,1.00,1875.00,1876.0,99.24,22,5.33,4573,2.77,4726,51,4,0.00,1.00,1.0,0.00,0.00,0.0,2.00,216103.00,45.7
523,12.00,264.00,276.0,67.87,0.00,1244.00,1244.0,99.28,22,5.33,4576,2.77,4768,51,4,0.00,0.00,0.0,0.00,0.00,0.0,2.00,183266.00,77.4
524,120.00,40172.00,40292.0,59.06,1.00,1980.00,1981.0,99.3,2,5.33,4579,2.77,4771,51,4,0.00,0.00,0.0,0.00,0.00,0.0,4.00,147463.00,77.4
525,16.00,17416.00,17432.0,40.86,1.00,1487.00,1488.0,99.13,13,5.38,4581,2.82,4789,51,4,0.00,0.99,0.99,0.00,0.00,0.0,2.00,104911.00,85.4
526,164.00,856.00,1020.0,38.87,0.00,2291.00,2291.0,99.14,4,5.38,4581,2.82,4788,51,4,0.00,0.00,0.0,0.00,0.00,0.0,1.00,83778.00,76.5
527,148.00,260.00,408.0,13.16,1.00,419.00,420.0,99.15,5,5.38,4581,2.82,4798,51,4,0.00,0.00,0.0,0.00,0.00,0.0,0.00,23576.00,75.9
528,0.00,20.00,20.0,2.55,4.00,171.00,175.0,99.15,2,5.38,4582,2.82,4795,51,4,6.00,2.00,8.0,0.00,0.00,0.0,1.00,6349.00,75.4
529,0.00,104.00,104.0,2.54,6.00,137.00,143.0,99.15,2,5.38,4580,2.82,4794,51,4,2.00,0.00,2.0,0.00,0.00,0.0,0.00,5316.00,52.1
530,4.00,11904.00,11908.0,5.28,12.00,249.00,261.0,99.16,1,4.95,4573,2.82,4744,51,4,12.00,0.00,12.0,0.00,0.00,0.0,0.00,8145.00,35.6
531,8.00,772.00,780.0,2.9,6.00,149.00,155.0,99.16,3,4.95,4572,2.82,4734,51,4,6.00,0.00,6.0,0.00,0.00,0.0,1.00,6325.00,35.5
532,0.00,0.00,0.0,2.66,8.00,144.00,152.0,99.16,3,4.95,4570,2.82,4714,51,4,2.00,1.00,3.0,4.00,4.00,8.0,0.00,5608.00,35.8
533,392.00,60.00,452.0,3.05,14.00,196.00,210.0,99.16,1,4.95,4567,2.82,4708,51,4,12.00,1.00,13.0,0.00,0.00,0.0,0.00,6470.00,35.8
534,1176.00,360.00,1536.0,1.77,4.00,145.00,149.0,99.17,3,4.95,4566,2.82,4700,51,4,4.00,0.00,4.0,0.00,0.00,0.0,0.00,6725.00,35.7
535,4.00,68.00,72.0,3.43,4.00,145.00,149.0,99.17,1,4.56,4563,2.82,4692,51,4,4.00,0.00,4.0,0.00,0.00,0.0,0.00,5903.00,35.8
536,0.00,464.00,464.0,3.04,14.00,189.00,203.0,99.17,4,4.56,4563,2.82,4692,51,4,12.00,2.00,14.0,0.00,0.00,0.0,1.00,6525.00,36.0
537,0.00,72.00,72.0,6.03,9.00,492.00,501.0,99.17,2,4.56,4565,2.82,4693,51,4,6.00,2.00,8.0,0.00,0.00,0.0,2.00,23420.00,36.0
538,24.00,416.00,440.0,24.84,4.00,1186.00,1190.0,99.23,11,4.56,4572,2.82,4708,51,4,4.00,0.00,4.0,0.00,0.00,0.0,7.00,105013.00,36.2
539,4.00,392.00,396.0,60.31,10.00,2083.00,2093.0,99.23,10,4.56,4573,2.82,4711,51,4,10.00,0.00,10.0,0.00,0.00,0.0,1.00,173576.00,36.2
540,0.00,264.00,264.0,71.76,1.00,1860.00,1861.0,99.26,29,5.79,4574,2.82,4712,51,4,0.00,1.00,1.0,0.00,0.00,0.0,1.00,189810.00,51.1
541,8.00,412.00,420.0,70.89,0.00,1553.00,1553.0,99.3,22,5.79,4579,2.82,4752,51,4,0.00,0.00,0.0,0.00,0.00,0.0,6.00,199182.00,74.7
542,128.00,54812.00,54940.0,68.14,4.00,1656.00,1660.0,99.14,20,5.79,4579,2.86,4737,51,4,0.00,0.00,0.0,4.00,4.00,8.0,1.00,180861.00,83.5
543,112.00,12988.00,13100.0,57.0,1.00,1697.00,1698.0,99.17,9,5.79,4580,2.86,4753,51,5,0.00,0.00,0.0,1.00,1.00,2.0,2.00,108224.00,83.6
544,166.34,1318.81,1485.1499999999999,48.4,0.00,1994.00,1994.0,99.16,14,5.79,4580,2.86,4748,51,5,0.00,0.00,0.0,0.00,0.00,0.0,0.00,111527.00,83.8
545,372.00,396.00,768.0,22.46,0.00,809.00,809.0,99.17,5,5.49,4580,2.86,4751,51,5,0.00,0.00,0.0,0.00,0.00,0.0,3.00,44601.00,83.3
546,0.00,104.00,104.0,1.65,0.00,0.00,0.0,99.17,3,5.49,4580,2.86,4751,51,5,0.00,0.00,0.0,0.00,0.00,0.0,1.00,5096.00,82.8
547,84.00,80.00,164.0,3.8,0.00,104.00,104.0,99.17,2,5.49,4578,2.86,4757,51,4,0.00,0.00,0.0,0.00,0.00,0.0,0.00,5159.00,62.4
548,0.00,20.00,20.0,1.15,0.00,116.00,116.0,99.17,5,5.49,4575,2.86,4739,51,4,0.00,0.00,0.0,0.00,0.00,0.0,0.00,5092.00,38.1
549,0.00,108.00,108.0,1.8,0.00,100.00,100.0,99.17,2,5.49,4574,2.86,4737,51,4,0.00,0.00,0.0,0.00,0.00,0.0,0.00,5230.00,37.7
550,76.00,340.00,416.0,5.82,21.00,328.00,349.0,99.18,3,5.05,4573,2.86,4716,50,4,20.00,0.00,20.0,0.00,0.00,0.0,0.00,9127.00,37.5
551,1156.00,36.00,1192.0,1.79,0.00,120.00,120.0,99.17,4,5.05,4568,2.86,4698,50,4,0.00,0.00,0.0,0.00,0.00,0.0,1.00,5518.00,37.2
552,8.00,0.00,8.0,2.16,4.00,136.00,140.0,99.17,1,5.05,4568,2.86,4698,50,4,0.00,0.00,0.0,4.00,4.00,8.0,0.00,5620.00,37.4
553,60.00,64.00,124.0,3.31,21.00,256.00,277.0,99.18,3,5.05,4563,2.86,4688,50,4,20.00,0.00,20.0,0.00,0.00,0.0,0.00,6990.00,37.1
554,0.00,76.00,76.0,2.15,0.00,112.00,112.0,99.18,3,5.05,4563,2.86,4688,50,4,0.00,0.00,0.0,0.00,0.00,0.0,0.00,5294.00,36.8
555,56.00,240.00,296.0,2.8,2.00,141.00,143.0,99.18,6,4.64,4563,2.86,4688,50,4,4.00,0.00,4.0,0.00,0.00,0.0,0.00,6385.00,36.7
556,60.00,680.00,740.0,6.28,19.00,236.00,255.0,99.18,3,4.64,4563,2.86,4688,50,4,16.00,0.00,16.0,0.00,0.00,0.0,1.00,7659.00,36.4
557,16.00,192.00,208.0,1.78,0.00,116.00,116.0,99.19,3,4.64,4563,2.86,4688,50,4,0.00,0.00,0.0,0.00,0.00,0.0,0.00,5102.00,36.3
558,0.00,20.00,20.0,4.42,2.00,344.00,346.0,99.19,5,4.64,4564,2.86,4686,50,4,2.00,0.00,2.0,0.00,0.00,0.0,1.00,15302.00,36.6
559,0.00,404.00,404.0,43.9,18.00,2150.00,2168.0,99.2,20,4.64,4572,2.86,4712,50,4,18.00,0.00,18.0,0.00,0.00,0.0,8.00,119156.00,36.6
560,4.00,112.00,116.0,68.69,0.00,2128.00,2128.0,99.23,23,5.47,4572,2.86,4707,50,4,0.00,0.00,0.0,0.00,0.00,0.0,0.00,184323.00,36.4
561,100.00,52.00,152.0,68.84,4.00,1411.00,1415.0,99.27,25,5.47,4576,2.86,4776,51,4,4.00,4.00,8.0,0.00,0.00,0.0,5.00,210168.00,57.1
562,172.00,45664.00,45836.0,62.29,5.00,1340.00,1345.0,99.29,4,5.47,4579,2.86,4735,51,4,5.00,7.00,12.0,0.00,0.00,0.0,3.00,167969.00,84.7
563,116.00,8060.00,8176.0,63.01,0.99,1726.73,1727.72,99.22,22,5.47,4583,2.87,4749,51,4,0.00,0.00,0.0,0.00,0.00,0.0,4.00,113599.00,84.3
564,740.00,1172.00,1912.0,77.97,4.00,1809.00,1813.0,99.24,13,5.47,4581,2.87,4737,50,4,3.00,4.00,7.0,0.00,0.00,0.0,1.00,117500.00,84.3
565,404.00,612.00,1016.0,55.12,0.00,2313.00,2313.0,99.27,7,5.68,4581,2.87,4755,50,4,0.00,0.00,0.0,0.00,0.00,0.0,0.00,87664.00,83.8
566,8.00,720.00,728.0,5.82,0.00,299.00,299.0,99.28,4,5.68,4581,2.87,4761,50,4,0.00,0.00,0.0,0.00,0.00,0.0,1.00,17064.00,84.2
567,4085.00,60792.00,64877.0,2.27,3.00,128.00,131.0,99.15,3,5.68,4580,2.94,4760,50,4,3.00,1.00,4.0,0.00,0.00,0.0,0.00,7628.00,83.7
568,8.00,888.00,896.0,2.67,4.00,195.00,199.0,99.14,1,5.68,4578,2.94,4753,50,4,4.00,0.00,4.0,0.00,0.00,0.0,0.00,7002.00,52.1
569,336.00,120.00,456.0,4.68,14.00,231.00,245.0,99.14,3,5.68,4573,2.94,4725,50,4,14.00,0.00,14.0,0.00,0.00,0.0,0.00,7571.00,41.9
570,56.00,732.00,788.0,2.03,2.00,120.00,122.0,99.15,4,5.54,4573,2.94,4725,50,4,2.00,0.00,2.0,0.00,0.00,0.0,0.00,5968.00,41.5
571,24.00,900.00,924.0,1.78,4.00,158.00,162.0,99.15,3,5.54,4571,2.94,4717,50,4,4.00,0.00,4.0,0.00,0.00,0.0,1.00,7392.00,41.1
572,0.00,0.00,0.0,3.05,18.00,202.00,220.0,99.15,1,5.54,4569,2.94,4705,50,4,14.00,0.00,14.0,4.00,4.00,8.0,0.00,6479.00,40.6
573,4.00,64.00,68.0,1.91,2.00,119.00,121.0,99.15,1,5.54,4566,2.94,4693,50,4,2.00,0.00,2.0,0.00,0.00,0.0,0.00,5393.00,40.1
574,104.00,84.00,188.0,3.67,5.00,166.00,171.0,99.15,4,5.54,4563,2.94,4687,50,4,6.00,0.00,6.0,0.00,0.00,0.0,0.00,6533.00,39.6
575,20.00,804.00,824.0,2.53,14.00,198.00,212.0,99.15,1,5.34,4563,2.94,4687,50,4,12.00,0.00,12.0,0.00,0.00,0.0,0.00,6600.00,39.0
576,16.00,108.00,124.0,6.12,2.00,373.00,375.0,99.16,4,5.34,4565,2.94,4689,50,4,2.00,0.00,2.0,0.00,0.00,0.0,3.00,19969.00,38.6
577,12.00,96.00,108.0,32.95,8.00,1017.00,1025.0,99.17,16,5.34,4572,2.94,4701,50,4,8.00,0.00,8.0,0.00,0.00,0.0,7.00,77491.00,38.4
578,28.00,680.00,708.0,68.01,10.00,1984.00,1994.0,99.19,26,5.34,4573,2.94,4715,50,4,10.00,0.00,10.0,0.00,0.00,0.0,1.00,159765.00,38.2
579,24.00,680.00,704.0,52.99,0.00,2353.00,2353.0,99.22,24,5.34,4575,2.94,4727,50,4,0.00,0.00,0.0,0.00,0.00,0.0,2.00,208105.00,53.6
580,640.00,1536.00,2176.0,62.09,7.00,1347.00,1354.0,99.27,25,6.99,4582,2.94,4755,51,4,6.00,5.00,11.0,0.00,0.00,0.0,7.00,198098.00,81.7
581,20.00,9352.00,9372.0,53.31,5.00,2045.00,2050.0,99.31,20,6.99,4584,2.94,4763,52,5,2.00,5.00,7.0,1.00,1.00,2.0,7.00,156481.00,81.4
582,260.00,40540.00,40800.0,40.46,10.00,2233.00,2243.0,99.21,11,6.99,4584,2.95,4760,52,5,4.00,6.00,10.0,4.00,4.00,8.0,0.00,137779.00,81.0
583,24.00,424.00,448.0,49.94,2.00,2030.00,2032.0,99.23,13,6.99,4584,2.95,4772,52,5,0.00,1.00,1.0,0.00,0.00,0.0,0.00,87641.00,80.7
584,232.00,92.00,324.0,8.99,3.00,42.00,45.0,99.24,3,6.99,4582,2.95,4770,51,5,3.00,3.00,6.0,0.00,0.00,0.0,0.00,7558.00,73.3
585,4.00,84.00,88.0,2.41,0.00,12.00,12.0,99.24,3,6.43,4582,2.95,4778,51,4,0.00,0.00,0.0,0.00,0.00,0.0,0.00,5370.00,73.7
586,0.00,456.00,456.0,3.16,2.00,169.00,171.0,99.24,6,6.43,4579,2.95,4773,51,4,0.00,1.00,1.0,0.00,0.00,0.0,1.00,5479.00,53.4
587,0.00,220.00,220.0,1.41,0.00,87.00,87.0,99.24,3,6.43,4575,2.95,4751,51,4,0.00,0.00,0.0,0.00,0.00,0.0,0.00,4918.00,35.6
588,4.00,24.00,28.0,3.3,6.00,206.00,212.0,99.24,7,6.43,4574,2.95,4735,51,4,6.00,0.00,6.0,0.00,0.00,0.0,0.00,7302.00,35.6
589,44.00,124.00,168.0,4.42,17.00,246.00,263.0,99.24,3,6.43,4572,2.95,4717,51,4,14.00,3.00,17.0,0.00,0.00,0.0,0.00,6374.00,35.5
590,0.00,92.00,92.0,2.41,0.00,99.00,99.0,99.24,3,5.92,4567,2.95,4699,51,4,0.00,0.00,0.0,0.00,0.00,0.0,0.00,5434.00,35.4
591,8.00,532.00,540.0,2.78,4.00,150.00,154.0,99.24,2,5.92,4565,2.95,4695,51,4,4.00,0.00,4.0,0.00,0.00,0.0,1.00,6712.00,35.7
592,0.00,4.00,4.0,2.7,16.00,220.00,236.0,99.24,3,5.92,4562,2.95,4685,51,4,16.00,0.00,16.0,0.00,0.00,0.0,0.00,6014.00,35.6
593,0.00,72.00,72.0,2.42,0.00,105.00,105.0,99.25,2,5.92,4562,2.95,4685,51,4,0.00,0.00,0.0,0.00,0.00,0.0,0.00,4712.00,35.6
594,0.00,324.00,324.0,2.52,6.00,160.00,166.0,99.25,2,5.92,4562,2.95,4685,51,4,8.00,0.00,8.0,0.00,0.00,0.0,0.00,5830.00,35.6
595,0.00,84.00,84.0,4.43,14.00,222.00,236.0,99.25,2,5.44,4562,2.95,4685,51,4,12.00,0.00,12.0,0.00,0.00,0.0,0.00,6528.00,35.5
596,12.00,444.00,456.0,2.54,0.00,152.00,152.0,99.25,4,5.44,4562,2.95,4684,51,4,0.00,0.00,0.0,0.00,0.00,0.0,1.00,6720.00,35.5
597,16.00,92.00,108.0,18.81,11.00,750.00,761.0,99.26,15,5.44,4571,2.95,4706,51,4,8.00,3.00,11.0,0.00,0.00,0.0,9.00,45716.00,35.7
598,32.00,592.00,624.0,55.56,12.00,2123.00,2135.0,99.28,29,5.44,4571,2.95,4695,51,4,12.00,0.00,12.0,0.00,0.00,0.0,0.00,133778.00,35.6
599,0.00,25648.00,25648.0,68.71,0.00,1997.00,1997.0,99.3,13,5.44,4572,2.95,4725,51,4,0.00,0.00,0.0,0.00,0.00,0.0,5.00,197569.00,42.0
600,8.00,16764.00,16772.0,54.74,1.00,1461.00,1462.0,99.25,13,5.97,4574,2.97,4741,51,4,0.00,1.00,1.0,0.00,0.00,0.0,2.00,222733.00,73.8
601,12.00,448.00,460.0,60.41,0.00,1752.00,1752.0,99.29,4,5.97,4579,2.97,4735,51,4,0.00,0.00,0.0,0.00,0.00,0.0,6.00,207221.00,85.0
602,0.00,28212.00,28212.0,52.73,4.00,2520.00,2524.0,99.24,2,5.97,4581,2.98,4741,51,4,0.00,0.00,0.0,4.00,4.00,8.0,2.00,147869.00,78.7
603,36.00,24640.00,24676.0,33.63,0.00,2078.00,2078.0,99.18,5,5.97,4581,3.04,4756,51,4,0.00,0.00,0.0,0.00,0.00,0.0,0.00,86802.00,79.2
604,4.00,720.00,724.0,12.92,1.00,713.00,714.0,99.19,4,5.97,4581,3.04,4770,51,4,1.00,1.00,2.0,0.00,0.00,0.0,0.00,41020.00,79.4
605,528.00,84.00,612.0,2.53,0.00,120.00,120.0,99.19,2,5.49,4579,3.04,4769,51,4,0.00,0.00,0.0,0.00,0.00,0.0,8.00,5655.00,64.4
606,0.00,120.00,120.0,2.54,6.00,171.00,177.0,99.2,6,5.49,4579,3.04,4766,51,4,6.00,0.00,6.0,0.00,0.00,0.0,1.00,6385.00,58.6
607,4.00,96.00,100.0,3.55,14.00,257.00,271.0,99.2,3,5.49,4573,3.04,4742,51,4,14.00,0.00,14.0,0.00,0.00,0.0,0.00,7563.00,35.9
608,0.00,28.00,28.0,1.53,0.00,115.00,115.0,99.2,2,5.49,4573,3.04,4742,51,4,0.00,0.00,0.0,0.00,0.00,0.0,0.00,5297.00,35.8
609,0.00,372.00,372.0,2.66,7.00,143.00,150.0,99.2,5,5.49,4572,3.04,4736,51,4,6.00,0.00,6.0,0.00,0.00,0.0,0.00,5995.00,35.9
610,4.00,196.00,200.0,3.68,14.00,213.00,227.0,99.2,3,5.05,4570,3.04,4722,51,4,14.00,1.00,15.0,0.00,0.00,0.0,0.00,6458.00,35.7
611,4.00,40.00,44.0,2.92,2.00,123.00,125.0,99.2,2,5.05,4565,3.04,4712,51,4,2.00,0.00,2.0,0.00,0.00,0.0,1.00,5640.00,35.7
612,72.00,0.00,72.0,2.79,13.00,160.00,173.0,99.2,3,5.05,4561,3.04,4695,52,4,10.00,4.00,14.0,4.00,4.00,8.0,1.00,5765.00,35.8
613,116.00,72.00,188.0,3.56,22.00,211.00,233.0,99.21,5,5.05,4562,3.04,4698,52,4,17.00,10.00,27.0,0.00,0.00,0.0,1.00,6535.00,35.8
614,4.00,92.00,96.0,3.58,2.00,197.00,199.0,99.21,2,5.05,4563,3.04,4699,52,4,2.00,2.00,4.0,0.00,0.00,0.0,1.00,9689.00,35.6
615,36.00,336.00,372.0,24.21,7.00,793.00,800.0,99.22,2,4.97,4571,3.04,4712,52,4,2.00,2.00,4.0,0.00,0.00,0.0,8.00,52873.00,35.7
616,420.00,548.00,968.0,65.19,16.00,2002.00,2018.0,99.24,4,4.97,4569,3.04,4714,52,4,15.00,6.00,21.0,0.00,0.00,0.0,1.00,131860.00,35.7
617,140.00,584.00,724.0,67.76,2.00,2039.00,2041.0,99.27,22,4.97,4571,3.04,4733,50,4,0.00,0.00,0.0,0.00,0.00,0.0,2.00,198629.00,44.8
618,4.00,33976.00,33980.0,56.21,0.00,1530.00,1530.0,99.19,19,4.97,4573,3.04,4737,50,4,0.00,0.00,0.0,0.00,0.00,0.0,2.00,208666.00,79.7
619,20.00,8136.00,8156.0,36.41,0.00,1101.00,1101.0,99.22,23,4.97,4573,3.04,4758,50,4,0.00,0.00,0.0,0.00,0.00,0.0,2.97,150675.25,80.0
620,796.00,1124.00,1920.0,64.85,3.00,2218.00,2221.0,99.26,34,5.85,4574,3.04,4752,51,5,0.00,3.00,3.0,1.00,1.00,2.0,4.00,153547.00,80.3
621,16.00,468.00,484.0,74.59,2.00,1740.00,1742.0,99.3,9,5.85,4574,3.04,4749,51,5,0.00,2.00,2.0,0.00,0.00,0.0,1.00,118567.00,64.2
622,0.00,49484.00,49484.0,50.88,5.00,1714.00,1719.0,99.17,16,5.85,4574,3.12,4752,51,5,0.00,1.00,1.0,4.00,4.00,8.0,0.00,69456.00,82.3
623,16.00,7584.00,7600.0,16.31,1.00,259.00,260.0,99.16,2,5.85,4573,3.12,4755,51,5,0.00,0.00,0.0,0.00,0.00,0.0,0.00,20208.00,82.4
624,0.00,312.00,312.0,1.78,1.00,13.00,14.0,99.16,1,5.85,4571,3.12,4761,51,4,0.00,0.00,0.0,0.00,0.00,0.0,0.00,4818.00,82.2
625,256.00,88.00,344.0,2.81,2.00,171.00,173.0,99.16,3,5.38,4568,3.12,4739,51,4,0.00,1.00,1.0,0.00,0.00,0.0,0.00,5451.00,63.0
626,12.00,720.00,732.0,2.03,0.00,84.00,84.0,99.16,2,5.38,4568,3.12,4739,51,4,0.00,0.00,0.0,0.00,0.00,0.0,1.00,5614.00,37.5
627,52.00,336.00,388.0,3.69,4.00,200.00,204.0,99.15,1,5.38,4566,3.12,4719,51,4,6.00,0.00,6.0,0.00,0.00,0.0,0.00,7665.00,37.3
628,24.00,28.00,52.0,4.17,16.00,247.00,263.0,99.15,1,5.38,4565,3.12,4713,51,4,14.00,0.00,14.0,0.00,0.00,0.0,0.00,6401.00,37.0
629,0.00,332.00,332.0,2.54,2.00,104.00,106.0,99.15,3,5.38,4563,3.12,4709,51,4,0.00,2.00,2.0,0.00,0.00,0.0,0.00,5395.00,36.9
630,12.00,700.00,712.0,2.28,6.00,175.00,181.0,99.15,3,4.95,4557,3.12,4691,51,4,6.00,2.00,8.0,0.00,0.00,0.0,0.00,7371.00,37.0
631,12.00,776.00,788.0,4.29,17.00,213.00,230.0,99.16,2,4.95,4557,3.12,4691,51,4,14.00,1.00,15.0,0.00,0.00,0.0,1.00,6988.00,36.8
632,4.00,208.00,212.0,1.78,4.00,117.00,121.0,99.16,5,4.95,4557,3.12,4691,51,4,0.00,0.00,0.0,4.00,4.00,8.0,0.00,5652.00,36.6
633,4.00,36.00,40.0,2.78,6.00,172.00,178.0,99.16,3,4.95,4557,3.12,4691,51,4,8.00,0.00,8.0,0.00,0.00,0.0,0.00,6749.00,37.0
634,0.00,96.00,96.0,3.93,15.00,205.00,220.0,99.16,4,4.95,4557,3.12,4691,51,4,12.00,1.00,13.0,0.00,0.00,0.0,0.00,5575.00,36.8
635,144.00,652.00,796.0,2.03,6.00,105.00,111.0,99.17,2,4.63,4559,3.12,4694,52,4,7.00,7.00,14.0,0.00,0.00,0.0,2.00,5633.00,36.6
636,4.00,128.00,132.0,11.14,13.00,829.00,842.0,99.18,5,4.63,4561,3.12,4695,52,4,12.00,4.00,16.0,0.00,0.00,0.0,3.00,39729.00,36.7
637,20.00,384.00,404.0,81.5,14.00,1972.00,1986.0,99.2,30,4.63,4568,3.12,4709,52,4,10.00,4.00,14.0,0.00,0.00,0.0,7.00,134648.00,36.5
638,168.00,244.00,412.0,82.06,5.00,1638.00,1643.0,99.26,26,4.63,4567,3.12,4742,51,4,3.96,3.96,7.92,0.00,0.00,0.0,1.00,167274.00,36.8
639,8.00,1032.00,1040.0,74.31,0.00,1373.00,1373.0,99.29,23,4.63,4568,3.12,4752,51,4,0.00,0.00,0.0,0.00,0.00,0.0,1.00,182042.00,76.4
640,24.00,948.00,972.0,74.56,1.00,1087.00,1088.0,99.29,13,5.62,4569,3.12,4764,51,4,0.00,1.00,1.0,0.00,0.00,0.0,1.00,164475.00,85.8
641,192.00,26356.00,26548.0,42.95,3.00,1806.00,1809.0,99.2,2,5.62,4574,3.13,4759,51,4,0.00,2.00,2.0,0.00,0.00,0.0,5.00,166760.00,85.8
642,28.00,23676.00,23704.0,48.14,10.00,2993.00,3003.0,99.24,5,5.62,4578,3.13,4762,52,4,6.00,5.00,11.0,4.00,4.00,8.0,5.00,137082.00,85.7
643,144.00,548.00,692.0,33.08,3.00,1794.00,1797.0,99.26,2,5.62,4578,3.13,4784,52,4,3.00,3.00,6.0,0.00,0.00,0.0,0.00,76117.00,78.7
644,244.00,96.00,340.0,2.17,4.00,129.00,133.0,99.27,2,5.62,4578,3.13,4785,52,4,3.00,3.00,6.0,0.00,0.00,0.0,0.00,5098.00,78.2
645,0.00,96.00,96.0,2.44,0.00,115.00,115.0,99.27,4,5.17,4578,3.13,4784,52,4,0.00,0.00,0.0,0.00,0.00,0.0,0.00,5705.00,68.9
646,0.00,624.00,624.0,3.69,19.00,302.00,321.0,99.27,2,5.17,4573,3.13,4765,51,4,19.00,3.00,22.0,0.00,0.00,0.0,0.00,8663.00,39.1
647,16.00,176.00,192.0,1.79,4.00,130.00,134.0,99.27,2,5.17,4568,3.13,4735,51,4,4.00,0.00,4.0,0.00,0.00,0.0,1.00,5291.00,38.7
648,4.00,32.00,36.0,2.04,2.00,113.00,115.0,99.27,4,5.17,4567,3.13,4729,51,4,2.00,0.00,2.0,0.00,0.00,0.0,0.00,5404.00,38.4
649,12.00,96.00,108.0,3.91,14.00,240.00,254.0,99.27,2,5.17,4566,3.13,4727,51,4,16.00,0.00,16.0,0.00,0.00,0.0,0.00,6923.00,38.1
650,0.00,104.00,104.0,2.43,4.00,135.00,139.0,99.27,2,4.76,4565,3.13,4723,51,4,2.00,0.00,2.0,0.00,0.00,0.0,0.00,5622.00,37.8
651,0.00,272.00,272.0,2.05,2.00,105.00,107.0,99.28,4,4.76,4561,3.13,4711,51,4,2.00,1.00,3.0,0.00,0.00,0.0,0.00,5814.00,37.6
652,60.00,292.00,352.0,4.28,17.00,239.00,256.0,99.28,2,4.76,4556,3.13,4699,50,5,12.00,0.00,12.0,5.00,4.00,9.0,1.00,7757.00,37.4
653,16.00,56.00,72.0,2.29,6.00,129.00,135.0,99.28,8,4.76,4556,3.13,4699,50,5,6.00,0.00,6.0,0.00,0.00,0.0,0.00,4929.00,37.1
654,64.00,396.00,460.0,3.31,2.00,290.00,292.0,99.28,3,4.76,4557,3.13,4698,50,5,2.00,0.00,2.0,0.00,0.00,0.0,1.00,13376.00,37.0
655,35.64,114.85,150.49,41.21,12.00,1761.00,1773.0,99.29,17,4.86,4565,3.13,4723,50,5,12.00,0.00,12.0,0.00,0.00,0.0,8.00,100413.00,36.7
656,12.00,48024.00,48036.0,48.02,6.00,1786.00,1792.0,99.14,2,4.86,4566,3.19,4719,50,5,6.00,0.00,6.0,0.00,0.00,0.0,5.00,132343.00,36.6
657,8.00,6228.00,6236.0,64.17,2.00,1416.00,1418.0,99.15,28,4.86,4567,3.19,4737,50,5,0.00,1.00,1.0,1.00,0.00,1.0,2.00,185422.00,51.0
658,60.00,812.00,872.0,56.85,1.00,1533.00,1534.0,99.19,11,4.86,4568,3.19,4757,50,5,0.00,0.00,0.0,0.00,0.00,0.0,1.00,241317.00,83.2
659,16.00,648.00,664.0,54.57,0.00,2009.00,2009.0,99.23,29,4.86,4574,3.19,4766,50,5,0.00,0.00,0.0,0.00,0.00,0.0,6.00,185844.00,70.6
660,232.00,844.00,1076.0,51.88,1.00,3127.00,3128.0,99.27,2,5.19,4575,3.19,4761,50,6,0.00,0.00,0.0,1.00,1.00,2.0,3.00,147906.00,81.4
661,24.00,324.00,348.0,28.94,0.00,1539.00,1539.0,99.29,1,5.19,4575,3.19,4764,50,6,0.00,0.00,0.0,0.00,0.00,0.0,0.00,69721.00,80.9
662,0.00,100.00,100.0,1.39,0.00,0.00,0.0,99.29,3,5.19,4575,3.19,4764,50,5,0.00,0.00,0.0,0.00,0.00,0.0,1.00,5446.00,80.8
663,104.00,60.00,164.0,2.41,4.00,4.00,8.0,99.3,1,5.19,4577,3.19,4766,51,5,5.00,4.00,9.0,0.00,0.00,0.0,2.00,4804.00,65.6
664,900.00,48932.00,49832.0,1.52,5.00,17.00,22.0,99.18,3,5.19,4574,3.19,4770,51,4,4.00,7.00,11.0,0.00,0.00,0.0,5.00,6060.00,39.1
665,36.00,672.00,708.0,3.29,0.00,160.00,160.0,99.18,2,4.93,4569,3.19,4744,51,4,0.00,0.00,0.0,0.00,0.00,0.0,3.00,5373.00,38.5
666,152.00,140.00,292.0,2.41,2.00,90.00,92.0,99.18,1,4.93,4567,3.19,4740,51,4,2.00,4.00,6.0,0.00,0.00,0.0,0.00,4757.00,38.5
667,36.00,84.00,120.0,2.28,1.00,137.00,138.0,99.18,2,4.93,4566,3.19,4729,50,4,1.00,0.00,1.0,0.00,0.00,0.0,1.00,6540.00,38.5
668,4.00,32.00,36.0,4.55,21.00,292.00,313.0,99.18,2,4.93,4564,3.19,4716,50,4,20.00,0.00,20.0,0.00,0.00,0.0,0.00,7603.00,38.1
669,0.00,124.00,124.0,2.43,0.00,110.00,110.0,99.18,2,4.93,4560,3.19,4704,50,4,0.00,0.00,0.0,0.00,0.00,0.0,0.00,5439.00,37.7
670,108.00,304.00,412.0,2.41,2.00,107.00,109.0,99.18,1,4.62,4556,3.19,4696,50,4,2.00,0.00,2.0,0.00,0.00,0.0,0.00,5420.00,37.6
671,36.00,0.00,36.0,3.56,19.00,253.00,272.0,99.18,4,4.62,4556,3.19,4696,50,4,18.00,0.00,18.0,0.00,0.00,0.0,0.00,6954.00,37.4
672,0.00,0.00,0.0,2.15,4.00,124.00,128.0,99.18,2,4.62,4556,3.19,4696,50,4,0.00,0.00,0.0,4.00,4.00,8.0,1.00,5405.00,37.1
673,4.00,60.00,64.0,1.78,0.00,105.00,105.0,99.18,3,4.62,4556,3.19,4696,50,4,0.00,0.00,0.0,0.00,0.00,0.0,0.00,5252.00,37.0
674,32.00,104.00,136.0,3.31,21.00,257.00,278.0,99.19,1,4.62,4556,3.19,4696,50,4,20.00,0.00,20.0,0.00,0.00,0.0,0.00,7068.00,36.7
675,0.00,280.00,280.0,2.79,0.00,117.00,117.0,99.19,4,4.25,4556,3.19,4696,50,4,0.00,0.00,0.0,0.00,0.00,0.0,0.00,5625.00,36.5
676,0.00,140.00,140.0,2.55,0.00,131.00,131.0,99.19,1,4.25,4556,3.19,4694,50,4,0.00,0.00,0.0,0.00,0.00,0.0,0.00,6114.00,36.4
677,12.00,660.00,672.0,30.01,20.00,1987.00,2007.0,99.2,26,4.25,4560,3.19,4704,50,4,20.00,0.00,20.0,0.00,0.00,0.0,4.00,91739.00,36.2
678,0.00,68.00,68.0,74.9,0.00,2091.00,2091.0,99.24,14,4.25,4565,3.19,4716,50,4,0.00,0.00,0.0,0.00,0.00,0.0,6.00,197608.00,36.0
679,0.00,452.00,452.0,61.01,0.00,1895.00,1895.0,99.28,19,4.25,4567,3.19,4730,50,4,0.00,0.00,0.0,0.00,0.00,0.0,2.00,232572.00,48.9
680,4.00,39320.00,39324.0,58.76,0.00,1421.00,1421.0,99.29,22,6.07,4569,3.19,4745,50,4,0.00,0.00,0.0,0.00,0.00,0.0,2.00,192355.00,82.8
681,0.00,20060.00,20060.0,61.32,0.00,2447.00,2447.0,99.16,19,6.07,4574,3.25,4753,50,4,0.00,0.00,0.0,0.00,0.00,0.0,5.00,167745.00,82.8
682,164.00,924.00,1088.0,61.06,4.00,3184.00,3188.0,99.2,3,6.07,4575,3.25,4758,50,4,0.00,0.00,0.0,4.00,4.00,8.0,2.00,109698.00,82.7
683,1228.00,396.00,1624.0,26.65,1.00,622.00,623.0,99.23,2,6.07,4573,3.25,4770,50,4,0.00,0.00,0.0,0.00,0.00,0.0,0.00,35160.00,82.5
684,1388.00,400.00,1788.0,1.26,0.00,108.00,108.0,99.24,5,6.07,4573,3.25,4770,50,4,0.00,0.00,0.0,0.00,0.00,0.0,0.00,5574.00,82.7
685,0.00,104.00,104.0,2.82,4.00,179.00,183.0,99.24,3,5.59,4572,3.25,4766,50,4,6.00,0.00,6.0,0.00,0.00,0.0,0.00,6671.00,69.8
686,8.00,508.00,516.0,3.68,16.00,266.00,282.0,99.22,1,5.59,4571,3.25,4760,50,4,14.00,0.00,14.0,0.00,0.00,0.0,0.00,7685.00,38.1
687,0.00,436.00,436.0,4.93,0.00,110.00,110.0,99.22,1,5.59,4568,3.25,4752,50,4,0.00,0.00,0.0,0.00,0.00,0.0,1.00,5954.00,37.8
688,176.00,36.00,212.0,2.65,6.00,162.00,168.0,99.22,6,5.59,4565,3.25,4730,50,4,6.00,0.00,6.0,0.00,0.00,0.0,0.00,6107.00,37.7
689,248.00,468.00,716.0,3.31,23.00,225.00,248.0,99.23,3,5.59,4565,3.25,4720,51,4,23.00,11.00,34.0,0.00,0.00,0.0,2.00,6984.00,37.5
690,8.00,516.00,524.0,2.16,0.00,118.00,118.0,99.23,3,5.14,4563,3.25,4711,51,4,0.00,0.00,0.0,0.00,0.00,0.0,0.00,5447.00,37.8
691,4.00,492.00,496.0,2.42,6.00,157.00,163.0,99.23,1,5.14,4559,3.25,4704,51,4,6.00,0.00,6.0,0.00,0.00,0.0,0.00,6628.00,37.7
692,120.00,676.00,796.0,2.15,17.00,185.00,202.0,99.23,3,5.14,4556,3.25,4698,50,4,17.00,3.00,20.0,0.00,0.00,0.0,1.00,7240.00,37.5
693,8.00,64.00,72.0,1.92,0.99,22.77,23.759999999999998,99.23,3,5.14,4555,3.25,4696,50,4,0.00,0.00,0.0,0.00,0.00,0.0,0.00,4925.00,37.3
694,0.00,112.00,112.0,2.29,0.00,14.00,14.0,99.24,3,5.14,4555,3.25,4696,50,4,0.00,0.00,0.0,0.00,0.00,0.0,0.00,5059.00,37.4
695,8.00,676.00,684.0,2.04,0.00,18.00,18.0,99.24,2,4.89,4555,3.25,4696,50,4,0.00,0.00,0.0,0.00,0.00,0.0,0.00,5479.00,37.1
696,8.00,220.00,228.0,2.16,0.00,18.00,18.0,99.24,3,4.89,4555,3.25,4696,50,4,0.00,0.00,0.0,0.00,0.00,0.0,0.00,4821.00,36.9
697,0.00,92.00,92.0,1.79,0.00,13.00,13.0,99.24,3,4.89,4555,3.25,4696,50,4,0.00,0.00,0.0,0.00,0.00,0.0,1.00,5119.00,36.6
698,40.00,36.00,76.0,2.67,1.00,24.00,25.0,99.24,3,4.89,4555,3.25,4692,50,4,0.00,0.00,0.0,0.00,0.00,0.0,0.00,5122.00,36.5
699,4.00,476.00,480.0,3.06,11.00,122.00,133.0,99.25,2,4.89,4558,3.25,4696,51,4,11.00,7.00,18.0,0.00,0.00,0.0,3.00,10294.00,36.2
700,424.00,704.00,1128.0,9.42,4.00,275.00,279.0,99.26,1,4.98,4566,3.25,4725,51,4,3.00,4.00,7.0,0.00,0.00,0.0,8.00,36972.00,36.0
701,0.00,20.00,20.0,11.08,1.00,225.00,226.0,99.26,7,4.98,4567,3.25,4733,51,4,0.00,0.00,0.0,0.00,0.00,0.0,1.00,52394.00,35.9
702,84.00,8.00,92.0,9.7,7.00,212.00,219.0,99.27,2,4.98,4565,3.25,4725,51,4,3.00,3.00,6.0,4.00,4.00,8.0,1.00,29240.00,36.2
703,4.00,104.00,108.0,10.36,5.00,819.00,824.0,99.28,1,4.98,4571,3.25,4736,50,4,7.00,0.00,7.0,0.00,0.00,0.0,6.00,51788.00,43.7
704,0.00,520.00,520.0,24.26,9.00,1491.00,1500.0,99.29,1,4.98,4572,3.25,4744,51,5,4.00,1.00,5.0,1.00,1.00,2.0,1.00,119003.00,44.2
705,16.00,45132.00,45148.0,39.71,6.00,1521.00,1527.0,99.29,4,4.98,4573,3.25,4744,50,6,4.00,0.00,4.0,1.00,0.00,1.0,2.00,184974.00,43.9
706,144.00,13528.00,13672.0,65.34,2.00,1361.00,1363.0,99.19,23,4.98,4573,3.28,4734,50,6,2.00,0.00,2.0,0.00,0.00,0.0,9.00,164773.00,54.2
707,148.00,1560.00,1708.0,66.33,0.00,1725.00,1725.0,99.2,9,4.98,4574,3.28,4736,50,6,0.00,0.00,0.0,0.00,0.00,0.0,2.00,169611.00,68.8
708,32.00,684.00,716.0,53.16,0.00,1915.00,1915.0,99.23,17,4.98,4574,3.28,4735,50,5,0.00,0.00,0.0,0.00,0.00,0.0,2.00,174479.00,81.6
709,0.00,740.00,740.0,46.51,2.00,1512.00,1514.0,99.25,9,4.98,4575,3.28,4747,50,5,3.00,1.00,4.0,0.00,0.00,0.0,3.00,95387.00,82.0
710,48.00,396.00,444.0,36.9,1.00,1245.00,1246.0,99.27,3,4.66,4575,3.28,4747,51,4,0.00,1.00,1.0,0.00,0.00,0.0,0.00,82711.00,76.1
711,0.00,48.00,48.0,34.55,8.00,752.00,760.0,99.28,4,4.66,4575,3.28,4754,51,4,6.00,2.00,8.0,0.00,0.00,0.0,0.00,68908.00,75.8
712,12.00,608.00,620.0,7.12,8.00,380.00,388.0,99.28,3,4.66,4575,3.28,4743,51,4,4.00,0.00,4.0,4.00,4.00,8.0,1.00,32780.00,75.3
713,8.00,248.00,256.0,9.75,5.00,488.00,493.0,99.29,4,4.66,4573,3.28,4746,51,4,4.00,0.00,4.0,0.00,0.00,0.0,1.00,32293.00,69.8
714,0.00,464.00,464.0,4.88,13.00,386.00,399.0,99.29,3,4.66,4573,3.28,4746,51,4,10.00,3.00,13.0,0.00,0.00,0.0,0.00,16534.00,46.9
715,80.00,112.00,192.0,8.03,6.00,165.00,171.0,99.3,2,4.37,4573,3.28,4747,52,4,8.00,2.00,10.0,0.00,0.00,0.0,1.00,6028.00,46.3
716,4.00,64148.00,64152.0,7.44,10.00,135.00,145.0,99.14,3,4.37,4574,3.34,4749,52,4,9.00,8.00,17.0,0.00,0.00,0.0,1.00,5377.00,41.1
717,156.00,92.00,248.0,3.07,12.00,202.00,214.0,99.15,3,4.37,4573,3.34,4743,52,4,12.00,2.00,14.0,0.00,0.00,0.0,1.00,7332.00,40.7
718,0.00,1160.00,1160.0,2.77,6.00,164.00,170.0,99.15,4,4.37,4573,3.34,4742,52,4,4.00,1.00,5.0,0.00,0.00,0.0,0.00,5845.00,52.4
719,96.00,140.00,236.0,3.05,7.00,125.00,132.0,99.13,3,4.37,4569,3.34,4735,51,4,7.00,3.00,10.0,0.00,0.00,0.0,0.00,5492.00,36.4
720,4.00,80.00,84.0,5.78,12.00,547.00,559.0,99.13,1,4.1,4563,3.34,4704,51,4,12.00,0.00,12.0,0.00,0.00,0.0,2.00,24141.00,36.3
721,16.00,44.00,60.0,34.09,6.00,1326.00,1332.0,99.14,3,4.1,4570,3.34,4721,51,4,6.00,0.00,6.0,0.00,0.00,0.0,7.00,106805.00,36.2
722,28.00,32.00,60.0,49.17,2.00,1609.00,1611.0,99.16,10,4.1,4572,3.34,4753,51,4,2.00,0.00,2.0,0.00,0.00,0.0,3.00,194251.00,36.3
723,20.00,560.00,580.0,51.95,6.00,1568.00,1574.0,99.19,27,4.1,4571,3.34,4733,51,4,6.00,0.00,6.0,0.00,0.00,0.0,2.00,178632.00,55.4
724,36.00,864.00,900.0,78.0,2.00,1658.00,1660.0,99.21,17,4.1,4572,3.34,4722,51,4,0.00,2.00,2.0,0.00,0.00,0.0,3.00,159003.00,75.9
725,268.00,824.00,1092.0,51.79,1.00,2224.00,2225.0,99.25,11,5.21,4574,3.34,4747,51,4,0.00,1.00,1.0,0.00,0.00,0.0,6.00,164482.00,75.6
726,112.00,888.00,1000.0,44.74,4.00,1986.00,1990.0,99.27,8,5.21,4575,3.34,4754,51,4,2.00,2.00,4.0,0.00,0.00,0.0,1.00,150299.00,85.7
727,0.00,372.00,372.0,40.92,3.00,1380.00,1383.0,99.3,13,5.21,4575,3.34,4761,51,4,0.00,2.00,2.0,0.00,0.00,0.0,1.00,88597.00,80.5
728,0.00,57012.00,57012.0,20.88,2.00,901.00,903.0,99.19,3,5.21,4575,3.34,4764,51,4,2.00,0.00,2.0,0.00,0.00,0.0,4.00,73794.00,72.6
729,0.00,768.00,768.0,9.82,4.00,519.00,523.0,99.19,2,5.21,4575,3.34,4759,51,4,4.00,0.00,4.0,0.00,0.00,0.0,0.00,39595.00,72.1
730,0.00,356.00,356.0,7.01,9.00,550.00,559.0,99.19,4,4.79,4575,3.34,4755,51,4,8.00,3.00,11.0,0.00,0.00,0.0,1.00,22278.00,64.7
731,0.00,32.00,32.0,3.82,4.00,195.00,199.0,99.19,3,4.79,4574,3.34,4756,51,4,2.00,1.00,3.0,0.00,0.00,0.0,0.00,9698.00,44.2
732,0.00,0.00,0.0,3.43,15.00,205.00,220.0,99.19,3,4.79,4573,3.34,4752,51,4,10.00,0.00,10.0,4.00,4.00,8.0,1.00,6540.00,43.9
733,0.00,44.00,44.0,3.05,8.00,179.00,187.0,99.19,3,4.79,4573,3.34,4745,51,4,6.00,1.00,7.0,0.00,0.00,0.0,0.00,5966.00,37.9
734,0.00,124.00,124.0,2.69,6.00,138.00,144.0,99.19,1,4.79,4573,3.34,4741,51,4,6.00,0.00,6.0,0.00,0.00,0.0,0.00,5675.00,37.6
735,0.00,380.00,380.0,3.41,8.00,171.00,179.0,99.19,2,4.41,4571,3.34,4735,51,4,8.00,0.00,8.0,0.00,0.00,0.0,4.00,6875.00,37.4
736,4.00,112.00,116.0,2.8,10.00,167.00,177.0,99.2,3,4.41,4564,3.34,4711,51,4,6.00,4.00,10.0,0.00,0.00,0.0,0.00,6521.00,37.1
737,16.00,548.00,564.0,7.71,4.00,245.00,249.0,99.2,4,4.41,4564,3.34,4707,51,4,6.00,0.00,6.0,0.00,0.00,0.0,2.00,10400.00,37.0
738,0.00,48.00,48.0,24.62,10.00,918.00,928.0,99.21,4,4.41,4569,3.34,4731,51,4,8.00,0.00,8.0,0.00,0.00,0.0,8.00,71098.00,36.8
739,0.00,428.00,428.0,29.55,7.00,1581.00,1588.0,99.22,20,4.41,4567,3.34,4731,51,5,8.00,0.00,8.0,1.00,1.00,2.0,0.00,112957.00,36.7
740,564.00,320.00,884.0,60.18,4.00,1305.00,1309.0,99.24,3,4.14,4568,3.34,4733,51,5,2.00,0.00,2.0,0.00,0.00,0.0,3.00,163494.00,54.2
741,0.00,296.00,296.0,70.34,4.00,1556.00,1560.0,99.3,6,4.14,4571,3.34,4743,51,5,3.96,0.00,3.96,0.00,0.00,0.0,3.00,188721.00,54.3
742,56.00,58960.00,59016.0,40.15,4.00,1733.00,1737.0,99.14,9,4.14,4573,3.41,4736,51,5,0.00,0.00,0.0,4.00,4.00,8.0,4.00,122814.00,81.1
743,8.00,612.00,620.0,48.56,2.00,1707.00,1709.0,99.16,9,4.14,4575,3.41,4740,50,4,0.00,0.00,0.0,0.00,0.00,0.0,2.00,160894.00,81.0
744,8.00,856.00,864.0,39.82,0.00,1434.00,1434.0,99.18,3,4.14,4575,3.41,4749,50,4,0.00,0.00,0.0,0.00,0.00,0.0,0.00,131349.00,74.0
745,156.00,848.00,1004.0,27.79,1.00,1677.00,1678.0,99.19,1,4.77,4575,3.41,4753,50,4,0.00,0.00,0.0,0.00,0.00,0.0,0.00,84515.00,74.5
746,0.00,428.00,428.0,8.27,1.00,587.00,588.0,99.2,2,4.77,4574,3.41,4755,50,4,2.00,1.00,3.0,0.00,0.00,0.0,0.00,26096.00,74.0
747,344.00,936.00,1280.0,6.68,18.00,434.00,452.0,99.21,3,4.77,4577,3.41,4758,51,4,17.00,10.00,27.0,0.00,0.00,0.0,4.00,23260.00,60.3
748,140.00,44.00,184.0,7.75,6.00,409.00,415.0,99.22,8,4.77,4577,3.41,4757,51,4,6.00,0.00,6.0,0.00,0.00,0.0,0.00,35171.00,46.1
749,240.00,608.00,848.0,10.22,7.00,334.00,341.0,99.22,2,4.77,4575,3.41,4746,50,4,7.00,3.00,10.0,0.00,0.00,0.0,0.00,65583.00,45.5
750,0.00,500.00,500.0,6.91,8.00,404.00,412.0,99.22,2,4.38,4573,3.41,4741,50,4,8.00,0.00,8.0,0.00,0.00,0.0,0.00,31611.00,45.1
751,20.00,788.00,808.0,8.53,6.00,497.00,503.0,99.22,6,4.38,4573,3.41,4741,50,4,6.00,0.00,6.0,0.00,0.00,0.0,0.00,20692.00,44.9
752,4.00,784.00,788.0,2.16,4.00,178.00,182.0,99.23,2,4.38,4572,3.41,4741,50,4,4.00,0.00,4.0,0.00,0.00,0.0,1.00,7526.00,39.7
753,0.00,48.00,48.0,3.42,8.00,157.00,165.0,99.23,3,4.38,4569,3.41,4733,50,4,8.00,0.00,8.0,0.00,0.00,0.0,0.00,5975.00,40.0
754,8.00,44.00,52.0,2.43,12.00,158.00,170.0,99.23,2,4.38,4571,3.41,4737,53,5,11.00,5.00,16.0,2.00,2.00,4.0,2.00,6059.00,39.7
755,4.00,484.00,488.0,3.68,20.00,333.00,353.0,99.24,3,4.19,4573,3.41,4737,54,5,19.00,13.00,32.0,0.00,0.00,0.0,4.00,14838.00,39.2
756,228.00,484.00,712.0,18.3,17.00,968.00,985.0,99.25,3,4.19,4574,3.41,4739,54,5,14.00,8.00,22.0,0.00,0.00,0.0,3.00,77385.00,38.7
757,8.00,42328.00,42336.0,42.69,7.00,1434.00,1441.0,99.21,10,4.19,4572,3.42,4736,53,5,8.00,0.00,8.0,0.00,0.00,0.0,6.00,119995.00,38.4
758,52.00,8360.00,8412.0,47.79,8.00,1560.00,1568.0,99.12,18,4.19,4569,3.44,4761,52,5,6.00,4.00,10.0,0.00,0.00,0.0,3.00,174743.00,47.5
759,44.00,1780.00,1824.0,45.05,6.00,2069.00,2075.0,99.16,10,4.19,4571,3.44,4757,51,4,4.00,1.00,5.0,2.00,2.00,4.0,5.00,169325.00,67.0
760,8.00,1036.00,1044.0,56.14,1.00,2179.00,2180.0,99.16,18,4.74,4573,3.44,4761,51,4,0.00,0.00,0.0,0.00,0.00,0.0,3.00,218279.00,75.8
761,40.00,556.00,596.0,39.37,2.00,1490.00,1492.0,99.17,13,4.74,4573,3.44,4771,51,4,2.00,0.00,2.0,0.00,0.00,0.0,0.00,132599.00,75.8
762,12.00,324.00,336.0,24.52,7.00,2037.00,2044.0,99.18,2,4.74,4573,3.44,4770,51,4,0.00,3.00,3.0,4.00,4.00,8.0,1.00,103772.00,75.8
763,4.00,320.00,324.0,14.34,4.00,823.00,827.0,99.18,2,4.74,4573,3.44,4781,52,4,2.00,2.00,4.0,0.00,0.00,0.0,0.00,40853.00,75.3
764,0.00,336.00,336.0,4.83,7.00,348.00,355.0,99.18,2,4.74,4573,3.44,4781,52,4,6.00,1.00,7.0,0.00,0.00,0.0,1.00,15773.00,61.6
765,0.00,104.00,104.0,10.34,4.00,400.00,404.0,99.19,4,4.36,4573,3.44,4781,51,4,2.00,0.00,2.0,0.00,0.00,0.0,0.00,37868.00,50.1
766,40.00,368.00,408.0,11.96,18.00,413.00,431.0,99.2,3,4.36,4575,3.44,4773,53,4,19.00,8.00,27.0,0.00,0.00,0.0,2.00,67398.00,38.4
767,264.00,564.00,828.0,6.01,12.00,356.00,368.0,99.2,2,4.36,4575,3.44,4766,52,4,11.00,9.00,20.0,0.00,0.00,0.0,1.00,28469.00,38.9
768,44.00,288.00,332.0,7.23,2.00,486.00,488.0,99.21,6,4.36,4574,3.44,4751,52,4,2.00,1.00,3.0,0.00,0.00,0.0,0.00,21737.00,39.3
