0,192.00,16.00,208.0,2.8,8.00,8.00,16.0,99.06,0,0.6,4342,0.63,4106,51,4,7.00,11.00,18.0,0.00,0.00,0.0,2.00,5430.00,35.0
1,0.00,344.00,344.0,2.92,0.00,0.00,0.0,99.06,0,0.6,4342,0.63,4106,51,4,0.00,0.00,0.0,0.00,0.00,0.0,0.00,4774.00,34.9
2,0.00,216.00,216.0,3.54,4.00,12.00,16.0,99.07,0,0.6,4342,0.63,4106,51,4,0.00,0.00,0.0,4.00,4.00,8.0,0.00,5575.00,35.0
3,0.00,356.00,356.0,2.65,1.00,1.00,2.0,99.07,0,0.55,4342,0.63,4106,51,4,0.00,0.00,0.0,0.00,0.00,0.0,1.00,5044.00,35.1
4,4.00,148.00,152.0,2.03,3.00,3.00,6.0,99.07,0,0.55,4342,0.63,4106,51,4,1.00,2.00,3.0,1.00,1.00,2.0,0.00,4833.00,35.0
5,0.00,176.00,176.0,2.14,0.00,0.00,0.0,99.07,0,0.55,4342,0.63,4106,51,4,0.00,0.00,0.0,0.00,0.00,0.0,3.00,4697.00,34.9
6,0.00,392.00,392.0,2.28,0.00,0.00,0.0,99.07,0,0.55,4342,0.63,4106,51,4,0.00,0.00,0.0,0.00,0.00,0.0,0.00,4835.00,34.8
7,0.00,24.00,24.0,1.52,2.00,2.00,4.0,99.07,0,0.55,4342,0.63,4106,51,4,0.00,2.00,2.0,0.00,0.00,0.0,0.00,4710.00,34.7
8,0.00,148.00,148.0,3.19,1.00,1.00,2.0,99.07,0,0.5,4342,0.63,4106,51,4,0.00,0.00,0.0,0.00,0.00,0.0,1.00,4974.00,34.7
9,720.00,0.00,720.0,7.6,0.00,5.00,5.0,99.09,2,0.5,4342,0.63,4108,51,4,0.00,0.00,0.0,0.00,0.00,0.0,0.00,5445.00,34.5
10,2688.00,12.00,2700.0,32.37,1.00,61.00,62.0,99.16,3,0.5,4342,0.63,4119,51,4,0.00,1.00,1.0,0.00,0.00,0.0,0.00,11128.00,62.7
11,2988.00,232.00,3220.0,49.12,0.00,0.00,0.0,99.21,8,0.5,4342,0.63,4140,51,4,0.00,0.00,0.0,0.00,0.00,0.0,0.00,19158.00,62.9
12,4608.00,3692.00,8300.0,67.38,1.00,57.00,58.0,99.15,6,0.5,4354,0.64,4148,51,4,0.00,0.00,0.0,0.00,0.00,0.0,18.00,12308.00,81.7
13,1124.00,7544.00,8668.0,23.71,2.00,6.00,8.0,99.07,2,0.62,4354,0.64,4169,51,4,0.00,2.00,2.0,0.00,0.00,0.0,1.00,11422.00,70.0
14,1588.00,300.00,1888.0,52.75,2.00,127.00,129.0,99.1,6,0.62,4363,0.64,4192,51,4,0.00,2.00,2.0,0.00,0.00,0.0,9.00,25976.00,69.7
15,2956.00,100.00,3056.0,58.76,3.00,93.00,96.0,99.18,6,0.62,4372,0.64,4211,51,4,0.00,2.00,2.0,0.00,0.00,0.0,9.00,26593.00,70.1
16,764.00,56.00,820.0,80.38,2.00,234.00,236.0,99.16,4,0.62,4381,0.64,4210,51,4,0.00,2.00,2.0,0.00,0.00,0.0,9.00,34228.00,81.2
17,1873.27,31.68,1904.95,76.43,2.00,124.00,126.0,99.21,4,0.62,4390,0.64,4250,51,4,0.00,2.00,2.0,0.00,0.00,0.0,9.00,27764.00,81.7
18,2202.02,161.62,2363.64,67.13,3.00,134.00,137.0,99.27,3,0.97,4405,0.64,4262,50,4,0.00,1.00,1.0,0.00,0.00,0.0,16.00,25339.00,81.6
19,708.00,10508.00,11216.0,26.55,0.00,205.00,205.0,99.06,0,0.97,4406,0.65,4262,50,4,0.00,0.00,0.0,0.00,0.00,0.0,14.00,15781.00,74.9
20,568.00,936.00,1504.0,2.4,0.00,0.00,0.0,99.04,0,0.97,4406,0.65,4262,50,4,0.00,0.00,0.0,0.00,0.00,0.0,0.00,5995.00,44.5
21,1788.00,676.00,2464.0,15.62,0.00,13.00,13.0,99.05,0,0.97,4406,0.65,4264,50,4,0.00,0.00,0.0,0.00,0.00,0.0,0.00,6386.00,44.4
22,1064.00,1224.00,2288.0,6.77,4.00,12.00,16.0,99.02,1,0.97,4406,0.65,4248,50,4,0.00,0.00,0.0,4.00,4.00,8.0,0.00,7330.00,53.6
23,1768.00,484.00,2252.0,19.7,0.00,0.00,0.0,99.05,1,1.14,4406,0.65,4251,50,4,0.00,0.00,0.0,0.00,0.00,0.0,1.00,9516.00,46.9
24,1268.00,688.00,1956.0,63.01,0.00,141.00,141.0,99.12,4,1.14,4416,0.65,4281,50,4,0.00,0.00,0.0,0.00,0.00,0.0,10.00,27670.00,71.1
25,1660.00,428.00,2088.0,55.4,0.00,289.00,289.0,99.16,10,1.14,4425,0.65,4304,50,4,0.00,0.00,0.0,0.00,0.00,0.0,9.00,32745.00,71.5
26,1865.35,51.49,1916.84,59.9,0.00,103.00,103.0,99.21,4,1.14,4435,0.65,4333,50,4,0.00,0.00,0.0,0.00,0.00,0.0,10.00,27568.00,77.3
27,2268.00,168.00,2436.0,60.08,0.00,150.00,150.0,99.29,12,1.14,4434,0.65,4362,50,4,0.00,0.00,0.0,0.00,0.00,0.0,0.00,25367.00,77.1
28,1688.00,7504.00,9192.0,55.28,0.00,0.00,0.0,99.14,5,1.69,4442,0.67,4357,50,4,0.00,0.00,0.0,0.00,0.00,0.0,15.00,19052.00,77.8
29,2048.00,296.00,2344.0,53.5,0.00,100.00,100.0,99.22,22,1.69,4454,0.67,4423,50,4,0.00,0.00,0.0,0.00,0.00,0.0,12.00,30357.00,72.7
30,544.00,13756.00,14300.0,87.42,0.00,0.00,0.0,99.15,12,1.69,4457,0.69,4430,50,4,0.00,0.00,0.0,0.00,0.00,0.0,3.00,41675.00,80.2
31,600.00,560.00,1160.0,90.16,0.00,161.00,161.0,99.2,5,1.69,4457,0.68,4419,50,4,0.00,0.00,0.0,0.00,0.00,0.0,0.00,47191.00,80.7
32,2060.00,280.00,2340.0,38.8,4.00,52.00,56.0,99.2,1,1.69,4457,0.68,4440,50,4,0.00,0.00,0.0,4.00,4.00,8.0,0.00,21277.00,80.3
33,1756.00,84.00,1840.0,55.54,0.00,120.00,120.0,99.21,8,1.95,4468,0.68,4458,50,4,0.00,0.00,0.0,0.00,0.00,0.0,12.00,28994.00,69.5
34,1716.00,616.00,2332.0,90.31,0.00,227.00,227.0,99.25,7,1.95,4469,0.68,4445,50,4,0.00,0.00,0.0,0.00,0.00,0.0,2.00,23255.00,83.8
35,1452.00,14820.00,16272.0,75.19,0.00,221.00,221.0,99.19,7,1.95,4470,0.70,4455,50,4,0.00,0.00,0.0,0.00,0.00,0.0,1.00,25320.00,84.2
36,1636.00,2276.00,3912.0,39.85,1.00,1.00,2.0,99.1,2,1.95,4469,0.72,4446,50,4,1.00,1.00,2.0,0.00,0.00,0.0,0.00,12474.00,84.0
37,2132.00,28.00,2160.0,73.69,1.00,183.00,184.0,99.21,12,1.95,4473,0.72,4462,50,4,0.00,0.00,0.0,0.00,0.00,0.0,4.00,36665.00,67.3
38,1944.00,176.00,2120.0,57.04,0.00,303.00,303.0,99.23,3,2.12,4479,0.72,4486,50,4,0.00,0.00,0.0,0.00,0.00,0.0,7.00,27105.00,84.9
39,2440.00,572.00,3012.0,30.74,0.00,290.00,290.0,99.25,6,2.12,4479,0.72,4492,50,4,0.00,0.00,0.0,0.00,0.00,0.0,1.00,24903.00,62.5
40,1764.00,352.00,2116.0,44.43,0.00,62.00,62.0,99.2,3,2.12,4489,0.72,4518,50,4,0.00,0.00,0.0,0.00,0.00,0.0,11.00,24737.00,62.4
41,176.00,1044.00,1220.0,15.38,1.00,37.00,38.0,99.2,2,2.12,4488,0.72,4501,50,4,0.00,0.00,0.0,0.00,0.00,0.0,0.00,8667.00,61.8
42,1792.00,460.00,2252.0,17.54,2.00,28.00,30.0,99.21,2,2.12,4488,0.72,4503,50,4,1.00,1.00,2.0,0.00,0.00,0.0,0.00,8262.00,61.3
43,1516.00,952.00,2468.0,52.8,0.00,96.00,96.0,99.3,16,2.99,4488,0.72,4497,50,4,0.00,0.00,0.0,0.00,0.00,0.0,2.00,15828.00,60.8
44,228.00,19360.00,19588.0,87.56,1.00,534.00,535.0,99.13,10,2.99,4487,0.75,4498,50,4,0.00,0.00,0.0,0.00,0.00,0.0,0.00,30355.00,84.6
45,1504.00,428.00,1932.0,73.72,0.00,302.00,302.0,99.14,9,2.99,4494,0.75,4522,50,4,0.00,0.00,0.0,0.00,0.00,0.0,9.00,29820.00,84.7
46,2300.00,28.00,2328.0,57.76,0.00,307.00,307.0,99.2,3,2.99,4504,0.75,4553,50,4,0.00,0.00,0.0,0.00,0.00,0.0,10.00,29904.00,76.5
47,376.00,944.00,1320.0,40.12,1.00,134.00,135.0,99.24,1,2.99,4504,0.75,4545,50,4,0.00,0.00,0.0,0.00,0.00,0.0,1.00,13827.00,76.7
48,2412.00,864.00,3276.0,33.21,0.00,34.00,34.0,99.27,1,3.15,4505,0.75,4555,50,4,0.00,0.00,0.0,0.00,0.00,0.0,2.00,11117.00,64.7
49,1616.00,564.00,2180.0,22.12,0.00,46.00,46.0,99.29,9,3.15,4506,0.75,4558,50,4,0.00,0.00,0.0,0.00,0.00,0.0,1.00,17021.00,55.9
50,1440.00,7924.00,9364.0,75.88,0.00,346.00,346.0,99.14,13,3.15,4509,0.76,4581,50,4,0.00,0.00,0.0,0.00,0.00,0.0,3.00,39533.00,73.8
51,1816.00,220.00,2036.0,54.32,0.00,108.00,108.0,99.2,15,3.15,4517,0.76,4605,50,4,0.00,0.00,0.0,0.00,0.00,0.0,8.00,23340.00,74.0
52,1972.00,560.00,2532.0,46.83,4.00,98.00,102.0,99.25,1,3.15,4517,0.76,4612,50,4,0.00,0.00,0.0,4.00,4.00,8.0,0.00,15499.00,80.9
53,3364.00,9820.00,13184.0,10.11,1.00,1.00,2.0,99.15,0,2.98,4516,0.78,4605,51,5,0.00,1.00,1.0,1.00,1.00,2.0,11.00,8925.00,61.8
54,0.00,112.00,112.0,2.17,1.00,1.00,2.0,99.15,0,2.98,4516,0.78,4605,51,5,0.00,1.00,1.0,0.00,0.00,0.0,0.00,4747.00,39.4
55,4.00,668.00,672.0,1.79,2.00,2.00,4.0,99.13,0,2.98,4516,0.78,4605,51,5,0.00,2.00,2.0,0.00,0.00,0.0,0.00,5397.00,38.7
56,0.00,32.00,32.0,2.04,0.00,20.00,20.0,99.13,0,2.98,4516,0.78,4605,51,5,0.00,0.00,0.0,0.00,0.00,0.0,0.00,5316.00,38.2
57,1308.00,28.00,1336.0,6.27,0.00,62.00,62.0,99.13,0,2.98,4516,0.78,4613,51,4,0.00,0.00,0.0,0.00,0.00,0.0,0.00,5992.00,37.8
58,648.00,176.00,824.0,14.5,14.00,288.00,302.0,99.13,0,2.74,4516,0.78,4613,51,4,12.00,1.00,13.0,0.00,0.00,0.0,1.00,12912.00,46.0
59,68.00,0.00,68.0,6.28,6.00,169.00,175.0,99.14,0,2.74,4515,0.78,4603,51,4,6.00,0.00,6.0,0.00,0.00,0.0,0.00,6203.00,45.6
60,224.00,216.00,440.0,3.3,0.00,89.00,89.0,99.14,0,2.74,4515,0.78,4603,51,4,0.00,0.00,0.0,0.00,0.00,0.0,0.00,5891.00,35.5
61,92.00,28.00,120.0,9.13,10.00,218.00,228.0,99.15,3,2.74,4515,0.78,4603,51,4,10.00,0.00,10.0,0.00,0.00,0.0,0.00,9054.00,35.6
62,296.00,28.00,324.0,5.86,14.00,214.00,228.0,99.15,0,2.74,4515,0.78,4603,51,4,10.00,0.00,10.0,4.00,4.00,8.0,0.00,6840.00,45.1
63,16.00,444.00,460.0,2.29,1.00,98.00,99.0,99.15,0,2.68,4515,0.78,4603,51,4,0.00,0.00,0.0,0.00,0.00,0.0,1.00,5800.00,35.3
64,0.00,156.00,156.0,5.93,14.00,248.00,262.0,99.16,0,2.68,4515,0.78,4603,51,4,14.00,0.00,14.0,0.00,0.00,0.0,0.00,8316.00,35.4
65,736.00,432.00,1168.0,4.68,6.00,153.00,159.0,99.16,0,2.68,4515,0.78,4603,51,4,0.00,5.00,5.0,0.00,0.00,0.0,3.00,6225.00,36.0
66,8.00,168.00,176.0,3.78,2.00,97.00,99.0,99.16,0,2.68,4515,0.78,4603,51,4,0.00,2.00,2.0,0.00,0.00,0.0,0.00,5701.00,36.1
67,540.00,36.00,576.0,34.13,2.00,410.00,412.0,99.19,9,2.68,4516,0.78,4607,51,4,0.00,2.00,2.0,0.00,0.00,0.0,1.00,22022.00,41.9
68,456.00,388.00,844.0,89.28,3.00,1094.00,1097.0,99.21,14,3.75,4517,0.78,4618,51,4,2.00,1.00,3.0,0.00,0.00,0.0,2.00,58705.00,77.4
69,720.00,1028.00,1748.0,57.89,4.00,385.00,389.0,99.25,5,3.75,4517,0.78,4630,51,4,2.00,3.00,5.0,0.00,0.00,0.0,0.00,26969.00,83.1
70,1560.00,608.00,2168.0,51.01,5.00,209.00,214.0,99.28,21,3.75,4517,0.78,4633,51,4,0.00,2.00,2.0,0.00,0.00,0.0,0.00,17644.00,72.3
71,1556.00,26356.00,27912.0,82.71,1.00,219.00,220.0,99.12,3,3.75,4518,0.81,4650,51,4,2.00,1.00,3.0,0.00,0.00,0.0,12.00,19066.00,81.2
72,2152.00,28.00,2180.0,40.57,2.00,2.00,4.0,99.13,3,3.75,4523,0.81,4672,51,4,0.00,2.00,2.0,0.00,0.00,0.0,5.00,15741.00,72.0
73,2008.00,740.00,2748.0,84.36,3.00,97.00,100.0,99.22,4,4.01,4523,0.81,4694,51,4,0.00,2.00,2.0,0.00,0.00,0.0,1.00,20402.00,80.3
74,3480.00,288.00,3768.0,50.88,1.00,17.00,18.0,99.28,17,4.01,4523,0.81,4702,50,4,0.00,0.00,0.0,0.00,0.00,0.0,0.00,25573.00,80.3
75,1808.00,3844.00,5652.0,75.53,0.00,467.00,467.0,99.3,5,4.01,4523,0.81,4709,50,4,0.00,0.00,0.0,0.00,0.00,0.0,0.00,28069.00,80.1
76,1880.00,9588.00,11468.0,66.2,1.00,289.00,290.0,99.13,8,4.01,4529,0.84,4716,50,4,0.00,0.00,0.0,0.00,0.00,0.0,10.00,28597.00,80.2
77,2676.00,32.00,2708.0,60.27,0.00,14.00,14.0,99.2,2,4.01,4528,0.84,4754,50,4,0.00,0.00,0.0,0.00,0.00,0.0,0.00,17961.00,80.6
78,2580.00,152.00,2732.0,43.99,0.00,2.00,2.0,99.17,10,4.33,4528,0.84,4771,50,4,0.00,0.00,0.0,0.00,0.00,0.0,5.00,22388.00,72.0
79,128.00,492.00,620.0,90.6,0.00,18.00,18.0,99.22,28,4.33,4535,0.84,4757,50,4,0.00,0.00,0.0,0.00,0.00,0.0,6.00,70110.00,83.4
80,252.00,0.00,252.0,91.26,0.00,260.00,260.0,99.26,29,4.33,4540,0.84,4749,50,4,0.00,0.00,0.0,0.00,0.00,0.0,4.00,57716.00,83.6
81,704.00,28.00,732.0,91.98,0.00,23.76,23.76,99.3,31,4.33,4541,0.84,4752,50,4,0.00,0.00,0.0,0.00,0.00,0.0,1.00,63122.00,83.8
82,216.00,25264.00,25480.0,85.23,4.00,463.00,467.0,99.12,4,4.33,4540,0.88,4717,50,4,0.00,0.00,0.0,4.00,4.00,8.0,4.00,28500.00,84.0
83,456.00,1320.00,1776.0,18.65,0.00,0.00,0.0,99.11,0,4.7,4539,0.88,4727,50,4,0.00,0.00,0.0,0.00,0.00,0.0,1.00,7214.00,75.2
84,2248.00,308.00,2556.0,31.45,0.00,201.00,201.0,99.15,13,4.7,4543,0.88,4718,50,4,0.00,0.00,0.0,0.00,0.00,0.0,4.00,29608.00,55.6
85,904.00,820.00,1724.0,71.68,0.00,685.00,685.0,99.14,7,4.7,4542,0.88,4756,50,4,0.00,0.00,0.0,0.00,0.00,0.0,8.00,34608.00,73.6
86,372.00,52.00,424.0,83.44,0.00,737.00,737.0,99.23,3,4.7,4542,0.88,4744,50,4,0.00,0.00,0.0,0.00,0.00,0.0,1.00,42912.00,84.7
87,32.00,36.00,68.0,86.81,0.00,255.00,255.0,99.24,20,4.7,4543,0.88,4763,50,4,0.00,0.00,0.0,0.00,0.00,0.0,1.00,85244.00,84.5
88,1504.00,6228.00,7732.0,74.65,0.00,156.00,156.0,99.18,2,4.7,4543,0.88,4766,50,4,0.00,0.00,0.0,0.00,0.00,0.0,1.00,17329.00,84.7
89,808.00,5292.00,6100.0,18.42,0.00,0.00,0.0,99.13,2,4.81,4542,0.88,4758,50,4,0.00,0.00,0.0,0.00,0.00,0.0,0.00,5861.00,70.6
90,1536.00,312.00,1848.0,52.43,0.00,67.00,67.0,99.25,37,4.81,4542,0.88,4793,50,4,0.00,0.00,0.0,0.00,0.00,0.0,1.00,36943.00,61.5
91,56.00,31740.00,31796.0,81.23,1.00,1.00,2.0,99.02,26,4.81,4543,0.96,4780,50,4,0.99,0.99,1.98,0.00,0.00,0.0,8.00,80375.00,82.9
92,48.00,596.00,644.0,89.4,4.00,54.00,58.0,99.05,31,4.81,4545,0.96,4783,50,4,0.00,0.00,0.0,4.00,4.00,8.0,2.00,88377.00,83.1
93,28.00,64.00,92.0,88.96,0.00,48.00,48.0,99.03,46,4.81,4546,0.96,4792,50,4,0.00,0.00,0.0,0.00,0.00,0.0,2.00,90439.00,83.3
94,164.00,520.00,684.0,90.25,0.00,98.02,98.02,99.06,39,7.06,4545,0.96,4767,50,4,0.00,0.00,0.0,0.00,0.00,0.0,1.00,85794.00,83.4
95,269.31,118.81,388.12,92.77,0.00,512.00,512.0,99.09,21,7.06,4544,0.96,4717,50,4,0.00,0.00,0.0,0.00,0.00,0.0,0.00,58081.00,83.7
96,100.00,52.00,152.0,90.6,1.00,238.00,239.0,99.1,30,7.06,4546,0.96,4742,50,4,0.00,0.00,0.0,0.00,0.00,0.0,3.00,74926.00,84.0
97,272.00,388.00,660.0,92.84,0.00,515.00,515.0,99.13,26,7.06,4546,0.96,4748,50,4,0.00,0.00,0.0,0.00,0.00,0.0,0.00,52460.00,84.1
98,72.00,480.00,552.0,92.88,0.00,708.00,708.0,99.1,33,7.06,4548,0.96,4755,50,4,0.00,0.00,0.0,0.00,0.00,0.0,4.00,55874.00,84.6
99,164.00,976.00,1140.0,91.27,1.00,497.00,498.0,99.11,45,9.7,4549,0.96,4767,50,4,0.00,0.00,0.0,0.00,0.00,0.0,1.00,61794.00,84.9
100,68.00,32.00,100.0,91.48,0.00,622.00,622.0,99.14,67,9.7,4550,0.96,4783,50,4,0.00,0.00,0.0,0.00,0.00,0.0,1.00,68608.00,85.1
101,56.00,68.00,124.0,92.63,0.00,416.00,416.0,99.16,59,9.7,4549,0.96,4773,50,4,0.00,0.00,0.0,0.00,0.00,0.0,0.00,59201.00,85.2
102,12.00,80.00,92.0,93.38,5.00,528.00,533.0,99.18,61,9.7,4550,0.96,4764,50,4,0.00,0.00,0.0,4.00,4.00,8.0,1.00,49603.00,85.1
103,196.00,836.00,1032.0,94.25,0.00,532.00,532.0,99.23,67,9.7,4548,0.96,4754,50,4,0.00,0.00,0.0,0.00,0.00,0.0,2.00,38827.00,85.2
104,4.00,224.00,228.0,94.25,0.00,588.00,588.0,99.29,50,14.05,4547,0.96,4754,50,4,0.00,0.00,0.0,0.00,0.00,0.0,0.00,38151.00,85.2
105,4.00,172.00,176.0,95.5,3.00,623.00,626.0,99.27,46,14.05,4549,0.96,4751,51,5,0.00,2.00,2.0,1.00,1.00,2.0,2.00,35107.00,85.1
106,4.00,484.00,488.0,94.74,2.00,564.00,566.0,99.29,30,14.05,4547,0.96,4726,51,5,0.00,2.00,2.0,0.00,0.00,0.0,0.00,38647.00,85.2
107,0.00,170.30,170.3,95.37,0.00,440.00,440.0,99.28,12,14.05,4546,0.96,4733,51,5,0.00,0.00,0.0,0.00,0.00,0.0,0.00,36067.00,85.1
108,0.00,164.00,164.0,19.85,0.00,66.00,66.0,99.29,0,14.05,4544,0.96,4724,51,5,0.00,0.00,0.0,0.00,0.00,0.0,1.00,8577.00,74.4
109,4.00,0.00,4.0,4.8,1.00,107.00,108.0,99.28,0,13.0,4543,0.96,4728,51,4,0.00,1.00,1.0,0.00,0.00,0.0,0.00,5129.00,38.5
110,0.00,0.00,0.0,2.81,0.00,108.00,108.0,99.28,0,13.0,4542,0.96,4726,51,4,0.00,0.00,0.0,0.00,0.00,0.0,0.00,5572.00,38.3
111,128.00,22828.00,22956.0,2.54,0.00,96.00,96.0,99.27,0,13.0,4542,0.96,4726,51,4,0.00,0.00,0.0,0.00,0.00,0.0,0.00,5267.00,37.9
112,52.00,10852.00,10904.0,11.46,20.00,332.00,352.0,99.27,1,13.0,4542,0.96,4716,51,4,16.00,0.00,16.0,4.00,4.00,8.0,0.00,10225.00,38.0
113,0.00,188.00,188.0,4.68,0.00,128.00,128.0,99.28,0,13.0,4541,0.96,4714,51,4,0.00,0.00,0.0,0.00,0.00,0.0,1.00,5345.00,46.3
114,0.00,172.00,172.0,2.92,0.00,91.00,91.0,99.28,0,12.12,4541,0.96,4714,51,4,0.00,0.00,0.0,0.00,0.00,0.0,0.00,4738.00,35.3
115,8.00,420.00,428.0,9.28,20.00,279.00,299.0,99.28,0,12.12,4538,0.96,4706,51,4,20.00,0.00,20.0,0.00,0.00,0.0,0.00,8547.00,35.4
116,0.00,204.00,204.0,3.18,4.00,125.00,129.0,99.28,0,12.12,4538,0.96,4706,51,4,0.00,4.00,4.0,0.00,0.00,0.0,0.00,5347.00,35.9
117,52.00,68.00,120.0,2.42,2.00,97.00,99.0,99.29,0,12.12,4538,0.96,4706,51,4,0.00,2.00,2.0,0.00,0.00,0.0,0.00,4775.00,35.8
118,0.00,100.00,100.0,6.11,21.00,286.00,307.0,99.29,0,12.12,4538,0.96,4706,51,4,18.00,2.00,20.0,0.00,0.00,0.0,1.00,8315.00,35.9
119,0.00,0.00,0.0,2.67,4.00,135.00,139.0,99.29,0,11.31,4538,0.96,4706,51,4,2.00,2.00,4.0,0.00,0.00,0.0,0.00,5004.00,36.0
120,48.00,32.00,80.0,9.91,1.00,221.00,222.0,99.29,3,11.31,4539,0.96,4706,51,4,0.00,1.00,1.0,0.00,0.00,0.0,1.00,10688.00,35.8
121,60.00,15096.00,15156.0,70.94,22.00,1251.00,1273.0,99.14,12,11.31,4541,0.98,4707,51,4,20.00,2.00,22.0,0.00,0.00,0.0,2.00,62990.00,66.0
122,56.00,44.00,100.0,89.46,6.00,893.00,899.0,99.16,47,11.31,4547,0.98,4742,51,4,0.00,2.00,2.0,4.00,4.00,8.0,6.00,81893.00,82.0
123,48.00,464.00,512.0,89.5,4.00,717.00,721.0,99.18,36,11.31,4547,0.98,4733,51,4,0.00,2.00,2.0,0.00,0.00,0.0,1.00,82552.00,82.4
124,108.00,732.00,840.0,91.88,1.00,622.00,623.0,99.22,43,13.69,4547,0.98,4735,51,4,0.00,1.00,1.0,0.00,0.00,0.0,0.00,70306.00,82.9
125,720.00,148.00,868.0,91.88,0.00,442.00,442.0,99.27,34,13.69,4547,0.98,4752,51,4,0.00,0.00,0.0,0.00,0.00,0.0,3.00,68893.00,83.2
126,0.00,304.00,304.0,88.97,0.00,611.00,611.0,99.3,19,13.69,4547,0.98,4731,51,4,0.00,0.00,0.0,0.00,0.00,0.0,0.00,89974.00,83.5
127,4.00,48580.00,48584.0,79.47,1.00,734.00,735.0,99.07,27,13.69,4549,1.08,4738,51,4,0.00,1.00,1.0,0.00,0.00,0.0,10.00,84794.00,83.6
128,1256.00,876.00,2132.0,88.49,2.00,365.00,367.0,99.09,33,13.69,4549,1.08,4753,51,4,1.00,1.00,2.0,0.00,0.00,0.0,1.00,87229.00,83.8
129,164.00,8.00,172.0,87.36,0.00,251.00,251.0,99.11,39,15.08,4549,1.08,4761,51,4,0.00,0.00,0.0,0.00,0.00,0.0,0.00,115431.00,84.0
130,0.00,4.00,4.0,86.62,1.00,244.00,245.0,99.13,42,15.08,4548,1.08,4751,50,4,0.00,0.00,0.0,0.00,0.00,0.0,0.00,121173.00,84.0
131,228.00,44.00,272.0,89.38,1.00,280.00,281.0,99.15,36,15.08,4549,1.08,4760,50,4,0.00,0.00,0.0,0.00,0.00,0.0,2.00,82886.00,84.0
132,160.00,64.00,224.0,89.86,4.00,295.00,299.0,99.17,43,15.08,4548,1.08,4754,50,4,0.00,0.00,0.0,4.00,4.00,8.0,2.00,86389.00,84.0
133,16.00,424.00,440.0,89.26,0.00,560.00,560.0,99.21,38,15.08,4549,1.08,4725,50,4,0.00,0.00,0.0,0.00,0.00,0.0,3.00,77748.00,84.0
134,88.00,1156.00,1244.0,92.62,0.00,490.00,490.0,99.24,43,16.67,4551,1.08,4736,50,4,0.00,0.00,0.0,0.00,0.00,0.0,1.00,59481.00,84.2
135,88.00,324.00,412.0,91.0,1.00,574.00,575.0,99.27,44,16.67,4554,1.08,4727,50,4,0.00,0.00,0.0,0.00,0.00,0.0,3.00,75034.00,84.3
136,44.00,304.00,348.0,90.75,0.00,666.00,666.0,99.29,51,16.67,4553,1.08,4727,50,4,0.00,0.00,0.0,0.00,0.00,0.0,0.00,69558.00,84.5
137,80.00,29128.00,29208.0,86.88,0.00,693.00,693.0,99.11,46,16.67,4551,1.09,4720,50,4,0.00,0.00,0.0,0.00,0.00,0.0,1.00,50608.00,84.7
138,8.00,928.00,936.0,93.62,0.00,727.00,727.0,99.11,43,16.67,4552,1.09,4731,50,4,0.00,0.00,0.0,0.00,0.00,0.0,2.00,55080.00,84.8
139,4.00,44.00,48.0,90.88,3.00,658.00,661.0,99.13,47,18.62,4551,1.09,4730,51,5,0.00,3.00,3.0,1.00,1.00,2.0,0.00,70163.00,84.8
140,76.00,396.00,472.0,94.62,2.00,674.00,676.0,99.15,46,18.62,4553,1.09,4734,51,5,0.00,0.00,0.0,0.00,0.00,0.0,2.00,48066.00,84.8
141,12.00,288.00,300.0,94.63,0.00,588.00,588.0,99.17,19,18.62,4553,1.09,4736,51,5,2.00,0.00,2.0,0.00,0.00,0.0,0.00,36817.00,84.8
142,92.00,480.00,572.0,96.12,2.00,471.00,473.0,99.2,12,18.62,4551,1.09,4725,51,5,0.00,2.00,2.0,0.00,0.00,0.0,0.00,35063.00,84.9
143,72.00,336.00,408.0,45.24,1.00,110.00,111.0,99.21,0,18.62,4550,1.09,4734,51,4,0.00,1.00,1.0,0.00,0.00,0.0,1.00,12600.00,84.7
144,28.00,1276.00,1304.0,3.14,0.00,160.00,160.0,99.21,0,17.45,4550,1.09,4730,51,4,0.00,0.00,0.0,0.00,0.00,0.0,0.00,6805.00,48.1
145,20.00,576.00,596.0,2.67,0.00,85.00,85.0,99.2,0,17.45,4547,1.09,4724,51,4,0.00,0.00,0.0,0.00,0.00,0.0,0.00,5676.00,40.0
146,28.00,128.00,156.0,8.56,8.00,218.00,226.0,99.2,1,17.45,4545,1.09,4705,51,4,4.00,2.00,6.0,0.00,0.00,0.0,0.00,8585.00,39.4
147,0.00,0.00,0.0,8.19,16.00,233.00,249.0,99.2,0,17.45,4543,1.09,4701,51,4,16.00,2.00,18.0,0.00,0.00,0.0,0.00,6729.00,48.3
148,0.00,116.00,116.0,2.92,1.00,104.00,105.0,99.2,0,17.45,4543,1.09,4701,51,4,0.00,0.00,0.0,0.00,0.00,0.0,1.00,5716.00,35.6
149,632.00,32.00,664.0,6.92,17.00,211.00,228.0,99.21,0,16.05,4544,1.09,4702,52,4,17.00,5.00,22.0,0.00,0.00,0.0,2.00,7431.00,36.0
150,1004.00,748.00,1752.0,3.03,12.00,185.00,197.0,99.22,0,16.05,4542,1.09,4699,52,4,12.00,7.00,19.0,0.00,0.00,0.0,0.00,6800.00,36.4
151,112.00,36.00,148.0,3.54,0.00,104.00,104.0,99.22,1,16.05,4542,1.09,4699,52,4,0.00,0.00,0.0,0.00,0.00,0.0,0.00,5256.00,36.2
152,16.00,596.00,612.0,12.09,19.00,340.00,359.0,99.23,3,16.05,4543,1.09,4700,52,4,14.00,1.00,15.0,4.00,4.00,8.0,1.00,16097.00,36.4
153,852.00,52.00,904.0,41.49,9.00,386.00,395.0,99.23,4,16.05,4549,1.09,4722,51,4,9.00,3.00,12.0,0.00,0.00,0.0,9.00,36253.00,56.9
154,8.00,652.00,660.0,55.49,0.00,284.00,284.0,99.24,3,15.17,4549,1.09,4724,51,4,0.00,0.00,0.0,0.00,0.00,0.0,0.00,24485.00,70.8
155,156.00,33288.00,33444.0,76.86,14.00,980.00,994.0,99.15,24,15.17,4550,1.13,4711,51,4,14.00,0.00,14.0,0.00,0.00,0.0,22.00,78170.00,76.8
156,36.00,4808.00,4844.0,88.08,4.00,1163.00,1167.0,99.14,26,15.17,4551,1.13,4719,51,4,4.00,0.00,4.0,0.00,0.00,0.0,7.00,66867.00,85.7
157,48.00,884.00,932.0,88.62,0.00,748.00,748.0,99.17,50,15.17,4553,1.13,4732,51,4,0.00,0.00,0.0,0.00,0.00,0.0,2.00,87184.00,85.8
158,172.00,60.00,232.0,92.24,1.00,462.00,463.0,99.2,38,15.17,4554,1.13,4729,51,4,0.00,0.00,0.0,0.00,0.00,0.0,3.00,73623.00,85.7
159,52.00,584.00,636.0,88.5,2.00,548.00,550.0,99.22,46,17.56,4556,1.13,4750,51,4,0.00,2.00,2.0,0.00,0.00,0.0,2.00,85270.00,85.6
160,56.00,540.00,596.0,90.51,0.00,546.00,546.0,99.23,26,17.56,4557,1.13,4745,51,4,0.00,0.00,0.0,0.00,0.00,0.0,1.00,67509.00,85.6
161,260.00,228.00,488.0,89.36,1.00,930.00,931.0,99.26,34,17.56,4557,1.13,4740,51,4,0.00,0.00,0.0,0.00,0.00,0.0,0.00,89318.00,85.5
162,12.00,76.00,88.0,84.89,6.00,588.00,594.0,99.29,31,17.56,4555,1.13,4755,51,4,1.00,2.00,3.0,4.00,4.00,8.0,0.00,137475.00,85.3
163,144.00,23076.00,23220.0,80.68,0.00,299.00,299.0,99.27,42,17.56,4552,1.13,4763,51,4,0.00,0.00,0.0,0.00,0.00,0.0,6.00,130441.00,85.2
164,16.00,34196.00,34212.0,81.0,3.00,340.00,343.0,99.07,37,18.79,4552,1.23,4742,51,4,2.00,0.00,2.0,0.00,0.00,0.0,15.00,95497.00,85.0
165,8.00,480.00,488.0,89.36,0.00,450.00,450.0,99.1,24,18.79,4553,1.23,4719,51,4,0.00,0.00,0.0,0.00,0.00,0.0,2.00,81470.00,85.2
166,40.00,84.00,124.0,88.79,0.00,714.00,714.0,99.12,30,18.79,4554,1.23,4721,51,4,0.00,0.00,0.0,0.00,0.00,0.0,1.00,95322.00,85.1
167,8.00,508.00,516.0,90.01,2.00,760.00,762.0,99.14,27,18.79,4556,1.23,4725,51,4,2.00,0.00,2.0,0.00,0.00,0.0,2.00,75745.00,85.1
168,12.00,456.00,468.0,90.36,0.00,1022.00,1022.0,99.16,43,18.79,4553,1.23,4724,51,4,0.00,0.00,0.0,0.00,0.00,0.0,2.00,77559.00,85.1
169,84.00,68.00,152.0,90.14,2.00,884.00,886.0,99.15,38,20.49,4554,1.23,4726,51,4,0.00,2.00,2.0,0.00,0.00,0.0,2.00,81737.00,85.1
170,68.00,60.00,128.0,92.5,3.00,996.00,999.0,99.17,42,20.49,4553,1.23,4728,51,4,2.00,1.00,3.0,0.00,0.00,0.0,0.00,62053.00,84.9
171,24.00,428.00,452.0,93.98,2.00,768.00,770.0,99.19,19,20.49,4553,1.23,4737,51,4,0.00,2.00,2.0,0.00,0.00,0.0,0.00,40410.00,84.9
172,32.00,444.00,476.0,94.23,10.00,373.00,383.0,99.18,6,20.49,4553,1.23,4744,51,4,2.00,2.00,4.0,6.00,6.00,12.0,0.00,20206.00,84.9
173,4.00,404.00,408.0,47.23,6.00,350.00,356.0,99.19,4,20.49,4554,1.23,4738,51,5,4.00,1.00,5.0,1.00,1.00,2.0,2.00,16434.00,79.7
174,0.00,148.00,148.0,56.75,10.00,372.00,382.0,99.19,1,19.33,4556,1.23,4745,50,5,8.00,1.00,9.0,0.00,0.00,0.0,4.00,37283.00,72.3
175,0.00,84.00,84.0,33.0,6.00,267.00,273.0,99.19,2,19.33,4556,1.23,4742,50,5,6.00,0.00,6.0,0.00,0.00,0.0,1.00,61508.00,63.3
176,124.00,664.00,788.0,35.76,4.00,149.00,153.0,99.21,2,19.33,4555,1.23,4737,50,5,4.00,0.00,4.0,0.00,0.00,0.0,1.00,22850.00,72.0
177,0.00,116.00,116.0,32.7,0.00,274.00,274.0,99.22,1,19.33,4557,1.23,4740,50,4,0.00,0.00,0.0,0.00,0.00,0.0,4.00,31269.00,65.9
178,48.00,64.00,112.0,31.67,3.00,362.00,365.0,99.23,1,19.33,4557,1.23,4738,50,4,2.00,1.00,3.0,0.00,0.00,0.0,1.00,18006.00,65.3
179,4.00,0.00,4.0,3.54,0.00,85.00,85.0,99.21,0,17.94,4556,1.23,4738,50,4,0.00,0.00,0.0,0.00,0.00,0.0,0.00,4924.00,52.1
180,188.00,0.00,188.0,3.31,2.00,160.00,162.0,99.21,0,17.94,4556,1.23,4738,50,4,2.00,0.00,2.0,0.00,0.00,0.0,0.00,7119.00,33.8
181,84.00,316.00,400.0,5.95,18.00,225.00,243.0,99.22,0,17.94,4555,1.23,4737,50,4,18.00,0.00,18.0,0.00,0.00,0.0,0.00,6660.00,42.2
182,84.00,68.00,152.0,2.78,4.00,118.00,122.0,99.22,0,17.94,4553,1.23,4733,50,4,0.00,0.00,0.0,4.00,4.00,8.0,0.00,5883.00,41.5
183,0.00,48.00,48.0,7.71,11.00,245.00,256.0,99.22,0,17.94,4550,1.23,4720,50,4,8.00,0.00,8.0,0.00,0.00,0.0,2.00,11668.00,34.4
184,4.00,488.00,492.0,36.24,10.00,596.00,606.0,99.22,12,16.5,4554,1.23,4728,50,4,12.00,0.00,12.0,0.00,0.00,0.0,8.00,39917.00,46.0
185,1028.00,124.00,1152.0,53.09,2.00,574.00,576.0,99.24,2,16.5,4552,1.23,4721,50,4,2.00,1.00,3.0,0.00,0.00,0.0,3.00,50576.00,74.4
186,0.00,8.00,8.0,68.07,0.00,660.00,660.0,99.27,4,16.5,4553,1.23,4723,50,4,0.00,0.00,0.0,0.00,0.00,0.0,1.00,97836.00,74.4
187,8.00,76.00,84.0,78.37,1.00,1460.00,1461.0,99.29,29,16.5,4551,1.23,4715,50,4,0.00,0.00,0.0,0.00,0.00,0.0,1.00,105826.00,82.3
188,60.00,46312.00,46372.0,82.48,2.00,869.00,871.0,99.3,20,16.5,4552,1.23,4722,50,4,2.00,0.00,2.0,0.00,0.00,0.0,6.00,102094.00,82.5
189,12.00,13896.00,13908.0,80.4,0.00,889.00,889.0,99.07,20,17.19,4554,1.27,4724,50,4,0.00,0.00,0.0,0.00,0.00,0.0,10.89,109748.51,82.7
190,0.00,72.00,72.0,83.1,1.00,1268.00,1269.0,99.09,16,17.19,4557,1.27,4735,50,4,0.00,0.00,0.0,0.00,0.00,0.0,3.00,129957.00,82.9
191,616.00,900.00,1516.0,81.2,2.00,759.00,761.0,99.07,30,17.19,4558,1.27,4739,50,4,2.00,0.00,2.0,0.00,0.00,0.0,1.00,135531.00,83.0
192,1564.00,272.00,1836.0,84.84,5.00,451.00,456.0,99.11,22,17.19,4558,1.27,4753,50,4,0.00,0.00,0.0,4.00,4.00,8.0,1.00,131484.00,83.3
193,0.00,128.00,128.0,88.08,1.00,761.00,762.0,99.13,29,17.19,4558,1.27,4727,50,4,0.00,0.00,0.0,0.00,0.00,0.0,2.00,99073.00,83.3
194,64.00,948.00,1012.0,79.5,2.00,907.00,909.0,99.14,14,17.33,4557,1.27,4738,50,4,2.00,0.00,2.0,0.00,0.00,0.0,0.00,123145.00,83.4
195,56.00,124.00,180.0,83.63,2.00,1253.00,1255.0,99.16,20,17.33,4557,1.27,4738,50,4,2.00,0.00,2.0,0.00,0.00,0.0,1.00,106963.00,83.6
196,12.00,592.00,604.0,88.58,0.00,1126.00,1126.0,99.17,22,17.33,4557,1.27,4735,50,4,0.00,0.00,0.0,0.00,0.00,0.0,0.00,79490.00,83.8
197,64.00,544.00,608.0,80.7,2.00,1066.00,1068.0,99.22,11,17.33,4557,1.27,4732,50,4,2.00,0.00,2.0,0.00,0.00,0.0,0.00,64687.00,83.9
198,240.00,66024.00,66264.0,38.16,3.00,489.00,492.0,99.14,1,17.33,4557,1.36,4739,50,4,2.00,0.00,2.0,0.00,0.00,0.0,1.00,23783.00,77.8
199,252.00,4.00,256.0,3.03,4.00,169.00,173.0,99.11,0,18.19,4553,1.36,4728,50,4,2.00,0.00,2.0,0.00,0.00,0.0,0.00,6334.00,49.0
200,152.00,20.00,172.0,3.8,6.00,165.00,171.0,99.11,0,18.19,4553,1.36,4726,50,4,8.00,0.00,8.0,0.00,0.00,0.0,0.00,6997.00,41.0
201,0.00,20.00,20.0,4.68,8.00,188.00,196.0,99.0,0,18.19,4552,1.36,4721,50,4,8.00,0.00,8.0,0.00,0.00,0.0,0.00,6489.00,40.3
202,24.00,792.00,816.0,3.81,12.00,177.00,189.0,99.0,0,18.19,4551,1.36,4719,50,4,7.92,0.00,7.92,4.00,4.00,8.0,0.00,6231.00,39.9
203,64.00,108.00,172.0,8.54,6.00,424.00,430.0,99.01,0,18.19,4551,1.36,4715,50,4,6.00,0.00,6.0,0.00,0.00,0.0,3.00,21889.00,39.7
204,48.00,1416.00,1464.0,25.32,6.00,662.00,668.0,99.02,0,18.97,4553,1.36,4727,50,4,6.00,0.00,6.0,0.00,0.00,0.0,3.00,71589.00,50.5
205,24.00,1080.00,1104.0,37.98,8.00,507.00,515.0,99.05,2,18.97,4551,1.36,4725,50,4,8.00,0.00,8.0,0.00,0.00,0.0,1.00,79843.00,60.0
206,48.00,44.00,92.0,24.81,4.00,432.00,436.0,99.07,21,18.97,4552,1.36,4733,50,4,4.00,0.00,4.0,0.00,0.00,0.0,3.00,74105.00,60.2
207,24.00,184.00,208.0,53.08,7.00,553.00,560.0,99.08,0,18.97,4556,1.36,4737,50,4,7.00,1.00,8.0,0.00,0.00,0.0,3.00,46084.00,60.7
208,64.00,412.00,476.0,40.0,9.00,1027.00,1036.0,99.1,1,18.97,4557,1.36,4742,51,5,6.00,3.00,9.0,1.00,1.00,2.0,3.00,51743.00,60.9
209,80.00,168.00,248.0,65.13,8.00,1209.00,1217.0,99.11,15,18.01,4558,1.36,4735,51,5,6.00,2.00,8.0,0.00,0.00,0.0,1.00,101683.00,76.4
210,32.00,2032.00,2064.0,83.27,5.00,1215.00,1220.0,99.13,25,18.01,4558,1.36,4738,51,5,4.00,1.00,5.0,0.00,0.00,0.0,0.00,107978.00,76.9
211,164.00,260.00,424.0,82.94,2.00,844.00,846.0,99.16,9,18.01,4558,1.36,4758,51,5,0.00,2.00,2.0,0.00,0.00,0.0,0.00,143159.00,84.9
212,60.00,820.00,880.0,78.27,6.00,1144.00,1150.0,99.21,17,18.01,4557,1.36,4745,51,4,0.00,2.00,2.0,4.00,4.00,8.0,0.00,138293.00,84.6
213,454.00,21612.00,22066.0,79.8,1.00,729.00,730.0,99.27,32,18.01,4557,1.36,4755,51,4,0.00,1.00,1.0,0.00,0.00,0.0,5.00,127839.00,84.6
214,392.00,19104.00,19496.0,85.25,2.00,856.00,858.0,99.16,22,20.49,4559,1.36,4743,51,4,0.00,2.00,2.0,0.00,0.00,0.0,7.00,64972.00,84.4
215,64.00,1048.00,1112.0,88.21,5.00,1184.00,1189.0,99.15,24,20.49,4559,1.36,4735,51,4,5.00,1.00,6.0,0.00,0.00,0.0,0.00,89026.00,84.5
216,1200.00,832.00,2032.0,81.69,5.00,1197.00,1202.0,99.23,15,20.49,4561,1.36,4751,52,4,4.00,3.00,7.0,0.00,0.00,0.0,2.00,95482.00,84.5
217,356.00,672.00,1028.0,49.43,6.00,1279.00,1285.0,99.21,2,20.49,4561,1.36,4751,52,4,4.00,7.00,11.0,0.00,0.00,0.0,1.00,62517.00,83.9
218,652.00,312.00,964.0,19.17,4.00,349.00,353.0,99.21,0,20.49,4559,1.36,4756,52,4,4.00,2.00,6.0,0.00,0.00,0.0,1.00,19613.00,68.3
219,192.00,0.00,192.0,3.05,8.00,187.00,195.0,99.21,0,18.85,4555,1.36,4736,52,4,6.00,2.00,8.0,0.00,0.00,0.0,0.00,6376.00,46.4
220,832.00,608.00,1440.0,2.78,5.00,151.00,156.0,99.21,0,18.85,4552,1.36,4725,51,4,5.00,2.00,7.0,0.00,0.00,0.0,0.00,7054.00,36.9
221,12.00,316.00,328.0,3.66,12.00,209.00,221.0,99.18,0,18.85,4551,1.36,4716,51,4,12.00,0.00,12.0,0.00,0.00,0.0,1.00,7126.00,36.9
222,0.00,136.00,136.0,1.91,13.00,163.00,176.0,99.18,0,18.85,4547,1.36,4704,51,4,6.00,3.00,9.0,4.00,4.00,8.0,0.00,6293.00,36.8
223,0.00,148.00,148.0,3.17,6.00,149.00,155.0,99.19,0,18.85,4546,1.36,4702,51,4,4.00,1.00,5.0,0.00,0.00,0.0,1.00,6217.00,36.6
224,404.00,76.00,480.0,15.88,11.00,534.00,545.0,99.19,7,17.42,4544,1.36,4691,51,4,10.00,1.00,11.0,0.00,0.00,0.0,3.00,28682.00,37.2
225,32.00,644.00,676.0,45.82,6.00,656.00,662.0,99.2,4,17.42,4550,1.36,4715,51,4,6.00,0.00,6.0,0.00,0.00,0.0,6.00,67630.00,67.9
226,0.00,28.00,28.0,48.33,6.00,463.00,469.0,99.22,1,17.42,4551,1.36,4722,51,4,6.00,0.00,6.0,0.00,0.00,0.0,1.00,102169.00,60.4
227,0.00,180.00,180.0,19.16,5.00,438.00,443.0,99.23,1,17.42,4553,1.36,4727,51,4,4.00,1.00,5.0,0.00,0.00,0.0,2.00,44813.00,70.1
228,4.00,44.00,48.0,52.13,6.00,1211.00,1217.0,99.24,12,17.42,4557,1.36,4734,51,4,6.00,0.00,6.0,0.00,0.00,0.0,5.00,78911.00,52.5
229,48.00,516.00,564.0,68.78,6.00,1538.00,1544.0,99.28,13,17.63,4557,1.36,4724,51,4,6.00,0.00,6.0,0.00,0.00,0.0,1.00,118939.00,80.2
230,196.00,20.00,216.0,76.4,5.00,1421.00,1426.0,99.3,19,17.63,4559,1.36,4737,51,4,4.00,1.00,5.0,0.00,0.00,0.0,2.00,123844.00,80.1
231,116.00,72984.00,73100.0,76.0,1.00,677.00,678.0,99.11,35,17.63,4558,1.46,4736,51,4,0.00,1.00,1.0,0.00,0.00,0.0,0.00,121664.00,80.5
232,20.00,104.00,124.0,85.96,6.00,615.00,621.0,99.12,23,17.63,4560,1.46,4739,51,4,2.00,0.00,2.0,4.00,4.00,8.0,1.98,120986.14,81.0
233,40.00,1672.00,1712.0,81.85,2.00,894.00,896.0,99.21,16,17.63,4559,1.46,4715,51,4,2.00,0.00,2.0,0.00,0.00,0.0,1.00,134122.00,81.4
234,27.72,586.14,613.86,81.56,2.00,795.00,797.0,99.24,18,18.86,4560,1.46,4732,50,4,0.00,0.00,0.0,1.00,1.00,2.0,1.00,136192.00,81.8
235,8.00,21484.00,21492.0,65.02,2.00,1014.00,1016.0,99.05,0,18.86,4558,1.47,4727,50,4,2.00,0.00,2.0,0.00,0.00,0.0,2.00,100650.00,81.8
236,600.00,1208.00,1808.0,50.89,2.00,1269.00,1271.0,99.06,16,18.86,4559,1.47,4724,50,4,2.00,0.00,2.0,0.00,0.00,0.0,1.00,102426.00,74.3
237,4.00,540.00,544.0,62.59,1.00,1358.00,1359.0,99.1,2,18.86,4558,1.47,4730,50,4,0.00,0.00,0.0,0.00,0.00,0.0,0.00,87914.00,74.9
238,24.00,368.00,392.0,17.79,2.00,714.00,716.0,99.11,0,18.86,4556,1.47,4737,50,4,2.00,0.00,2.0,0.00,0.00,0.0,1.00,37323.00,68.3
239,40.00,0.00,40.0,2.42,4.00,152.00,156.0,99.11,0,17.35,4554,1.47,4735,50,4,4.00,0.00,4.0,0.00,0.00,0.0,0.00,5537.00,41.3
240,116.00,24.00,140.0,3.17,6.00,179.00,185.0,99.11,0,17.35,4553,1.47,4727,50,4,6.00,0.00,6.0,0.00,0.00,0.0,0.00,7020.00,36.1
241,100.00,28.00,128.0,7.22,10.00,418.00,428.0,99.11,1,17.35,4555,1.47,4726,50,4,10.00,0.00,10.0,0.00,0.00,0.0,2.00,20616.00,36.3
242,0.00,92.00,92.0,22.05,6.00,664.00,670.0,99.11,8,17.35,4554,1.47,4735,51,5,4.00,2.00,6.0,1.00,1.00,2.0,2.00,61174.00,45.7
243,40.00,452.00,492.0,32.66,7.00,492.00,499.0,99.25,12,17.35,4554,1.47,4725,51,5,6.00,0.00,6.0,0.00,0.00,0.0,2.00,80722.00,54.5
244,4.00,624.00,628.0,26.98,9.00,409.00,418.0,99.29,0,16.36,4554,1.47,4721,51,5,8.00,1.00,9.0,0.00,0.00,0.0,2.00,82293.00,63.8
245,936.00,380.00,1316.0,22.34,2.00,468.00,470.0,99.3,9,16.36,4557,1.47,4729,51,5,2.00,0.00,2.0,0.00,0.00,0.0,7.00,50833.00,52.1
246,68.00,49120.00,49188.0,23.27,2.00,474.00,476.0,99.08,0,16.36,4558,1.54,4734,51,5,1.00,1.00,2.0,0.00,0.00,0.0,1.00,26133.00,68.0
247,0.00,832.00,832.0,4.68,3.00,199.00,202.0,99.07,0,16.36,4558,1.54,4743,51,4,1.00,3.00,4.0,0.00,0.00,0.0,0.00,10519.00,42.3
248,620.00,0.00,620.0,2.16,0.00,85.00,85.0,98.94,0,16.36,4558,1.54,4743,51,4,0.00,0.00,0.0,0.00,0.00,0.0,1.00,5024.00,41.9
249,56.00,0.00,56.0,2.92,2.00,108.00,110.0,98.94,0,15.05,4558,1.54,4743,51,4,0.00,0.00,0.0,0.00,0.00,0.0,0.00,5137.00,35.3
250,16.00,28.00,44.0,7.91,22.00,463.00,485.0,98.95,0,15.05,4556,1.54,4729,51,4,20.00,2.00,22.0,0.00,0.00,0.0,0.00,24195.00,35.6
251,24.00,28.00,52.0,13.18,1.00,368.00,369.0,98.95,0,15.05,4558,1.54,4738,51,4,0.00,1.00,1.0,0.00,0.00,0.0,2.00,35461.00,45.5
252,0.00,408.00,408.0,15.39,6.00,369.00,375.0,98.95,0,15.05,4558,1.54,4736,51,5,0.00,1.00,1.0,4.00,4.00,8.0,0.00,74186.00,45.4
253,4.00,400.00,404.0,42.12,18.00,1523.00,1541.0,98.97,24,15.05,4558,1.54,4726,51,4,18.00,0.00,18.0,0.00,0.00,0.0,1.00,84390.00,56.3
254,676.00,1632.00,2308.0,81.89,0.00,1235.00,1235.0,98.98,15,15.85,4558,1.54,4725,51,4,0.00,0.00,0.0,0.00,0.00,0.0,0.00,137015.00,74.7
255,84.00,264.00,348.0,83.83,0.00,1428.00,1428.0,99.0,14,15.85,4558,1.54,4712,51,4,0.00,0.00,0.0,0.00,0.00,0.0,3.00,114866.00,84.6
256,0.00,40.00,40.0,79.6,4.00,671.00,675.0,99.02,22,15.85,4557,1.54,4743,51,4,4.00,0.00,4.0,0.00,0.00,0.0,1.00,165904.00,84.5
257,68.00,432.00,500.0,83.9,0.00,554.00,554.0,99.06,16,15.85,4558,1.54,4737,51,4,0.00,0.00,0.0,0.00,0.00,0.0,1.00,139958.00,84.4
258,12.00,76.00,88.0,75.51,2.00,1154.00,1156.0,99.12,20,15.85,4557,1.54,4725,51,4,2.00,0.00,2.0,0.00,0.00,0.0,1.00,109145.00,84.3
259,104.00,508.00,612.0,85.34,5.00,1382.00,1387.0,99.18,38,15.62,4559,1.54,4723,51,4,4.00,1.00,5.0,0.00,0.00,0.0,2.00,103518.00,83.9
260,132.00,37228.00,37360.0,89.22,1.00,1234.00,1235.0,99.22,25,15.62,4560,1.54,4709,51,4,0.00,1.00,1.0,0.00,0.00,0.0,1.00,83530.00,83.9
261,144.00,17448.00,17592.0,80.85,2.00,1189.00,1191.0,99.08,12,15.62,4560,1.59,4718,51,4,2.00,0.00,2.0,0.00,0.00,0.0,5.00,81133.00,84.1
262,660.00,644.00,1304.0,53.52,0.00,644.00,644.0,99.03,1,15.62,4561,1.59,4744,51,4,0.00,0.00,0.0,0.00,0.00,0.0,3.00,107696.00,83.9
263,0.00,412.00,412.0,24.97,5.00,454.00,459.0,98.95,1,15.62,4561,1.59,4735,51,4,0.00,1.00,1.0,4.00,4.00,8.0,1.00,56815.00,60.3
264,296.00,476.00,772.0,38.13,8.00,731.00,739.0,98.96,4,14.61,4561,1.59,4736,51,4,8.00,0.00,8.0,0.00,0.00,0.0,0.00,48893.00,60.5
265,64.00,1784.00,1848.0,26.92,8.00,547.00,555.0,98.97,1,14.61,4560,1.59,4737,51,4,8.00,0.00,8.0,0.00,0.00,0.0,0.00,25308.00,66.0
266,212.00,5360.00,5572.0,14.59,3.00,127.00,130.0,98.98,1,14.61,4558,1.59,4733,51,4,2.00,1.00,3.0,0.00,0.00,0.0,0.00,5947.00,56.5
267,0.00,184.00,184.0,15.66,8.00,268.00,276.0,98.98,2,14.61,4558,1.59,4732,51,4,6.00,2.00,8.0,0.00,0.00,0.0,1.00,12345.00,55.9
268,0.00,8.00,8.0,34.05,14.00,485.00,499.0,99.04,1,14.61,4561,1.59,4736,51,4,12.00,2.00,14.0,0.00,0.00,0.0,4.00,37275.00,55.9
269,1508.00,1432.00,2940.0,20.55,6.00,343.00,349.0,99.08,0,13.52,4558,1.59,4730,51,4,4.00,2.00,6.0,0.00,0.00,0.0,0.00,64147.00,63.3
270,108.00,1720.00,1828.0,8.66,5.00,333.00,338.0,99.09,0,13.52,4557,1.59,4728,51,4,4.00,1.00,5.0,0.00,0.00,0.0,1.00,28309.00,50.4
271,608.00,1692.00,2300.0,14.0,12.00,449.00,461.0,99.04,3,13.52,4561,1.59,4735,51,4,10.00,2.00,12.0,0.00,0.00,0.0,5.00,33660.00,50.3
272,520.00,1680.00,2200.0,18.05,8.00,576.00,584.0,99.05,3,13.52,4562,1.59,4736,52,5,4.00,3.00,7.0,2.00,2.00,4.0,2.00,35300.00,50.1
273,116.00,1028.00,1144.0,45.76,6.00,1238.00,1244.0,99.08,6,13.52,4563,1.59,4729,52,5,4.00,2.00,6.0,0.00,0.00,0.0,2.00,90396.00,61.5
274,152.00,140.00,292.0,63.95,11.00,1451.00,1462.0,99.07,17,13.16,4563,1.59,4725,51,5,10.00,0.00,10.0,0.00,0.00,0.0,0.00,138595.00,74.3
275,20.00,716.00,736.0,77.4,3.00,946.00,949.0,99.16,7,13.16,4561,1.59,4735,51,5,2.00,0.00,2.0,0.00,0.00,0.0,1.00,160318.00,83.1
276,64.00,816.00,880.0,58.44,3.00,1088.00,1091.0,99.17,14,13.16,4562,1.59,4747,52,5,0.00,4.00,4.0,0.00,0.00,0.0,2.00,171396.00,82.8
277,20.00,37656.00,37676.0,62.18,8.00,1125.00,1133.0,99.18,23,13.16,4562,1.59,4732,52,4,4.00,2.00,6.0,2.00,2.00,4.0,1.00,129555.00,82.5
278,48.00,1092.00,1140.0,80.12,4.00,1670.00,1674.0,99.21,21,13.16,4563,1.59,4722,52,5,2.00,1.00,3.0,1.00,1.00,2.0,1.00,122100.00,82.2
279,4.00,76.00,80.0,73.73,2.00,1588.00,1590.0,99.22,15,13.06,4564,1.59,4739,51,5,0.00,0.00,0.0,0.00,0.00,0.0,2.00,125862.00,82.4
280,36.00,1436.00,1472.0,58.34,2.00,960.00,962.0,99.24,1,13.06,4564,1.59,4733,52,5,0.00,3.00,3.0,0.00,0.00,0.0,0.00,107642.00,82.1
281,64.00,56.00,120.0,17.62,2.00,486.00,488.0,99.23,0,13.06,4563,1.59,4735,52,5,0.00,2.00,2.0,0.00,0.00,0.0,0.00,48142.00,60.4
282,84.00,9976.00,10060.0,22.12,2.00,685.00,687.0,99.24,7,13.06,4562,1.59,4740,52,4,0.00,1.00,1.0,0.00,0.00,0.0,1.00,45891.00,54.5
283,196.00,588.00,784.0,9.81,5.00,266.00,271.0,99.25,0,13.06,4561,1.59,4740,51,4,0.00,0.00,0.0,4.00,4.00,8.0,0.00,12701.00,54.8
284,444.00,116.00,560.0,2.92,5.00,103.00,108.0,99.26,0,12.02,4561,1.59,4740,51,4,5.00,5.00,10.0,0.00,0.00,0.0,1.00,6024.00,37.0
285,172.00,484.00,656.0,3.65,17.00,297.00,314.0,99.26,0,12.02,4561,1.59,4733,51,4,17.00,1.00,18.0,0.00,0.00,0.0,0.00,8515.00,36.9
286,48.00,32.00,80.0,3.93,4.00,151.00,155.0,99.26,0,12.02,4560,1.59,4725,51,4,4.00,0.00,4.0,0.00,0.00,0.0,0.00,5992.00,37.1
287,16.00,196.00,212.0,2.92,0.00,113.00,113.0,99.26,1,12.02,4558,1.59,4721,51,4,0.00,0.00,0.0,0.00,0.00,0.0,0.00,5492.00,37.1
288,0.00,0.00,0.0,7.23,16.00,371.00,387.0,99.26,0,12.02,4557,1.59,4716,51,4,16.00,0.00,16.0,0.00,0.00,0.0,2.00,15414.00,37.1
289,8.00,8.00,16.0,12.77,8.00,409.00,417.0,99.26,0,11.21,4560,1.59,4731,52,4,6.00,4.00,10.0,0.00,0.00,0.0,5.00,38620.00,42.2
290,0.00,312.00,312.0,11.89,4.00,303.00,307.0,99.27,0,11.21,4560,1.59,4727,52,4,2.00,2.00,4.0,0.00,0.00,0.0,1.00,62724.00,42.4
291,28.00,244.00,272.0,7.77,12.00,341.00,353.0,99.28,3,11.21,4558,1.59,4728,52,4,12.00,0.00,12.0,0.00,0.00,0.0,2.00,26141.00,42.8
292,8.00,116.00,124.0,14.41,4.00,416.00,420.0,99.29,1,11.21,4560,1.59,4732,52,4,4.00,0.00,4.0,0.00,0.00,0.0,4.00,31021.00,43.0
293,372.00,24584.00,24956.0,11.83,10.00,529.00,539.0,99.29,1,11.21,4562,1.59,4734,51,4,4.00,1.00,5.0,4.00,4.00,8.0,1.00,28996.00,43.1
294,52.00,29920.00,29972.0,41.07,10.00,1724.00,1734.0,99.05,17,11.2,4563,1.66,4730,51,4,10.00,0.00,10.0,0.00,0.00,0.0,6.00,112114.00,58.6
295,4.00,832.00,836.0,81.68,4.00,1449.00,1453.0,99.07,23,11.2,4563,1.66,4722,51,4,4.00,0.00,4.0,0.00,0.00,0.0,1.00,147354.00,74.1
296,144.00,1064.00,1208.0,72.42,2.00,1361.00,1363.0,99.1,20,11.2,4562,1.66,4734,51,4,2.00,0.00,2.0,0.00,0.00,0.0,0.00,175409.00,82.8
297,20.00,780.00,800.0,73.68,2.00,1096.00,1098.0,99.12,18,11.2,4562,1.66,4731,52,4,0.00,3.00,3.0,0.00,0.00,0.0,1.00,190407.00,82.8
298,1416.00,512.00,1928.0,68.36,2.00,1269.00,1271.0,99.16,3,11.2,4563,1.66,4720,52,4,0.00,1.00,1.0,0.00,0.00,0.0,1.00,150030.00,82.5
299,152.00,680.00,832.0,65.51,2.00,1876.00,1878.0,99.19,13,11.82,4563,1.66,4728,52,4,2.00,0.00,2.0,0.00,0.00,0.0,2.00,142158.00,82.4
300,28.00,31448.00,31476.0,62.47,1.00,1739.00,1740.0,99.21,6,11.82,4563,1.66,4744,52,4,0.00,1.00,1.0,0.00,0.00,0.0,0.00,97120.00,82.0
301,204.00,1060.00,1264.0,16.77,1.00,704.00,705.0,99.22,0,11.82,4563,1.66,4749,51,4,0.00,0.00,0.0,0.00,0.00,0.0,0.00,28665.00,63.3
302,28.00,236.00,264.0,11.0,2.00,279.00,281.0,99.23,0,11.82,4563,1.66,4752,51,4,2.00,0.00,2.0,0.00,0.00,0.0,0.00,16561.00,49.3
303,0.00,196.00,196.0,3.8,9.00,196.00,205.0,99.23,0,11.82,4561,1.66,4746,51,4,8.00,0.00,8.0,0.00,0.00,0.0,0.00,6845.00,43.1
304,8.00,436.00,444.0,3.44,6.00,202.00,208.0,99.23,0,10.88,4557,1.66,4729,51,4,6.00,0.00,6.0,0.00,0.00,0.0,1.00,8679.00,37.2
305,864.00,68.00,932.0,9.71,8.00,405.00,413.0,99.24,5,10.88,4562,1.66,4739,52,4,6.00,2.00,8.0,0.00,0.00,0.0,9.00,31848.00,37.3
306,0.00,10560.00,10560.0,14.74,2.00,387.00,389.0,99.25,3,10.88,4561,1.66,4738,52,4,0.00,2.00,2.0,0.00,0.00,0.0,0.00,36725.00,48.4
307,4.00,648.00,652.0,12.25,2.00,291.00,293.0,99.25,0,10.88,4558,1.66,4732,52,4,0.00,2.00,2.0,0.00,0.00,0.0,1.00,59107.00,48.2
308,0.00,16.00,16.0,9.15,3.00,336.00,339.0,99.26,1,10.88,4560,1.66,4729,51,4,0.00,1.00,1.0,0.00,0.00,0.0,5.00,31724.00,39.0
309,272.00,29056.00,29328.0,20.6,1.00,460.00,461.0,99.09,1,10.08,4562,1.72,4733,51,4,0.00,1.00,1.0,0.00,0.00,0.0,15.00,20449.00,51.6
310,112.00,32.00,144.0,6.34,6.00,170.00,176.0,99.09,0,10.08,4563,1.72,4737,51,4,4.00,2.00,6.0,0.00,0.00,0.0,1.00,7621.00,51.5
311,160.00,28.00,188.0,3.17,4.00,130.00,134.0,99.03,0,10.08,4563,1.72,4737,51,4,0.00,2.00,2.0,0.00,0.00,0.0,0.00,5482.00,39.6
312,380.00,784.00,1164.0,4.59,12.00,443.00,455.0,99.03,0,10.08,4563,1.72,4734,51,4,10.00,3.00,13.0,0.00,0.00,0.0,0.00,23089.00,39.1
313,24.00,228.00,252.0,35.16,15.00,1341.00,1356.0,99.04,19,10.08,4561,1.72,4728,51,5,8.00,2.00,10.0,5.00,5.00,10.0,0.00,112835.00,51.0
314,256.00,144.00,400.0,65.94,7.00,1486.00,1493.0,99.07,18,9.84,4561,1.72,4732,50,5,6.00,0.00,6.0,0.00,0.00,0.0,1.00,143895.00,70.0
315,36.00,988.00,1024.0,72.26,2.00,1303.00,1305.0,99.08,11,9.84,4561,1.72,4737,50,5,2.00,0.00,2.0,0.00,0.00,0.0,1.00,168453.00,79.7
316,1628.00,376.00,2004.0,73.64,0.00,1335.00,1335.0,99.12,10,9.84,4562,1.72,4707,50,5,0.00,0.00,0.0,0.00,0.00,0.0,1.00,163240.00,80.0
317,564.00,1228.00,1792.0,82.94,0.00,1132.00,1132.0,99.17,26,9.84,4564,1.72,4727,50,4,0.00,0.00,0.0,0.00,0.00,0.0,3.00,137857.00,80.5
318,4.00,476.00,480.0,82.5,0.00,997.00,997.0,99.22,21,9.84,4564,1.72,4733,50,4,0.00,0.00,0.0,0.00,0.00,0.0,1.00,151195.00,81.1
319,16.00,21780.00,21796.0,66.62,0.00,1338.00,1338.0,99.25,1,10.33,4564,1.72,4731,50,4,0.00,0.00,0.0,0.00,0.00,0.0,2.00,102404.00,81.3
320,28.00,80.00,108.0,50.32,2.00,1200.00,1202.0,99.3,1,10.33,4564,1.72,4738,50,4,2.00,0.00,2.0,0.00,0.00,0.0,0.00,86070.00,75.5
321,412.00,48080.00,48492.0,21.91,0.00,886.00,886.0,99.01,6,10.33,4563,1.79,4745,50,4,0.00,0.00,0.0,0.00,0.00,0.0,6.00,41840.00,75.1
322,140.00,920.00,1060.0,17.78,7.00,550.00,557.0,99.02,2,10.33,4562,1.79,4747,50,4,7.00,1.00,8.0,0.00,0.00,0.0,0.00,26201.00,51.9
323,8.00,208.00,216.0,4.33,10.00,195.00,205.0,99.0,0,10.33,4562,1.79,4745,50,4,6.00,0.00,6.0,4.00,4.00,8.0,0.00,6317.00,51.5
324,0.00,132.00,132.0,3.44,3.00,139.00,142.0,98.96,1,9.5,4562,1.79,4744,50,4,3.00,1.00,4.0,0.00,0.00,0.0,1.00,5761.00,37.8
325,452.00,960.00,1412.0,3.42,12.00,214.00,226.0,98.96,0,9.5,4556,1.79,4721,50,4,12.00,0.00,12.0,0.00,0.00,0.0,0.00,8161.00,37.5
326,564.00,816.00,1380.0,6.1,6.00,338.00,344.0,98.96,3,9.5,4558,1.79,4718,50,4,6.00,0.00,6.0,0.00,0.00,0.0,3.00,20045.00,38.1
327,8.00,220.00,228.0,16.39,4.00,410.00,414.0,99.0,1,9.5,4561,1.79,4734,50,4,4.00,0.00,4.0,0.00,0.00,0.0,3.00,38346.00,47.2
328,8.00,336.00,344.0,17.87,10.00,384.00,394.0,99.02,0,9.5,4558,1.79,4724,50,4,10.00,0.00,10.0,0.00,0.00,0.0,1.00,70524.00,47.7
329,32.00,12.00,44.0,8.53,4.00,296.00,300.0,99.02,3,8.74,4560,1.79,4730,50,4,4.00,0.00,4.0,0.00,0.00,0.0,5.00,27977.00,47.3
330,100.00,888.00,988.0,8.52,4.00,568.00,572.0,99.03,2,8.74,4561,1.79,4733,50,4,4.00,0.00,4.0,0.00,0.00,0.0,7.00,28582.00,46.7
331,24.00,972.00,996.0,29.1,12.00,955.00,967.0,99.03,1,8.74,4562,1.79,4732,50,4,12.00,0.00,12.0,0.00,0.00,0.0,1.00,65277.00,47.0
332,68.00,124.00,192.0,52.53,2.00,1298.00,1300.0,99.01,5,8.74,4562,1.79,4731,50,4,2.00,0.00,2.0,0.00,0.00,0.0,0.00,139776.00,65.1
333,40.00,1008.00,1048.0,70.38,5.94,1042.57,1048.51,99.05,17,8.74,4563,1.79,4726,50,4,2.00,0.00,2.0,4.00,4.00,8.0,1.00,137736.00,79.3
334,8.00,444.00,452.0,72.77,9.00,1394.00,1403.0,99.07,17,9.08,4562,1.79,4714,50,4,8.00,0.00,8.0,0.00,0.00,0.0,1.00,171601.00,79.7
335,4244.00,684.00,4928.0,70.9,0.00,1636.00,1636.0,99.12,8,9.08,4563,1.79,4714,50,4,0.00,0.00,0.0,0.00,0.00,0.0,3.00,133579.00,80.1
336,92.00,22880.00,22972.0,62.66,0.00,1619.00,1619.0,99.14,3,9.08,4564,1.79,4730,50,4,0.00,0.00,0.0,0.00,0.00,0.0,1.00,183427.00,80.2
337,116.00,828.00,944.0,48.66,3.00,1512.00,1515.0,99.17,2,9.08,4564,1.79,4746,50,4,2.00,0.00,2.0,0.00,0.00,0.0,1.00,152210.00,73.8
338,136.00,660.00,796.0,40.59,0.00,1232.00,1232.0,99.17,11,9.08,4564,1.79,4742,50,4,0.00,0.00,0.0,0.00,0.00,0.0,0.00,96375.00,74.0
339,428.00,596.00,1024.0,23.67,2.00,1160.00,1162.0,99.18,3,8.36,4564,1.79,4744,50,4,2.00,0.00,2.0,0.00,0.00,0.0,1.00,54380.00,61.5
340,36.00,48.00,84.0,5.22,5.00,216.00,221.0,99.18,0,8.36,4562,1.79,4747,50,4,4.00,0.00,4.0,0.00,0.00,0.0,0.00,9723.00,51.9
341,20.00,688.00,708.0,3.04,6.00,193.00,199.0,99.18,0,8.36,4560,1.79,4740,50,4,6.00,0.00,6.0,0.00,0.00,0.0,0.00,9699.00,37.6
342,20.00,24208.00,24228.0,4.1,7.00,291.00,298.0,99.18,0,8.36,4560,1.79,4734,50,4,7.00,1.00,8.0,0.00,0.00,0.0,1.00,12657.00,37.5
343,2184.00,684.00,2868.0,11.94,16.00,467.00,483.0,99.19,0,8.36,4563,1.79,4729,51,4,12.00,3.00,15.0,4.00,4.00,8.0,5.00,39205.00,38.0
344,1212.00,104.00,1316.0,12.48,10.00,357.00,367.0,99.2,0,7.69,4562,1.79,4728,51,4,10.00,7.00,17.0,0.00,0.00,0.0,2.00,62886.00,45.5
345,8.00,632.00,640.0,8.76,8.00,316.00,324.0,99.21,0,7.69,4561,1.79,4727,51,4,8.00,0.00,8.0,0.00,0.00,0.0,1.00,25303.00,45.8
346,288.00,72.00,360.0,16.9,4.00,440.00,444.0,99.21,2,7.69,4562,1.79,4725,51,4,4.00,0.00,4.0,0.00,0.00,0.0,4.00,32403.00,45.5
347,332.00,232.00,564.0,13.38,14.00,442.00,456.0,99.23,0,7.69,4562,1.79,4728,51,5,11.00,6.00,17.0,1.00,1.00,2.0,2.00,21406.00,58.0
348,0.00,8.00,8.0,10.37,10.00,393.00,403.0,99.22,0,7.69,4562,1.79,4726,51,5,8.00,2.00,10.0,0.00,0.00,0.0,1.00,39588.00,40.4
349,0.00,4.00,4.0,18.54,8.00,637.00,645.0,99.23,7,7.23,4562,1.79,4724,51,5,6.00,2.00,8.0,0.00,0.00,0.0,0.99,79125.74,46.3
350,35.64,427.72,463.36,34.51,4.00,1249.00,1253.0,99.24,4,7.23,4563,1.79,4730,51,5,2.00,2.00,4.0,0.00,0.00,0.0,1.00,118827.00,58.7
351,24.00,72.00,96.0,43.44,2.00,1157.00,1159.0,99.27,18,7.23,4563,1.79,4731,51,4,0.00,2.00,2.0,0.00,0.00,0.0,1.00,147173.00,65.6
352,24.00,424.00,448.0,50.7,2.00,930.00,932.0,99.28,3,7.23,4563,1.79,4739,51,4,0.00,2.00,2.0,0.00,0.00,0.0,1.00,141119.00,72.0
353,156.00,852.00,1008.0,48.6,3.00,983.00,986.0,99.29,2,7.23,4564,1.79,4737,51,4,1.00,3.00,4.0,0.00,0.00,0.0,1.00,82334.00,71.8
354,632.00,46068.00,46700.0,19.44,12.00,798.00,810.0,99.2,13,9.05,4566,1.79,4733,51,4,10.00,2.00,12.0,0.00,0.00,0.0,15.00,41670.00,71.6
355,584.00,4828.00,5412.0,48.67,3.00,1669.00,1672.0,99.13,12,9.05,4567,1.81,4744,51,4,2.00,1.00,3.0,0.00,0.00,0.0,8.00,82780.00,63.8
356,168.00,56.00,224.0,36.28,4.00,1032.00,1036.0,99.15,2,9.05,4567,1.81,4747,51,4,1.00,3.00,4.0,0.00,0.00,0.0,1.00,99122.00,64.1
357,40.00,1132.00,1172.0,53.48,7.00,724.00,731.0,99.17,7,9.05,4568,1.81,4731,52,4,8.00,6.00,14.0,0.00,0.00,0.0,1.00,175814.00,64.0
358,332.00,24.00,356.0,25.42,9.00,876.00,885.0,99.19,2,9.05,4568,1.81,4738,52,4,8.00,4.00,12.0,0.00,0.00,0.0,1.00,79490.00,64.5
359,100.00,408.00,508.0,41.51,6.00,1435.00,1441.0,99.21,1,9.05,4569,1.81,4737,52,4,4.00,2.00,6.0,0.00,0.00,0.0,2.00,73467.00,64.3
360,180.00,172.00,352.0,10.61,8.00,480.00,488.0,99.21,0,9.05,4567,1.81,4741,51,4,7.00,4.00,11.0,0.00,0.00,0.0,0.00,27347.00,58.1
361,4.00,32.00,36.0,3.44,5.00,164.00,169.0,99.21,0,9.05,4567,1.81,4741,51,4,4.00,1.00,5.0,0.00,0.00,0.0,0.00,6134.00,41.9
362,72.00,116.00,188.0,2.42,5.00,140.00,145.0,99.21,0,9.05,4566,1.81,4736,50,4,4.00,0.00,4.0,0.00,0.00,0.0,0.00,5914.00,36.4
363,0.00,160.00,160.0,6.78,18.00,368.00,386.0,99.22,0,9.05,4564,1.81,4728,50,4,12.00,0.00,12.0,4.00,4.00,8.0,2.00,15656.00,36.4
364,12.00,4444.00,4456.0,21.38,2.00,633.00,635.0,99.31,4,8.33,4564,1.81,4725,50,4,2.00,0.00,2.0,0.00,0.00,0.0,3.00,47584.00,37.0
365,1704.00,57016.00,58720.0,31.1,0.00,558.00,558.0,99.09,0,8.33,4565,1.90,4716,50,4,0.00,0.00,0.0,0.00,0.00,0.0,3.00,88480.00,67.7
366,904.00,48.00,952.0,29.19,1.00,683.00,684.0,98.98,5,8.33,4563,1.90,4716,50,4,0.00,0.00,0.0,0.00,0.00,0.0,4.00,92435.00,49.0
367,632.00,960.00,1592.0,36.26,0.00,992.00,992.0,99.02,5,8.33,4564,1.90,4722,50,4,0.00,0.00,0.0,0.00,0.00,0.0,4.00,86174.00,70.8
368,0.00,384.00,384.0,42.49,0.00,1452.00,1452.0,99.04,8,8.33,4566,1.90,4726,50,4,0.00,0.00,0.0,0.00,0.00,0.0,1.00,127860.00,61.9
369,20.00,456.00,476.0,54.65,3.00,1068.00,1071.0,99.03,2,7.98,4566,1.90,4722,50,4,2.00,0.00,2.0,0.00,0.00,0.0,2.00,119872.00,75.8
370,216.00,84.00,300.0,42.01,0.00,964.00,964.0,99.05,2,7.98,4566,1.90,4726,50,4,0.00,0.00,0.0,0.00,0.00,0.0,1.00,148968.00,70.5
371,40.00,368.00,408.0,20.48,2.00,913.00,915.0,99.06,4,7.98,4566,1.90,4731,50,4,2.00,0.00,2.0,0.00,0.00,0.0,1.00,77891.00,61.0
372,0.00,616.00,616.0,33.38,9.00,1533.00,1542.0,99.08,8,7.98,4566,1.90,4726,50,4,8.00,0.00,8.0,0.00,0.00,0.0,1.00,77622.00,60.8
373,60.00,220.00,280.0,39.85,6.00,1386.00,1392.0,99.09,5,7.98,4566,1.90,4728,50,4,2.00,0.00,2.0,4.00,4.00,8.0,0.00,127658.00,66.5
374,165.00,140.00,305.0,39.14,4.00,885.00,889.0,99.1,3,7.34,4566,1.90,4746,50,4,4.00,0.00,4.0,0.00,0.00,0.0,1.00,155482.00,66.0
375,502.00,41652.00,42154.0,24.1,4.00,785.00,789.0,99.13,9,7.34,4567,1.90,4740,50,4,4.00,0.00,4.0,0.00,0.00,0.0,1.00,100820.00,66.4
376,1024.00,872.00,1896.0,32.87,4.00,916.00,920.0,99.14,0,7.34,4567,1.90,4734,50,4,4.00,0.00,4.0,0.00,0.00,0.0,0.00,69020.00,59.1
377,1424.00,636.00,2060.0,19.63,4.00,1172.00,1176.0,99.16,1,7.34,4566,1.90,4745,50,4,4.00,0.00,4.0,0.00,0.00,0.0,0.00,47522.00,53.6
378,0.00,12.00,12.0,5.18,6.00,224.00,230.0,99.16,0,7.34,4564,1.90,4745,50,4,6.00,1.00,7.0,0.00,0.00,0.0,0.00,10627.00,53.5
379,228.00,0.00,228.0,2.8,9.00,138.00,147.0,99.16,0,7.07,4564,1.90,4746,51,4,9.00,5.00,14.0,0.00,0.00,0.0,3.00,5325.00,35.5
380,1068.00,444.00,1512.0,6.68,16.00,398.00,414.0,99.17,0,7.07,4563,1.90,4736,51,4,16.00,6.00,22.0,0.00,0.00,0.0,1.00,18955.00,35.5
381,136.00,4280.00,4416.0,16.43,6.00,747.00,753.0,99.17,1,7.07,4562,1.90,4743,52,5,4.00,2.00,6.0,1.00,1.00,2.0,2.00,64871.00,45.4
382,140.00,700.00,840.0,20.13,8.00,461.00,469.0,99.18,1,7.07,4559,1.90,4736,51,5,7.00,4.00,11.0,0.00,0.00,0.0,1.00,97574.00,45.7
383,32.00,212.00,244.0,12.68,8.00,617.00,625.0,99.19,11,7.07,4558,1.90,4730,51,5,8.00,0.00,8.0,0.00,0.00,0.0,2.00,47793.00,54.9
384,8.00,720.00,728.0,26.76,4.00,1107.00,1111.0,99.2,8,6.59,4563,1.90,4740,51,5,4.00,0.00,4.0,0.00,0.00,0.0,5.00,88505.00,49.3
385,4.00,1020.00,1024.0,26.75,1.00,986.00,987.0,99.21,0,6.59,4565,1.90,4744,51,4,0.00,1.00,1.0,0.00,0.00,0.0,2.00,116793.00,49.8
386,32.00,1680.00,1712.0,16.35,0.00,474.00,474.0,99.22,0,6.59,4565,1.90,4742,51,4,0.00,0.00,0.0,0.00,0.00,0.0,0.00,78471.00,55.1
387,0.00,272.00,272.0,13.36,0.00,640.00,640.0,99.22,8,6.59,4565,1.90,4742,51,4,0.00,0.00,0.0,0.00,0.00,0.0,0.00,49368.00,54.5
388,8.00,32.00,40.0,10.52,8.00,689.00,697.0,99.23,0,6.59,4564,1.90,4739,51,4,6.00,0.00,6.0,0.00,0.00,0.0,0.00,29409.00,47.3
389,160.00,344.00,504.0,19.52,10.00,685.00,695.0,99.24,2,6.06,4561,1.90,4741,51,4,10.00,2.00,12.0,0.00,0.00,0.0,1.00,63485.00,46.8
390,752.00,628.00,1380.0,16.35,0.00,551.00,551.0,99.24,9,6.06,4561,1.90,4748,51,4,0.00,0.00,0.0,0.00,0.00,0.0,0.00,74432.00,56.9
391,364.00,904.00,1268.0,27.14,12.00,858.00,870.0,99.25,6,6.06,4562,1.90,4736,51,4,10.00,0.00,10.0,0.00,0.00,0.0,1.00,94605.00,56.2
392,0.00,136.00,136.0,41.09,4.00,1496.00,1500.0,99.27,9,6.06,4564,1.90,4738,51,4,6.00,0.00,6.0,0.00,0.00,0.0,2.00,142016.00,56.0
393,16.00,36164.00,36180.0,30.68,5.00,1584.00,1589.0,99.29,6,6.06,4565,1.90,4749,51,4,0.00,0.00,0.0,4.00,4.00,8.0,1.00,129682.00,68.6
394,1128.00,28132.00,29260.0,38.16,6.00,717.00,723.0,99.22,1,7.33,4566,1.92,4744,51,4,6.00,0.00,6.0,0.00,0.00,0.0,11.00,132511.00,74.9
395,268.00,1188.00,1456.0,34.14,2.00,1041.00,1043.0,99.15,6,7.33,4566,1.93,4744,51,4,2.00,0.00,2.0,0.00,0.00,0.0,4.00,86823.00,52.7
396,24.00,552.00,576.0,28.81,3.00,1331.00,1334.0,99.16,2,7.33,4567,1.93,4745,51,4,2.00,0.00,2.0,0.00,0.00,0.0,1.00,52981.00,71.8
397,0.00,232.00,232.0,14.77,10.00,514.00,524.0,99.17,0,7.33,4566,1.93,4748,51,4,10.00,0.00,10.0,0.00,0.00,0.0,0.00,22411.00,56.9
398,8.00,484.00,492.0,13.67,0.00,665.00,665.0,99.17,1,7.33,4566,1.93,4746,51,4,0.00,0.00,0.0,0.00,0.00,0.0,0.00,67831.00,43.2
399,0.00,4.00,4.0,28.05,5.00,621.00,626.0,99.18,8,6.75,4566,1.93,4741,51,4,4.00,1.00,5.0,0.00,0.00,0.0,0.99,92375.25,43.7
400,2152.00,60.00,2212.0,57.3,15.00,855.00,870.0,99.21,7,6.75,4566,1.93,4730,50,5,13.00,1.00,14.0,1.00,0.00,1.0,0.00,83827.00,67.1
401,28.00,1260.00,1288.0,47.53,0.00,1056.00,1056.0,99.24,6,6.75,4567,1.93,4737,50,5,0.00,0.00,0.0,0.00,0.00,0.0,2.00,113096.00,73.8
402,16.00,104.00,120.0,41.59,4.00,1063.00,1067.0,99.25,4,6.75,4567,1.93,4734,50,5,4.00,0.00,4.0,0.00,0.00,0.0,0.00,107145.00,74.3
403,16.00,676.00,692.0,26.17,15.00,610.00,625.0,99.27,0,6.75,4569,1.93,4735,51,5,11.00,5.00,16.0,4.00,4.00,8.0,2.00,48014.00,69.2
404,444.00,556.00,1000.0,18.83,6.00,664.00,670.0,99.26,1,6.29,4569,1.93,4742,51,5,6.00,6.00,12.0,0.00,0.00,0.0,1.00,40947.00,55.7
405,32.00,384.00,416.0,20.03,10.00,655.00,665.0,99.26,3,6.29,4569,1.93,4742,52,4,10.00,1.00,11.0,0.00,0.00,0.0,0.00,35808.00,55.5
406,8.00,464.00,472.0,18.6,7.00,687.00,694.0,99.26,6,6.29,4565,1.93,4738,51,4,7.00,3.00,10.0,0.00,0.00,0.0,0.00,63552.00,55.2
407,16.00,192.00,208.0,23.48,4.00,519.00,523.0,99.27,4,6.29,4565,1.93,4735,51,4,4.00,0.00,4.0,0.00,0.00,0.0,0.00,93409.00,61.0
408,8.00,72.00,80.0,18.33,11.00,813.00,824.0,99.29,18,6.29,4566,1.93,4733,50,5,10.00,0.00,10.0,1.00,0.00,1.0,1.00,93184.00,49.9
409,12.00,424.00,436.0,48.35,6.00,1529.00,1535.0,99.3,13,5.94,4566,1.93,4720,50,5,6.00,1.00,7.0,0.00,0.00,0.0,1.00,120670.00,57.2
410,92.00,89104.00,89196.0,40.43,2.00,1171.00,1173.0,99.08,11,5.94,4567,2.06,4730,50,5,2.00,0.00,2.0,0.00,0.00,0.0,5.00,104137.00,76.5
411,16.00,772.00,788.0,33.46,6.00,668.00,674.0,99.1,0,5.94,4567,2.06,4740,50,5,6.00,0.00,6.0,0.00,0.00,0.0,0.00,102886.00,76.5
412,64.00,96.00,160.0,26.88,0.00,759.00,759.0,99.12,0,5.94,4567,2.06,4750,50,5,0.00,0.00,0.0,0.00,0.00,0.0,0.00,122779.00,56.3
413,24.00,648.00,672.0,28.54,6.00,1361.00,1367.0,99.14,1,5.94,4566,2.06,4751,50,5,4.00,1.00,5.0,1.00,0.00,1.0,1.00,87795.00,56.6
414,28.00,996.00,1024.0,27.77,8.00,1302.00,1310.0,99.15,5,5.71,4566,2.06,4752,50,5,8.00,0.00,8.0,0.00,0.00,0.0,1.00,73240.00,57.2
415,4.00,19348.00,19352.0,32.28,1.00,664.00,665.0,99.34,2,5.71,4565,2.06,4751,50,6,0.00,0.00,0.0,1.00,1.00,2.0,0.00,59082.00,57.3
416,392.00,2920.00,3312.0,24.94,6.00,617.00,623.0,99.11,3,5.71,4566,2.06,4744,51,6,6.00,2.00,8.0,0.00,0.00,0.0,9.00,119419.00,71.4
417,32.00,1232.00,1264.0,21.94,15.00,1020.00,1035.0,99.12,0,5.71,4568,2.06,4738,51,6,14.00,8.00,22.0,0.00,0.00,0.0,2.00,89564.00,63.8
418,980.00,112.00,1092.0,30.04,5.00,1130.00,1135.0,99.14,1,5.71,4570,2.06,4732,52,5,5.00,2.00,7.0,0.00,0.00,0.0,2.00,119494.00,55.7
419,20.00,432.00,452.0,20.46,1.00,585.00,586.0,99.15,1,5.25,4570,2.06,4747,52,4,0.00,1.00,1.0,0.00,0.00,0.0,1.00,92557.00,55.6
420,1112.00,76.00,1188.0,15.02,5.00,688.00,693.0,99.1,0,5.25,4568,2.06,4733,51,4,3.00,4.00,7.0,1.00,1.00,2.0,0.00,44329.00,55.2
421,0.00,352.00,352.0,9.15,1.00,519.00,520.0,99.1,0,5.25,4567,2.06,4737,51,4,0.00,1.00,1.0,0.00,0.00,0.0,0.00,27378.00,49.5
422,0.00,96.00,96.0,4.06,4.00,218.00,222.0,99.1,0,5.25,4567,2.06,4734,51,4,2.00,1.00,3.0,0.00,0.00,0.0,0.00,11638.00,39.1
423,0.00,220.00,220.0,3.64,21.00,228.00,249.0,99.11,0,5.25,4566,2.06,4733,51,4,14.00,1.00,15.0,4.00,4.00,8.0,0.00,6078.00,38.7
424,4.00,504.00,508.0,2.41,4.00,125.00,129.0,99.11,0,4.83,4565,2.06,4728,51,4,2.00,0.00,2.0,0.00,0.00,0.0,1.00,5796.00,38.3
425,608.00,64.00,672.0,4.8,1.00,285.00,286.0,99.12,3,4.83,4565,2.06,4720,51,4,0.00,2.00,2.0,0.00,0.00,0.0,3.00,15256.00,38.0
426,0.00,32.00,32.0,16.62,0.00,726.00,726.0,99.12,3,4.83,4566,2.06,4727,51,4,0.00,0.00,0.0,0.00,0.00,0.0,1.00,57760.00,38.2
427,0.00,208.00,208.0,17.97,0.00,542.00,542.0,99.13,2,4.83,4565,2.06,4723,51,4,0.00,0.00,0.0,0.00,0.00,0.0,0.00,94902.00,52.4
428,0.00,380.00,380.0,20.77,1.00,423.00,424.0,99.14,0,4.83,4563,2.06,4723,51,4,0.00,0.00,0.0,0.00,0.00,0.0,1.00,70915.00,60.3
429,0.00,40.00,40.0,27.49,4.00,1440.00,1444.0,99.15,1,4.76,4566,2.06,4725,51,4,4.00,0.00,4.0,0.00,0.00,0.0,4.00,89393.00,44.2
430,32.00,92.00,124.0,36.47,0.00,1668.00,1668.0,99.14,2,4.76,4566,2.06,4737,51,4,0.00,0.00,0.0,0.00,0.00,0.0,0.00,118437.00,67.4
431,0.00,48.00,48.0,47.89,2.00,695.00,697.0,99.16,20,4.76,4566,2.06,4748,51,4,2.00,0.00,2.0,0.00,0.00,0.0,0.00,159075.00,66.7
432,20.00,37080.00,37100.0,41.71,4.00,851.00,855.0,99.17,3,4.76,4566,2.06,4749,51,4,4.00,0.00,4.0,0.00,0.00,0.0,0.00,69982.00,80.6
433,0.00,1112.00,1112.0,56.96,8.00,1749.00,1757.0,99.19,5,4.76,4566,2.06,4745,51,4,4.00,0.00,4.0,4.00,4.00,8.0,0.00,133005.00,70.3
434,48.00,872.00,920.0,71.73,2.00,1892.00,1894.0,99.22,3,6.14,4567,2.06,4744,51,4,2.00,0.00,2.0,0.00,0.00,0.0,2.00,149660.00,82.2
435,20.00,748.00,768.0,45.28,0.00,1052.48,1052.48,99.23,15,6.14,4567,2.06,4747,51,4,0.00,1.00,1.0,0.00,0.00,0.0,0.00,130984.00,73.8
436,4.00,76.00,80.0,57.76,2.00,953.00,955.0,99.25,11,6.14,4567,2.06,4719,51,4,2.00,0.00,2.0,0.00,0.00,0.0,0.00,99232.00,73.8
437,32.00,728.00,760.0,51.89,2.00,1040.00,1042.0,99.26,0,6.14,4566,2.06,4716,51,4,2.00,0.00,2.0,0.00,0.00,0.0,1.00,74779.00,74.4
438,0.00,17812.00,17812.0,13.42,9.00,679.00,688.0,99.27,0,6.14,4566,2.06,4719,51,4,8.00,1.00,9.0,0.00,0.00,0.0,0.00,43502.00,58.0
439,0.00,28.00,28.0,7.9,2.00,451.00,453.0,99.27,1,5.89,4564,2.06,4721,51,4,2.00,0.00,2.0,0.00,0.00,0.0,1.00,18845.00,48.9
440,12.00,36.00,48.0,3.05,8.00,176.00,184.0,99.27,2,5.89,4563,2.06,4717,51,4,8.00,0.00,8.0,0.00,0.00,0.0,0.00,6860.00,38.7
441,20.00,40.00,60.0,4.28,8.00,189.00,197.0,99.28,0,5.89,4561,2.06,4712,51,4,6.00,0.00,6.0,0.00,0.00,0.0,0.00,6162.00,38.4
442,12.00,456.00,468.0,4.63,4.00,375.00,379.0,99.28,5,5.89,4561,2.06,4709,51,4,6.00,0.00,6.0,0.00,0.00,0.0,2.00,20528.00,38.5
443,196.00,616.00,812.0,17.25,8.00,722.00,730.0,99.29,3,5.89,4563,2.06,4721,51,4,8.00,0.00,8.0,0.00,0.00,0.0,4.00,69038.00,39.1
444,60.00,44820.00,44880.0,37.16,8.00,564.00,572.0,99.15,6,5.74,4560,2.11,4715,51,4,8.00,0.00,8.0,0.00,0.00,0.0,2.00,83158.00,60.6
445,12.00,1088.00,1100.0,42.28,3.00,388.00,391.0,99.15,3,5.74,4562,2.11,4713,51,4,2.00,1.00,3.0,0.00,0.00,0.0,5.00,64792.00,68.2
446,56.00,1384.00,1440.0,35.14,6.00,889.00,895.0,99.17,0,5.74,4565,2.11,4709,51,4,6.00,0.00,6.0,0.00,0.00,0.0,3.00,54499.00,76.5
447,96.00,1200.00,1296.0,25.65,12.00,1509.00,1521.0,99.19,1,5.74,4569,2.11,4730,52,4,12.00,4.00,16.0,0.00,0.00,0.0,5.00,103481.00,61.5
448,0.00,444.00,444.0,38.34,7.00,1171.00,1178.0,99.2,4,5.74,4569,2.11,4738,52,4,6.00,7.00,13.0,0.00,0.00,0.0,0.00,142516.00,62.1
449,468.00,40.00,508.0,66.33,6.00,1131.00,1137.0,99.24,8,6.08,4569,2.11,4733,52,4,6.00,2.00,8.0,0.00,0.00,0.0,3.00,165248.00,78.8
450,520.00,396.00,916.0,36.23,11.00,1831.00,1842.0,99.26,11,6.08,4569,2.11,4734,53,5,10.00,8.00,18.0,1.00,1.00,2.0,2.00,144534.00,78.4
451,860.00,1580.00,2440.0,54.38,10.00,1793.00,1803.0,99.26,7,6.08,4568,2.11,4724,52,5,9.00,5.00,14.0,0.00,0.00,0.0,2.00,160800.00,72.0
452,304.00,1224.00,1528.0,33.67,2.00,1117.00,1119.0,99.27,3,6.08,4567,2.11,4735,52,5,2.00,3.00,5.0,0.00,0.00,0.0,0.00,126760.00,72.1
453,92.00,948.00,1040.0,41.72,5.00,1020.00,1025.0,99.28,2,6.08,4567,2.11,4731,51,5,1.00,0.00,1.0,4.00,4.00,8.0,0.00,107874.00,61.9
454,0.00,55676.00,55676.0,21.69,1.00,702.00,703.0,99.15,1,5.91,4567,2.15,4740,51,4,0.00,0.00,0.0,0.00,0.00,0.0,1.00,46271.00,67.6
455,24.00,7660.00,7684.0,13.45,0.00,572.00,572.0,99.16,1,5.91,4567,2.15,4737,51,4,0.00,0.00,0.0,0.00,0.00,0.0,0.00,39716.00,54.6
456,680.00,508.00,1188.0,7.59,0.00,465.00,465.0,99.16,5,5.91,4567,2.15,4741,51,4,0.00,0.00,0.0,0.00,0.00,0.0,0.00,21534.00,54.3
457,12.00,112.00,124.0,8.06,16.00,277.00,293.0,99.16,2,5.91,4563,2.15,4729,51,4,16.00,0.00,16.0,0.00,0.00,0.0,0.00,8146.00,41.7
458,36.00,300.00,336.0,2.54,1.00,129.00,130.0,99.15,0,5.91,4561,2.15,4717,50,4,0.00,0.00,0.0,0.00,0.00,0.0,0.00,5639.00,35.6
459,0.00,0.00,0.0,2.53,6.00,150.00,156.0,99.15,0,5.44,4560,2.15,4714,50,4,6.00,0.00,6.0,0.00,0.00,0.0,1.00,6484.00,35.5
460,820.00,36.00,856.0,7.3,14.00,222.00,236.0,99.15,0,5.44,4558,2.15,4702,50,4,14.00,0.00,14.0,0.00,0.00,0.0,0.00,7047.00,35.8
461,20.00,692.00,712.0,2.79,0.00,116.00,116.0,99.15,0,5.44,4554,2.15,4692,50,4,0.00,0.00,0.0,0.00,0.00,0.0,0.00,5962.00,35.9
462,0.00,48.00,48.0,3.83,8.00,318.00,326.0,99.16,0,5.44,4553,2.15,4688,50,4,6.00,0.00,6.0,0.00,0.00,0.0,1.00,16838.00,36.0
463,4.00,172.00,176.0,13.17,16.00,733.00,749.0,99.16,3,5.44,4557,2.15,4706,50,4,14.00,0.00,14.0,4.00,4.00,8.0,5.00,69258.00,36.3
464,0.00,76.00,76.0,16.96,0.00,521.00,521.0,99.17,0,5.16,4558,2.15,4708,50,4,0.00,0.00,0.0,0.00,0.00,0.0,2.00,76675.00,46.0
465,4.00,96.00,100.0,15.52,8.00,681.00,689.0,99.18,2,5.16,4560,2.15,4711,50,4,6.00,0.00,6.0,0.00,0.00,0.0,2.00,89172.00,51.6
466,28.00,1128.00,1156.0,39.85,8.00,1933.00,1941.0,99.21,5,5.16,4565,2.15,4713,50,4,10.00,0.00,10.0,0.00,0.00,0.0,5.00,143748.00,51.3
467,16.00,152.00,168.0,47.64,2.00,2151.00,2153.0,99.22,8,5.16,4567,2.15,4715,50,4,2.00,0.00,2.0,0.00,0.00,0.0,2.00,170293.00,77.9
468,124.00,376.00,500.0,61.87,2.00,1345.00,1347.0,99.26,12,5.16,4567,2.15,4721,50,4,2.00,0.00,2.0,0.00,0.00,0.0,2.00,225559.00,68.8
469,4.00,264.00,268.0,59.03,0.00,1579.00,1579.0,99.28,14,5.15,4567,2.15,4728,50,4,0.00,0.00,0.0,0.00,0.00,0.0,1.00,147654.00,79.9
470,48.00,40448.00,40496.0,75.03,2.00,1760.00,1762.0,99.31,10,5.15,4567,2.15,4722,50,4,2.00,0.00,2.0,0.00,0.00,0.0,1.00,144790.00,79.7
471,0.00,27532.00,27532.0,58.79,2.00,1258.00,1260.0,99.15,9,5.15,4565,2.20,4730,50,4,2.00,0.00,2.0,0.00,0.00,0.0,1.00,80793.00,79.7
472,12.00,572.00,584.0,60.93,0.00,909.00,909.0,99.16,2,5.15,4567,2.20,4734,50,4,0.00,0.00,0.0,0.00,0.00,0.0,2.00,57414.00,79.4
473,4.00,176.00,180.0,33.83,4.00,700.00,704.0,99.17,1,5.15,4567,2.20,4740,50,4,4.00,0.00,4.0,0.00,0.00,0.0,0.00,29232.00,72.1
474,20.00,560.00,580.0,7.04,4.00,254.00,258.0,99.18,0,4.82,4567,2.20,4738,50,4,4.00,0.00,4.0,0.00,0.00,0.0,1.00,11612.00,64.1
475,0.00,72.00,72.0,2.55,8.00,174.00,182.0,99.18,0,4.82,4567,2.20,4736,50,4,8.00,0.00,8.0,0.00,0.00,0.0,0.00,6216.00,36.2
476,156.00,24.00,180.0,3.56,6.00,177.00,183.0,99.18,0,4.82,4567,2.20,4733,50,4,6.00,0.00,6.0,0.00,0.00,0.0,0.00,6768.00,36.1
477,16.00,860.00,876.0,2.52,12.00,186.00,198.0,99.18,0,4.82,4566,2.20,4730,50,4,11.00,1.00,12.0,0.00,0.00,0.0,0.00,6433.00,36.2
478,4.00,204.00,208.0,2.8,4.00,185.00,189.0,99.18,1,4.82,4561,2.20,4710,50,4,4.00,0.00,4.0,0.00,0.00,0.0,0.00,7991.00,36.3
479,0.00,4.00,4.0,9.04,6.00,547.00,553.0,99.18,1,4.43,4566,2.20,4714,50,4,6.00,0.00,6.0,0.00,0.00,0.0,7.00,39848.00,36.4
480,4.00,12.00,16.0,16.56,10.00,724.00,734.0,99.19,2,4.43,4564,2.20,4715,50,4,10.00,0.00,10.0,0.00,0.00,0.0,0.00,66848.00,47.0
481,0.00,16.00,16.0,24.0,5.00,477.00,482.0,99.21,0,4.43,4563,2.20,4718,50,4,4.00,0.00,4.0,0.00,0.00,0.0,2.00,109637.00,47.2
482,0.00,364.00,364.0,21.35,4.00,719.00,723.0,99.22,2,4.43,4565,2.20,4718,50,4,4.00,0.00,4.0,0.00,0.00,0.0,6.00,60038.00,54.6
483,0.00,208.00,208.0,40.15,15.00,1759.00,1774.0,99.24,1,4.43,4568,2.20,4718,50,4,8.00,0.00,8.0,4.00,4.00,8.0,3.00,104265.00,64.8
484,264.00,1280.00,1544.0,47.95,9.00,1666.00,1675.0,99.25,15,4.4,4570,2.20,4737,52,5,8.00,6.00,14.0,1.00,1.00,2.0,3.00,150425.00,73.3
485,1560.00,244.00,1804.0,52.12,6.00,1525.00,1531.0,99.29,14,4.4,4570,2.20,4734,52,5,5.00,8.00,13.0,0.00,0.00,0.0,3.00,208275.00,78.5
486,0.00,45588.00,45588.0,59.42,2.00,1507.00,1509.0,99.31,0,4.4,4571,2.20,4725,53,5,2.00,2.00,4.0,0.00,0.00,0.0,2.00,186343.00,78.6
487,224.00,53096.00,53320.0,33.81,7.00,1415.00,1422.0,99.04,13,4.4,4571,2.35,4744,53,5,5.00,7.00,12.0,0.00,0.00,0.0,9.00,126994.00,78.4
488,768.00,588.00,1356.0,58.92,4.00,1374.00,1378.0,99.05,0,4.4,4569,2.35,4737,52,4,5.00,5.00,10.0,0.00,0.00,0.0,2.00,117908.00,72.1
489,80.00,496.00,576.0,26.13,1.00,1568.00,1569.0,99.06,0,4.29,4569,2.35,4758,52,4,0.00,0.00,0.0,0.00,0.00,0.0,2.00,79595.00,71.6
490,332.00,268.00,600.0,13.14,3.00,604.00,607.0,99.06,1,4.29,4567,2.35,4748,51,4,3.00,3.00,6.0,0.00,0.00,0.0,0.00,31019.00,52.5
491,4.00,8.00,12.0,4.44,8.00,261.00,269.0,99.06,0,4.29,4567,2.35,4747,51,4,8.00,0.00,8.0,0.00,0.00,0.0,0.00,13001.00,44.0
492,592.00,72.00,664.0,2.53,5.00,188.00,193.0,99.07,0,4.29,4566,2.35,4743,51,4,4.00,1.00,5.0,0.00,0.00,0.0,0.00,6786.00,35.2
493,4.00,124.00,128.0,2.28,12.00,175.00,187.0,99.07,0,4.29,4565,2.35,4742,51,4,7.00,2.00,9.0,4.00,4.00,8.0,0.00,6046.00,35.4
494,16.00,68.00,84.0,2.95,10.00,186.00,196.0,99.07,1,3.94,4560,2.35,4733,51,4,9.90,0.00,9.9,0.00,0.00,0.0,1.00,6654.00,35.5
495,0.00,580.00,580.0,3.04,6.00,155.00,161.0,99.07,0,3.94,4558,2.35,4713,51,4,6.00,0.00,6.0,0.00,0.00,0.0,0.00,6305.00,35.5
496,0.00,168.00,168.0,3.55,4.00,166.00,170.0,99.07,0,3.94,4556,2.35,4705,51,4,4.00,0.00,4.0,0.00,0.00,0.0,0.00,6665.00,35.8
497,0.00,144.00,144.0,4.92,10.00,341.00,351.0,99.07,0,3.94,4555,2.35,4698,51,4,10.00,0.00,10.0,0.00,0.00,0.0,2.00,16151.00,35.9
498,0.00,4.00,4.0,9.82,6.00,429.00,435.0,99.07,0,3.94,4559,2.35,4714,51,4,6.00,0.00,6.0,0.00,0.00,0.0,6.00,38471.00,36.5
499,28.00,8.00,36.0,12.36,10.00,512.00,522.0,99.08,0,3.79,4559,2.35,4716,51,4,10.00,0.00,10.0,0.00,0.00,0.0,2.00,75953.00,36.9
500,336.00,432.00,768.0,17.33,5.00,1042.00,1047.0,99.1,1,3.79,4563,2.35,4735,51,4,2.00,3.00,5.0,0.00,0.00,0.0,4.00,88450.00,46.0
501,4.00,296.00,300.0,34.26,8.00,1755.00,1763.0,99.11,12,3.79,4567,2.35,4734,51,4,6.00,2.00,8.0,0.00,0.00,0.0,4.00,127909.00,58.6
502,0.00,496.00,496.0,51.34,8.00,1981.00,1989.0,99.13,1,3.79,4568,2.35,4737,51,4,6.00,2.00,8.0,0.00,0.00,0.0,1.00,202199.00,70.8
503,12.00,48276.00,48288.0,61.14,2.00,1819.00,1821.0,99.16,15,3.79,4568,2.35,4731,51,4,0.00,2.00,2.0,0.00,0.00,0.0,1.00,202184.00,71.2
504,116.00,924.00,1040.0,52.39,2.00,1458.00,1460.0,99.18,9,5.49,4568,2.35,4719,51,4,0.00,2.00,2.0,0.00,0.00,0.0,1.00,138617.00,82.9
505,8.00,148.00,156.0,41.0,4.00,1695.00,1699.0,99.2,10,5.49,4568,2.35,4738,51,4,2.00,2.00,4.0,0.00,0.00,0.0,0.00,173691.00,71.8
506,132.00,1968.00,2100.0,39.26,0.00,1763.00,1763.0,99.22,0,5.49,4568,2.35,4744,51,4,0.00,0.00,0.0,0.00,0.00,0.0,2.00,93846.00,71.3
507,252.00,1836.00,2088.0,19.07,0.00,1034.00,1034.0,99.24,2,5.49,4568,2.35,4746,51,4,0.00,0.00,0.0,0.00,0.00,0.0,0.00,48199.00,64.8
508,0.00,3124.00,3124.0,7.97,10.00,262.00,272.0,99.25,1,5.49,4567,2.35,4745,51,4,8.00,2.00,10.0,0.00,0.00,0.0,0.00,11680.00,53.6
509,56.00,0.00,56.0,2.3,6.00,157.00,163.0,99.26,0,5.05,4567,2.35,4743,51,4,4.00,2.00,6.0,0.00,0.00,0.0,1.00,6188.00,35.6
510,0.00,20.00,20.0,3.77,5.00,167.00,172.0,99.25,0,5.05,4566,2.35,4740,51,4,4.00,0.00,4.0,0.00,0.00,0.0,0.00,6461.00,35.6
511,4.00,584.00,588.0,3.92,12.00,209.00,221.0,99.26,0,5.05,4565,2.35,4739,51,4,12.00,0.00,12.0,0.00,0.00,0.0,0.00,6960.00,35.8
512,100.00,520.00,620.0,1.78,4.00,147.00,151.0,99.26,0,5.05,4563,2.34,4735,51,4,4.00,0.00,4.0,0.00,0.00,0.0,0.00,6442.00,35.8
513,200.00,512.00,712.0,2.91,9.00,147.00,156.0,99.26,0,5.05,4558,2.34,4713,51,4,4.00,0.00,4.0,4.00,4.00,8.0,0.00,6114.00,35.9
514,0.00,96.00,96.0,5.21,12.00,357.00,369.0,99.26,0,4.64,4559,2.34,4712,51,4,12.00,0.00,12.0,0.00,0.00,0.0,3.00,16927.00,36.2
515,0.00,56.00,56.0,8.1,4.00,433.00,437.0,99.27,0,4.64,4562,2.34,4716,51,4,4.00,0.00,4.0,0.00,0.00,0.0,7.00,38320.00,36.6
516,4.00,720.00,724.0,12.98,8.00,340.00,348.0,99.27,1,4.64,4561,2.34,4716,50,4,4.00,2.00,6.0,0.00,0.00,0.0,2.00,69886.00,37.0
517,8.00,176.00,184.0,18.4,11.00,1000.00,1011.0,99.28,1,4.64,4563,2.34,4717,50,4,11.00,1.00,12.0,0.00,0.00,0.0,3.00,60938.00,50.4
518,8.00,40316.00,40324.0,43.22,14.00,1837.00,1851.0,99.3,4,4.64,4569,2.34,4730,51,4,11.00,6.00,17.0,0.00,0.00,0.0,6.00,121419.00,61.8
519,456.00,2676.00,3132.0,57.59,6.00,1617.00,1623.0,99.08,10,6.11,4570,2.35,4735,52,5,7.00,6.00,13.0,1.00,1.00,2.0,10.00,206000.00,67.9
520,848.00,1092.00,1940.0,67.89,4.00,1639.00,1643.0,99.11,16,6.11,4568,2.35,4737,52,5,2.00,1.00,3.0,0.00,0.00,0.0,0.00,147313.86,80.3
521,344.00,620.00,964.0,74.14,1.00,1429.00,1430.0,99.13,22,6.11,4568,2.35,4729,51,5,3.00,2.00,5.0,0.00,0.00,0.0,0.00,188056.00,80.5
522,752.00,1472.00,2224.0,67.6,2.00,1716.00,1718.0,99.16,15,6.11,4568,2.35,4726,51,5,0.00,2.00,2.0,0.00,0.00,0.0,2.00,156995.00,80.6
523,12.00,692.00,704.0,67.68,4.00,1481.00,1485.0,99.18,7,6.11,4568,2.35,4725,51,4,0.00,0.00,0.0,4.00,4.00,8.0,1.00,104748.00,80.6
524,8.00,616.00,624.0,62.83,0.00,1474.00,1474.0,99.2,2,5.86,4569,2.35,4721,51,4,0.00,0.00,0.0,0.00,0.00,0.0,2.00,78702.00,80.1
525,0.00,84.00,84.0,23.17,1.00,717.00,718.0,99.21,1,5.86,4568,2.35,4725,51,4,0.00,1.00,1.0,0.00,0.00,0.0,0.00,29597.00,72.6
526,24.00,524.00,548.0,14.92,14.00,236.00,250.0,99.21,1,5.86,4569,2.35,4723,52,4,12.00,6.00,18.0,0.00,0.00,0.0,2.00,7591.00,54.9
527,128.00,164.00,292.0,8.44,11.00,179.00,190.0,99.21,0,5.86,4568,2.35,4719,52,4,10.00,7.00,17.0,0.00,0.00,0.0,0.00,6681.00,55.1
528,124.00,0.00,124.0,2.91,6.00,171.00,177.0,99.21,0,5.86,4566,2.35,4718,52,4,6.00,2.00,8.0,0.00,0.00,0.0,0.00,6721.00,38.7
529,0.00,0.00,0.0,3.05,12.00,174.00,186.0,99.22,0,5.39,4564,2.35,4714,52,4,12.00,0.00,12.0,0.00,0.00,0.0,1.00,6380.00,38.3
530,488.00,20.00,508.0,2.53,11.00,164.00,175.0,99.21,0,5.39,4557,2.35,4696,51,4,7.00,5.00,12.0,0.00,0.00,0.0,0.00,6354.00,38.0
531,0.00,184.00,184.0,3.69,2.00,142.00,144.0,99.21,0,5.39,4556,2.35,4692,51,4,4.00,0.00,4.0,0.00,0.00,0.0,0.00,5949.00,37.9
532,328.00,84.00,412.0,2.41,12.00,182.00,194.0,99.22,0,5.39,4554,2.35,4690,51,4,12.00,0.00,12.0,0.00,0.00,0.0,0.00,6115.00,37.7
533,0.00,160.00,160.0,3.3,10.00,176.00,186.0,99.22,0,5.39,4552,2.35,4684,51,4,6.00,0.00,6.0,4.00,4.00,8.0,0.00,6173.00,37.4
534,4.00,412.00,416.0,3.3,2.00,177.00,179.0,99.22,0,4.96,4551,2.35,4681,51,4,2.00,0.00,2.0,0.00,0.00,0.0,2.00,9448.00,37.3
535,0.00,64.00,64.0,22.64,12.00,1253.00,1265.0,99.23,9,4.96,4559,2.35,4700,51,4,12.00,0.00,12.0,0.00,0.00,0.0,8.00,74648.00,37.5
536,3.96,43576.24,43580.2,51.78,4.00,1858.00,1862.0,99.25,20,4.96,4560,2.35,4708,51,4,4.00,0.00,4.0,0.00,0.00,0.0,1.00,142208.00,68.0
537,80.00,1144.00,1224.0,79.39,10.00,1354.00,1364.0,99.27,21,4.96,4561,2.35,4723,51,4,6.00,4.00,10.0,0.00,0.00,0.0,1.00,192983.00,80.5
538,8.00,860.00,868.0,70.42,1.00,1521.00,1522.0,99.29,9,4.96,4562,2.35,4715,51,4,0.00,0.00,0.0,0.00,0.00,0.0,1.00,205014.00,86.0
539,32.00,32836.00,32868.0,48.25,1.00,1735.00,1736.0,99.31,21,4.8,4567,2.35,4734,51,4,0.00,0.00,0.0,0.00,0.00,0.0,16.00,186258.00,71.5
540,140.00,55112.00,55252.0,53.42,2.00,2090.00,2092.0,99.01,7,4.8,4568,2.51,4726,51,4,0.00,2.00,2.0,0.00,0.00,0.0,3.00,166375.00,77.6
541,152.00,828.00,980.0,45.04,2.00,2155.00,2157.0,99.02,1,4.8,4569,2.51,4744,51,4,0.00,2.00,2.0,0.00,0.00,0.0,1.00,112285.00,72.0
542,4.00,524.00,528.0,25.0,1.00,1267.00,1268.0,99.03,0,4.8,4569,2.51,4746,51,4,0.00,0.00,0.0,0.00,0.00,0.0,0.00,63844.00,71.9
543,4.00,368.00,372.0,6.7,1.00,283.00,284.0,99.04,0,4.8,4569,2.51,4752,51,4,0.00,0.00,0.0,0.00,0.00,0.0,0.00,14825.00,50.1
544,0.00,104.00,104.0,3.44,8.00,208.00,216.0,99.04,0,4.42,4567,2.51,4746,51,4,6.00,2.00,8.0,0.00,0.00,0.0,1.00,7948.00,40.5
545,584.00,400.00,984.0,2.66,9.00,157.00,166.0,99.05,0,4.42,4562,2.51,4727,51,4,6.00,2.00,8.0,0.00,0.00,0.0,4.00,6118.00,40.0
546,384.00,28.00,412.0,2.8,0.00,162.00,162.0,99.05,0,4.42,4562,2.51,4724,51,4,0.00,0.00,0.0,0.00,0.00,0.0,0.00,5816.00,39.5
547,0.00,168.00,168.0,2.78,1.00,119.00,120.0,99.05,0,4.42,4561,2.51,4720,51,4,0.00,0.00,0.0,0.00,0.00,0.0,0.00,6194.00,39.0
548,0.00,0.00,0.0,3.54,9.00,206.00,215.0,99.05,1,4.42,4560,2.51,4715,50,4,4.00,2.00,6.0,0.00,0.00,0.0,0.00,5852.00,38.6
549,148.00,0.00,148.0,2.55,3.00,137.00,140.0,99.05,0,4.06,4557,2.51,4707,50,4,2.00,0.00,2.0,0.00,0.00,0.0,1.00,5911.00,38.2
550,4.00,208.00,212.0,2.41,1.00,124.00,125.0,99.05,0,4.06,4552,2.51,4689,50,4,0.00,0.00,0.0,0.00,0.00,0.0,0.00,6143.00,38.0
551,52.00,24.00,76.0,3.44,15.00,215.00,230.0,99.06,0,4.06,4551,2.51,4683,50,4,15.00,1.00,16.0,0.00,0.00,0.0,0.00,6395.00,37.7
552,132.00,84.00,216.0,2.03,12.00,152.00,164.0,99.06,0,4.06,4553,2.51,4686,51,4,12.00,6.00,18.0,0.00,0.00,0.0,2.00,5904.00,37.5
553,628.00,168.00,796.0,3.94,8.00,296.00,304.0,99.07,0,4.06,4554,2.51,4687,51,4,4.00,4.00,8.0,4.00,4.00,8.0,1.00,14223.00,37.2
554,48.00,120.00,168.0,25.65,12.00,1638.00,1650.0,99.08,15,4.38,4562,2.51,4706,51,4,12.00,0.00,12.0,0.00,0.00,0.0,9.00,111192.00,37.6
555,284.00,432.00,716.0,76.07,9.00,1957.00,1966.0,99.1,14,4.38,4560,2.51,4695,50,4,9.00,3.00,12.0,0.00,0.00,0.0,0.00,157310.00,69.8
556,16.00,904.00,920.0,74.15,0.00,1559.00,1559.0,99.12,15,4.38,4562,2.51,4732,50,4,0.00,0.00,0.0,0.00,0.00,0.0,2.00,196231.00,78.7
557,0.00,52224.00,52224.0,58.64,0.00,1662.00,1662.0,99.15,9,4.38,4565,2.51,4733,50,4,0.00,0.00,0.0,0.00,0.00,0.0,3.00,164827.00,79.1
558,0.00,1048.00,1048.0,58.79,0.00,2144.00,2144.0,99.17,4,4.38,4568,2.51,4739,50,4,0.00,0.00,0.0,0.00,0.00,0.0,4.00,208084.00,78.6
559,32.00,576.00,608.0,55.71,2.00,2698.00,2700.0,99.22,17,4.03,4570,2.51,4732,51,5,0.00,2.00,2.0,1.00,1.00,2.0,2.00,134953.00,78.5
560,8.00,280.00,288.0,29.55,0.00,1397.00,1397.0,99.23,0,4.03,4570,2.51,4741,51,5,0.00,0.00,0.0,0.00,0.00,0.0,0.00,62735.00,72.9
561,0.00,244.00,244.0,4.82,0.00,126.00,126.0,99.24,0,4.03,4570,2.51,4744,51,5,0.00,0.00,0.0,0.00,0.00,0.0,0.00,12474.00,50.1
562,4.00,2340.00,2344.0,2.66,1.00,1.00,2.0,99.24,0,4.03,4570,2.51,4744,51,5,0.00,1.00,1.0,0.00,0.00,0.0,0.00,4786.00,39.3
563,4.00,556.00,560.0,2.93,7.00,127.00,134.0,99.24,0,4.03,4569,2.51,4750,51,4,0.00,3.00,3.0,4.00,4.00,8.0,0.00,5612.00,38.9
564,0.00,108.00,108.0,2.41,2.00,112.00,114.0,99.25,0,3.71,4563,2.51,4728,51,4,0.00,2.00,2.0,0.00,0.00,0.0,1.00,5578.00,38.5
565,0.00,60.00,60.0,2.04,2.00,94.00,96.0,99.25,0,3.71,4563,2.51,4728,51,4,0.00,2.00,2.0,0.00,0.00,0.0,0.00,5177.00,38.1
566,16.00,516.00,532.0,3.96,24.00,324.00,348.0,99.26,0,3.71,4562,2.51,4711,52,4,22.00,4.00,26.0,0.00,0.00,0.0,1.00,9573.00,37.8
567,32.00,928.00,960.0,2.78,7.00,133.00,140.0,99.26,0,3.71,4560,2.51,4703,52,4,5.00,7.00,12.0,0.00,0.00,0.0,1.00,5903.00,37.7
568,92.00,396.00,488.0,1.91,3.00,112.00,115.0,99.26,0,3.71,4557,2.51,4696,52,4,2.00,5.00,7.0,0.00,0.00,0.0,0.00,6004.00,37.6
569,1604.00,188.00,1792.0,3.68,21.00,257.00,278.0,99.27,0,3.41,4553,2.51,4686,52,4,18.00,2.00,20.0,0.00,0.00,0.0,1.00,7800.00,37.3
570,140.00,24.00,164.0,2.41,6.00,129.00,135.0,99.26,0,3.41,4551,2.51,4682,51,4,5.00,4.00,9.0,0.00,0.00,0.0,0.00,5333.00,37.4
571,12.00,472.00,484.0,2.04,3.00,109.00,112.0,99.27,0,3.41,4552,2.51,4682,51,4,0.00,1.00,1.0,2.00,2.00,4.0,1.00,5686.00,37.0
572,8.00,616.00,624.0,3.91,23.00,258.00,281.0,99.27,0,3.41,4552,2.51,4684,52,5,20.00,3.00,23.0,0.00,0.00,0.0,0.00,7790.00,37.0
573,0.00,512.00,512.0,3.03,6.00,133.00,139.0,99.27,0,3.41,4552,2.51,4684,52,5,0.00,2.00,2.0,4.00,4.00,8.0,0.00,5560.00,37.1
574,8.00,108.00,116.0,4.07,3.00,310.00,313.0,99.27,0,3.14,4553,2.51,4683,52,5,2.00,1.00,3.0,0.00,0.00,0.0,2.00,16477.00,36.8
575,0.00,364.00,364.0,41.66,19.00,1933.00,1952.0,99.29,15,3.14,4560,2.51,4696,52,5,18.00,0.00,18.0,0.00,0.00,0.0,8.00,119031.00,43.2
576,48.00,43924.00,43972.0,65.28,3.00,1740.00,1743.0,99.28,15,3.14,4560,2.51,4713,52,5,0.00,1.00,1.0,2.00,2.00,4.0,8.00,157879.00,72.3
577,4.00,9020.00,9024.0,53.07,4.00,1638.00,1642.0,99.07,1,3.14,4562,2.52,4723,52,4,1.00,4.00,5.0,0.00,0.00,0.0,2.00,168748.00,78.8
578,16.00,1824.00,1840.0,63.02,1.00,1392.00,1393.0,99.11,11,3.14,4565,2.52,4754,51,4,0.00,0.00,0.0,0.00,0.00,0.0,3.00,225725.00,72.9
579,144.00,720.00,864.0,44.39,0.00,2198.00,2198.0,99.15,0,3.37,4569,2.52,4758,51,4,0.00,0.00,0.0,0.00,0.00,0.0,5.00,142261.00,80.6
580,32.00,492.00,524.0,58.76,2.00,2308.00,2310.0,99.17,2,3.37,4569,2.52,4770,52,4,0.00,3.00,3.0,0.00,0.00,0.0,1.00,147801.00,68.6
581,8.00,392.00,400.0,42.53,2.00,2012.00,2014.0,99.21,0,3.37,4569,2.52,4783,52,4,0.00,2.00,2.0,0.00,0.00,0.0,0.00,77072.00,76.1
582,20.00,648.00,668.0,4.31,1.00,133.00,134.0,99.21,0,3.37,4569,2.52,4782,51,4,0.00,0.00,0.0,0.00,0.00,0.0,0.00,6151.00,57.4
583,0.00,184.00,184.0,3.43,4.00,169.00,173.0,99.21,0,3.37,4569,2.52,4781,52,4,4.00,1.00,5.0,0.00,0.00,0.0,0.00,6523.00,40.5
584,0.00,116.00,116.0,4.45,17.00,253.00,270.0,99.21,0,3.1,4567,2.52,4772,53,4,12.00,3.00,15.0,0.00,0.00,0.0,1.00,8476.00,39.8
585,36.00,64.00,100.0,3.04,14.00,154.00,168.0,99.22,0,3.1,4564,2.52,4734,53,4,15.00,13.00,28.0,0.00,0.00,0.0,2.00,5570.00,39.5
586,600.00,468.00,1068.0,2.54,8.00,150.00,158.0,99.22,0,3.1,4564,2.52,4735,53,4,7.00,5.00,12.0,0.00,0.00,0.0,0.00,6236.00,39.0
587,0.00,188.00,188.0,6.92,17.00,212.00,229.0,99.23,0,3.1,4562,2.52,4723,53,4,16.00,0.00,16.0,0.00,0.00,0.0,0.00,7073.00,38.6
588,588.00,0.00,588.0,2.93,5.00,132.00,137.0,99.22,0,3.1,4557,2.52,4702,51,4,3.00,4.00,7.0,0.00,0.00,0.0,0.00,5333.00,39.0
589,0.00,0.00,0.0,2.78,8.00,140.00,148.0,99.22,0,2.93,4554,2.52,4694,51,4,6.00,0.00,6.0,0.00,0.00,0.0,1.00,6135.00,38.5
590,4.00,24.00,28.0,4.19,13.86,206.93,220.79000000000002,99.22,0,2.93,4551,2.52,4689,52,4,14.00,3.00,17.0,0.00,0.00,0.0,0.00,6938.00,38.2
591,0.00,216.00,216.0,3.18,3.00,222.00,225.0,99.23,0,2.93,4552,2.52,4690,52,4,2.00,1.00,3.0,0.00,0.00,0.0,1.00,10614.00,38.0
592,16.00,288.00,304.0,21.87,4.00,855.00,859.0,99.23,3,2.93,4559,2.52,4712,52,4,4.00,0.00,4.0,0.00,0.00,0.0,7.00,56980.00,38.2
593,4.00,16716.00,16720.0,53.05,19.00,2104.00,2123.0,99.25,2,2.93,4560,2.52,4710,52,4,14.00,1.00,15.0,4.00,4.00,8.0,2.00,138588.00,65.9
594,20.00,964.00,984.0,77.36,2.00,1251.00,1253.0,99.29,9,5.1,4561,2.52,4727,51,4,0.00,1.00,1.0,0.00,0.00,0.0,1.00,180956.00,72.9
595,8.00,14492.00,14500.0,76.45,0.00,1506.00,1506.0,99.14,13,5.1,4563,2.56,4711,51,4,0.00,0.00,0.0,0.00,0.00,0.0,2.00,147866.00,83.5
596,12.00,50560.00,50572.0,73.74,1.00,1074.00,1075.0,99.15,17,5.1,4567,2.56,4739,52,4,0.00,1.98,1.98,0.00,0.00,0.0,4.00,208663.00,83.3
597,2140.00,1288.00,3428.0,77.72,2.00,1482.00,1484.0,99.18,4,5.1,4568,2.56,4731,52,4,0.00,2.00,2.0,0.00,0.00,0.0,4.00,151944.00,83.4
598,24.00,1636.00,1660.0,70.76,6.00,1748.00,1754.0,99.22,12,5.1,4570,2.56,4742,52,5,1.00,3.00,4.0,1.00,1.00,2.0,2.00,122837.00,83.3
599,248.00,308.00,556.0,62.03,0.00,2527.00,2527.0,99.25,1,5.89,4570,2.56,4731,52,5,0.00,0.00,0.0,0.00,0.00,0.0,1.00,114463.00,83.0
600,68.00,272.00,340.0,28.34,0.00,863.00,863.0,99.26,0,5.89,4570,2.56,4740,52,5,0.00,0.00,0.0,0.00,0.00,0.0,0.00,43915.00,77.3
601,0.00,28.00,28.0,3.04,2.00,2.00,4.0,99.24,0,5.89,4568,2.56,4736,51,5,0.00,0.00,0.0,0.00,0.00,0.0,0.00,5192.00,42.3
602,4.00,96.00,100.0,3.8,0.00,130.00,130.0,99.24,0,5.89,4564,2.56,4733,51,4,0.00,0.00,0.0,0.00,0.00,0.0,0.00,5834.00,41.9
603,0.00,192.00,192.0,2.77,5.00,114.00,119.0,99.25,0,5.89,4563,2.56,4731,51,4,0.00,0.00,0.0,4.00,4.00,8.0,0.00,5375.00,36.2
604,0.00,120.00,120.0,2.42,1.00,112.00,113.0,99.25,0,5.42,4562,2.56,4726,51,4,0.00,0.00,0.0,0.00,0.00,0.0,1.00,5693.00,36.0
605,648.00,484.00,1132.0,4.05,10.00,318.00,328.0,99.26,0,5.42,4562,2.56,4709,52,4,8.00,6.00,14.0,0.00,0.00,0.0,5.00,8891.00,36.0
606,144.00,164.00,308.0,2.03,7.00,105.00,112.0,99.26,0,5.42,4559,2.56,4699,53,4,5.00,8.00,13.0,0.00,0.00,0.0,0.00,5662.00,36.2
607,0.00,204.00,204.0,2.03,0.00,92.00,92.0,99.26,0,5.42,4555,2.56,4692,53,4,0.00,1.00,1.0,0.00,0.00,0.0,0.00,5118.00,36.1
608,480.00,0.00,480.0,3.06,2.00,192.00,194.0,99.27,0,5.42,4554,2.56,4688,53,4,2.00,0.00,2.0,0.00,0.00,0.0,5.00,7388.00,35.9
609,112.00,0.00,112.0,3.03,8.00,182.00,190.0,99.26,0,4.98,4552,2.56,4683,51,4,7.00,3.00,10.0,0.00,0.00,0.0,1.00,5645.00,36.0
610,8.00,28.00,36.0,1.53,0.00,103.00,103.0,99.27,0,4.98,4552,2.56,4683,51,4,0.00,0.00,0.0,0.00,0.00,0.0,0.00,5494.00,36.0
611,0.00,184.00,184.0,3.8,8.00,177.00,185.0,99.27,0,4.98,4552,2.56,4683,51,4,8.00,0.00,8.0,0.00,0.00,0.0,0.00,6658.00,35.8
612,0.00,96.00,96.0,4.26,12.00,199.00,211.0,99.27,0,4.98,4552,2.56,4683,51,4,12.00,0.00,12.0,0.00,0.00,0.0,0.00,5929.00,35.8
613,4.00,204.00,208.0,1.66,4.00,112.00,116.0,99.27,0,4.98,4552,2.56,4683,51,4,0.00,0.00,0.0,4.00,4.00,8.0,0.00,6108.00,35.7
614,4.00,128.00,132.0,10.78,8.00,916.00,924.0,99.26,4,4.58,4555,2.56,4683,51,4,8.00,0.00,8.0,0.00,0.00,0.0,5.00,51303.00,35.7
615,4.00,92.00,96.0,53.72,12.00,2342.00,2354.0,99.28,17,4.58,4561,2.56,4722,51,4,12.00,0.00,12.0,0.00,0.00,0.0,5.00,165714.00,49.2
616,28.00,20664.00,20692.0,69.92,2.00,1934.00,1936.0,99.3,7,4.58,4562,2.56,4723,51,4,0.00,1.00,1.0,1.00,0.00,1.0,0.99,171961.39,77.1
617,132.00,19548.00,19680.0,68.19,1.00,1302.00,1303.0,99.16,15,4.58,4563,2.62,4732,50,5,0.00,0.00,0.0,1.00,0.00,1.0,7.00,178496.00,77.7
618,16.00,51096.00,51112.0,55.23,0.00,1720.00,1720.0,99.19,9,4.58,4568,2.62,4742,50,5,0.00,0.00,0.0,0.00,0.00,0.0,6.00,163827.00,82.9
619,0.00,984.00,984.0,62.42,2.00,2875.00,2877.0,99.22,6,5.74,4571,2.62,4740,50,5,2.00,1.00,3.0,0.00,0.00,0.0,3.00,163019.00,73.6
620,80.00,388.00,468.0,35.24,6.00,2347.00,2353.0,99.25,0,5.74,4572,2.62,4750,51,5,6.00,7.00,13.0,0.00,0.00,0.0,2.00,90685.00,74.1
621,524.00,32.00,556.0,5.5,3.00,197.00,200.0,99.26,0,5.74,4572,2.62,4755,51,5,3.00,4.00,7.0,0.00,0.00,0.0,0.00,8134.00,53.4
622,0.00,104.00,104.0,1.9,0.00,120.00,120.0,99.26,0,5.74,4572,2.62,4753,51,4,0.00,0.00,0.0,0.00,0.00,0.0,0.00,5400.00,40.0
623,668.00,444.00,1112.0,4.31,20.00,296.00,316.0,99.26,0,5.74,4566,2.62,4740,50,4,16.00,4.00,20.0,4.00,4.00,8.0,0.00,8941.00,39.4
624,0.00,124.00,124.0,3.06,8.00,158.00,166.0,99.26,0,5.28,4562,2.62,4728,50,4,8.00,0.00,8.0,0.00,0.00,0.0,7.00,5831.00,39.1
625,128.00,68.00,196.0,2.28,0.00,104.00,104.0,99.27,0,5.28,4558,2.62,4704,50,4,0.00,0.00,0.0,0.00,0.00,0.0,0.00,5468.00,38.7
626,4.00,588.00,592.0,3.05,12.00,212.00,224.0,99.27,0,5.28,4557,2.62,4700,50,4,12.00,0.00,12.0,0.00,0.00,0.0,0.00,7839.00,38.3
627,0.00,208.00,208.0,2.29,8.00,157.00,165.0,99.27,0,5.28,4556,2.62,4696,50,4,8.00,0.00,8.0,0.00,0.00,0.0,0.00,4988.00,38.1
628,28.00,1576.00,1604.0,2.16,1.00,114.00,115.0,99.27,0,5.28,4555,2.62,4688,50,4,0.00,0.00,0.0,0.00,0.00,0.0,0.00,6949.00,37.8
629,0.00,0.00,0.0,3.91,14.00,210.00,224.0,99.27,0,4.86,4553,2.62,4684,50,4,14.00,0.00,14.0,0.00,0.00,0.0,1.00,7201.00,37.5
630,16.00,28.00,44.0,2.56,6.00,134.00,140.0,99.27,2,4.86,4552,2.62,4682,50,4,6.00,0.00,6.0,0.00,0.00,0.0,0.00,6356.00,37.4
631,0.00,240.00,240.0,3.79,3.00,142.00,145.0,99.27,1,4.86,4553,2.62,4683,50,4,2.00,0.00,2.0,0.00,0.00,0.0,1.00,9752.00,37.2
632,40.00,664.00,704.0,9.85,2.00,320.00,322.0,99.28,0,4.86,4561,2.62,4709,50,4,2.00,1.00,3.0,0.00,0.00,0.0,9.00,39261.00,37.3
633,12.00,1260.00,1272.0,20.08,16.00,1500.00,1516.0,99.29,5,4.86,4562,2.62,4714,50,4,16.00,0.00,16.0,0.00,0.00,0.0,1.00,105153.00,44.5
634,280.00,52256.00,52536.0,59.42,3.00,1862.00,1865.0,99.23,14,4.87,4564,2.63,4757,50,4,2.00,0.00,2.0,0.00,0.00,0.0,13.00,167471.00,63.3
635,955.00,6392.00,7347.0,21.38,0.00,652.00,652.0,99.12,1,4.87,4567,2.66,4755,50,4,0.00,0.00,0.0,0.00,0.00,0.0,3.00,65547.00,70.3
636,0.00,604.00,604.0,46.82,0.00,2057.00,2057.0,99.15,20,4.87,4571,2.66,4776,50,4,0.00,0.00,0.0,0.00,0.00,0.0,4.00,177833.00,63.6
637,4.00,240.00,244.0,71.72,3.00,1286.00,1289.0,99.2,8,4.87,4572,2.66,4783,50,6,0.00,1.00,1.0,2.00,1.00,3.0,1.00,135620.00,73.8
638,20.00,1020.00,1040.0,44.98,0.00,1813.00,1813.0,99.23,7,4.87,4572,2.66,4780,50,6,0.00,0.00,0.0,0.00,0.00,0.0,0.00,152975.00,74.0
639,20.00,47308.00,47328.0,45.23,0.00,3277.00,3277.0,99.21,1,4.72,4572,2.68,4772,50,6,0.00,0.00,0.0,0.00,0.00,0.0,1.00,108511.00,73.8
640,976.00,21028.00,22004.0,13.35,0.00,603.00,603.0,99.09,0,4.72,4572,2.73,4795,50,6,0.00,0.00,0.0,0.00,0.00,0.0,0.00,40164.00,65.3
641,1532.00,40.00,1572.0,3.4,0.00,140.00,140.0,99.07,0,4.72,4570,2.73,4802,50,5,0.00,0.00,0.0,0.00,0.00,0.0,2.00,8613.00,47.2
642,12.00,428.00,440.0,2.78,2.00,132.00,134.0,99.07,0,4.72,4566,2.73,4768,50,5,0.00,1.00,1.0,1.00,0.00,1.0,0.00,5761.00,37.2
643,4.00,500.00,504.0,1.66,4.00,95.00,99.0,99.07,1,4.72,4565,2.73,4752,50,5,0.00,0.00,0.0,4.00,4.00,8.0,0.00,5632.00,37.1
644,4.00,96.00,100.0,4.44,16.00,317.00,333.0,99.08,0,4.42,4564,2.73,4736,50,5,16.00,0.00,16.0,0.00,0.00,0.0,1.00,9829.00,36.8
645,0.00,32.00,32.0,3.17,4.00,135.00,139.0,99.08,0,4.42,4561,2.73,4726,50,5,4.00,0.00,4.0,0.00,0.00,0.0,0.00,4999.00,36.9
646,4.00,532.00,536.0,2.41,0.00,94.00,94.0,99.08,0,4.42,4559,2.73,4720,50,5,0.00,0.00,0.0,0.00,0.00,0.0,0.00,6058.00,36.7
647,200.00,220.00,420.0,3.28,27.00,253.00,280.0,99.09,0,4.42,4556,2.73,4699,52,4,24.00,10.00,34.0,0.00,0.00,0.0,2.00,7570.00,36.5
648,852.00,0.00,852.0,3.29,6.00,146.00,152.0,99.09,0,4.42,4556,2.73,4700,52,4,6.00,5.00,11.0,0.00,0.00,0.0,0.00,5222.00,36.5
649,0.00,0.00,0.0,2.17,1.00,110.00,111.0,99.09,0,4.07,4556,2.73,4700,52,4,1.00,0.00,1.0,0.00,0.00,0.0,1.00,5671.00,36.3
650,568.00,28.00,596.0,3.68,20.00,234.00,254.0,99.09,0,4.07,4554,2.73,4696,52,4,20.00,3.00,23.0,0.00,0.00,0.0,0.00,7756.00,36.2
651,4.00,204.00,208.0,2.15,3.00,123.00,126.0,99.09,0,4.07,4554,2.73,4696,51,4,3.00,0.00,3.0,0.00,0.00,0.0,0.00,4948.00,36.2
652,4.00,104.00,108.0,3.06,2.00,240.00,242.0,99.09,0,4.07,4555,2.73,4696,51,4,0.00,0.00,0.0,0.00,0.00,0.0,1.00,13033.00,36.0
653,0.00,368.00,368.0,24.9,24.00,1795.00,1819.0,99.11,5,4.07,4564,2.73,4715,52,4,22.00,2.00,24.0,4.00,4.00,8.0,9.00,99416.00,36.4
654,16.00,664.00,680.0,62.85,6.00,2295.00,2301.0,99.14,12,4.94,4565,2.73,4725,52,4,6.00,8.00,14.0,0.00,0.00,0.0,3.00,190314.00,65.7
655,584.00,52.00,636.0,69.28,1.00,1694.00,1695.0,99.16,15,4.94,4567,2.73,4750,52,4,1.00,1.00,2.0,0.00,0.00,0.0,1.00,207807.00,77.6
656,0.00,60.00,60.0,75.78,0.00,867.00,867.0,99.19,22,4.94,4569,2.73,4752,52,4,0.00,0.00,0.0,0.00,0.00,0.0,2.00,199203.00,78.2
657,384.00,636.00,1020.0,66.54,4.00,1711.00,1715.0,99.23,10,4.94,4571,2.73,4742,51,4,3.00,3.00,6.0,0.00,0.00,0.0,5.00,159122.00,78.8
658,72.00,1860.00,1932.0,45.29,1.00,2577.00,2578.0,99.27,3,4.94,4571,2.73,4763,51,4,0.00,1.00,1.0,0.00,0.00,0.0,1.00,140069.00,78.5
659,28.00,32096.00,32124.0,33.29,0.00,2201.00,2201.0,99.29,5,5.67,4571,2.73,4760,51,4,0.00,0.00,0.0,0.00,0.00,0.0,1.00,76732.00,67.0
660,32.00,47096.00,47128.0,20.68,1.00,431.00,432.0,99.07,1,5.67,4571,2.77,4772,51,4,0.00,0.00,0.0,0.00,0.00,0.0,6.00,18169.00,66.8
661,0.00,32.00,32.0,8.59,1.00,124.00,125.0,99.09,0,5.67,4571,2.77,4771,51,4,0.00,1.00,1.0,0.00,0.00,0.0,0.00,5991.00,50.4
662,248.00,112.00,360.0,2.9,8.00,206.00,214.0,99.09,0,5.67,4569,2.76,4763,51,4,8.00,0.00,8.0,0.00,0.00,0.0,0.00,7247.00,43.5
663,0.00,156.00,156.0,3.57,18.00,233.00,251.0,99.07,28,5.67,4564,2.76,4726,51,4,12.00,0.00,12.0,4.00,4.00,8.0,0.00,6965.00,36.9
664,0.00,116.00,116.0,2.42,0.00,121.00,121.0,99.07,0,5.21,4564,2.76,4726,51,4,0.00,0.00,0.0,0.00,0.00,0.0,1.00,5506.00,36.7
665,448.00,624.00,1072.0,3.02,3.00,154.00,157.0,99.07,2,5.21,4564,2.76,4724,51,4,3.00,1.00,4.0,0.00,0.00,0.0,2.00,5923.00,36.5
666,352.00,36.00,388.0,2.69,0.00,182.00,182.0,99.08,28,5.21,4561,2.76,4710,51,4,0.00,0.00,0.0,0.00,0.00,0.0,1.00,6695.00,36.6
667,0.00,180.00,180.0,1.91,1.00,104.00,105.0,99.08,28,5.21,4557,2.76,4702,51,4,0.00,0.00,0.0,0.00,0.00,0.0,0.00,5488.00,36.5
668,0.00,0.00,0.0,3.05,0.00,140.00,140.0,99.07,28,5.21,4554,2.76,4696,51,4,0.00,0.00,0.0,0.00,0.00,0.0,0.00,5789.00,36.3
669,0.00,0.00,0.0,2.93,6.00,186.00,192.0,99.07,26,4.8,4554,2.76,4695,51,4,6.00,0.00,6.0,0.00,0.00,0.0,1.00,6621.00,36.2
670,4.00,252.00,256.0,2.79,4.00,172.00,176.0,99.08,26,4.8,4554,2.76,4695,51,4,4.00,0.00,4.0,0.00,0.00,0.0,0.00,7169.00,36.1
671,8.00,36.00,44.0,21.54,4.00,600.00,604.0,99.08,31,4.8,4563,2.76,4717,51,4,4.00,1.00,5.0,0.00,0.00,0.0,9.00,46412.00,36.0
672,24.00,148.00,172.0,26.56,10.00,2021.00,2031.0,99.1,37,4.8,4563,2.76,4729,51,4,10.00,0.00,10.0,0.00,0.00,0.0,0.00,133622.00,58.3
673,28.00,600.00,628.0,67.6,6.00,2095.00,2101.0,99.13,40,4.8,4565,2.76,4724,51,4,2.00,0.00,2.0,4.00,4.00,8.0,2.00,194511.00,58.7
674,12.00,760.00,772.0,78.32,0.00,1273.00,1273.0,99.14,44,5.77,4567,2.76,4734,51,4,0.00,0.00,0.0,0.00,0.00,0.0,3.00,189020.00,82.0
675,12.00,104.00,116.0,75.13,0.00,1136.00,1136.0,99.17,25,5.77,4570,2.76,4736,51,4,0.00,0.00,0.0,0.00,0.00,0.0,3.00,192480.00,82.0
676,28.00,1100.00,1128.0,75.54,2.00,1750.00,1752.0,99.21,3,5.77,4571,2.76,4733,51,5,1.00,1.00,2.0,1.00,1.00,2.0,3.00,153982.00,82.2
677,20.00,768.00,788.0,66.42,1.00,2466.00,2467.0,99.23,20,5.77,4571,2.76,4739,51,5,1.00,0.00,1.0,0.00,0.00,0.0,0.00,148038.00,82.2
678,4.00,696.00,700.0,58.48,0.00,2129.00,2129.0,99.25,5,5.77,4570,2.76,4738,51,5,0.00,0.00,0.0,0.00,0.00,0.0,0.00,80954.00,81.9
679,0.00,12.00,12.0,6.88,0.00,151.00,151.0,99.26,16,5.31,4570,2.76,4744,51,5,0.00,0.00,0.0,0.00,0.00,0.0,1.00,11697.00,65.1
680,32.00,39636.00,39668.0,2.78,0.00,12.00,12.0,99.26,14,5.31,4569,2.76,4752,51,4,0.00,0.00,0.0,0.00,0.00,0.0,0.00,5213.00,35.2
681,216.00,32.00,248.0,2.41,0.00,171.00,171.0,99.26,7,5.31,4564,2.76,4738,50,5,0.00,0.00,0.0,1.00,0.00,1.0,0.00,5150.00,35.0
682,372.00,116.00,488.0,2.16,0.00,86.00,86.0,99.26,7,5.31,4564,2.76,4736,50,5,0.00,0.00,0.0,0.00,0.00,0.0,0.00,5108.00,35.6
683,0.00,836.00,836.0,3.06,6.00,222.00,228.0,99.27,12,5.31,4563,2.76,4728,50,5,6.00,0.00,6.0,0.00,0.00,0.0,0.00,8174.00,35.6
684,0.00,124.00,124.0,4.15,14.00,233.00,247.0,99.27,15,4.89,4561,2.76,4718,50,5,14.00,0.00,14.0,0.00,0.00,0.0,1.00,6216.00,35.8
685,4.00,52.00,56.0,1.79,0.00,102.00,102.0,99.27,14,4.89,4559,2.76,4712,50,5,0.00,0.00,0.0,0.00,0.00,0.0,0.00,5396.00,35.7
686,4.00,22820.00,22824.0,3.05,13.00,215.00,228.0,99.27,4,4.89,4554,2.76,4700,50,5,11.00,2.00,13.0,1.00,0.00,1.0,0.00,7695.00,35.7
687,0.00,212.00,212.0,2.29,11.00,183.00,194.0,99.27,9,4.89,4554,2.76,4696,50,5,10.00,0.00,10.0,0.00,0.00,0.0,0.00,5230.00,35.9
688,160.00,1088.00,1248.0,2.27,5.00,104.00,109.0,99.28,3,4.89,4556,2.76,4699,51,5,5.00,5.00,10.0,0.00,0.00,0.0,2.00,6110.00,35.8
689,200.00,60.00,260.0,4.28,16.00,221.00,237.0,99.28,7,4.57,4556,2.76,4700,51,5,16.00,6.00,22.0,0.00,0.00,0.0,1.00,7692.00,35.9
690,136.00,32.00,168.0,3.52,9.00,166.00,175.0,99.29,3,4.57,4556,2.76,4700,51,5,8.00,0.00,8.0,0.00,0.00,0.0,0.00,5266.00,36.1
691,4.00,304.00,308.0,2.68,0.00,177.00,177.0,99.29,3,4.57,4557,2.76,4700,51,5,0.00,0.00,0.0,0.00,0.00,0.0,1.00,8949.00,36.0
692,292.00,580.00,872.0,16.9,17.00,1374.00,1391.0,99.3,20,4.57,4563,2.76,4716,51,4,15.00,4.00,19.0,0.00,0.00,0.0,8.00,81297.00,36.3
693,196.00,29952.00,30148.0,52.84,11.00,2105.00,2116.0,99.11,22,4.57,4563,2.83,4728,51,4,8.00,0.00,8.0,4.00,4.00,8.0,5.00,161407.00,57.5
694,12.00,12476.00,12488.0,68.14,0.00,1697.00,1697.0,99.14,34,6.29,4564,2.83,4730,51,4,0.00,0.00,0.0,0.00,0.00,0.0,2.00,171394.00,79.0
695,8.00,1044.00,1052.0,75.5,2.00,901.00,903.0,99.2,22,6.29,4565,2.83,4747,50,5,0.00,0.00,0.0,1.00,0.00,1.0,1.00,198636.00,79.1
696,0.00,420.00,420.0,70.42,0.00,1136.00,1136.0,99.23,4,6.29,4569,2.83,4738,50,5,0.00,0.00,0.0,0.00,0.00,0.0,4.00,183532.00,79.6
697,16.00,27612.00,27628.0,59.09,0.00,2247.00,2247.0,99.14,19,6.29,4571,2.83,4756,50,5,0.00,0.00,0.0,0.00,0.00,0.0,2.97,152498.02,79.6
698,12.00,1416.00,1428.0,46.91,0.00,3163.00,3163.0,99.18,17,6.29,4572,2.83,4769,50,5,0.00,0.00,0.0,0.00,0.00,0.0,1.00,135332.00,79.6
699,0.00,436.00,436.0,28.35,0.00,1061.00,1061.0,99.19,0,5.95,4572,2.83,4784,50,5,0.00,0.00,0.0,0.00,0.00,0.0,1.00,46273.00,79.1
700,84.00,32.00,116.0,3.32,0.00,125.00,125.0,99.17,1,5.95,4572,2.83,4782,51,4,0.00,1.00,1.0,0.00,0.00,0.0,0.00,6586.00,47.0
701,0.00,35.64,35.64,3.4,4.00,160.00,164.0,99.15,2,5.95,4571,2.83,4776,51,4,4.00,0.00,4.0,0.00,0.00,0.0,0.00,6092.00,36.2
702,0.00,44.00,44.0,2.91,16.00,272.00,288.0,99.15,0,5.95,4566,2.83,4747,51,4,16.00,0.00,16.0,0.00,0.00,0.0,0.00,7812.00,36.2
703,44.00,880.00,924.0,1.77,2.00,117.00,119.0,99.15,3,5.95,4566,2.83,4747,51,4,0.00,2.00,2.0,0.00,0.00,0.0,0.00,5848.00,36.2
704,0.00,128.00,128.0,3.05,10.00,154.00,164.0,99.15,6,5.47,4565,2.83,4743,51,4,6.00,0.00,6.0,4.00,4.00,8.0,1.00,6968.00,36.1
705,0.00,56.00,56.0,3.17,14.00,206.00,220.0,99.15,1,5.47,4564,2.83,4727,51,4,14.00,0.00,14.0,0.00,0.00,0.0,0.00,6290.00,36.2
706,0.00,0.00,0.0,2.17,2.00,113.00,115.0,99.15,0,5.47,4559,2.83,4713,51,4,2.00,0.00,2.0,0.00,0.00,0.0,0.00,5618.00,36.1
707,8.00,636.00,644.0,1.91,0.00,93.00,93.0,99.15,7,5.47,4554,2.83,4697,51,4,0.00,0.00,0.0,0.00,0.00,0.0,0.00,5906.00,36.0
708,0.00,0.00,0.0,3.44,18.00,243.00,261.0,99.16,0,5.47,4553,2.83,4695,51,4,18.00,0.00,18.0,0.00,0.00,0.0,0.00,7010.00,35.9
709,4.00,0.00,4.0,2.65,0.00,200.00,200.0,99.16,0,5.19,4554,2.83,4696,51,4,0.00,0.00,0.0,0.00,0.00,0.0,2.00,9243.00,35.9
710,0.00,36.00,36.0,9.02,4.00,393.00,397.0,99.16,1,5.19,4562,2.83,4723,51,4,2.00,2.00,4.0,0.00,0.00,0.0,8.00,39998.00,35.9
711,4.00,56.00,60.0,25.99,20.00,2076.00,2096.0,99.18,25,5.19,4563,2.83,4723,51,4,18.00,2.00,20.0,0.00,0.00,0.0,1.00,115900.00,47.5
712,4.00,548.00,552.0,63.26,4.00,2185.00,2189.0,99.21,8,5.19,4564,2.83,4725,51,4,2.00,3.00,5.0,0.00,0.00,0.0,1.00,191689.00,61.8
713,40.00,448.00,488.0,55.77,1.00,1602.00,1603.0,99.23,32,5.19,4567,2.83,4748,51,4,0.00,0.00,0.0,0.00,0.00,0.0,3.00,212092.00,73.2
714,8.00,1032.00,1040.0,64.95,4.00,1439.00,1443.0,99.26,17,6.06,4570,2.83,4747,51,4,0.00,0.00,0.0,4.00,4.00,8.0,4.00,214701.00,80.2
715,12.00,54528.00,54540.0,37.82,2.00,2110.00,2112.0,99.3,16,6.06,4572,2.83,4767,50,5,0.00,0.00,0.0,1.00,1.00,2.0,2.00,158708.00,72.7
716,4.00,23520.00,23524.0,41.26,1.00,2632.00,2633.0,99.13,0,6.06,4572,2.90,4751,50,5,0.00,0.00,0.0,0.00,0.00,0.0,0.00,92558.00,72.4
717,180.00,1172.00,1352.0,18.83,0.00,1109.00,1109.0,99.15,13,6.06,4572,2.90,4761,50,5,0.00,0.00,0.0,0.00,0.00,0.0,0.00,57861.00,58.4
718,4.00,320.00,324.0,6.03,1.00,175.00,176.0,99.15,1,6.06,4571,2.90,4769,50,5,0.00,0.00,0.0,0.00,0.00,0.0,0.00,9350.00,58.5
719,920.00,328.00,1248.0,2.65,6.00,98.00,104.0,99.16,0,5.73,4571,2.90,4778,51,4,5.00,5.00,10.0,0.00,0.00,0.0,3.00,5231.00,35.5
720,476.00,8612.00,9088.0,1.79,4.00,120.00,124.0,99.17,1,5.73,4566,2.90,4753,51,4,4.00,6.00,10.0,0.00,0.00,0.0,0.00,5446.00,35.5
721,0.00,36.00,36.0,2.04,0.00,90.00,90.0,99.17,1,5.73,4565,2.90,4743,51,4,0.00,0.00,0.0,0.00,0.00,0.0,0.00,5083.00,35.5
722,0.00,80.00,80.0,4.08,21.00,323.00,344.0,99.17,1,5.73,4564,2.90,4731,51,4,20.00,0.00,20.0,0.00,0.00,0.0,0.00,9527.00,35.5
723,568.00,200.00,768.0,2.53,4.00,127.00,131.0,99.17,6,5.73,4559,2.90,4719,50,4,3.00,3.00,6.0,0.00,0.00,0.0,0.00,5194.00,35.7
724,8.00,556.00,564.0,2.56,2.00,120.00,122.0,99.17,3,5.35,4557,2.90,4707,50,4,1.00,1.00,2.0,0.00,0.00,0.0,1.00,6051.00,35.6
725,412.00,296.00,708.0,4.39,15.00,252.00,267.0,99.18,0,5.35,4554,2.90,4700,51,4,15.00,6.00,21.0,0.00,0.00,0.0,5.00,7080.00,35.6
726,208.00,80.00,288.0,2.53,3.00,96.00,99.0,99.18,1,5.35,4554,2.90,4701,51,4,3.00,4.00,7.0,0.00,0.00,0.0,0.00,5500.00,35.7
727,0.00,188.00,188.0,1.15,0.00,95.00,95.0,99.18,5,5.35,4554,2.90,4701,51,4,0.00,0.00,0.0,0.00,0.00,0.0,0.00,5055.00,35.6
728,380.00,0.00,380.0,4.54,4.00,220.00,224.0,99.18,1,5.35,4552,2.90,4697,51,4,4.00,3.00,7.0,0.00,0.00,0.0,0.00,7259.00,35.5
729,0.00,0.00,0.0,1.79,3.00,147.00,150.0,99.18,0,4.92,4552,2.90,4697,50,4,3.00,0.00,3.0,0.00,0.00,0.0,1.00,5013.00,35.7
730,28.00,212.00,240.0,2.41,0.00,93.00,93.0,99.18,1,4.92,4552,2.90,4697,50,4,0.00,0.00,0.0,0.00,0.00,0.0,0.00,5626.00,35.5
731,4.00,40.00,44.0,9.57,8.00,934.00,942.0,99.19,5,4.92,4554,2.90,4692,50,4,6.00,0.00,6.0,0.00,0.00,0.0,2.00,51789.00,35.4
732,12.00,276.00,288.0,51.72,10.00,2689.00,2699.0,99.21,23,4.92,4561,2.90,4715,50,4,12.00,0.00,12.0,0.00,0.00,0.0,7.00,189624.00,53.6
733,16.00,460.00,476.0,56.05,0.00,2091.00,2091.0,99.23,27,4.92,4563,2.90,4733,50,4,0.00,0.00,0.0,0.00,0.00,0.0,2.00,237421.00,73.2
734,4.00,480.00,484.0,62.87,4.00,1535.00,1539.0,99.27,4,6.69,4566,2.90,4741,50,4,0.00,0.00,0.0,4.00,4.00,8.0,4.00,224322.00,73.6
735,12.00,48948.00,48960.0,41.55,0.00,2440.00,2440.0,99.3,18,6.69,4570,2.90,4754,50,4,0.00,0.00,0.0,0.00,0.00,0.0,4.00,158446.00,74.0
736,12.00,20160.00,20172.0,51.08,0.00,3005.00,3005.0,99.1,11,6.69,4572,2.92,4751,50,4,0.00,0.00,0.0,0.00,0.00,0.0,5.00,124903.00,73.6
737,12.00,1076.00,1088.0,21.74,0.00,1119.00,1119.0,99.11,3,6.69,4571,2.92,4767,50,4,0.00,0.00,0.0,0.00,0.00,0.0,0.00,47121.00,73.3
738,4.00,0.00,4.0,2.54,0.00,128.00,128.0,99.11,0,6.69,4571,2.92,4767,50,4,0.00,0.00,0.0,0.00,0.00,0.0,0.00,5031.00,44.3
739,0.00,0.00,0.0,2.29,4.00,155.00,159.0,99.11,0,6.16,4571,2.92,4765,50,4,4.00,0.00,4.0,0.00,0.00,0.0,1.00,6645.00,38.8
740,44.00,36.00,80.0,4.56,14.00,286.00,300.0,99.11,1,6.16,4569,2.92,4757,50,4,14.00,0.00,14.0,0.00,0.00,0.0,0.00,7712.00,38.4
741,0.00,36.00,36.0,2.28,2.00,115.00,117.0,99.11,1,6.16,4567,2.92,4753,50,4,2.00,0.00,2.0,0.00,0.00,0.0,0.00,5149.00,38.1
742,8.00,252.00,260.0,2.16,7.00,171.00,178.0,99.11,3,6.16,4562,2.92,4729,50,4,7.00,1.00,8.0,0.00,0.00,0.0,0.00,6115.00,37.8
743,28.00,372.00,400.0,3.16,12.00,207.00,219.0,99.11,2,6.16,4560,2.92,4723,50,4,12.00,0.00,12.0,0.00,0.00,0.0,0.00,6527.00,37.5
744,0.00,140.00,140.0,2.17,6.00,126.00,132.0,99.12,3,5.66,4557,2.92,4707,50,4,2.00,0.00,2.0,4.00,4.00,8.0,1.00,5430.00,37.3
745,0.00,0.00,0.0,2.92,9.00,173.00,182.0,99.12,0,5.66,4555,2.92,4701,50,4,8.00,0.00,8.0,0.00,0.00,0.0,0.00,6809.00,37.1
746,16.00,592.00,608.0,3.77,10.00,179.00,189.0,99.12,2,5.66,4554,2.92,4699,50,4,10.00,0.00,10.0,0.00,0.00,0.0,0.00,6671.00,36.9
747,0.00,124.00,124.0,2.3,2.00,156.00,158.0,99.12,3,5.66,4553,2.92,4697,50,4,2.00,0.00,2.0,0.00,0.00,0.0,0.00,6887.00,37.0
748,32.00,632.00,664.0,11.93,11.00,969.00,980.0,99.12,16,5.66,4562,2.91,4710,50,4,8.00,0.00,8.0,0.00,0.00,0.0,9.00,65440.00,36.9
749,8.00,1164.00,1172.0,42.46,8.00,2197.00,2205.0,99.15,24,5.45,4562,2.91,4720,50,4,10.00,0.00,10.0,0.00,0.00,0.0,1.00,165175.00,54.2
750,4.00,76.00,80.0,59.35,2.00,2166.00,2168.0,99.17,20,5.45,4564,2.91,4736,50,4,2.00,0.00,2.0,0.00,0.00,0.0,1.98,236011.88,70.0
751,4.00,92.00,96.0,67.96,1.00,1559.00,1560.0,99.19,23,5.45,4566,2.91,4742,50,4,0.00,0.00,0.0,0.00,0.00,0.0,2.00,218131.00,79.6
752,8.00,1456.00,1464.0,53.48,0.00,2266.00,2266.0,99.23,17,5.45,4571,2.91,4743,50,4,0.00,0.00,0.0,0.00,0.00,0.0,5.00,186486.00,79.8
753,32.00,43284.00,43316.0,37.92,1.00,2124.00,2125.0,99.27,27,5.45,4569,2.91,4753,51,5,0.00,1.00,1.0,1.00,1.00,2.0,1.00,116866.00,71.4
754,0.00,784.00,784.0,23.17,2.00,926.00,928.0,99.29,2,5.73,4569,2.91,4754,51,5,0.00,2.00,2.0,0.00,0.00,0.0,1.00,38118.00,71.1
755,16.00,852.00,868.0,1.65,2.00,2.00,4.0,99.29,2,5.73,4569,2.91,4752,51,5,0.00,2.00,2.0,0.00,0.00,0.0,0.00,5646.00,48.1
756,0.00,84.00,84.0,2.28,2.00,2.00,4.0,99.29,3,5.73,4569,2.91,4752,51,5,0.00,2.00,2.0,0.00,0.00,0.0,0.00,5283.00,39.0
757,0.00,104.00,104.0,2.17,2.00,76.00,78.0,99.29,2,5.73,4568,2.91,4758,51,4,0.00,2.00,2.0,0.00,0.00,0.0,0.00,5379.00,38.5
758,48.00,22416.00,22464.0,3.04,0.00,78.00,78.0,99.29,0,5.73,4563,2.91,4744,51,4,0.00,0.00,0.0,0.00,0.00,0.0,0.00,5958.00,38.1
759,48.00,232.00,280.0,2.53,5.00,83.00,88.0,99.3,0,5.27,4565,2.91,4731,52,4,5.00,5.00,10.0,0.00,0.00,0.0,3.00,5568.00,38.1
760,548.00,17556.00,18104.0,4.04,26.00,268.00,294.0,99.19,0,5.27,4565,2.93,4717,53,4,24.00,12.00,36.0,0.00,0.00,0.0,2.00,9220.00,37.8
761,244.00,40.00,284.0,2.66,5.00,103.00,108.0,99.19,1,5.27,4563,2.93,4711,53,4,4.00,7.00,11.0,0.00,0.00,0.0,0.00,5313.00,38.2
762,460.00,40.00,500.0,2.02,3.00,93.00,96.0,99.2,2,5.27,4559,2.93,4702,53,4,1.00,3.00,4.0,0.00,0.00,0.0,0.00,5681.00,37.9
763,148.00,1192.00,1340.0,8.59,21.00,214.00,235.0,99.21,2,5.27,4555,2.93,4694,52,4,19.00,5.00,24.0,0.00,0.00,0.0,0.00,7285.00,37.6
764,388.00,68.00,456.0,10.15,9.00,108.00,117.0,99.21,1,4.93,4553,2.93,4690,51,4,3.00,5.00,8.0,4.00,4.00,8.0,1.00,6110.00,50.4
765,0.00,0.00,0.0,2.28,2.00,99.00,101.0,99.21,0,4.93,4553,2.93,4689,51,4,0.00,2.00,2.0,0.00,0.00,0.0,0.00,5739.00,41.0
766,4.00,84.00,88.0,3.41,17.00,195.00,212.0,99.21,3,4.93,4553,2.93,4690,51,4,16.00,1.00,17.0,0.00,0.00,0.0,0.00,6919.00,35.5
767,4.00,540.00,544.0,2.65,1.00,108.00,109.0,99.21,0,4.93,4553,2.93,4690,51,4,0.00,1.00,1.0,0.00,0.00,0.0,0.00,5567.00,35.5
768,0.00,0.00,0.0,3.42,3.00,249.00,252.0,99.21,0,4.93,4554,2.93,4690,51,4,2.00,0.00,2.0,0.00,0.00,0.0,1.00,18060.00,35.4
769,16.00,288.00,304.0,22.78,14.00,1968.00,1982.0,99.22,16,4.62,4562,2.93,4716,51,4,14.00,0.00,14.0,0.00,0.00,0.0,9.00,132351.00,35.9
