0,0.00,68.00,68.0,3.69,7.00,7.00,14.0,58.84,0,0.51,4200,0.76,3890,48,4,9.00,17.00,26.0,0.00,0.00,0.0,4.00,4981.00,34.5
1,0.00,388.00,388.0,1.78,0.00,0.00,0.0,58.84,0,0.51,4200,0.76,3890,48,4,0.00,0.00,0.0,0.00,0.00,0.0,1.00,5094.00,34.5
2,0.00,0.00,0.0,1.27,0.00,0.00,0.0,58.84,0,0.51,4200,0.76,3890,48,4,0.00,0.00,0.0,0.00,0.00,0.0,0.00,4604.00,34.4
3,0.00,3624.00,3624.0,2.14,0.00,0.00,0.0,58.84,1,0.51,4200,0.76,3890,48,4,0.00,0.00,0.0,0.00,0.00,0.0,0.00,5058.00,34.4
4,0.00,308.00,308.0,2.16,0.00,0.00,0.0,58.84,0,0.51,4200,0.76,3890,48,4,0.00,0.00,0.0,0.00,0.00,0.0,0.00,5204.00,34.5
5,0.00,76.00,76.0,1.66,0.00,0.00,0.0,58.84,0,0.47,4200,0.76,3890,48,4,0.00,0.00,0.0,0.00,0.00,0.0,0.00,4788.00,34.5
6,0.00,24.00,24.0,1.63,0.00,0.00,0.0,58.84,0,0.47,4200,0.76,3890,48,4,0.00,0.00,0.0,0.00,0.00,0.0,1.00,4931.00,34.4
7,0.00,300.00,300.0,1.28,0.00,0.00,0.0,58.85,0,0.47,4200,0.76,3890,48,4,0.00,0.00,0.0,0.00,0.00,0.0,0.00,5001.00,34.4
8,0.00,108.00,108.0,2.27,0.00,0.00,0.0,58.85,0,0.47,4200,0.76,3890,48,4,0.00,0.00,0.0,0.00,0.00,0.0,0.00,4942.00,34.4
9,0.00,506.93,506.93,1.91,0.00,0.00,0.0,58.85,0,0.47,4200,0.76,3890,48,4,0.00,0.00,0.0,0.00,0.00,0.0,0.00,5063.00,34.4
10,0.00,76.00,76.0,45.69,0.00,115.00,115.0,58.96,6,1.23,4210,0.76,3913,48,4,0.00,0.00,0.0,0.00,0.00,0.0,10.00,15885.00,78.5
11,0.00,384.00,384.0,84.22,0.00,120.00,120.0,59.1,16,1.23,4249,0.76,3993,48,4,0.00,0.00,0.0,0.00,0.00,0.0,40.00,30961.00,87.3
12,0.00,4.00,4.0,90.0,0.00,247.00,247.0,59.17,14,1.23,4275,0.76,4034,48,4,0.00,0.00,0.0,0.00,0.00,0.0,26.00,32910.00,87.3
13,0.00,100.00,100.0,87.16,0.00,280.00,280.0,59.22,17,1.23,4303,0.76,4075,48,4,0.00,0.00,0.0,0.00,0.00,0.0,28.00,37966.00,87.1
14,0.00,80.00,80.0,91.18,0.00,515.00,515.0,59.21,17,1.23,4305,0.76,4075,48,4,0.00,0.00,0.0,0.00,0.00,0.0,4.00,57924.00,87.0
15,0.00,520.00,520.0,91.92,0.00,297.00,297.0,59.4,25,1.78,4334,0.76,4102,48,4,0.00,0.00,0.0,0.00,0.00,0.0,29.00,35165.00,87.0
16,0.00,452.00,452.0,68.43,0.00,502.00,502.0,59.52,2,1.78,4364,0.76,4139,48,4,0.00,0.00,0.0,0.00,0.00,0.0,29.00,38909.00,79.1
17,0.00,1012.00,1012.0,9.9,0.00,0.00,0.0,59.51,0,1.78,4364,0.76,4139,48,4,0.00,0.00,0.0,0.00,0.00,0.0,0.00,5376.00,40.5
18,0.00,1044.00,1044.0,21.49,0.00,13.00,13.0,59.52,8,1.78,4364,0.76,4141,48,4,0.00,0.00,0.0,0.00,0.00,0.0,0.00,7721.00,60.1
19,0.00,1352.00,1352.0,86.53,4.00,43.00,47.0,59.58,10,1.78,4365,0.76,4149,48,4,0.00,0.00,0.0,4.00,4.00,8.0,1.00,12089.00,87.6
20,0.00,1220.00,1220.0,93.07,0.00,331.00,331.0,59.63,17,3.8,4370,0.76,4175,48,4,0.00,0.00,0.0,0.00,0.00,0.0,5.00,29499.00,87.6
21,0.00,52.00,52.0,95.36,1.00,416.00,417.0,59.75,43,3.8,4378,0.76,4202,48,4,0.00,0.00,0.0,0.00,0.00,0.0,9.00,39278.00,87.6
22,0.00,256.00,256.0,92.86,7.00,445.00,452.0,59.82,28,3.8,4392,0.76,4207,49,4,6.00,5.00,11.0,0.00,0.00,0.0,15.00,40765.00,87.6
23,0.00,120.00,120.0,95.14,5.00,191.00,196.0,59.86,27,3.8,4422,0.76,4231,49,4,4.00,6.00,10.0,0.00,0.00,0.0,30.00,26311.00,87.9
24,0.00,340.00,340.0,95.62,3.00,203.00,206.0,59.96,14,3.8,4437,0.76,4295,49,4,2.00,1.00,3.0,0.00,0.00,0.0,19.00,21042.00,88.0
25,0.00,560.00,560.0,91.83,2.00,2.00,4.0,60.01,17,5.89,4456,0.76,4340,50,4,2.00,2.00,4.0,0.00,0.00,0.0,15.00,64322.00,87.9
26,0.00,24.00,24.0,93.62,6.00,6.00,12.0,60.02,17,5.89,4459,0.76,4354,50,4,6.00,9.00,15.0,0.00,0.00,0.0,4.00,52606.00,87.9
27,0.00,52.00,52.0,92.88,7.00,206.00,213.0,60.08,27,5.89,4457,0.76,4308,49,4,6.00,4.00,10.0,0.00,0.00,0.0,0.00,58124.00,87.7
28,0.00,13016.00,13016.0,91.22,0.00,205.00,205.0,60.19,11,5.89,4480,0.76,4362,49,4,0.00,0.00,0.0,0.00,0.00,0.0,23.00,27213.00,87.4
29,0.00,11424.00,11424.0,87.41,7.00,255.00,262.0,60.37,31,5.89,4494,0.76,4395,48,4,3.00,4.00,7.0,4.00,4.00,8.0,17.00,37024.00,87.2
30,0.00,1268.00,1268.0,89.16,1.00,515.00,516.0,60.45,22,7.1,4511,0.76,4394,48,4,0.00,0.00,0.0,0.00,0.00,0.0,17.00,38036.00,87.2
31,0.00,56.00,56.0,87.99,0.00,444.00,444.0,60.5,20,7.1,4534,0.76,4415,48,4,0.00,0.00,0.0,0.00,0.00,0.0,25.00,43019.00,87.3
32,0.00,4.00,4.0,91.3,0.00,555.00,555.0,60.55,21,7.1,4551,0.76,4423,48,4,0.00,0.00,0.0,0.00,0.00,0.0,17.00,48835.00,87.4
33,0.00,128.00,128.0,95.23,0.00,427.00,427.0,60.57,9,7.1,4570,0.76,4454,48,4,0.00,0.00,0.0,0.00,0.00,0.0,20.00,26217.00,87.3
34,0.00,348.00,348.0,81.42,0.00,725.00,725.0,60.65,19,7.1,4602,0.76,4535,48,4,0.00,0.00,0.0,0.00,0.00,0.0,32.00,45815.00,87.3
35,0.00,1144.00,1144.0,43.53,0.00,0.00,0.0,60.7,1,6.86,4602,0.76,4513,48,4,0.00,0.00,0.0,0.00,0.00,0.0,1.00,12347.00,66.5
36,0.00,996.00,996.0,11.88,0.00,37.00,37.0,60.65,1,6.86,4601,0.76,4502,48,4,0.00,0.00,0.0,0.00,0.00,0.0,1.00,8685.00,46.7
37,0.00,1372.00,1372.0,72.11,0.00,54.00,54.0,60.71,8,6.86,4602,0.76,4506,48,4,0.00,0.00,0.0,0.00,0.00,0.0,1.00,12076.00,88.2
38,0.00,1188.00,1188.0,94.49,0.00,198.00,198.0,60.74,34,6.86,4603,0.76,4511,48,4,0.00,0.00,0.0,0.00,0.00,0.0,0.99,20344.55,88.4
39,0.00,968.00,968.0,93.73,0.00,723.00,723.0,60.78,36,6.86,4602,0.76,4517,48,4,0.00,0.00,0.0,0.00,0.00,0.0,1.00,39425.00,88.1
40,0.00,336.00,336.0,94.62,0.00,587.00,587.0,60.9,46,8.79,4603,0.76,4552,48,4,0.00,0.00,0.0,0.00,0.00,0.0,1.00,35034.00,87.9
41,0.00,60.00,60.0,91.65,0.00,841.00,841.0,60.97,40,8.79,4607,0.76,4584,48,4,0.00,0.00,0.0,0.00,0.00,0.0,8.00,51589.00,88.0
42,0.00,436.00,436.0,94.24,0.00,707.00,707.0,61.01,25,8.79,4615,0.76,4591,48,4,0.00,0.00,0.0,0.00,0.00,0.0,7.00,46062.00,87.8
43,0.00,208.00,208.0,93.12,0.00,524.00,524.0,61.01,18,8.79,4625,0.76,4609,48,4,0.00,0.00,0.0,0.00,0.00,0.0,10.00,50914.00,87.6
44,0.00,272.00,272.0,94.22,1.00,340.00,341.0,61.14,19,8.79,4632,0.76,4646,48,4,0.00,0.00,0.0,0.00,0.00,0.0,7.00,29060.00,87.5
45,0.00,456.00,456.0,89.8,0.00,330.00,330.0,61.17,16,8.97,4668,0.76,4673,48,4,0.00,0.00,0.0,0.00,0.00,0.0,37.00,31752.00,87.5
46,0.00,28.00,28.0,37.31,1.00,41.00,42.0,61.21,1,8.97,4668,0.76,4676,49,5,0.00,1.00,1.0,1.00,1.00,2.0,1.00,9049.00,57.4
47,0.00,28.00,28.0,3.04,9.00,9.00,18.0,61.18,0,8.97,4669,0.76,4671,50,5,9.00,7.00,16.0,0.00,0.00,0.0,2.00,5039.00,34.6
48,0.00,316.00,316.0,1.91,2.00,2.00,4.0,61.15,4,8.97,4669,0.76,4672,50,5,2.00,4.00,6.0,0.00,0.00,0.0,0.00,5128.00,34.6
49,0.00,108.00,108.0,1.91,5.00,13.00,18.0,61.15,0,8.97,4669,0.76,4672,50,5,0.00,0.00,0.0,4.00,4.00,8.0,0.00,5190.00,34.5
50,0.00,480.00,480.0,15.39,4.00,224.00,228.0,61.06,2,8.89,4666,0.76,4678,49,4,3.00,3.00,6.0,0.00,0.00,0.0,0.00,9022.00,45.5
51,0.00,64.00,64.0,3.67,1.00,245.00,246.0,61.06,0,8.89,4666,0.76,4678,49,4,0.00,0.00,0.0,0.00,0.00,0.0,1.00,5875.00,35.8
52,0.00,0.00,0.0,3.18,0.00,124.00,124.0,61.06,1,8.89,4666,0.76,4678,49,4,0.00,0.00,0.0,0.00,0.00,0.0,0.00,5133.00,35.6
53,0.00,80.00,80.0,17.86,24.00,487.00,511.0,61.07,3,8.89,4666,0.76,4678,49,4,20.00,2.00,22.0,0.00,0.00,0.0,0.00,13205.00,57.4
54,0.00,368.00,368.0,20.67,23.00,430.00,453.0,61.11,4,8.89,4665,0.76,4672,49,4,20.00,2.00,22.0,0.00,0.00,0.0,0.00,9684.00,50.8
55,0.00,48.00,48.0,3.54,1.00,200.00,201.0,61.11,5,8.18,4665,0.76,4672,49,4,0.00,0.00,0.0,0.00,0.00,0.0,0.00,5395.00,35.0
56,0.00,540.00,540.0,14.03,14.00,362.00,376.0,61.08,2,8.18,4665,0.76,4672,49,4,14.00,0.00,14.0,0.00,0.00,0.0,1.00,9590.00,55.2
57,0.00,112.00,112.0,15.91,27.00,399.00,426.0,61.09,3,8.18,4665,0.76,4672,49,4,26.00,0.00,26.0,0.00,0.00,0.0,0.00,7238.00,44.9
58,0.00,56.00,56.0,3.18,0.00,234.00,234.0,61.09,0,8.18,4665,0.76,4672,49,4,0.00,0.00,0.0,0.00,0.00,0.0,0.00,5136.00,35.3
59,0.00,18420.00,18420.0,7.88,18.00,348.00,366.0,61.1,0,8.18,4665,0.76,4672,49,4,14.00,0.00,14.0,4.00,4.00,8.0,0.00,9803.00,35.9
60,0.00,52.00,52.0,11.34,26.00,491.00,517.0,61.1,6,7.52,4665,0.76,4672,49,4,26.00,0.00,26.0,0.00,0.00,0.0,0.00,7703.00,45.8
61,0.00,744.00,744.0,2.41,0.00,207.00,207.0,61.1,2,7.52,4665,0.76,4672,49,4,0.00,0.00,0.0,0.00,0.00,0.0,1.00,5727.00,36.7
62,0.00,4.00,4.0,63.13,16.00,956.00,972.0,61.09,16,7.52,4666,0.76,4678,49,4,16.00,0.00,16.0,0.00,0.00,0.0,1.00,44367.00,84.0
63,0.00,580.00,580.0,89.27,22.00,1632.00,1654.0,61.13,33,7.52,4667,0.76,4694,49,4,22.00,0.00,22.0,0.00,0.00,0.0,1.00,77856.00,84.4
64,0.00,1844.00,1844.0,89.94,3.00,1245.00,1248.0,61.18,22,7.52,4667,0.76,4712,48,5,2.00,1.00,3.0,1.00,0.00,1.0,0.00,64171.00,84.8
65,0.00,14836.00,14836.0,92.85,0.00,735.00,735.0,61.19,19,8.12,4677,0.76,4746,48,5,0.00,0.00,0.0,0.00,0.00,0.0,10.00,39594.00,85.4
66,0.00,24.00,24.0,91.98,0.00,139.00,139.0,61.3,43,8.12,4685,0.76,4781,48,5,0.00,0.00,0.0,0.00,0.00,0.0,9.00,37563.00,85.6
67,4.00,44.00,48.0,95.12,0.00,49.00,49.0,61.39,24,8.12,4689,0.76,4801,48,5,0.00,0.00,0.0,0.00,0.00,0.0,5.00,20031.00,86.1
68,0.00,828.00,828.0,94.25,0.00,542.00,542.0,61.43,20,8.12,4689,0.76,4786,48,5,0.00,0.00,0.0,0.00,0.00,0.0,0.00,47023.00,86.4
69,0.00,896.00,896.0,96.36,4.00,460.00,464.0,61.51,21,8.12,4699,0.76,4792,48,5,0.00,0.00,0.0,4.00,4.00,8.0,10.00,20129.00,86.8
70,0.00,56.00,56.0,90.83,2.00,513.00,515.0,61.61,14,8.19,4712,0.76,4815,48,5,0.00,1.00,1.0,1.00,0.00,1.0,13.00,36587.00,87.4
71,0.00,432.00,432.0,89.16,0.00,77.00,77.0,61.69,43,8.19,4731,0.76,4918,48,5,0.00,0.00,0.0,0.00,0.00,0.0,20.00,48934.00,87.8
72,0.00,0.00,0.0,89.75,0.00,16.00,16.0,61.74,38,8.19,4751,0.76,4920,48,5,0.00,0.00,0.0,0.00,0.00,0.0,20.00,81702.00,87.6
73,0.00,100.00,100.0,92.62,0.00,197.00,197.0,61.76,19,8.19,4751,0.76,4868,48,5,0.00,0.00,0.0,0.00,0.00,0.0,1.00,63344.00,87.4
74,0.00,84.00,84.0,88.74,0.00,364.00,364.0,61.75,50,8.19,4757,0.76,4898,48,5,0.00,0.00,0.0,0.00,0.00,0.0,6.00,83990.00,87.3
75,0.00,820.00,820.0,89.61,0.00,58.00,58.0,61.75,46,10.34,4760,0.76,4905,49,4,0.00,1.00,1.0,0.00,0.00,0.0,3.00,73206.00,87.2
76,0.00,48.00,48.0,92.12,1.00,362.00,363.0,61.77,29,10.34,4757,0.76,4865,48,5,0.00,0.00,0.0,1.00,0.00,1.0,1.00,55205.00,87.3
77,0.00,352.00,352.0,95.99,0.00,560.00,560.0,61.81,13,10.34,4767,0.76,4878,48,5,0.00,0.00,0.0,0.00,0.00,0.0,10.00,26355.00,87.5
78,0.00,60.00,60.0,88.82,1.00,1061.00,1062.0,61.9,30,10.34,4782,0.76,4881,48,5,1.00,1.00,2.0,0.00,0.00,0.0,15.00,58930.00,87.5
79,0.00,800.00,800.0,92.12,0.00,903.00,903.0,61.91,15,10.34,4783,0.76,4886,48,5,0.00,0.00,0.0,0.00,0.00,0.0,1.00,51488.00,87.8
80,0.00,80.00,80.0,93.12,1.00,1270.00,1271.0,61.96,23,10.87,4783,0.76,4874,48,5,0.00,0.00,0.0,0.00,0.00,0.0,2.00,58212.00,87.9
81,0.00,56.00,56.0,88.36,2.00,366.00,368.0,61.94,32,10.87,4783,0.76,4872,49,4,2.00,2.00,4.0,0.00,0.00,0.0,1.00,78265.00,87.6
82,0.00,4.00,4.0,91.49,0.00,281.00,281.0,61.97,38,10.87,4784,0.76,4833,49,4,0.00,0.00,0.0,0.00,0.00,0.0,2.00,70476.00,87.4
83,0.00,76.00,76.0,92.12,1.00,439.00,440.0,62.02,8,10.87,4790,0.76,4849,49,4,0.00,0.00,0.0,0.00,0.00,0.0,10.00,50316.00,87.5
84,0.00,572.00,572.0,86.0,2.00,2.00,4.0,62.0,53,10.87,4792,0.76,4906,49,4,0.00,1.00,1.0,0.00,0.00,0.0,3.00,110407.00,87.5
85,0.00,1112.00,1112.0,86.98,4.00,4.00,8.0,61.98,37,12.64,4793,0.76,4917,50,4,2.00,4.00,6.0,0.00,0.00,0.0,1.00,108422.00,87.4
86,0.00,32.00,32.0,89.99,6.00,68.00,74.0,62.01,46,12.64,4795,0.76,4925,50,4,5.00,6.00,11.0,0.00,0.00,0.0,3.00,75406.00,87.2
87,0.00,48.00,48.0,86.98,2.00,72.00,74.0,62.05,44,12.64,4796,0.76,4950,50,4,2.00,3.00,5.0,0.00,0.00,0.0,1.00,111859.00,87.0
88,0.00,56.00,56.0,88.01,0.00,106.00,106.0,62.1,46,12.64,4794,0.76,4959,50,4,0.00,0.00,0.0,0.00,0.00,0.0,0.00,109383.00,86.9
89,0.00,96.00,96.0,86.86,6.00,192.00,198.0,62.17,60,12.64,4791,0.76,4921,50,4,2.00,3.00,5.0,4.00,4.00,8.0,0.00,100448.00,86.9
90,0.00,15664.00,15664.0,91.61,1.00,690.00,691.0,62.19,16,12.75,4773,0.76,4855,49,4,1.00,0.00,1.0,0.00,0.00,0.0,3.00,69288.00,87.0
91,0.00,524.00,524.0,88.47,1.00,646.00,647.0,62.19,38,12.75,4775,0.76,4875,49,4,0.00,0.00,0.0,0.00,0.00,0.0,4.00,81410.00,87.1
92,0.00,4.00,4.0,89.86,0.00,380.00,380.0,62.21,43,12.75,4774,0.76,4883,49,4,0.00,0.00,0.0,0.00,0.00,0.0,0.00,85080.00,87.3
93,0.00,88.00,88.0,92.12,0.00,488.00,488.0,62.2,29,12.75,4776,0.76,4894,49,4,0.00,0.00,0.0,0.00,0.00,0.0,2.00,64855.00,87.4
94,0.00,388.00,388.0,92.75,0.00,623.00,623.0,62.27,45,12.75,4775,0.76,4879,49,4,0.00,0.00,0.0,0.00,0.00,0.0,0.00,49679.00,87.2
95,0.00,5072.00,5072.0,94.37,1.00,465.00,466.0,62.29,47,14.94,4775,0.76,4877,49,4,0.00,2.00,2.0,0.00,0.00,0.0,0.00,46660.00,87.2
96,0.00,64.00,64.0,93.25,5.00,596.00,601.0,62.33,69,14.94,4777,0.76,4883,50,4,5.00,5.00,10.0,0.00,0.00,0.0,4.00,51042.00,87.3
97,0.00,972.00,972.0,91.49,4.00,641.00,645.0,62.34,83,14.94,4777,0.76,4855,50,4,4.00,6.00,10.0,0.00,0.00,0.0,2.00,60468.00,87.2
98,0.00,440.00,440.0,93.12,1.00,687.00,688.0,62.38,71,14.94,4779,0.76,4862,50,4,0.00,1.00,1.0,0.00,0.00,0.0,2.00,53996.00,87.2
99,0.00,632.00,632.0,93.26,6.00,540.00,546.0,62.36,67,14.94,4780,0.76,4834,50,4,0.00,3.00,3.0,4.00,4.00,8.0,1.00,50072.00,87.2
100,0.00,8896.00,8896.0,93.74,4.00,765.00,769.0,62.38,81,20.31,4777,0.76,4832,49,4,3.00,4.00,7.0,0.00,0.00,0.0,0.00,51678.00,87.3
101,0.00,72.00,72.0,92.75,14.00,578.00,592.0,62.4,69,20.31,4780,0.76,4846,50,5,11.00,13.00,24.0,1.00,1.00,2.0,4.00,56105.00,87.1
102,0.00,1044.00,1044.0,91.01,1.00,677.00,678.0,62.44,86,20.31,4780,0.76,4856,50,5,0.00,1.00,1.0,0.00,0.00,0.0,0.00,59743.00,87.0
103,0.00,152.00,152.0,91.88,4.00,687.00,691.0,62.43,92,20.31,4778,0.76,4840,48,5,2.00,3.00,5.0,0.00,0.00,0.0,1.00,61654.00,86.9
104,0.00,340.00,340.0,93.88,0.00,671.00,671.0,62.46,67,20.31,4778,0.76,4857,48,5,1.00,0.00,1.0,0.00,0.00,0.0,2.00,62498.00,86.8
105,0.00,352.00,352.0,92.62,1.00,611.00,612.0,62.48,71,25.97,4779,0.76,4860,48,4,0.00,0.00,0.0,0.00,0.00,0.0,1.00,62794.00,86.8
106,0.00,32312.00,32312.0,93.0,0.00,617.00,617.0,62.5,60,25.97,4778,0.76,4837,48,4,0.00,0.00,0.0,0.00,0.00,0.0,1.00,58541.00,86.7
107,0.00,412.00,412.0,91.88,0.00,860.00,860.0,62.54,64,25.97,4778,0.76,4824,48,4,0.00,0.00,0.0,0.00,0.00,0.0,0.00,57293.07,86.6
108,0.00,616.00,616.0,92.0,6.00,1004.00,1010.0,62.56,62,25.97,4775,0.76,4829,48,4,6.00,0.00,6.0,0.00,0.00,0.0,0.00,55386.00,86.6
109,4.00,384.00,388.0,94.38,5.00,915.00,920.0,62.62,48,25.97,4775,0.76,4823,48,4,0.00,0.00,0.0,4.00,4.00,8.0,1.00,43110.00,86.6
110,0.00,284.00,284.0,93.88,4.00,975.00,979.0,62.64,38,29.25,4774,0.76,4831,48,4,4.00,0.00,4.0,0.00,0.00,0.0,0.00,47789.00,86.5
111,0.00,4948.00,4948.0,94.49,10.00,970.00,980.0,62.65,19,29.25,4776,0.76,4844,48,4,10.00,0.00,10.0,0.00,0.00,0.0,3.00,47322.00,86.5
112,0.00,156.00,156.0,73.35,5.00,507.00,512.0,62.63,2,29.25,4775,0.76,4846,48,4,4.00,0.00,4.0,0.00,0.00,0.0,0.00,23365.00,76.5
113,0.00,104.00,104.0,9.15,8.00,332.00,340.0,62.6,3,29.25,4774,0.76,4836,48,4,6.00,0.00,6.0,0.00,0.00,0.0,0.00,7263.00,39.3
114,0.00,392.00,392.0,6.6,19.00,414.00,433.0,62.58,0,29.25,4774,0.76,4828,48,4,16.00,0.00,16.0,0.00,0.00,0.0,0.00,9401.00,39.4
115,0.00,76.00,76.0,8.69,16.00,371.00,387.0,62.58,0,28.75,4774,0.76,4824,48,4,18.00,0.00,18.0,0.00,0.00,0.0,0.00,8538.00,39.7
116,0.00,3168.00,3168.0,5.23,7.00,336.00,343.0,62.58,0,28.75,4771,0.76,4816,48,4,6.00,0.00,6.0,0.00,0.00,0.0,1.00,10500.00,39.9
117,0.00,372.00,372.0,49.36,20.00,855.00,875.0,62.58,11,28.75,4774,0.76,4824,48,4,20.00,0.00,20.0,0.00,0.00,0.0,3.00,42953.00,79.0
118,0.00,72.00,72.0,89.53,14.00,712.00,726.0,62.62,23,28.75,4778,0.76,4838,48,4,14.00,0.00,14.0,0.00,0.00,0.0,5.00,61620.00,86.7
119,0.00,96.00,96.0,91.88,6.00,842.00,848.0,62.65,33,28.75,4777,0.76,4820,48,4,6.00,0.00,6.0,0.00,0.00,0.0,0.00,52853.00,86.6
120,0.00,88.00,88.0,92.0,17.00,929.00,946.0,62.65,32,29.81,4777,0.76,4815,48,4,16.00,0.00,16.0,0.00,0.00,0.0,0.00,67466.00,86.7
121,0.00,18488.00,18488.0,92.5,12.00,834.00,846.0,62.67,51,29.81,4776,0.76,4828,48,4,12.00,0.00,12.0,0.00,0.00,0.0,1.00,71578.00,86.8
122,0.00,8.00,8.0,90.23,2.00,656.00,658.0,62.7,62,29.81,4775,0.76,4834,48,4,2.00,0.00,2.0,0.00,0.00,0.0,2.00,92663.00,86.7
123,0.00,84.00,84.0,89.51,8.00,716.00,724.0,62.73,41,29.81,4776,0.76,4837,48,4,8.00,0.00,8.0,0.00,0.00,0.0,3.00,75050.00,86.8
124,0.00,1224.00,1224.0,89.49,10.00,901.00,911.0,62.76,49,29.81,4776,0.76,4823,48,4,10.00,0.00,10.0,0.00,0.00,0.0,0.00,92732.00,86.9
125,0.00,308.00,308.0,86.88,0.00,894.00,894.0,62.77,42,32.55,4776,0.76,4822,48,4,0.00,0.00,0.0,0.00,0.00,0.0,0.00,101269.00,86.8
126,0.00,14268.00,14268.0,89.1,0.00,1040.00,1040.0,62.79,48,32.55,4776,0.76,4827,48,4,0.00,0.00,0.0,0.00,0.00,0.0,1.00,94748.00,86.8
127,0.00,24.00,24.0,87.0,0.00,820.00,820.0,62.81,60,32.55,4777,0.76,4811,48,4,0.00,0.00,0.0,0.00,0.00,0.0,1.00,100353.00,86.8
128,0.00,1444.00,1444.0,87.0,0.00,916.00,916.0,62.83,74,32.55,4775,0.76,4829,48,4,0.00,0.00,0.0,0.00,0.00,0.0,3.00,95657.00,86.7
129,0.00,1336.00,1336.0,88.01,4.00,644.00,648.0,62.85,70,32.55,4779,0.76,4852,48,4,0.00,0.00,0.0,4.00,4.00,8.0,4.00,82761.00,86.7
130,0.00,312.00,312.0,88.61,0.00,612.00,612.0,62.89,59,35.63,4779,0.76,4867,48,4,0.00,0.00,0.0,0.00,0.00,0.0,0.00,87831.00,86.7
131,0.00,10688.00,10688.0,89.5,0.00,390.00,390.0,62.93,57,35.63,4779,0.76,4877,48,4,0.00,0.00,0.0,0.00,0.00,0.0,1.00,92152.00,86.6
132,0.00,540.00,540.0,89.5,0.00,308.00,308.0,62.98,36,35.63,4781,0.76,4859,48,4,0.00,0.00,0.0,0.00,0.00,0.0,3.00,89095.00,86.7
133,0.00,432.00,432.0,89.14,0.00,528.00,528.0,63.02,55,35.63,4781,0.76,4882,48,4,0.00,0.00,0.0,0.00,0.00,0.0,2.00,93392.00,86.6
134,0.00,108.00,108.0,90.36,0.00,628.00,628.0,63.0,62,35.63,4780,0.76,4849,48,4,0.00,0.00,0.0,0.00,0.00,0.0,1.00,72283.00,86.6
135,0.00,424.00,424.0,89.03,1.00,854.00,855.0,63.03,70,38.3,4782,0.76,4845,49,5,0.00,1.00,1.0,1.00,1.00,2.0,2.00,78287.00,86.6
136,0.00,3164.00,3164.0,89.97,2.00,791.00,793.0,63.02,69,38.3,4782,0.76,4838,49,5,0.00,2.00,2.0,0.00,0.00,0.0,1.00,77861.00,86.6
137,4.00,11240.00,11244.0,89.26,3.00,859.00,862.0,63.04,64,38.3,4781,0.76,4840,49,5,1.00,3.00,4.0,0.00,0.00,0.0,0.00,84525.00,86.6
138,0.00,52.00,52.0,90.5,1.00,506.00,507.0,63.07,64,38.3,4783,0.76,4834,49,5,0.00,0.00,0.0,0.00,0.00,0.0,4.00,86450.00,86.6
139,0.00,768.00,768.0,88.11,5.00,674.00,679.0,63.12,55,38.3,4782,0.76,4847,49,4,0.00,1.00,1.0,4.00,4.00,8.0,1.00,92526.00,86.6
140,0.00,432.00,432.0,90.36,1.00,619.00,620.0,63.16,48,39.16,4784,0.76,4869,49,4,0.00,1.00,1.0,0.00,0.00,0.0,2.00,100457.00,86.6
141,0.00,308.00,308.0,87.25,2.00,509.00,511.0,63.13,46,39.16,4784,0.76,4861,49,4,0.00,2.00,2.0,0.00,0.00,0.0,1.00,107002.00,86.5
142,0.00,4312.00,4312.0,88.61,5.00,506.00,511.0,63.09,53,39.16,4783,0.76,4866,49,4,2.00,2.00,4.0,0.00,0.00,0.0,0.00,95469.00,86.5
143,0.00,440.00,440.0,88.11,6.00,734.00,740.0,63.07,47,39.16,4782,0.76,4862,49,4,4.00,1.00,5.0,0.00,0.00,0.0,3.00,103689.00,86.6
144,0.00,908.00,908.0,88.11,3.00,634.00,637.0,63.05,49,39.16,4782,0.76,4862,49,4,2.00,1.00,3.0,0.00,0.00,0.0,0.00,97359.00,86.7
145,0.00,724.00,724.0,89.0,9.00,678.00,687.0,63.05,47,38.83,4782,0.76,4859,49,4,6.00,2.00,8.0,0.00,0.00,0.0,2.00,93931.00,86.7
146,0.00,568.00,568.0,89.24,3.00,793.00,796.0,63.1,53,38.83,4782,0.76,4829,49,4,2.00,1.00,3.0,0.00,0.00,0.0,1.00,84296.00,86.7
147,0.00,1724.00,1724.0,92.0,3.00,907.00,910.0,63.17,52,38.83,4781,0.76,4826,49,4,3.00,1.00,4.0,0.00,0.00,0.0,1.00,76919.00,86.6
148,0.00,368.00,368.0,89.38,10.00,992.00,1002.0,63.24,56,38.83,4782,0.76,4829,50,4,8.00,4.00,12.0,0.00,0.00,0.0,2.00,79611.00,86.5
149,0.00,436.00,436.0,89.99,15.00,1014.00,1029.0,63.27,65,38.83,4782,0.76,4822,50,4,10.00,9.00,19.0,4.00,4.00,8.0,0.00,74940.00,86.5
150,0.00,536.00,536.0,91.54,6.00,1127.00,1133.0,63.33,42,38.83,4782,0.76,4835,50,4,4.00,2.00,6.0,0.00,0.00,0.0,2.00,68006.00,86.5
151,0.00,848.00,848.0,89.39,7.00,1092.00,1099.0,63.38,50,39.88,4784,0.76,4823,50,4,6.00,3.00,9.0,0.00,0.00,0.0,3.00,76328.00,86.5
152,0.00,37392.00,37392.0,89.97,15.00,1138.00,1153.0,63.36,51,39.88,4783,0.76,4819,49,4,15.00,4.00,19.0,0.00,0.00,0.0,1.00,77926.00,86.6
153,0.00,756.00,756.0,91.51,8.00,1251.00,1259.0,63.38,36,39.88,4782,0.76,4816,49,4,6.00,4.00,10.0,0.00,0.00,0.0,1.00,64274.00,86.6
154,0.00,92.00,92.0,91.23,11.00,1210.00,1221.0,63.4,46,39.88,4785,0.76,4823,49,4,10.00,3.00,13.0,0.00,0.00,0.0,3.00,73481.00,86.7
155,0.00,344.00,344.0,89.26,8.00,971.00,979.0,63.46,43,39.88,4784,0.76,4831,49,4,8.00,2.00,10.0,0.00,0.00,0.0,2.00,82959.00,86.7
156,0.00,420.00,420.0,91.35,8.00,888.00,896.0,63.4,31,40.05,4784,0.76,4837,49,4,8.00,2.00,10.0,0.00,0.00,0.0,2.00,82872.00,86.6
157,0.00,7624.00,7624.0,88.86,24.00,1040.00,1064.0,63.41,23,40.05,4786,0.76,4841,49,4,23.00,13.00,36.0,0.00,0.00,0.0,3.00,88644.00,86.7
158,0.00,28.00,28.0,83.42,14.00,764.00,778.0,63.36,20,40.05,4788,0.76,4848,50,5,10.00,5.00,15.0,2.00,2.00,4.0,2.00,132310.00,86.6
159,0.00,680.00,680.0,88.1,16.00,999.00,1015.0,63.35,33,40.05,4784,0.76,4829,50,5,15.00,7.00,22.0,0.00,0.00,0.0,1.00,105225.00,86.8
160,0.00,84.00,84.0,88.76,14.00,691.00,705.0,63.4,21,40.05,4786,0.76,4842,50,5,12.00,4.00,16.0,0.00,0.00,0.0,3.00,91881.00,86.9
161,0.00,92.00,92.0,89.38,10.00,1028.00,1038.0,63.38,26,39.33,4785,0.76,4822,50,5,8.00,2.00,10.0,0.00,0.00,0.0,1.00,84356.00,86.8
162,0.00,10240.00,10240.0,87.86,11.00,1392.00,1403.0,63.4,29,39.33,4787,0.76,4830,50,5,10.00,1.00,11.0,0.00,0.00,0.0,3.00,106469.00,86.8
163,0.00,884.00,884.0,86.48,10.00,1080.00,1090.0,63.44,29,39.33,4787,0.76,4837,50,4,8.00,0.00,8.0,2.00,2.00,4.0,4.00,106248.00,86.7
164,0.00,384.00,384.0,88.61,6.00,1338.00,1344.0,63.39,28,39.33,4787,0.76,4834,50,4,6.00,0.00,6.0,0.00,0.00,0.0,0.00,93389.00,86.7
165,0.00,112.00,112.0,87.88,9.00,1387.00,1396.0,63.39,40,39.33,4787,0.76,4833,50,4,8.00,0.00,8.0,0.00,0.00,0.0,2.00,111518.00,86.5
166,0.00,660.00,660.0,86.09,7.00,1217.00,1224.0,63.44,32,39.3,4787,0.76,4829,49,4,6.00,0.00,6.0,0.00,0.00,0.0,1.00,111125.00,86.5
167,0.00,31860.00,31860.0,86.02,7.00,1149.00,1156.0,63.6,38,39.3,4786,0.76,4834,49,4,6.00,0.00,6.0,0.00,0.00,0.0,1.00,104699.00,86.5
168,0.00,752.00,752.0,88.22,9.00,1109.00,1118.0,63.71,47,39.3,4785,0.76,4847,49,4,7.00,1.00,8.0,0.00,0.00,0.0,2.00,110303.00,86.5
169,0.00,568.00,568.0,84.88,16.00,1233.00,1249.0,63.74,36,39.3,4788,0.76,4844,51,5,8.00,10.00,18.0,5.00,5.00,10.0,3.00,117393.00,86.5
170,0.00,47.52,47.52,85.38,11.00,996.00,1007.0,63.64,30,39.3,4787,0.76,4852,52,5,9.00,9.00,18.0,0.00,0.00,0.0,1.00,112140.00,86.6
171,0.00,848.00,848.0,83.35,8.00,1129.00,1137.0,63.66,55,38.71,4790,0.76,4838,51,5,6.00,3.00,9.0,0.00,0.00,0.0,18.00,126839.00,86.7
172,0.00,9320.00,9320.0,83.5,6.00,1002.00,1008.0,63.64,34,38.71,4789,0.76,4849,51,5,4.00,0.00,4.0,0.00,0.00,0.0,1.00,129593.00,86.7
173,0.00,132.00,132.0,80.88,6.00,833.00,839.0,63.66,33,38.71,4788,0.76,4842,50,4,3.00,6.00,9.0,0.00,0.00,0.0,1.00,152322.00,86.7
174,0.00,660.00,660.0,83.79,5.00,1049.00,1054.0,63.66,26,38.71,4787,0.76,4845,50,4,0.00,3.00,3.0,0.00,0.00,0.0,1.00,130267.00,86.8
175,0.00,828.00,828.0,83.96,3.00,1166.00,1169.0,63.69,34,38.71,4788,0.76,4842,49,4,0.00,0.00,0.0,0.00,0.00,0.0,2.00,127310.00,86.9
176,0.00,640.00,640.0,85.73,2.00,1318.00,1320.0,63.71,43,38.42,4789,0.76,4846,49,4,2.00,0.00,2.0,0.00,0.00,0.0,3.00,107250.00,86.8
177,0.00,6280.00,6280.0,87.11,12.00,1397.00,1409.0,63.74,24,38.42,4790,0.76,4842,50,4,10.00,3.00,13.0,0.00,0.00,0.0,1.00,99091.00,86.7
178,0.00,360.00,360.0,85.48,1.00,1154.00,1155.0,63.83,18,38.42,4790,0.76,4833,49,4,0.00,0.00,0.0,0.00,0.00,0.0,2.00,103388.00,86.6
179,0.00,748.00,748.0,89.47,12.00,1662.00,1674.0,63.86,23,38.42,4790,0.76,4829,49,4,6.00,0.00,6.0,4.00,4.00,8.0,0.00,71367.00,86.6
180,8.00,428.00,436.0,88.86,15.00,1333.00,1348.0,63.86,20,38.42,4790,0.76,4836,50,4,16.00,2.00,18.0,0.00,0.00,0.0,1.00,93889.00,86.5
181,0.00,456.00,456.0,86.89,2.00,828.00,830.0,63.86,13,37.18,4788,0.76,4840,50,4,0.00,2.00,2.0,0.00,0.00,0.0,14.00,76610.00,86.4
182,0.00,300.00,300.0,59.55,10.00,1025.00,1035.0,63.86,5,37.18,4788,0.76,4843,50,4,8.00,2.00,10.0,0.00,0.00,0.0,2.00,73267.00,79.1
183,0.00,24248.00,24248.0,85.16,16.00,1254.00,1270.0,63.86,23,37.18,4787,0.76,4823,50,4,16.00,0.00,16.0,0.00,0.00,0.0,1.00,108100.00,87.3
184,4.00,1592.00,1596.0,86.59,10.00,923.00,933.0,63.85,7,37.18,4788,0.76,4836,50,4,10.00,0.00,10.0,0.00,0.00,0.0,4.00,95468.00,87.1
185,0.00,104.00,104.0,54.81,9.00,1282.00,1291.0,63.86,22,37.18,4788,0.76,4843,50,4,6.00,3.00,9.0,0.00,0.00,0.0,2.00,116269.00,79.1
186,0.00,444.00,444.0,74.78,11.00,1406.00,1417.0,63.86,15,35.89,4789,0.76,4842,50,4,10.00,1.00,11.0,0.00,0.00,0.0,2.00,138236.00,79.7
187,0.00,260.00,260.0,75.72,13.00,1177.00,1190.0,63.87,14,35.89,4789,0.76,4848,50,4,12.00,1.00,13.0,0.00,0.00,0.0,0.00,94306.00,80.3
188,0.00,28732.00,28732.0,77.31,7.00,1341.00,1348.0,63.89,11,35.89,4789,0.76,4843,50,4,6.00,1.00,7.0,0.00,0.00,0.0,0.00,101386.00,86.1
189,0.00,1304.00,1304.0,82.81,11.00,1484.00,1495.0,63.91,20,35.89,4789,0.76,4821,50,4,10.00,1.00,11.0,0.00,0.00,0.0,2.00,123728.00,86.1
190,0.00,1164.00,1164.0,85.62,19.00,1333.00,1352.0,64.03,12,35.89,4788,0.76,4828,50,4,16.00,3.00,19.0,0.00,0.00,0.0,1.00,106889.00,86.2
191,0.00,356.00,356.0,86.2,0.00,1101.00,1101.0,64.12,14,34.37,4789,0.76,4833,50,4,0.00,0.00,0.0,0.00,0.00,0.0,2.00,112257.00,86.3
192,4.00,660.00,664.0,81.72,8.00,1398.00,1406.0,64.13,26,34.37,4789,0.76,4845,50,4,8.00,0.00,8.0,0.00,0.00,0.0,0.00,146246.00,86.5
193,0.00,11272.00,11272.0,86.61,20.00,1623.00,1643.0,64.15,41,34.37,4789,0.76,4814,49,4,18.00,1.00,19.0,0.00,0.00,0.0,1.00,119949.00,86.7
194,0.00,108.00,108.0,85.52,0.00,1068.00,1068.0,64.16,33,34.37,4786,0.76,4832,49,4,0.00,0.00,0.0,0.00,0.00,0.0,0.00,114722.00,86.8
195,0.00,128.00,128.0,85.34,2.00,1336.00,1338.0,64.17,27,34.37,4787,0.76,4816,49,4,2.00,0.00,2.0,0.00,0.00,0.0,4.00,122476.00,86.8
196,0.00,1076.00,1076.0,83.23,10.00,1438.00,1448.0,64.12,27,34.34,4788,0.76,4819,49,4,10.00,0.00,10.0,0.00,0.00,0.0,2.00,145266.00,86.9
197,0.00,808.00,808.0,85.84,2.00,1567.00,1569.0,64.12,39,34.34,4787,0.76,4829,49,4,2.00,0.00,2.0,0.00,0.00,0.0,0.00,124745.00,86.9
198,0.00,42752.00,42752.0,85.64,5.00,1037.00,1042.0,64.13,25,34.34,4784,0.76,4833,49,4,4.00,0.00,4.0,0.00,0.00,0.0,0.00,117654.00,87.0
199,0.00,128.00,128.0,85.71,12.00,837.00,849.0,64.11,36,34.34,4785,0.76,4816,49,4,8.00,0.00,8.0,4.00,4.00,8.0,1.00,123885.00,87.0
200,0.00,900.00,900.0,84.14,6.00,1036.00,1042.0,64.15,25,34.34,4785,0.76,4823,49,4,6.00,0.00,6.0,0.00,0.00,0.0,2.00,137310.00,87.0
201,0.00,580.00,580.0,81.26,1.00,1320.00,1321.0,64.16,27,33.35,4785,0.76,4821,49,4,0.00,0.00,0.0,0.00,0.00,0.0,3.00,156322.00,86.9
202,0.00,44.00,44.0,83.83,12.00,1638.00,1650.0,64.2,20,33.35,4787,0.76,4811,49,4,12.00,0.00,12.0,0.00,0.00,0.0,3.00,129459.00,86.9
203,0.00,13968.00,13968.0,83.48,6.00,1484.00,1490.0,64.19,34,33.35,4788,0.76,4823,49,4,6.00,1.00,7.0,0.00,0.00,0.0,2.00,140971.00,86.7
204,0.00,864.00,864.0,85.84,3.00,1379.00,1382.0,64.21,37,33.35,4789,0.76,4810,49,5,0.00,1.00,1.0,1.00,1.00,2.0,2.00,120628.00,86.7
205,0.00,764.00,764.0,85.48,10.00,1682.00,1692.0,64.26,28,33.35,4788,0.76,4795,49,5,8.00,1.00,9.0,0.00,0.00,0.0,1.00,118032.00,86.7
206,0.00,1008.00,1008.0,81.27,4.00,1533.00,1537.0,64.28,22,32.85,4787,0.76,4816,49,5,4.00,0.00,4.0,0.00,0.00,0.0,1.00,129722.00,86.7
207,0.00,552.00,552.0,76.58,2.00,1225.00,1227.0,64.3,13,32.85,4787,0.76,4816,49,5,2.00,0.00,2.0,0.00,0.00,0.0,2.00,152053.00,86.6
208,0.00,6108.00,6108.0,70.4,3.00,1276.00,1279.0,64.32,14,32.85,4789,0.76,4831,49,4,0.00,2.00,2.0,0.00,0.00,0.0,2.00,98227.00,86.0
209,0.00,316.00,316.0,72.28,2.00,1246.00,1248.0,64.41,13,32.85,4787,0.76,4837,49,4,0.00,2.00,2.0,0.00,0.00,0.0,1.00,127163.00,85.8
210,0.00,124.00,124.0,73.71,0.00,956.00,956.0,64.42,13,32.85,4786,0.76,4833,49,4,0.00,0.00,0.0,0.00,0.00,0.0,0.00,63574.00,85.6
211,0.00,944.00,944.0,40.3,8.00,982.00,990.0,64.46,2,31.02,4785,0.76,4821,49,4,8.00,0.00,8.0,0.00,0.00,0.0,2.00,58925.00,66.5
212,0.00,360.00,360.0,33.92,23.00,1076.00,1099.0,64.48,0,31.02,4786,0.76,4829,48,4,22.00,0.00,22.0,0.00,0.00,0.0,1.00,53986.00,66.1
213,0.00,3876.00,3876.0,15.15,4.00,459.00,463.0,64.48,0,31.02,4786,0.76,4830,48,4,4.00,0.00,4.0,0.00,0.00,0.0,1.00,63759.00,48.0
214,0.00,84.00,84.0,8.04,10.00,514.00,524.0,64.42,0,31.02,4786,0.76,4827,48,4,10.00,0.00,10.0,0.00,0.00,0.0,0.00,28867.00,41.7
215,0.00,108.00,108.0,38.8,22.00,1060.00,1082.0,64.39,4,31.02,4785,0.76,4823,48,4,22.00,0.00,22.0,0.00,0.00,0.0,1.00,55572.00,67.4
216,0.00,56.00,56.0,46.95,8.00,1209.00,1217.0,64.37,3,29.41,4786,0.76,4831,48,4,8.00,2.00,10.0,0.00,0.00,0.0,2.00,99457.00,67.9
217,0.00,1012.00,1012.0,47.86,6.00,623.00,629.0,64.39,3,29.41,4789,0.76,4836,49,4,6.00,4.00,10.0,0.00,0.00,0.0,3.00,126307.00,74.9
218,0.00,41860.00,41860.0,40.3,5.00,589.00,594.0,64.41,4,29.41,4789,0.76,4834,49,4,5.00,5.00,10.0,0.00,0.00,0.0,0.00,84562.00,74.2
219,0.00,540.00,540.0,43.96,33.00,1493.00,1526.0,64.42,1,29.41,4789,0.76,4819,49,4,29.00,1.00,30.0,4.00,4.00,8.0,0.00,77286.00,74.1
220,0.00,848.00,848.0,35.02,6.00,1094.00,1100.0,64.44,1,29.41,4789,0.76,4832,49,4,6.00,0.00,6.0,0.00,0.00,0.0,0.00,67089.00,68.9
221,0.00,64.00,64.0,22.29,10.00,510.00,520.0,64.49,0,27.3,4789,0.76,4834,49,4,9.00,7.00,16.0,0.00,0.00,0.0,3.00,74490.00,58.3
222,0.00,24.00,24.0,39.23,31.00,2225.00,2256.0,64.48,11,27.3,4788,0.76,4824,49,4,32.00,7.00,39.0,0.00,0.00,0.0,0.00,109400.00,70.6
223,0.00,1032.00,1032.0,83.48,13.00,2002.00,2015.0,64.49,38,27.3,4786,0.76,4823,48,4,13.00,3.00,16.0,0.00,0.00,0.0,0.00,135633.00,86.1
224,0.00,22316.00,22316.0,82.37,1.98,1620.79,1622.77,64.52,20,27.3,4786,0.76,4840,48,4,2.00,0.00,2.0,0.00,0.00,0.0,1.00,139421.00,86.1
225,0.00,100.00,100.0,79.45,0.00,1833.00,1833.0,64.51,25,27.3,4785,0.76,4826,48,4,0.00,0.00,0.0,0.00,0.00,0.0,1.00,162482.00,86.0
226,0.00,556.00,556.0,74.09,10.00,1359.00,1369.0,64.54,29,27.59,4783,0.76,4848,48,4,10.00,0.00,10.0,0.00,0.00,0.0,0.99,192251.49,86.0
227,0.00,76.00,76.0,79.02,3.00,889.00,892.0,64.55,37,27.59,4783,0.76,4867,48,4,2.00,0.00,2.0,0.00,0.00,0.0,2.00,177378.00,86.1
228,0.00,868.00,868.0,83.71,2.00,1115.00,1117.0,64.58,38,27.59,4782,0.76,4845,48,4,2.00,0.00,2.0,0.00,0.00,0.0,1.00,120298.00,86.3
229,5764.00,42956.00,48720.0,87.31,10.00,1891.00,1901.0,64.67,45,27.59,4793,0.76,4854,48,4,6.00,0.00,6.0,4.00,4.00,8.0,32.00,71493.00,86.5
230,6692.00,144.00,6836.0,88.01,3.00,1732.00,1735.0,64.7,48,27.59,4791,0.76,4835,48,4,2.00,0.00,2.0,0.00,0.00,0.0,19.00,73656.00,86.6
231,1612.00,1344.00,2956.0,87.83,2.00,2052.00,2054.0,64.77,37,29.23,4794,0.76,4835,48,4,2.00,0.00,2.0,0.00,0.00,0.0,13.00,88017.00,86.8
232,1624.00,376.00,2000.0,86.75,7.00,1977.00,1984.0,64.83,39,29.23,4794,0.75,4824,48,4,4.00,0.00,4.0,0.00,0.00,0.0,4.00,87376.00,86.9
233,2268.00,416.00,2684.0,86.59,1.00,1669.00,1670.0,64.82,33,29.23,4794,0.75,4812,48,3,2.00,0.00,2.0,0.00,0.00,0.0,0.00,114646.00,87.0
234,1683.17,18003.96,19687.129999999997,80.75,9.00,2014.00,2023.0,64.82,18,29.23,4793,0.75,4822,48,3,8.00,0.00,8.0,0.00,0.00,0.0,1.00,123438.00,87.0
235,816.00,968.00,1784.0,64.68,2.00,1577.00,1579.0,64.84,4,29.23,4792,0.75,4833,47,3,2.00,0.00,2.0,0.00,0.00,0.0,37.00,121104.00,86.5
236,24304.00,912.00,25216.0,49.81,7.00,1054.00,1061.0,64.94,2,29.05,4795,0.75,4847,48,4,7.00,1.00,8.0,0.00,0.00,0.0,17.00,128317.00,75.3
237,10360.00,4132.00,14492.0,29.89,14.00,1173.00,1187.0,64.89,6,29.05,4794,0.75,4833,48,4,14.00,0.00,14.0,0.00,0.00,0.0,8.00,90994.00,67.4
238,5907.00,1024.00,6931.0,35.16,13.00,1494.00,1507.0,64.95,1,29.05,4794,0.75,4837,49,5,10.00,3.00,13.0,1.00,1.00,2.0,8.00,76781.00,67.3
239,9128.00,3712.00,12840.0,14.12,14.00,468.00,482.0,64.96,0,29.05,4794,0.75,4835,49,5,8.00,2.00,10.0,4.00,4.00,8.0,0.00,73219.00,49.5
240,7228.00,312.00,7540.0,7.9,16.00,404.00,420.0,65.0,2,29.05,4794,0.75,4829,49,5,14.00,2.00,16.0,0.00,0.00,0.0,1.00,35161.00,43.8
241,5644.00,468.00,6112.0,12.33,11.00,393.00,404.0,65.03,0,27.04,4795,0.75,4826,50,5,10.00,3.00,13.0,0.00,0.00,0.0,2.00,23556.00,44.3
242,15768.00,60.00,15828.0,1.65,9.00,32.00,41.0,65.09,0,27.04,4794,0.75,4844,50,4,7.00,6.00,13.0,0.00,0.00,0.0,1.00,8569.00,37.5
243,18972.00,128.00,19100.0,3.31,1.00,316.00,317.0,65.22,0,27.04,4794,0.75,4845,50,4,2.00,3.00,5.0,0.00,0.00,0.0,0.00,6421.00,37.7
244,14452.00,6376.00,20828.0,2.02,2.00,175.00,177.0,65.32,3,27.04,4793,0.75,4841,50,4,0.00,2.00,2.0,0.00,0.00,0.0,3.00,6573.00,37.8
245,4000.00,348.00,4348.0,4.95,12.00,382.00,394.0,65.34,0,27.04,4794,0.75,4835,50,4,8.00,3.00,11.0,0.00,0.00,0.0,1.00,15139.00,38.0
246,9492.00,28.00,9520.0,25.97,35.00,1095.00,1130.0,65.39,6,25.04,4793,0.75,4827,49,4,35.00,5.00,40.0,0.00,0.00,0.0,3.00,65021.00,63.3
247,9928.00,500.00,10428.0,53.01,2.00,1157.00,1159.0,65.43,2,25.04,4793,0.75,4833,49,4,0.00,2.00,2.0,0.00,0.00,0.0,0.00,103169.00,77.3
248,8688.00,488.00,9176.0,53.33,10.00,1149.00,1159.0,65.52,1,25.04,4793,0.75,4830,49,4,6.00,0.00,6.0,0.00,0.00,0.0,1.00,161253.00,77.8
249,3284.00,33260.00,36544.0,75.29,20.00,2132.00,2152.0,65.51,28,25.04,4791,0.75,4833,49,4,22.00,2.00,24.0,0.00,0.00,0.0,2.00,138966.00,86.6
250,2104.00,5624.00,7728.0,79.32,4.00,1894.00,1898.0,65.54,25,25.04,4793,0.75,4853,49,4,4.00,0.00,4.0,0.00,0.00,0.0,4.00,162231.00,86.4
251,6400.00,1264.00,7664.0,76.26,4.00,2030.00,2034.0,65.56,21,23.99,4795,0.75,4821,49,4,4.00,0.00,4.0,0.00,0.00,0.0,4.00,149987.00,86.4
252,6559.00,700.00,7259.0,69.34,8.00,2420.00,2428.0,65.62,30,23.99,4795,0.75,4828,49,4,6.00,2.00,8.0,0.00,0.00,0.0,1.00,153316.00,86.1
253,8404.00,528.00,8932.0,78.07,4.00,1217.00,1221.0,65.66,26,23.99,4795,0.75,4874,49,4,2.00,2.00,4.0,0.00,0.00,0.0,0.00,116877.00,86.1
254,7808.00,360.00,8168.0,80.08,4.00,1636.00,1640.0,65.72,12,23.99,4795,0.75,4834,49,4,2.00,2.00,4.0,0.00,0.00,0.0,0.00,125236.00,86.1
255,2316.00,33496.00,35812.0,78.58,7.00,2036.00,2043.0,65.75,35,23.99,4792,0.75,4819,48,4,6.00,0.00,6.0,0.00,0.00,0.0,3.96,167905.94,86.2
256,2200.00,1252.00,3452.0,78.47,9.00,1939.00,1948.0,65.79,34,25.84,4793,0.75,4819,48,4,8.00,0.00,8.0,0.00,0.00,0.0,3.00,151212.00,86.2
257,6864.00,984.00,7848.0,82.81,0.00,2283.00,2283.0,65.84,33,25.84,4793,0.75,4799,48,4,0.00,0.00,0.0,0.00,0.00,0.0,2.00,143747.00,86.2
258,8896.00,808.00,9704.0,82.62,2.00,2040.00,2042.0,65.85,33,25.84,4795,0.75,4829,48,4,2.00,0.00,2.0,0.00,0.00,0.0,2.00,145480.00,86.2
259,6800.00,576.00,7376.0,75.59,11.00,1712.00,1723.0,65.9,16,25.84,4795,0.75,4832,48,4,6.00,0.00,6.0,4.00,4.00,8.0,0.00,166310.00,86.1
260,5036.00,53576.00,58612.0,64.08,2.00,1075.00,1077.0,65.94,1,25.84,4793,0.75,4835,48,4,2.00,0.00,2.0,0.00,0.00,0.0,1.00,91633.00,80.2
261,1868.00,340.00,2208.0,36.71,10.00,1370.00,1380.0,65.97,1,24.25,4794,0.75,4828,48,4,10.00,0.00,10.0,0.00,0.00,0.0,4.00,90166.00,69.8
262,7972.00,392.00,8364.0,23.18,13.00,1220.00,1233.0,66.02,0,24.25,4793,0.75,4830,48,4,12.00,0.00,12.0,0.00,0.00,0.0,1.00,52434.00,58.7
263,9160.00,136.00,9296.0,4.33,10.00,446.00,456.0,66.07,1,24.25,4792,0.75,4831,48,4,10.00,0.00,10.0,0.00,0.00,0.0,1.00,16838.00,40.2
264,9540.00,556.00,10096.0,7.1,10.00,499.00,509.0,66.13,0,24.25,4795,0.75,4839,48,4,10.00,0.00,10.0,0.00,0.00,0.0,3.00,45279.00,46.1
265,10804.00,532.00,11336.0,17.93,18.00,1157.00,1175.0,66.19,0,24.25,4795,0.75,4836,48,4,18.00,0.00,18.0,0.00,0.00,0.0,0.00,70411.00,54.9
266,8060.00,13592.00,21652.0,50.51,14.00,1256.00,1270.0,66.28,1,23.35,4795,0.75,4829,48,4,14.00,0.00,14.0,0.00,0.00,0.0,2.00,122176.00,76.8
267,13276.00,456.00,13732.0,38.86,6.00,966.00,972.0,66.35,4,23.35,4794,0.75,4830,48,4,6.00,0.00,6.0,0.00,0.00,0.0,1.00,173580.00,76.3
268,9264.00,104.00,9368.0,21.03,12.00,1141.00,1153.0,66.42,3,23.35,4794,0.75,4836,48,4,12.00,0.00,12.0,0.00,0.00,0.0,0.00,86629.00,62.7
269,9952.00,464.00,10416.0,34.14,18.00,1738.00,1756.0,66.44,10,23.35,4795,0.75,4830,48,4,13.86,0.00,13.86,4.00,4.00,8.0,1.00,86510.00,63.2
270,12712.00,420.00,13132.0,38.69,7.00,1614.00,1621.0,66.52,5,23.35,4795,0.75,4835,48,4,6.00,0.00,6.0,0.00,0.00,0.0,0.00,115053.00,72.4
271,4608.00,26260.00,30868.0,46.74,12.00,2000.00,2012.0,66.57,9,21.72,4794,0.75,4828,48,4,10.00,0.00,10.0,0.00,0.00,0.0,1.00,189809.00,72.9
272,11636.00,40.00,11676.0,65.13,12.00,2179.00,2191.0,66.62,24,21.72,4795,0.75,4834,48,4,14.00,0.00,14.0,0.00,0.00,0.0,1.00,170410.00,84.7
273,11844.00,184.00,12028.0,79.2,8.00,1686.00,1694.0,66.73,25,21.72,4794,0.75,4821,49,5,6.00,2.00,8.0,1.00,1.00,2.0,1.00,151074.00,84.9
274,7656.00,1024.00,8680.0,82.77,6.00,1865.00,1871.0,66.82,27,21.72,4795,0.75,4854,49,5,6.00,0.00,6.0,0.00,0.00,0.0,2.00,89279.00,85.1
275,10624.00,496.00,11120.0,81.02,4.00,1938.00,1942.0,66.82,47,21.72,4795,0.75,4842,49,5,4.00,0.00,4.0,0.00,0.00,0.0,0.00,91161.00,85.2
276,5648.00,1588.00,7236.0,83.46,13.00,1717.00,1730.0,66.89,37,23.02,4797,0.75,4839,50,5,11.00,13.00,24.0,0.00,0.00,0.0,4.00,81543.00,85.4
277,6604.00,788.00,7392.0,81.48,2.00,1984.00,1986.0,66.95,14,23.02,4797,0.75,4843,50,4,0.00,2.00,2.0,0.00,0.00,0.0,0.00,98460.00,85.5
278,10396.00,720.00,11116.0,69.03,4.00,2010.00,2014.0,67.03,13,23.02,4794,0.75,4834,49,4,3.00,4.00,7.0,0.00,0.00,0.0,0.00,167858.00,85.3
279,8488.00,752.00,9240.0,75.53,0.00,2203.00,2203.0,67.1,10,23.02,4794,0.75,4843,49,4,0.00,0.00,0.0,0.00,0.00,0.0,1.00,108765.00,85.2
280,15004.00,660.00,15664.0,50.38,16.00,1639.00,1655.0,67.18,0,23.02,4794,0.75,4839,49,4,16.00,0.00,16.0,0.00,0.00,0.0,0.00,93337.00,73.0
281,5084.00,52928.00,58012.0,27.42,3.00,1291.00,1294.0,67.23,0,21.26,4794,0.75,4852,49,4,3.00,1.00,4.0,0.00,0.00,0.0,1.00,53099.00,62.4
282,6088.00,176.00,6264.0,4.89,6.00,459.00,465.0,67.27,0,21.26,4793,0.75,4847,49,4,6.00,0.00,6.0,0.00,0.00,0.0,1.00,17648.00,44.5
283,7376.00,388.00,7764.0,10.33,24.00,659.00,683.0,67.33,0,21.26,4794,0.75,4850,49,4,24.00,0.00,24.0,0.00,0.00,0.0,1.00,41705.00,50.5
284,10056.00,92.00,10148.0,6.84,6.00,521.00,527.0,67.41,2,21.26,4793,0.75,4846,49,4,6.00,0.00,6.0,0.00,0.00,0.0,2.00,47247.00,50.7
285,19900.00,108.00,20008.0,24.91,12.00,521.00,533.0,67.54,1,21.26,4793,0.75,4843,49,4,12.00,0.00,12.0,0.00,0.00,0.0,0.00,55285.00,64.1
286,9704.00,35084.00,44788.0,20.21,27.00,1159.00,1186.0,67.6,7,19.95,4795,0.75,4834,50,4,26.00,4.00,30.0,0.00,0.00,0.0,4.00,80987.00,63.6
287,4120.00,604.00,4724.0,41.71,10.00,1402.00,1412.0,67.63,12,19.95,4796,0.75,4836,50,4,10.00,6.00,16.0,0.00,0.00,0.0,1.00,112151.00,75.0
288,4244.00,84.00,4328.0,28.74,13.00,802.00,815.0,67.69,1,19.95,4796,0.75,4840,49,5,11.00,2.00,13.0,1.00,0.00,1.0,0.00,154023.00,61.2
289,3548.00,692.00,4240.0,31.6,21.00,1738.00,1759.0,67.68,18,19.95,4796,0.75,4837,49,6,16.00,1.00,17.0,4.00,4.00,8.0,1.00,100431.00,67.9
290,5252.00,452.00,5704.0,77.28,12.00,1912.00,1924.0,67.8,25,19.95,4795,0.75,4820,48,5,10.00,3.00,13.0,0.00,0.00,0.0,1.00,130997.00,87.3
291,4456.00,50708.00,55164.0,63.22,11.00,2181.00,2192.0,67.76,14,20.28,4794,0.75,4832,48,5,13.00,1.00,14.0,0.00,0.00,0.0,1.00,145184.00,82.2
292,1352.00,596.00,1948.0,77.81,4.95,1598.02,1602.97,67.76,17,20.28,4794,0.75,4838,48,5,4.00,0.00,4.0,0.00,0.00,0.0,0.00,180428.00,87.3
293,4744.00,336.00,5080.0,79.05,9.00,2134.00,2143.0,67.81,21,20.28,4793,0.75,4818,48,5,8.00,1.00,9.0,1.00,0.00,1.0,0.00,168781.00,87.2
294,6784.00,412.00,7196.0,75.81,9.00,2233.00,2242.0,67.87,43,20.28,4794,0.75,4840,48,5,8.00,0.00,8.0,0.00,0.00,0.0,3.00,189978.00,87.1
295,3928.00,776.00,4704.0,77.07,3.00,1385.00,1388.0,67.91,49,20.28,4793,0.75,4865,48,5,2.00,0.00,2.0,0.00,0.00,0.0,1.00,162021.00,87.0
296,4296.00,10660.00,14956.0,76.76,0.00,2063.00,2063.0,67.93,38,20.9,4794,0.75,4840,48,5,0.00,0.00,0.0,0.00,0.00,0.0,3.00,175109.00,87.0
297,2304.00,1284.00,3588.0,59.85,6.00,1795.00,1801.0,67.98,6,20.9,4795,0.75,4843,48,5,6.00,0.00,6.0,0.00,0.00,0.0,1.00,136081.00,79.3
298,5076.00,688.00,5764.0,77.57,5.00,1480.00,1485.0,67.94,12,20.9,4795,0.75,4826,48,5,2.00,1.00,3.0,1.00,0.00,1.0,0.00,182766.00,87.2
299,3760.00,876.00,4636.0,60.57,4.00,2592.00,2596.0,67.97,18,20.9,4795,0.75,4825,48,5,2.00,0.00,2.0,4.00,4.00,8.0,0.00,146518.00,81.2
300,3624.00,31436.00,35060.0,50.06,14.00,2089.00,2103.0,67.82,15,20.9,4794,0.75,4842,48,5,10.00,0.00,10.0,0.00,0.00,0.0,9.00,112628.00,76.1
301,4064.00,552.00,4616.0,42.68,6.00,1667.00,1673.0,67.88,1,20.27,4788,0.75,4844,48,5,8.00,0.00,8.0,0.00,0.00,0.0,10.00,79897.00,70.9
302,0.00,5864.00,5864.0,16.69,4.00,620.00,624.0,67.88,1,20.27,4788,0.75,4853,48,5,2.00,0.00,2.0,0.00,0.00,0.0,10.00,77502.00,49.5
303,0.00,172.00,172.0,14.85,16.00,950.00,966.0,67.89,6,20.27,4788,0.75,4843,48,5,18.00,0.00,18.0,0.00,0.00,0.0,0.00,55992.00,49.3
304,0.00,960.00,960.0,28.44,14.00,1423.00,1437.0,67.9,1,20.27,4789,0.75,4841,49,4,14.00,1.00,15.0,0.00,0.00,0.0,4.00,109443.00,60.9
305,0.00,720.00,720.0,42.0,6.00,954.00,960.0,67.92,8,20.27,4789,0.75,4836,49,4,6.00,0.00,6.0,0.00,0.00,0.0,0.00,132319.00,77.4
306,0.00,256.00,256.0,59.77,16.00,837.00,853.0,67.99,4,19.52,4788,0.75,4835,49,4,14.00,0.00,14.0,0.00,0.00,0.0,0.00,75043.00,77.4
307,0.00,9196.00,9196.0,26.54,11.00,1165.00,1176.0,68.0,1,19.52,4789,0.75,4823,49,5,10.00,2.00,12.0,1.00,1.00,2.0,2.00,70493.00,61.0
308,0.00,332.00,332.0,14.32,16.00,904.00,920.0,68.01,0,19.52,4789,0.75,4818,49,5,12.00,2.00,14.0,0.00,0.00,0.0,0.00,40315.00,47.3
309,0.00,684.00,684.0,19.72,12.00,950.00,962.0,67.97,0,19.52,4787,0.75,4815,49,5,12.00,2.00,14.0,0.00,0.00,0.0,0.00,80273.00,54.9
310,0.00,120.00,120.0,40.35,5.00,1156.00,1161.0,67.98,17,19.52,4787,0.75,4828,49,5,4.00,1.00,5.0,0.00,0.00,0.0,1.00,117612.00,70.9
311,0.00,1972.00,1972.0,62.71,2.00,1034.00,1036.0,68.01,16,19.0,4787,0.75,4830,49,4,0.00,2.00,2.0,0.00,0.00,0.0,0.00,117134.00,81.2
312,0.00,32296.00,32296.0,52.91,3.00,1040.00,1043.0,68.03,8,19.0,4789,0.75,4837,50,4,2.00,2.00,4.0,0.00,0.00,0.0,4.00,141585.00,71.8
313,0.00,412.00,412.0,43.37,5.00,1537.00,1542.0,68.05,0,19.0,4791,0.75,4843,50,4,5.00,7.00,12.0,0.00,0.00,0.0,2.00,95600.00,71.7
314,0.00,184.00,184.0,35.13,32.00,2468.00,2500.0,68.06,5,19.0,4791,0.75,4840,50,4,32.00,3.00,35.0,0.00,0.00,0.0,0.00,117408.00,71.1
315,0.00,660.00,660.0,46.25,0.00,1935.00,1935.0,68.08,5,19.0,4791,0.75,4841,50,4,0.00,0.00,0.0,0.00,0.00,0.0,0.00,158311.00,71.2
316,0.00,544.00,544.0,47.99,8.00,1302.00,1310.0,68.1,16,17.88,4789,0.75,4838,49,4,5.00,4.00,9.0,0.00,0.00,0.0,1.00,225214.00,78.5
317,0.00,36616.00,36616.0,54.01,16.00,2172.00,2188.0,68.12,33,17.88,4787,0.75,4816,49,4,18.00,0.00,18.0,0.00,0.00,0.0,1.00,152262.00,78.3
318,0.00,1172.00,1172.0,80.43,9.00,2213.00,2222.0,68.15,20,17.88,4788,0.75,4812,49,4,9.00,1.00,10.0,0.00,0.00,0.0,2.00,146815.00,85.8
319,0.00,592.00,592.0,81.7,5.00,2423.00,2428.0,68.19,29,17.88,4787,0.75,4818,49,4,4.00,0.00,4.0,4.00,4.00,8.0,1.00,143204.00,85.8
320,0.00,1204.00,1204.0,75.98,12.00,1428.00,1440.0,68.22,9,17.88,4788,0.75,4820,49,4,8.00,0.00,8.0,0.00,0.00,0.0,1.00,179607.00,85.6
321,0.00,116.00,116.0,51.88,6.00,1283.00,1289.0,68.22,9,16.93,4789,0.75,4830,49,4,6.00,0.00,6.0,0.00,0.00,0.0,1.00,129769.00,77.0
322,0.00,41056.00,41056.0,67.18,5.00,1863.00,1868.0,68.24,5,16.93,4788,0.75,4825,48,4,4.00,0.00,4.0,0.00,0.00,0.0,2.00,125518.00,83.2
323,0.00,496.00,496.0,58.08,18.00,1776.00,1794.0,68.26,8,16.93,4788,0.75,4830,48,4,18.00,0.00,18.0,0.00,0.00,0.0,1.00,83888.00,77.9
324,0.00,764.00,764.0,31.61,6.00,1480.00,1486.0,68.28,0,16.93,4788,0.75,4861,48,4,6.00,0.00,6.0,0.00,0.00,0.0,0.00,96056.00,60.0
325,0.00,148.00,148.0,34.39,4.00,1107.00,1111.0,68.29,9,16.93,4788,0.75,4865,48,4,4.00,0.00,4.0,0.00,0.00,0.0,0.00,121348.00,67.9
326,0.00,1144.00,1144.0,63.79,20.00,1448.00,1468.0,68.33,21,16.13,4787,0.75,4826,48,4,20.00,0.00,20.0,0.00,0.00,0.0,1.00,119052.00,82.3
327,0.00,43284.00,43284.0,69.74,8.00,1795.00,1803.0,68.32,27,16.13,4788,0.75,4819,48,4,8.00,0.00,8.0,0.00,0.00,0.0,2.00,135605.00,82.4
328,0.00,724.00,724.0,69.1,8.00,1986.00,1994.0,68.33,10,16.13,4787,0.75,4821,48,4,7.00,0.00,7.0,0.00,0.00,0.0,0.00,136843.00,82.3
329,0.00,584.00,584.0,68.36,23.00,1261.00,1284.0,68.37,8,16.13,4789,0.75,4834,49,4,24.00,11.00,35.0,1.98,1.98,3.96,3.00,153950.00,82.3
330,0.00,516.00,516.0,48.8,9.00,1457.00,1466.0,68.37,11,16.13,4789,0.75,4833,49,4,4.00,0.00,4.0,2.00,2.00,4.0,1.00,96259.00,75.9
331,0.00,1100.00,1100.0,57.22,13.00,1715.00,1728.0,68.38,6,15.8,4787,0.75,4823,48,4,13.00,3.00,16.0,0.00,0.00,0.0,1.00,84735.00,76.0
332,0.00,30952.00,30952.0,64.39,16.00,1961.00,1977.0,68.41,13,15.8,4787,0.75,4821,48,4,16.00,0.00,16.0,0.00,0.00,0.0,3.00,116710.00,81.9
333,0.00,184.00,184.0,60.83,4.00,1576.00,1580.0,68.45,7,15.8,4787,0.75,4839,48,4,4.00,0.00,4.0,0.00,0.00,0.0,0.00,147402.97,81.8
334,0.00,128.00,128.0,44.49,8.00,1421.00,1429.0,68.46,5,15.8,4787,0.75,4831,48,4,6.00,0.00,6.0,0.00,0.00,0.0,0.00,215377.00,72.7
335,0.00,508.00,508.0,63.11,18.00,2003.00,2021.0,68.49,16,15.8,4787,0.75,4815,48,4,20.00,0.00,20.0,0.00,0.00,0.0,1.00,151080.00,82.0
336,0.00,1152.00,1152.0,76.69,2.00,2723.00,2725.0,68.47,12,16.14,4789,0.75,4815,48,4,2.00,0.00,2.0,0.00,0.00,0.0,3.00,152160.00,82.4
337,0.00,8416.00,8416.0,82.79,10.00,2197.00,2207.0,68.49,18,16.14,4788,0.75,4810,48,4,10.00,0.00,10.0,0.00,0.00,0.0,1.00,137123.00,82.8
338,0.00,780.20,780.2,79.45,8.00,1112.00,1120.0,68.51,20,16.14,4788,0.75,4832,48,4,8.00,0.00,8.0,0.00,0.00,0.0,0.00,167782.00,83.2
339,0.00,200.00,200.0,45.51,0.00,1275.00,1275.0,68.53,4,16.14,4789,0.75,4824,48,4,0.00,0.00,0.0,0.00,0.00,0.0,1.00,147525.00,73.3
340,0.00,1328.00,1328.0,53.11,12.00,1926.00,1938.0,68.55,5,16.14,4789,0.75,4824,48,4,12.00,0.00,12.0,0.00,0.00,0.0,1.00,124291.00,73.8
341,0.00,604.00,604.0,38.05,15.00,2333.00,2348.0,68.57,3,15.33,4788,0.75,4815,49,5,14.00,1.00,15.0,1.00,1.00,2.0,1.00,123221.00,67.3
342,0.00,372.00,372.0,32.2,2.00,1185.00,1187.0,68.52,8,15.33,4790,0.75,4829,49,5,2.00,0.00,2.0,0.00,0.00,0.0,3.00,122355.00,66.9
343,0.00,22520.00,22520.0,29.77,10.00,1029.00,1039.0,68.54,12,15.33,4790,0.75,4824,49,5,10.00,0.00,10.0,0.00,0.00,0.0,0.00,146069.00,66.5
344,0.00,152.00,152.0,50.13,3.00,1311.00,1314.0,68.56,9,15.33,4790,0.75,4830,49,5,2.00,1.00,3.0,0.00,0.00,0.0,0.00,122367.00,75.9
345,0.00,484.00,484.0,40.43,1.00,1497.00,1498.0,68.59,3,15.33,4789,0.75,4843,49,4,0.00,0.00,0.0,0.00,0.00,0.0,0.00,137141.00,66.8
346,0.00,64.00,64.0,12.96,0.00,701.00,701.0,68.6,4,14.18,4790,0.75,4849,49,4,0.00,0.00,0.0,0.00,0.00,0.0,1.00,52466.00,45.2
347,0.00,604.00,604.0,14.38,2.00,930.00,932.0,68.61,4,14.18,4790,0.75,4848,49,4,0.00,2.00,2.0,0.00,0.00,0.0,1.00,46012.00,45.4
348,0.00,34132.00,34132.0,26.67,32.00,1117.00,1149.0,68.62,11,14.18,4790,0.75,4844,49,4,31.00,1.00,32.0,0.00,0.00,0.0,0.00,45624.00,62.1
349,0.00,700.00,700.0,24.81,11.00,1102.00,1113.0,68.62,1,14.18,4792,0.75,4837,50,4,11.00,6.00,17.0,0.00,0.00,0.0,2.00,99953.00,56.0
350,0.00,136.00,136.0,26.68,9.00,789.00,798.0,68.63,2,14.18,4792,0.75,4841,50,4,4.00,5.00,9.0,4.00,4.00,8.0,0.00,157228.00,56.1
351,0.00,120.00,120.0,29.64,31.00,1609.00,1640.0,68.64,1,13.36,4792,0.75,4839,50,4,24.00,0.00,24.0,0.00,0.00,0.0,0.00,95254.00,56.7
352,0.00,452.00,452.0,33.21,8.00,1991.00,1999.0,68.66,10,13.36,4790,0.75,4839,49,4,14.00,3.00,17.0,0.00,0.00,0.0,1.00,115360.00,66.5
353,0.00,37360.00,37360.0,25.93,3.00,1074.00,1077.0,68.67,3,13.36,4790,0.75,4856,49,4,2.00,0.00,2.0,0.00,0.00,0.0,0.00,134404.00,58.3
354,0.00,620.00,620.0,25.5,25.00,1528.00,1553.0,68.69,13,13.36,4790,0.75,4862,49,4,24.00,0.00,24.0,0.00,0.00,0.0,0.00,107075.00,58.3
355,0.00,892.00,892.0,44.29,2.00,2259.00,2261.0,68.72,8,13.36,4790,0.75,4840,49,4,2.00,0.00,2.0,0.00,0.00,0.0,0.00,146195.00,74.0
356,0.00,224.00,224.0,48.18,6.00,1435.00,1441.0,68.71,12,12.61,4790,0.75,4845,49,4,6.00,0.00,6.0,0.00,0.00,0.0,0.00,186487.00,74.0
357,0.00,608.00,608.0,43.93,18.00,1948.00,1966.0,68.74,12,12.61,4788,0.75,4828,49,4,18.00,0.00,18.0,0.00,0.00,0.0,1.00,125652.00,74.0
358,4.00,36492.00,36496.0,73.98,2.00,2750.00,2752.0,68.76,29,12.61,4789,0.75,4825,49,4,2.00,0.00,2.0,0.00,0.00,0.0,3.00,169918.00,85.5
359,0.00,516.00,516.0,76.11,14.00,2688.00,2702.0,68.8,20,12.61,4788,0.75,4812,49,4,14.00,0.00,14.0,0.00,0.00,0.0,1.00,153231.00,85.5
360,0.00,376.00,376.0,79.17,6.00,1268.00,1274.0,68.83,23,12.61,4790,0.75,4848,49,4,2.00,1.00,3.0,4.00,4.00,8.0,3.00,172714.00,85.4
361,0.00,504.00,504.0,74.29,2.00,1638.00,1640.0,68.86,5,14.08,4789,0.75,4821,49,4,0.00,1.00,1.0,0.00,0.00,0.0,0.00,179670.00,85.3
362,0.00,1020.00,1020.0,59.95,14.00,2427.00,2441.0,68.89,19,14.08,4789,0.75,4829,49,4,14.00,0.00,14.0,0.00,0.00,0.0,2.00,175190.00,84.8
363,4.00,26932.00,26936.0,63.57,6.00,2629.00,2635.0,68.93,5,14.08,4788,0.75,4817,49,4,6.00,0.00,6.0,0.00,0.00,0.0,1.00,141767.00,84.3
364,12.00,584.00,596.0,31.63,2.00,1347.00,1349.0,68.94,12,14.08,4787,0.75,4833,49,4,2.00,0.00,2.0,0.00,0.00,0.0,3.00,79948.00,63.3
365,0.00,1064.00,1064.0,34.83,12.00,1486.00,1498.0,68.96,9,14.08,4789,0.75,4839,49,4,12.00,0.00,12.0,0.00,0.00,0.0,3.00,60519.00,63.7
366,0.00,268.00,268.0,29.62,12.00,1202.00,1214.0,68.97,7,13.68,4790,0.75,4859,49,4,12.00,0.00,12.0,0.00,0.00,0.0,0.00,91405.00,63.5
367,0.00,64.00,64.0,40.05,10.00,1024.00,1034.0,68.99,2,13.68,4790,0.75,4849,49,4,10.00,0.00,10.0,0.00,0.00,0.0,1.00,138882.00,69.5
368,0.00,12740.00,12740.0,36.19,11.00,1619.00,1630.0,69.01,15,13.68,4790,0.75,4850,49,4,10.00,1.00,11.0,0.00,0.00,0.0,0.00,128170.00,69.9
369,0.00,1796.00,1796.0,37.37,15.00,2081.00,2096.0,69.04,6,13.68,4790,0.75,4844,49,4,14.00,1.00,15.0,0.00,0.00,0.0,0.00,151634.00,69.3
370,0.00,372.00,372.0,27.74,8.00,976.00,984.0,69.06,1,13.68,4790,0.75,4839,49,4,8.00,0.00,8.0,0.00,0.00,0.0,1.00,122157.00,56.9
371,0.00,1332.00,1332.0,34.64,6.00,1285.00,1291.0,69.07,2,12.82,4790,0.75,4848,49,4,6.00,0.00,6.0,0.00,0.00,0.0,0.00,80965.00,67.3
372,0.00,1052.00,1052.0,33.72,14.00,1995.00,2009.0,69.09,5,12.82,4790,0.75,4847,49,4,14.00,0.00,14.0,0.00,0.00,0.0,1.00,111248.00,67.4
373,0.00,23748.00,23748.0,30.31,12.00,1424.00,1436.0,69.1,13,12.82,4790,0.75,4845,49,4,12.00,0.00,12.0,0.00,0.00,0.0,0.00,145246.00,66.9
374,0.00,144.00,144.0,44.54,9.00,960.00,969.0,69.12,6,12.82,4790,0.75,4844,49,4,8.00,0.00,8.0,0.00,0.00,0.0,0.00,166484.00,72.6
375,0.00,524.00,524.0,41.31,11.00,1809.00,1820.0,69.14,5,12.82,4790,0.75,4832,49,5,10.00,0.00,10.0,1.00,1.00,2.0,0.00,124548.00,72.4
376,0.00,124.00,124.0,67.67,21.00,2682.00,2703.0,69.13,16,12.6,4789,0.75,4797,49,5,16.00,3.00,19.0,0.00,0.00,0.0,1.00,134147.00,82.8
377,0.00,1648.00,1648.0,63.44,4.00,2154.00,2158.0,69.16,12,12.6,4788,0.75,4824,49,5,4.00,1.00,5.0,0.00,0.00,0.0,1.00,196519.00,82.6
378,0.00,30820.00,30820.0,69.94,4.00,1677.00,1681.0,69.18,23,12.6,4788,0.75,4830,49,5,2.00,2.00,4.0,0.00,0.00,0.0,1.00,179517.00,82.7
379,0.00,916.00,916.0,74.94,2.00,1247.00,1249.0,69.21,30,12.6,4787,0.75,4835,49,4,0.00,2.00,2.0,0.00,0.00,0.0,0.00,187700.00,83.1
380,0.00,712.00,712.0,68.47,4.00,1987.00,1991.0,69.19,14,12.6,4789,0.75,4834,49,4,0.00,0.00,0.0,4.00,4.00,8.0,4.00,157108.00,83.1
381,0.00,1044.00,1044.0,63.35,5.00,2192.00,2197.0,69.18,6,13.03,4790,0.75,4832,50,4,4.00,4.00,8.0,0.00,0.00,0.0,3.00,150820.00,82.8
382,0.00,696.00,696.0,46.24,35.00,2500.00,2535.0,69.21,3,13.03,4793,0.75,4839,51,4,31.00,21.00,52.0,0.00,0.00,0.0,4.00,101525.00,73.0
383,0.00,332.00,332.0,16.37,7.00,757.00,764.0,69.21,1,13.03,4793,0.75,4847,51,4,7.00,1.00,8.0,0.00,0.00,0.0,0.00,24579.00,46.6
384,0.00,55304.00,55304.0,3.05,9.00,246.00,255.0,69.21,1,13.03,4789,0.75,4838,49,4,7.00,8.00,15.0,0.00,0.00,0.0,0.00,5997.00,36.4
385,0.00,572.00,572.0,9.3,21.00,913.00,934.0,69.2,1,13.03,4787,0.75,4831,49,4,21.00,1.00,22.0,0.00,0.00,0.0,2.00,33146.00,44.0
386,0.00,900.00,900.0,33.08,17.00,1193.00,1210.0,69.17,1,12.15,4788,0.75,4831,49,4,16.00,0.00,16.0,0.00,0.00,0.0,2.00,93840.00,65.6
387,0.00,76.00,76.0,32.35,4.00,804.00,808.0,69.16,5,12.15,4788,0.75,4835,49,4,4.00,0.00,4.0,0.00,0.00,0.0,1.00,158605.00,65.3
388,0.00,124.00,124.0,30.11,16.00,1137.00,1153.0,69.17,13,12.15,4788,0.75,4830,49,4,16.00,0.00,16.0,0.00,0.00,0.0,1.00,80883.00,65.2
389,4.00,47284.00,47288.0,44.33,14.00,2205.00,2219.0,69.2,4,12.15,4790,0.75,4832,49,4,14.00,0.00,14.0,0.00,0.00,0.0,2.00,117283.00,72.9
390,0.00,528.00,528.0,28.15,6.00,1225.00,1231.0,69.21,1,12.15,4790,0.75,4839,49,4,2.00,0.00,2.0,4.00,4.00,8.0,0.00,116364.00,56.9
391,0.00,316.00,316.0,37.32,14.00,1476.00,1490.0,69.23,10,11.49,4790,0.75,4829,49,4,14.00,0.00,14.0,0.00,0.00,0.0,2.00,167721.00,70.3
392,0.00,1004.00,1004.0,49.68,13.00,2236.00,2249.0,69.25,8,11.49,4790,0.75,4831,49,4,12.00,1.00,13.0,0.00,0.00,0.0,1.00,142916.00,70.9
393,0.00,184.00,184.0,58.46,9.00,2204.00,2213.0,69.28,22,11.49,4790,0.75,4840,48,4,8.00,0.00,8.0,0.00,0.00,0.0,0.00,208891.00,81.4
394,0.00,15568.00,15568.0,46.32,8.00,2109.00,2117.0,69.31,11,11.49,4790,0.75,4836,48,4,6.00,0.00,6.0,0.00,0.00,0.0,0.99,171395.05,73.0
395,0.00,444.00,444.0,74.71,8.00,2728.00,2736.0,69.34,25,11.49,4789,0.75,4824,48,4,10.00,0.00,10.0,0.00,0.00,0.0,0.00,184364.00,84.9
396,0.00,656.00,656.0,72.15,8.00,2989.00,2997.0,69.38,13,11.53,4790,0.75,4826,48,4,8.00,0.00,8.0,0.00,0.00,0.0,2.00,195374.00,84.8
397,0.00,648.00,648.0,71.5,4.00,2029.00,2033.0,69.42,5,11.53,4790,0.75,4833,48,4,4.00,0.00,4.0,0.00,0.00,0.0,2.00,199763.00,84.8
398,0.00,1048.00,1048.0,51.15,0.00,1968.00,1968.0,69.45,2,11.53,4789,0.75,4833,48,4,0.00,0.00,0.0,0.00,0.00,0.0,1.00,199432.00,77.8
399,0.00,11164.00,11164.0,50.58,12.00,2537.00,2549.0,69.48,13,11.53,4790,0.75,4839,48,4,12.00,0.00,12.0,0.00,0.00,0.0,3.00,144402.00,77.5
400,0.00,960.00,960.0,36.36,12.00,2349.00,2361.0,69.53,2,11.53,4790,0.75,4839,48,4,8.00,0.00,8.0,4.00,4.00,8.0,0.00,86228.00,63.6
401,0.00,60.00,60.0,7.59,2.00,486.00,488.0,69.5,0,10.69,4789,0.75,4843,48,4,2.00,0.00,2.0,0.00,0.00,0.0,0.00,14083.00,39.6
402,0.00,8.00,8.0,13.54,14.00,983.00,997.0,69.49,5,10.69,4790,0.75,4844,48,4,14.00,0.00,14.0,0.00,0.00,0.0,2.00,62474.00,51.6
403,0.00,784.00,784.0,21.25,16.00,1171.00,1187.0,69.49,4,10.69,4790,0.75,4840,48,4,16.00,0.00,16.0,0.00,0.00,0.0,0.00,88435.00,52.0
404,0.00,11820.00,11820.0,49.18,11.00,776.00,787.0,69.52,1,10.69,4789,0.75,4832,48,4,10.00,0.00,10.0,0.00,0.00,0.0,0.00,140081.00,71.8
405,0.00,124.00,124.0,23.1,10.00,1142.00,1152.0,69.53,2,10.69,4790,0.75,4828,48,4,10.00,0.00,10.0,0.00,0.00,0.0,1.00,81848.00,59.2
406,0.00,996.00,996.0,53.16,16.00,2255.00,2271.0,69.56,3,10.23,4790,0.75,4813,48,4,16.00,0.00,16.0,0.00,0.00,0.0,2.00,108799.00,79.1
407,0.00,440.00,440.0,41.71,9.00,1041.00,1050.0,69.55,1,10.23,4790,0.75,4824,48,4,8.00,0.00,8.0,0.00,0.00,0.0,1.00,144608.00,67.3
408,0.00,120.00,120.0,29.47,6.00,1201.00,1207.0,69.56,18,10.23,4790,0.75,4834,48,4,6.00,0.00,6.0,0.00,0.00,0.0,0.00,118393.00,66.9
409,0.00,40272.00,40272.0,37.18,17.00,2221.00,2238.0,69.52,14,10.23,4790,0.75,4809,49,5,12.00,3.00,15.0,1.00,1.00,2.0,1.00,143376.00,67.0
410,0.00,780.00,780.0,60.89,18.81,1822.77,1841.58,69.54,12,10.23,4790,0.75,4818,49,5,16.00,0.00,16.0,4.00,4.00,8.0,0.00,150522.00,80.0
411,0.00,88.00,88.0,64.48,2.00,1184.00,1186.0,69.58,18,9.66,4790,0.75,4812,49,5,2.00,0.00,2.0,0.00,0.00,0.0,0.00,148258.00,80.1
412,0.00,84.00,84.0,50.78,8.00,2188.00,2196.0,69.61,11,9.66,4790,0.75,4815,49,5,7.00,1.00,8.0,0.00,0.00,0.0,3.00,185400.00,79.5
413,0.00,1024.00,1024.0,48.03,5.00,2281.00,2286.0,69.65,7,9.66,4792,0.75,4839,50,4,5.00,6.00,11.0,0.00,0.00,0.0,2.00,169598.00,74.1
414,0.00,20200.00,20200.0,54.37,5.00,1756.00,1761.0,69.67,2,9.66,4792,0.75,4838,50,4,3.00,4.00,7.0,0.00,0.00,0.0,0.00,175151.00,74.4
415,0.00,748.00,748.0,34.9,0.00,1175.00,1175.0,69.68,0,9.66,4792,0.75,4844,50,4,0.00,0.00,0.0,0.00,0.00,0.0,0.00,92411.00,63.9
416,0.00,348.00,348.0,35.61,21.00,2142.00,2163.0,69.7,2,9.44,4790,0.75,4834,50,4,14.00,8.00,22.0,0.00,0.00,0.0,0.00,79714.00,64.2
417,0.00,616.00,616.0,38.58,16.00,1871.00,1887.0,69.71,6,9.44,4790,0.75,4839,49,4,16.83,0.99,17.819999999999997,0.00,0.00,0.0,2.00,140981.00,70.0
418,0.00,724.00,724.0,58.24,6.00,1233.00,1239.0,69.73,19,9.44,4790,0.75,4838,49,4,4.00,2.00,6.0,0.00,0.00,0.0,0.00,135298.00,81.2
419,0.00,352.00,352.0,57.8,14.00,1053.00,1067.0,69.75,2,9.44,4788,0.75,4839,49,4,12.00,2.00,14.0,0.00,0.00,0.0,0.00,145986.00,80.8
420,4.00,101324.00,101328.0,28.24,21.00,1612.00,1633.0,69.76,3,9.44,4788,0.75,4836,49,4,16.00,1.00,17.0,4.00,4.00,8.0,1.00,108418.00,61.3
421,0.00,420.00,420.0,32.04,5.00,1884.00,1889.0,69.78,6,9.57,4789,0.75,4836,49,4,2.00,2.00,4.0,1.00,1.00,2.0,1.00,74491.00,61.5
422,0.00,360.00,360.0,13.35,14.00,706.00,720.0,69.79,0,9.57,4790,0.75,4843,49,4,12.00,2.00,14.0,0.00,0.00,0.0,2.00,24534.00,46.6
423,0.00,108.00,108.0,24.43,18.00,1183.00,1201.0,69.8,1,9.57,4790,0.75,4837,49,4,16.00,2.00,18.0,0.00,0.00,0.0,0.00,93645.00,60.3
424,0.00,84.00,84.0,24.87,8.00,911.00,919.0,69.81,5,9.57,4790,0.75,4834,49,4,6.00,0.00,6.0,0.00,0.00,0.0,3.00,139888.00,60.4
425,0.00,15128.00,15128.0,20.23,12.00,1169.00,1181.0,69.83,12,9.57,4789,0.75,4819,49,4,12.00,2.00,14.0,0.00,0.00,0.0,0.00,87642.00,60.1
426,0.00,512.00,512.0,65.97,17.00,2303.00,2320.0,69.85,27,9.44,4790,0.75,4832,49,4,16.00,1.00,17.0,0.00,0.00,0.0,3.00,142731.00,82.8
427,4.00,492.00,496.0,72.74,10.00,2822.00,2832.0,69.88,24,9.44,4788,0.75,4817,48,4,6.00,1.00,7.0,0.00,0.00,0.0,1.00,153382.00,82.9
428,0.00,400.00,400.0,69.86,6.00,1604.00,1610.0,69.87,1,9.44,4789,0.75,4833,48,4,8.00,0.00,8.0,0.00,0.00,0.0,1.00,213043.00,83.0
429,0.00,932.00,932.0,56.23,6.00,2225.00,2231.0,69.91,2,9.44,4790,0.75,4830,48,4,6.00,0.00,6.0,0.00,0.00,0.0,1.00,202293.00,82.7
430,0.00,12088.00,12088.0,71.21,6.00,2316.00,2322.0,69.91,25,9.44,4790,0.75,4831,48,4,6.00,0.00,6.0,0.00,0.00,0.0,1.00,162659.00,82.9
431,0.00,1908.00,1908.0,76.73,11.00,3238.00,3249.0,69.96,17,9.97,4790,0.75,4832,48,4,11.00,1.00,12.0,0.00,0.00,0.0,2.00,144831.00,83.1
432,0.00,1844.00,1844.0,72.93,0.00,1658.00,1658.0,70.0,1,9.97,4789,0.75,4822,48,4,0.00,0.00,0.0,0.00,0.00,0.0,2.00,155942.00,83.2
433,0.00,472.00,472.0,28.55,5.00,1671.00,1676.0,70.02,0,9.97,4790,0.75,4822,48,4,4.00,0.00,4.0,0.00,0.00,0.0,1.00,102004.00,61.0
434,0.00,488.00,488.0,37.94,12.00,2769.00,2781.0,69.97,2,9.97,4790,0.75,4834,48,4,12.00,0.00,12.0,0.00,0.00,0.0,1.00,165950.00,70.5
435,0.00,16456.00,16456.0,37.06,25.00,1733.00,1758.0,69.99,5,9.97,4792,0.75,4850,49,4,25.00,11.00,36.0,0.00,0.00,0.0,2.00,180177.00,70.1
436,0.00,348.00,348.0,36.43,7.00,1138.00,1145.0,70.01,0,9.33,4791,0.75,4851,49,4,4.00,0.00,4.0,0.00,0.00,0.0,0.00,150917.00,69.6
437,0.00,1044.00,1044.0,27.1,11.00,1825.00,1836.0,70.03,2,9.33,4789,0.75,4836,48,4,13.00,3.00,16.0,0.00,0.00,0.0,2.00,119057.00,60.1
438,0.00,736.00,736.0,28.14,16.00,1673.00,1689.0,70.04,1,9.33,4791,0.75,4849,48,4,16.00,0.00,16.0,0.00,0.00,0.0,2.00,58539.00,60.1
439,0.00,120.00,120.0,6.42,8.00,511.00,519.0,70.04,0,9.33,4791,0.75,4849,48,4,7.00,1.00,8.0,0.00,0.00,0.0,0.00,20566.00,39.3
440,0.00,51348.00,51348.0,15.3,14.00,1103.00,1117.0,70.06,6,9.33,4791,0.75,4850,48,4,10.00,0.00,10.0,4.00,4.00,8.0,0.00,86469.00,53.0
441,0.00,984.00,984.0,23.78,18.00,1108.00,1126.0,70.06,0,8.74,4790,0.75,4844,48,4,18.00,0.00,18.0,0.00,0.00,0.0,0.00,132334.00,53.3
442,0.00,28.00,28.0,30.23,8.00,780.00,788.0,70.08,0,8.74,4791,0.75,4842,48,4,8.00,0.00,8.0,0.00,0.00,0.0,2.00,78686.00,60.7
443,0.00,168.00,168.0,22.55,9.00,1602.00,1611.0,70.06,0,8.74,4791,0.75,4832,49,5,8.00,1.00,9.0,1.00,1.00,2.0,0.00,99251.00,60.2
444,0.00,508.00,508.0,36.45,16.00,2509.00,2525.0,70.08,4,8.74,4792,0.75,4823,49,5,16.00,0.00,16.0,0.00,0.00,0.0,1.00,146825.00,70.6
445,0.00,13192.00,13192.0,45.43,12.00,2005.00,2017.0,70.1,7,8.74,4792,0.75,4823,49,5,12.00,0.00,12.0,0.00,0.00,0.0,2.00,212625.00,71.1
446,0.00,756.00,756.0,57.66,2.00,1748.00,1750.0,70.13,18,9.56,4791,0.75,4832,49,5,0.00,2.00,2.0,0.00,0.00,0.0,1.00,215664.00,80.6
447,0.00,792.00,792.0,60.83,0.00,2108.00,2108.0,70.17,5,9.56,4792,0.75,4838,49,4,0.00,0.00,0.0,0.00,0.00,0.0,1.00,188934.00,80.7
448,0.00,1064.00,1064.0,43.35,0.00,2594.00,2594.0,70.17,2,9.56,4792,0.75,4824,49,4,0.00,0.00,0.0,0.00,0.00,0.0,0.00,156591.00,72.0
449,4.00,464.00,468.0,31.81,3.00,1699.00,1702.0,70.18,4,9.56,4792,0.75,4834,49,4,0.00,3.00,3.0,0.00,0.00,0.0,2.00,76750.00,61.2
450,0.00,160.00,160.0,11.61,18.00,1078.00,1096.0,70.19,0,9.56,4791,0.75,4832,49,4,12.00,2.00,14.0,4.00,4.00,8.0,0.00,40861.00,44.6
451,0.00,59200.00,59200.0,20.58,18.00,1136.00,1154.0,70.2,2,9.04,4791,0.75,4837,49,4,15.00,3.00,18.0,0.00,0.00,0.0,0.00,92307.00,53.9
452,0.00,996.00,996.0,21.38,16.00,936.00,952.0,70.23,5,9.04,4792,0.75,4844,50,4,13.00,8.00,21.0,0.00,0.00,0.0,3.00,129081.00,59.7
453,0.00,104.00,104.0,30.28,20.00,1417.00,1437.0,70.23,3,9.04,4793,0.75,4846,50,4,19.00,6.00,25.0,0.00,0.00,0.0,1.00,82544.00,65.7
454,0.00,828.00,828.0,48.49,12.00,2539.00,2551.0,70.25,7,9.04,4793,0.75,4838,50,4,10.00,2.00,12.0,0.00,0.00,0.0,2.00,176637.00,76.2
455,0.00,376.00,376.0,44.16,15.00,2037.00,2052.0,70.27,0,9.04,4791,0.75,4852,49,4,13.00,5.00,18.0,0.00,0.00,0.0,0.00,176794.00,69.7
456,0.00,33436.00,33436.0,28.85,8.00,1115.00,1123.0,70.28,0,8.79,4791,0.75,4857,49,4,6.00,2.00,8.0,0.00,0.00,0.0,0.00,120657.00,58.4
457,0.00,100.00,100.0,39.9,11.00,1927.00,1938.0,70.31,2,8.79,4791,0.75,4864,49,4,10.00,1.00,11.0,0.00,0.00,0.0,1.00,104445.00,72.7
458,0.00,962.38,962.38,30.5,16.00,1536.00,1552.0,70.32,1,8.79,4791,0.75,4871,50,5,12.00,3.00,15.0,2.00,2.00,4.0,1.00,59215.00,61.6
459,0.00,76.00,76.0,6.77,12.00,700.00,712.0,70.33,0,8.79,4791,0.75,4870,50,5,8.00,2.00,10.0,0.00,0.00,0.0,0.00,29261.00,41.4
460,0.00,576.00,576.0,22.47,9.00,1416.00,1425.0,70.34,2,8.79,4791,0.75,4863,49,5,10.00,0.00,10.0,0.00,0.00,0.0,0.00,109431.00,59.4
461,4.00,18104.00,18108.0,48.09,22.00,2234.00,2256.0,70.33,16,9.29,4791,0.75,4850,49,5,20.00,0.00,20.0,0.00,0.00,0.0,0.00,177391.00,75.3
462,0.00,592.00,592.0,73.67,6.00,2140.00,2146.0,70.32,6,9.29,4791,0.75,4826,49,5,8.00,0.00,8.0,0.00,0.00,0.0,2.00,191399.00,84.4
463,0.00,732.00,732.0,67.09,4.00,2563.00,2567.0,70.36,7,9.29,4791,0.75,4836,50,4,0.00,2.00,2.0,2.00,2.00,4.0,2.00,211247.00,84.3
464,0.00,752.00,752.0,62.53,16.00,2672.00,2688.0,70.37,11,9.29,4791,0.75,4848,50,4,14.00,2.00,16.0,0.00,0.00,0.0,0.00,213696.00,84.1
465,0.00,668.00,668.0,51.93,3.00,2896.00,2899.0,70.37,12,9.29,4791,0.75,4839,49,4,2.00,0.00,2.0,0.00,0.00,0.0,0.00,175856.00,77.8
466,0.00,25664.00,25664.0,39.57,1.00,2305.00,2306.0,70.4,10,8.71,4791,0.75,4834,49,4,0.00,0.00,0.0,0.00,0.00,0.0,0.00,107814.00,68.2
467,0.00,524.00,524.0,20.33,14.00,1534.00,1548.0,70.41,0,8.71,4791,0.75,4839,50,4,12.00,3.00,15.0,0.00,0.00,0.0,1.00,57662.00,52.7
468,0.00,184.00,184.0,18.06,11.00,1213.00,1224.0,70.42,0,8.71,4791,0.75,4859,49,4,10.00,0.00,10.0,0.00,0.00,0.0,0.00,81984.00,52.2
469,0.00,556.00,556.0,17.93,9.00,938.00,947.0,70.4,5,8.71,4788,0.75,4858,49,4,8.00,0.00,8.0,0.00,0.00,0.0,0.00,112913.00,52.4
470,0.00,288.00,288.0,26.59,23.00,1511.00,1534.0,70.42,8,8.71,4788,0.75,4849,51,4,17.00,6.00,23.0,4.00,4.00,8.0,0.00,106758.00,59.8
471,0.00,37564.00,37564.0,36.64,15.00,2648.00,2663.0,70.44,2,8.25,4791,0.75,4847,49,4,14.00,3.00,17.0,0.00,0.00,0.0,3.00,175380.00,66.5
472,0.00,688.00,688.0,39.9,9.00,1881.00,1890.0,70.43,2,8.25,4791,0.75,4849,49,4,8.00,0.00,8.0,0.00,0.00,0.0,2.00,206121.00,66.9
473,0.00,668.00,668.0,28.52,12.00,1268.00,1280.0,70.46,0,8.25,4790,0.75,4850,50,4,10.00,3.00,13.0,0.00,0.00,0.0,0.00,130301.00,59.4
474,0.00,632.00,632.0,27.66,8.00,1967.00,1975.0,70.48,1,8.25,4790,0.75,4850,50,4,6.00,1.00,7.0,0.00,0.00,0.0,1.00,107445.00,59.5
475,0.00,468.00,468.0,20.97,20.00,1432.00,1452.0,70.5,0,8.25,4792,0.75,4856,51,4,18.00,4.00,22.0,0.00,0.00,0.0,2.00,53930.00,52.7
476,0.00,7464.00,7464.0,7.87,12.00,558.00,570.0,70.5,0,7.67,4792,0.75,4854,51,4,13.00,5.00,18.0,0.00,0.00,0.0,1.00,36296.00,42.3
477,0.00,48.00,48.0,8.76,12.00,782.00,794.0,70.51,2,7.67,4792,0.75,4851,51,5,10.00,5.00,15.0,1.00,1.00,2.0,1.00,56391.00,42.6
478,0.00,924.00,924.0,30.12,23.00,2148.00,2171.0,70.53,14,7.67,4792,0.75,4852,51,5,20.00,1.00,21.0,0.00,0.00,0.0,1.00,167158.00,65.6
479,0.00,432.00,432.0,54.73,17.00,2435.00,2452.0,70.55,20,7.67,4791,0.75,4841,50,5,17.00,3.00,20.0,0.00,0.00,0.0,0.99,202091.09,80.2
480,0.00,392.00,392.0,71.21,4.00,2207.00,2211.0,70.59,17,7.67,4791,0.75,4829,50,5,1.00,0.00,1.0,4.00,4.00,8.0,0.00,200647.00,80.7
481,0.00,45988.00,45988.0,63.52,0.00,2098.00,2098.0,70.59,11,7.94,4790,0.75,4853,50,4,0.00,0.00,0.0,0.00,0.00,0.0,1.00,206428.00,81.0
482,0.00,872.00,872.0,69.26,0.00,2558.00,2558.0,70.64,11,7.94,4791,0.75,4833,50,4,0.00,0.00,0.0,0.00,0.00,0.0,2.00,185232.00,81.4
483,0.00,688.00,688.0,61.61,1.00,2849.00,2850.0,70.7,1,7.94,4790,0.75,4827,50,4,0.00,1.00,1.0,0.00,0.00,0.0,1.00,123812.00,80.9
484,0.00,780.00,780.0,25.13,6.00,1977.00,1983.0,70.69,1,7.94,4790,0.75,4840,50,4,4.00,0.00,4.0,0.00,0.00,0.0,3.00,80489.00,59.2
485,0.00,356.00,356.0,8.99,12.00,511.00,523.0,70.69,0,7.94,4789,0.75,4842,50,4,14.00,0.00,14.0,0.00,0.00,0.0,0.00,16659.00,39.3
486,0.00,46568.00,46568.0,2.41,4.00,261.00,265.0,70.68,2,7.54,4787,0.75,4837,50,4,4.00,0.00,4.0,0.00,0.00,0.0,0.00,6697.00,38.9
487,0.00,44.00,44.0,5.06,27.00,542.00,569.0,70.69,6,7.54,4789,0.75,4834,51,4,25.00,11.00,36.0,0.00,0.00,0.0,4.00,19845.00,38.8
488,0.00,476.00,476.0,15.69,20.00,1210.00,1230.0,70.7,1,7.54,4789,0.75,4828,50,4,20.00,0.00,20.0,1.00,0.00,1.0,2.00,89242.00,49.6
489,0.00,104.00,104.0,17.68,5.00,917.00,922.0,70.71,1,7.54,4785,0.75,4823,49,4,5.00,3.00,8.0,0.00,0.00,0.0,0.00,112015.00,49.8
490,0.00,968.00,968.0,23.11,15.00,976.00,991.0,70.72,0,7.54,4786,0.75,4828,49,4,15.00,1.00,16.0,0.00,0.00,0.0,2.00,112084.00,54.9
491,0.00,616.00,616.0,35.99,16.00,2284.00,2300.0,70.74,4,6.94,4790,0.75,4833,49,4,16.00,0.00,16.0,0.00,0.00,0.0,4.00,150667.00,65.6
492,0.00,36552.00,36552.0,36.43,7.00,2267.00,2274.0,70.77,5,6.94,4790,0.75,4840,49,4,6.00,0.00,6.0,0.00,0.00,0.0,2.00,150566.00,66.0
493,0.00,1184.00,1184.0,40.89,12.00,1250.00,1262.0,70.79,2,6.94,4789,0.75,4835,49,4,10.00,1.00,11.0,1.00,0.00,1.0,0.00,184042.00,66.6
494,0.00,444.00,444.0,30.31,9.00,1727.00,1736.0,70.81,1,6.94,4790,0.75,4847,49,4,8.00,1.00,9.0,0.00,0.00,0.0,1.00,121656.00,66.1
495,0.00,696.00,696.0,39.1,9.00,2825.00,2834.0,70.84,6,6.94,4789,0.75,4835,49,4,8.00,0.00,8.0,0.00,0.00,0.0,0.00,145010.00,66.7
496,0.00,484.00,484.0,57.4,14.00,2445.00,2459.0,70.86,2,7.42,4788,0.75,4838,49,4,14.00,0.00,14.0,0.00,0.00,0.0,2.00,157608.00,77.3
497,0.00,27084.00,27084.0,56.1,8.00,2732.00,2740.0,70.89,16,7.42,4789,0.75,4837,49,4,6.00,2.00,8.0,0.00,0.00,0.0,2.00,210946.00,77.7
498,0.00,768.00,768.0,66.5,2.00,2389.00,2391.0,70.93,20,7.42,4789,0.75,4834,49,4,2.00,0.00,2.0,0.00,0.00,0.0,1.00,208768.00,84.4
499,0.00,396.00,396.0,72.84,15.00,1928.00,1943.0,70.96,15,7.42,4787,0.75,4820,49,4,14.00,0.00,14.0,0.00,0.00,0.0,0.00,192268.00,84.4
500,8.00,868.00,876.0,72.9,5.00,2555.00,2560.0,70.98,6,7.42,4787,0.75,4803,49,4,0.00,1.00,1.0,4.00,4.00,8.0,1.00,166175.00,84.3
501,0.00,1448.00,1448.0,60.71,8.00,2895.00,2903.0,71.0,9,7.55,4787,0.75,4811,49,4,6.00,0.00,6.0,0.00,0.00,0.0,2.00,134396.00,83.8
502,0.00,52488.00,52488.0,43.95,10.00,2051.00,2061.0,71.02,2,7.55,4785,0.75,4821,49,4,12.00,0.00,12.0,0.00,0.00,0.0,1.00,68529.00,72.7
503,0.00,116.00,116.0,16.48,0.00,351.00,351.0,71.04,0,7.55,4783,0.75,4823,49,4,0.00,0.00,0.0,0.00,0.00,0.0,0.00,11779.00,47.6
504,0.00,72.00,72.0,4.58,17.00,577.00,594.0,71.04,0,7.55,4784,0.75,4819,49,4,14.00,0.00,14.0,0.00,0.00,0.0,1.00,20002.00,38.5
505,0.00,612.00,612.0,15.81,14.00,1168.00,1182.0,71.05,0,7.55,4787,0.75,4828,49,4,16.00,0.00,16.0,0.00,0.00,0.0,3.00,85738.00,51.9
506,0.00,536.00,536.0,23.72,10.00,1006.00,1016.0,71.05,1,7.02,4786,0.75,4821,49,4,10.00,0.00,10.0,0.00,0.00,0.0,0.00,131803.00,60.1
507,0.00,5584.00,5584.0,25.61,12.00,1138.00,1150.0,71.06,1,7.02,4787,0.75,4826,49,4,12.00,0.00,12.0,0.00,0.00,0.0,2.00,112758.00,59.8
508,0.00,516.00,516.0,35.85,12.00,2406.00,2418.0,71.05,0,7.02,4788,0.75,4819,49,4,12.00,0.00,12.0,0.00,0.00,0.0,1.00,149287.00,66.3
509,0.00,560.00,560.0,49.62,214.00,2132.00,2346.0,71.18,18,7.02,4843,0.75,4911,76,4,208.00,161.00,369.0,0.00,0.00,0.0,56.00,155244.00,77.9
510,4.00,376.00,380.0,41.09,230.00,1524.00,1754.0,71.23,1,7.02,4853,0.75,4953,81,5,217.00,194.00,411.0,5.00,4.00,9.0,12.00,136827.00,70.8
511,0.00,124.00,124.0,34.07,29.00,1731.00,1760.0,71.23,8,6.62,4853,0.75,4967,80,5,40.00,15.00,55.0,0.00,0.00,0.0,4.00,133466.00,63.8
512,0.00,1276.00,1276.0,34.28,65.00,2409.00,2474.0,71.13,3,6.62,4802,0.75,4860,54,6,64.00,53.00,117.0,1.00,1.00,2.0,2.00,116880.00,63.9
513,0.00,37588.00,37588.0,26.44,20.00,1746.00,1766.0,71.12,0,6.62,4790,0.75,4819,48,6,20.00,12.00,32.0,0.00,0.00,0.0,0.00,141588.00,63.5
514,0.00,104.00,104.0,43.59,8.00,2028.00,2036.0,71.14,15,6.62,4789,0.75,4828,48,6,10.00,0.00,10.0,0.00,0.00,0.0,0.00,130088.00,70.8
515,0.00,576.00,576.0,51.65,6.00,2945.00,2951.0,71.17,9,6.62,4790,0.75,4824,48,6,4.00,0.00,4.0,1.00,0.00,1.0,1.00,212507.00,77.0
516,0.00,348.00,348.0,62.16,0.00,2277.00,2277.0,71.17,11,7.05,4790,0.75,4849,48,5,0.00,1.00,1.0,0.00,0.00,0.0,0.00,226801.00,77.6
517,0.00,412.00,412.0,66.71,0.00,2354.00,2354.0,71.2,15,7.05,4790,0.75,4831,48,5,0.00,0.00,0.0,0.00,0.00,0.0,1.00,196900.00,84.1
518,0.00,24156.00,24156.0,57.32,0.00,2863.00,2863.0,71.24,6,7.05,4790,0.75,4825,48,5,0.00,0.00,0.0,0.00,0.00,0.0,0.00,141375.00,77.8
519,0.00,1312.00,1312.0,49.25,16.00,2668.00,2684.0,71.3,1,7.05,4790,0.75,4822,48,5,16.00,0.00,16.0,0.00,0.00,0.0,1.00,99509.00,77.3
520,0.00,516.00,516.0,14.68,0.00,841.00,841.0,71.29,0,7.05,4789,0.75,4830,48,5,0.00,0.00,0.0,0.00,0.00,0.0,0.00,32556.00,44.3
521,0.00,52.00,52.0,2.3,6.00,158.00,164.0,71.29,0,6.49,4785,0.75,4826,48,5,4.00,1.00,5.0,1.00,0.00,1.0,0.00,5713.00,35.3
522,0.00,0.00,0.0,2.3,3.00,84.00,87.0,71.29,0,6.49,4784,0.75,4824,48,5,2.00,0.00,2.0,0.00,0.00,0.0,1.00,5034.00,35.2
523,0.00,53376.00,53376.0,2.55,12.00,305.00,317.0,71.3,0,6.49,4785,0.75,4823,49,5,10.00,2.00,12.0,0.00,0.00,0.0,2.00,7847.00,35.5
524,0.00,664.00,664.0,4.91,34.00,477.00,511.0,71.3,0,6.49,4784,0.75,4816,49,5,36.00,8.00,44.0,0.00,0.00,0.0,0.00,8329.00,35.7
525,0.00,84.00,84.0,2.05,4.00,228.00,232.0,71.3,2,6.49,4780,0.75,4803,49,5,3.00,1.00,4.0,0.00,0.00,0.0,0.00,5490.00,35.7
526,0.00,20.00,20.0,3.99,10.00,436.00,446.0,71.3,0,5.97,4779,0.75,4797,50,4,6.00,3.00,9.0,0.00,0.00,0.0,1.00,15843.00,35.9
527,0.00,576.00,576.0,12.04,33.00,941.00,974.0,71.31,0,5.97,4782,0.75,4811,49,4,35.00,4.00,39.0,0.00,0.00,0.0,8.00,68264.00,46.0
528,0.00,16648.00,16648.0,13.04,3.00,782.00,785.0,71.31,7,5.97,4782,0.75,4816,49,4,2.00,0.00,2.0,0.00,0.00,0.0,1.00,96753.00,46.4
529,0.00,740.00,740.0,20.03,10.00,1331.00,1341.0,71.33,0,5.97,4783,0.75,4809,49,4,10.00,0.00,10.0,0.00,0.00,0.0,2.00,101854.00,46.9
530,0.00,456.00,456.0,46.39,28.00,2547.00,2575.0,71.35,12,5.97,4788,0.75,4812,49,4,24.00,0.00,24.0,4.00,4.00,8.0,4.95,180039.60,75.9
531,0.00,340.00,340.0,62.71,0.00,2740.00,2740.0,71.39,17,5.65,4790,0.75,4812,49,4,0.00,0.00,0.0,0.00,0.00,0.0,2.02,197524.24,82.2
532,0.00,44.00,44.0,66.5,4.00,1991.00,1995.0,71.42,4,5.65,4789,0.75,4825,49,4,4.00,0.00,4.0,0.00,0.00,0.0,1.00,231979.00,82.3
533,0.00,33704.00,33704.0,67.39,17.00,3484.00,3501.0,71.46,19,5.65,4790,0.75,4828,49,4,14.00,2.00,16.0,0.00,0.00,0.0,1.00,211307.00,82.5
534,0.00,1188.00,1188.0,72.91,6.93,3421.78,3428.71,71.47,32,5.65,4790,0.75,4833,49,4,2.00,2.00,4.0,0.00,0.00,0.0,0.00,202527.00,82.8
535,0.00,740.00,740.0,74.11,2.00,3768.00,3770.0,71.51,14,5.65,4788,0.75,4805,49,4,2.00,2.00,4.0,0.00,0.00,0.0,1.00,199672.00,83.1
536,0.00,852.00,852.0,65.55,3.00,2236.00,2239.0,71.48,14,6.08,4789,0.75,4844,48,4,1.00,2.00,3.0,0.00,0.00,0.0,1.00,230544.00,82.9
537,0.00,700.00,700.0,38.49,4.00,2384.00,2388.0,71.52,23,6.08,4785,0.75,4845,48,4,2.00,0.00,2.0,0.00,0.00,0.0,2.00,151614.00,71.5
538,0.00,43380.00,43380.0,72.99,2.00,2911.00,2913.0,71.54,8,6.08,4785,0.75,4845,48,4,4.00,0.00,4.0,0.00,0.00,0.0,0.00,127915.00,83.4
539,4.00,656.00,660.0,31.57,14.00,1876.00,1890.0,71.6,2,6.08,4785,0.75,4863,48,4,14.00,0.00,14.0,0.00,0.00,0.0,0.00,67019.00,55.7
540,0.00,84.00,84.0,3.03,8.00,297.00,305.0,71.6,0,6.08,4784,0.75,4863,48,4,4.00,0.00,4.0,4.00,4.00,8.0,0.00,5984.00,36.2
541,0.00,56.00,56.0,2.82,18.00,303.00,321.0,71.61,0,5.59,4785,0.75,4861,49,4,10.00,4.00,14.0,0.00,0.00,0.0,2.00,7596.00,36.2
542,0.00,304.00,304.0,3.8,26.00,438.00,464.0,71.61,0,5.59,4783,0.75,4833,49,4,33.00,7.00,40.0,0.00,0.00,0.0,1.00,8703.00,36.2
543,0.00,2176.00,2176.0,3.81,8.00,311.00,319.0,71.59,0,5.59,4781,0.75,4821,49,4,8.00,0.00,8.0,0.00,0.00,0.0,0.00,9630.00,36.4
544,0.00,47012.00,47012.0,8.88,13.00,817.00,830.0,71.59,3,5.59,4783,0.75,4825,48,4,11.00,3.00,14.0,0.00,0.00,0.0,9.00,58246.00,44.6
545,0.00,732.00,732.0,12.23,22.00,849.00,871.0,71.59,0,5.59,4781,0.75,4824,48,4,22.00,0.00,22.0,0.00,0.00,0.0,0.00,55383.00,44.7
546,0.00,660.00,660.0,18.23,10.00,778.00,788.0,71.6,1,5.3,4780,0.75,4832,49,5,10.00,2.00,12.0,1.00,1.00,2.0,2.00,102428.00,50.8
547,0.00,84.00,84.0,31.93,7.00,1105.00,1112.0,71.59,6,5.3,4784,0.75,4830,49,5,2.00,1.00,3.0,0.00,0.00,0.0,7.00,89519.00,67.4
548,0.00,112.00,112.0,51.59,23.00,2687.00,2710.0,71.61,3,5.3,4787,0.75,4810,49,5,26.00,1.00,27.0,0.00,0.00,0.0,2.00,163425.00,77.1
549,0.00,6348.00,6348.0,38.01,4.00,2406.00,2410.0,71.64,3,5.3,4787,0.75,4821,49,5,4.00,0.00,4.0,0.00,0.00,0.0,1.00,212042.00,69.7
550,0.00,1088.00,1088.0,54.58,0.00,1901.00,1901.0,71.65,8,5.3,4787,0.75,4844,49,4,0.00,0.00,0.0,0.00,0.00,0.0,0.00,246589.00,80.3
551,0.00,1032.00,1032.0,46.59,2.00,1886.00,1888.0,71.69,6,5.28,4787,0.75,4834,49,4,0.00,1.00,1.0,0.00,0.00,0.0,1.00,167407.00,73.3
552,0.00,856.00,856.0,46.45,1.00,3093.00,3094.0,71.69,3,5.28,4787,0.75,4835,49,4,0.00,1.00,1.0,0.00,0.00,0.0,1.00,132811.00,73.2
553,0.00,1440.00,1440.0,29.36,18.00,2743.00,2761.0,71.71,1,5.28,4787,0.75,4843,49,4,18.00,0.00,18.0,0.00,0.00,0.0,1.00,113233.00,64.4
554,0.00,820.00,820.0,48.95,7.00,2451.00,2458.0,71.72,0,5.28,4787,0.75,4835,49,4,6.00,0.00,6.0,0.00,0.00,0.0,1.00,186882.00,74.7
555,0.00,104.00,104.0,47.29,0.00,1650.00,1650.0,71.72,13,5.28,4787,0.75,4873,49,4,0.00,0.00,0.0,0.00,0.00,0.0,0.00,231934.00,74.9
556,0.00,76.00,76.0,45.4,18.00,1929.00,1947.0,71.76,1,5.1,4786,0.75,4839,49,4,18.00,0.00,18.0,0.00,0.00,0.0,0.00,161357.00,68.5
557,0.00,1156.00,1156.0,48.38,8.00,2884.00,2892.0,71.79,8,5.1,4786,0.75,4840,49,4,7.00,1.00,8.0,0.00,0.00,0.0,1.00,157509.00,76.1
558,0.00,1104.00,1104.0,58.84,2.00,2823.00,2825.0,71.82,2,5.1,4786,0.75,4846,49,4,2.00,0.00,2.0,0.00,0.00,0.0,0.00,115122.00,76.4
559,0.00,47920.00,47920.0,13.43,15.00,661.00,676.0,71.79,1,5.1,4786,0.75,4850,49,4,14.00,1.00,15.0,0.00,0.00,0.0,1.00,31016.00,48.9
560,0.00,124.00,124.0,14.48,11.00,702.00,713.0,71.8,0,5.1,4786,0.75,4842,49,4,6.00,1.00,7.0,4.00,4.00,8.0,0.00,32058.00,48.7
561,0.00,68.00,68.0,5.08,12.00,465.00,477.0,71.8,0,4.77,4786,0.75,4837,49,4,10.00,0.00,10.0,0.00,0.00,0.0,0.00,14438.00,39.4
562,0.00,728.00,728.0,5.05,21.00,648.00,669.0,71.81,0,4.77,4784,0.75,4827,49,4,23.00,1.00,24.0,0.00,0.00,0.0,1.00,20237.00,39.4
563,0.00,152.00,152.0,18.38,8.00,1055.00,1063.0,71.82,1,4.77,4784,0.75,4823,49,4,6.00,2.00,8.0,0.00,0.00,0.0,1.00,96643.00,52.5
564,4.00,61236.00,61240.0,21.98,12.00,1206.00,1218.0,71.8,12,4.77,4784,0.75,4829,49,4,12.00,0.00,12.0,0.00,0.00,0.0,0.00,134141.00,58.6
565,4.00,560.00,564.0,37.91,20.00,2267.00,2287.0,71.82,14,4.77,4785,0.75,4849,49,4,20.00,0.00,20.0,0.00,0.00,0.0,1.00,167814.00,72.1
566,0.00,824.00,824.0,63.89,6.00,2697.00,2703.0,71.86,23,4.79,4787,0.75,4842,49,4,2.00,4.00,6.0,0.00,0.00,0.0,2.00,192618.00,83.2
567,0.00,1140.00,1140.0,63.99,18.00,2591.00,2609.0,71.89,20,4.79,4786,0.75,4849,49,4,10.00,2.00,12.0,0.00,0.00,0.0,2.00,212162.00,83.2
568,0.00,312.00,312.0,65.53,4.00,1598.00,1602.0,71.93,4,4.79,4787,0.75,4842,49,4,8.00,2.00,10.0,0.00,0.00,0.0,1.00,184207.00,82.6
569,0.00,30488.00,30488.0,51.16,2.00,2475.00,2477.0,71.96,10,4.79,4786,0.75,4838,49,4,0.00,2.00,2.0,0.00,0.00,0.0,0.00,124576.00,77.0
570,0.00,920.00,920.0,43.84,27.00,3639.00,3666.0,71.96,3,4.79,4786,0.75,4836,49,4,18.00,2.00,20.0,4.00,4.00,8.0,1.00,132813.00,76.4
571,0.00,396.00,396.0,57.34,6.00,2663.00,2669.0,71.98,6,5.12,4786,0.75,4846,49,4,6.00,2.00,8.0,0.00,0.00,0.0,0.00,195111.00,76.7
572,0.00,796.00,796.0,45.49,0.00,1710.00,1710.0,72.01,14,5.12,4786,0.75,4861,49,4,0.00,0.00,0.0,0.00,0.00,0.0,1.00,215942.00,76.7
573,0.00,188.00,188.0,45.27,12.00,1800.00,1812.0,72.05,4,5.12,4784,0.75,4839,49,4,12.00,0.00,12.0,0.00,0.00,0.0,0.00,177226.00,69.8
574,0.00,48876.00,48876.0,53.93,13.00,2900.00,2913.0,72.08,8,5.12,4785,0.75,4817,48,4,12.00,0.00,12.0,0.00,0.00,0.0,2.00,170002.00,77.3
575,0.00,856.00,856.0,39.1,0.00,2911.00,2911.0,72.12,4,5.12,4787,0.75,4835,48,4,0.00,0.00,0.0,0.00,0.00,0.0,2.00,135096.00,69.2
576,0.00,240.00,240.0,10.45,10.00,581.00,591.0,72.12,0,4.71,4784,0.75,4837,48,4,10.00,0.00,10.0,0.00,0.00,0.0,1.00,31377.00,40.7
577,8.00,88.00,96.0,7.61,12.00,602.00,614.0,72.06,0,4.71,4785,0.75,4843,48,4,12.00,0.00,12.0,0.00,0.00,0.0,1.98,32653.47,40.7
578,0.00,404.00,404.0,6.37,8.00,610.00,618.0,72.06,0,4.71,4784,0.75,4839,48,4,4.00,0.00,4.0,0.00,0.00,0.0,0.00,17516.00,40.6
579,0.00,576.00,576.0,5.86,19.00,731.00,750.0,72.06,4,4.71,4783,0.75,4835,48,4,23.00,1.00,24.0,0.00,0.00,0.0,1.00,26587.00,40.8
580,0.00,19036.00,19036.0,14.32,15.00,998.00,1013.0,72.07,0,4.71,4784,0.75,4860,49,5,12.00,2.00,14.0,1.00,1.00,2.0,1.00,56029.00,46.9
581,0.00,80.00,80.0,19.67,8.00,1004.00,1012.0,72.09,0,4.9,4785,0.75,4858,49,5,6.00,0.00,6.0,0.00,0.00,0.0,2.00,117294.00,47.4
582,0.00,20.00,20.0,21.86,16.00,1304.00,1320.0,72.11,6,4.9,4786,0.75,4861,49,5,18.00,0.00,18.0,0.00,0.00,0.0,5.00,122826.00,56.2
583,0.00,580.00,580.0,38.09,10.00,2900.00,2910.0,72.1,10,4.9,4787,0.75,4842,49,5,8.00,2.00,10.0,0.00,0.00,0.0,0.00,166909.00,72.4
584,0.00,892.00,892.0,54.04,3.00,2086.00,2089.0,72.13,1,4.9,4787,0.75,4857,49,4,0.00,2.00,2.0,0.00,0.00,0.0,0.00,202198.00,72.5
585,0.00,25280.00,25280.0,42.29,2.00,1702.00,1704.0,72.16,3,4.9,4787,0.75,4873,49,4,0.00,2.00,2.0,0.00,0.00,0.0,0.00,185427.00,72.5
586,0.00,736.00,736.0,25.32,2.00,2268.00,2270.0,72.2,17,4.58,4788,0.75,4901,49,4,0.00,2.00,2.0,0.00,0.00,0.0,1.00,104343.00,60.1
587,0.00,548.00,548.0,30.96,15.00,2293.00,2308.0,72.2,1,4.58,4787,0.75,4903,49,4,10.00,2.00,12.0,0.00,0.00,0.0,1.00,83111.00,60.0
588,0.00,328.00,328.0,21.19,14.00,1028.00,1042.0,72.2,0,4.58,4788,0.75,4907,49,4,16.00,0.00,16.0,0.00,0.00,0.0,1.00,64445.00,53.3
589,0.00,524.00,524.0,6.63,2.00,451.00,453.0,72.21,0,4.58,4788,0.75,4902,49,4,2.00,0.00,2.0,0.00,0.00,0.0,0.00,51418.00,42.8
590,0.00,19676.00,19676.0,13.78,24.00,1376.00,1400.0,72.22,1,4.58,4788,0.75,4888,49,4,16.00,2.00,18.0,4.00,4.00,8.0,0.00,73067.00,43.3
591,0.00,524.00,524.0,44.76,17.00,2716.00,2733.0,72.25,2,4.86,4788,0.75,4862,49,4,18.00,1.00,19.0,0.00,0.00,0.0,0.00,188020.00,72.7
592,0.00,28.00,28.0,46.2,6.00,1975.00,1981.0,72.27,14,4.86,4787,0.75,4883,49,4,4.00,2.00,6.0,0.00,0.00,0.0,1.00,186824.00,77.9
593,0.00,172.00,172.0,57.3,8.00,1503.00,1511.0,72.28,3,4.86,4787,0.75,4851,49,4,4.00,2.00,6.0,0.00,0.00,0.0,0.00,154767.00,77.7
594,0.00,1000.00,1000.0,51.72,17.00,2401.00,2418.0,72.29,6,4.86,4788,0.75,4851,49,4,16.00,2.00,18.0,0.00,0.00,0.0,1.00,166152.00,77.7
595,0.00,51084.00,51084.0,39.69,2.00,3637.00,3639.0,72.32,8,4.86,4789,0.75,4848,49,4,0.00,0.00,0.0,0.00,0.00,0.0,2.00,134188.00,77.2
596,0.00,744.00,744.0,20.0,11.00,969.00,980.0,72.34,0,4.87,4789,0.75,4850,49,4,11.00,3.00,14.0,0.00,0.00,0.0,1.00,70813.00,46.1
597,0.00,100.00,100.0,22.37,40.00,1742.00,1782.0,72.36,2,4.87,4790,0.75,4843,50,4,38.00,8.00,46.0,0.00,0.00,0.0,3.00,108681.00,56.3
598,0.00,1504.00,1504.0,36.77,28.00,2801.00,2829.0,72.38,1,4.87,4790,0.75,4846,49,4,25.74,2.97,28.709999999999997,0.00,0.00,0.0,0.00,185865.00,71.1
599,0.00,656.00,656.0,59.37,20.00,2661.00,2681.0,72.41,17,4.87,4789,0.75,4835,49,4,20.00,0.00,20.0,0.00,0.00,0.0,0.00,226315.00,82.6
600,3.96,60518.81,60522.77,71.12,25.00,3283.00,3308.0,72.45,22,4.87,4788,0.75,4829,48,4,21.00,4.00,25.0,4.00,4.00,8.0,4.00,209519.00,82.9
601,0.00,748.00,748.0,75.94,4.00,2459.00,2463.0,72.48,46,6.72,4788,0.75,4842,48,4,4.00,0.00,4.0,0.00,0.00,0.0,0.00,183242.00,83.3
602,0.00,980.00,980.0,77.88,4.00,3902.00,3906.0,72.53,22,6.72,4788,0.75,4851,48,4,4.00,0.00,4.0,0.00,0.00,0.0,1.00,132453.00,83.6
603,0.00,880.00,880.0,74.31,4.00,3188.00,3192.0,72.55,25,6.72,4789,0.75,4853,48,4,4.00,0.00,4.0,0.00,0.00,0.0,2.00,152477.00,83.8
604,0.00,644.00,644.0,64.76,4.00,3164.00,3168.0,72.53,16,6.72,4788,0.75,4825,48,4,4.00,0.00,4.0,0.00,0.00,0.0,3.00,178099.00,83.6
605,0.00,54528.00,54528.0,58.34,12.00,3334.00,3346.0,72.56,2,6.72,4788,0.75,4819,48,4,12.00,0.00,12.0,0.00,0.00,0.0,1.00,180409.00,77.3
606,0.00,1252.00,1252.0,42.62,16.00,3551.00,3567.0,72.61,5,6.83,4788,0.75,4810,48,4,16.00,0.00,16.0,0.00,0.00,0.0,0.00,124993.00,70.1
607,0.00,524.00,524.0,39.92,24.00,1996.00,2020.0,72.65,7,6.83,4788,0.75,4831,48,4,24.00,0.00,24.0,0.00,0.00,0.0,2.00,97202.00,70.4
608,0.00,112.00,112.0,43.83,30.00,2234.00,2264.0,72.66,2,6.83,4787,0.75,4820,48,4,30.00,0.00,30.0,0.00,0.00,0.0,0.00,130393.00,70.4
609,0.00,180.00,180.0,43.78,27.00,2133.00,2160.0,72.68,1,6.83,4788,0.75,4832,48,4,26.00,0.00,26.0,0.00,0.00,0.0,1.00,214428.00,70.7
610,0.00,1520.00,1520.0,52.87,22.00,2744.00,2766.0,72.73,14,6.83,4786,0.75,4818,48,4,22.00,0.00,22.0,0.00,0.00,0.0,0.00,225476.00,79.6
611,0.00,24744.00,24744.0,63.06,18.00,3594.00,3612.0,72.74,13,8.2,4789,0.75,4807,48,4,18.00,0.00,18.0,0.00,0.00,0.0,3.00,209545.00,80.0
612,0.00,1252.00,1252.0,69.09,6.00,3903.00,3909.0,72.78,26,8.2,4789,0.75,4867,48,4,5.00,1.00,6.0,0.00,0.00,0.0,2.00,193558.00,85.2
613,0.00,1960.00,1960.0,66.71,4.00,3917.00,3921.0,72.81,0,8.2,4789,0.75,4846,48,4,4.00,0.00,4.0,0.00,0.00,0.0,0.00,186106.00,84.9
614,0.00,872.00,872.0,68.14,12.00,2663.00,2675.0,72.8,25,8.2,4789,0.75,4873,49,5,10.00,2.00,12.0,1.00,1.00,2.0,1.00,184604.00,84.9
615,0.00,980.00,980.0,63.67,12.00,3379.00,3391.0,72.86,17,8.2,4789,0.75,4844,49,5,10.00,2.00,12.0,0.00,0.00,0.0,0.00,181809.00,84.6
616,4.00,17980.00,17984.0,65.22,3.00,2639.00,2642.0,72.88,8,8.91,4789,0.75,4844,49,5,0.00,2.00,2.0,0.00,0.00,0.0,1.00,146871.00,77.6
617,0.00,1124.00,1124.0,34.92,2.00,2766.00,2768.0,72.92,1,8.91,4789,0.75,4840,49,5,0.00,2.00,2.0,0.00,0.00,0.0,1.00,106435.00,69.5
618,0.00,756.00,756.0,16.46,2.00,547.00,549.0,72.89,0,8.91,4789,0.75,4866,49,4,0.00,2.00,2.0,0.00,0.00,0.0,0.00,21261.00,44.9
619,0.00,144.00,144.0,7.0,30.00,725.00,755.0,72.9,0,8.91,4789,0.75,4847,49,4,24.00,0.00,24.0,0.00,0.00,0.0,0.00,14643.00,44.2
620,4.00,116.00,120.0,9.92,40.00,1040.00,1080.0,72.9,0,8.91,4789,0.75,4850,49,4,40.00,0.00,40.0,4.00,4.00,8.0,1.00,52570.00,44.2
621,0.00,34424.00,34424.0,23.7,32.00,1608.00,1640.0,72.91,2,8.35,4787,0.75,4842,49,4,32.00,2.00,34.0,0.00,0.00,0.0,1.00,125422.00,61.2
622,0.00,1064.00,1064.0,37.44,29.00,2421.00,2450.0,72.97,11,8.35,4786,0.75,4827,49,4,26.00,1.00,27.0,0.00,0.00,0.0,3.00,146280.00,73.2
623,0.00,212.00,212.0,60.2,14.00,3755.00,3769.0,72.9,39,8.35,4789,0.75,4878,49,4,16.00,0.00,16.0,0.00,0.00,0.0,3.00,206882.00,80.0
624,0.00,580.00,580.0,73.62,0.00,2547.00,2547.0,72.89,23,8.35,4789,0.75,4904,49,4,0.00,0.00,0.0,0.00,0.00,0.0,0.00,194468.00,85.5
625,0.00,992.00,992.0,70.51,3.00,4109.00,4112.0,72.95,19,8.35,4789,0.75,4892,49,4,0.00,2.00,2.0,0.00,0.00,0.0,1.00,189323.00,85.4
626,0.00,60708.00,60708.0,78.06,4.00,1834.00,1838.0,72.96,30,9.61,4788,0.75,4919,49,4,2.00,2.00,4.0,0.00,0.00,0.0,1.00,130683.00,85.5
627,0.00,1264.00,1264.0,79.15,3.00,2681.00,2684.0,72.98,16,9.61,4789,0.75,4892,49,4,2.00,1.00,3.0,0.00,0.00,0.0,2.00,116340.00,85.6
628,0.00,536.00,536.0,81.41,9.00,3168.00,3177.0,73.01,13,9.61,4788,0.75,4879,49,4,9.00,1.00,10.0,0.00,0.00,0.0,0.00,145362.38,85.7
629,0.00,1300.00,1300.0,72.3,7.92,4213.86,4221.78,73.05,2,9.61,4789,0.75,4883,49,4,8.00,0.00,8.0,0.00,0.00,0.0,1.00,163791.00,85.5
630,0.00,624.00,624.0,68.91,14.00,4107.00,4121.0,73.1,17,9.61,4788,0.75,4869,49,4,12.00,0.00,12.0,0.00,0.00,0.0,0.00,131317.00,85.3
631,4.00,78480.00,78484.0,34.52,18.00,1718.00,1736.0,73.08,12,9.24,4789,0.75,4884,49,4,16.00,2.00,18.0,0.00,0.00,0.0,1.00,136089.00,59.5
632,0.00,880.00,880.0,20.56,37.00,1525.00,1562.0,73.06,8,9.24,4789,0.75,4881,49,4,38.00,1.00,39.0,0.00,0.00,0.0,1.00,88272.00,58.9
633,0.00,220.00,220.0,32.11,32.00,2012.00,2044.0,73.08,2,9.24,4789,0.75,4870,49,4,28.00,2.00,30.0,0.00,0.00,0.0,0.00,171821.00,59.3
634,0.00,744.00,744.0,36.53,26.00,2721.00,2747.0,73.12,6,9.24,4788,0.75,4851,48,4,24.00,1.00,25.0,0.00,0.00,0.0,0.00,164931.00,68.8
635,0.00,492.00,492.0,60.48,22.00,4174.00,4196.0,73.1,18,9.24,4788,0.75,4837,48,4,24.00,0.00,24.0,0.00,0.00,0.0,1.00,219346.00,83.5
636,0.00,99532.00,99532.0,77.29,2.00,2815.00,2817.0,73.14,16,11.3,4789,0.75,4863,48,4,2.00,0.00,2.0,0.00,0.00,0.0,2.00,140137.00,83.8
637,0.00,672.00,672.0,69.95,6.00,2941.00,2947.0,73.22,20,11.3,4789,0.75,4857,48,4,6.00,0.00,6.0,0.00,0.00,0.0,1.00,198858.00,83.9
638,0.00,596.00,596.0,75.03,8.00,2379.00,2387.0,73.26,17,11.3,4788,0.75,4880,48,4,8.00,0.00,8.0,0.00,0.00,0.0,2.00,158868.00,84.1
639,0.00,1380.00,1380.0,67.69,7.00,3542.00,3549.0,73.32,7,11.3,4788,0.75,4871,48,4,6.00,0.00,6.0,0.00,0.00,0.0,0.00,175868.00,83.9
640,0.00,712.00,712.0,62.03,14.00,3661.00,3675.0,73.35,14,11.3,4788,0.75,4845,48,4,10.00,0.00,10.0,4.00,4.00,8.0,1.00,193432.00,83.7
641,0.00,19072.00,19072.0,72.2,10.00,5190.00,5200.0,73.37,0,11.44,4788,0.75,4830,48,4,10.00,0.00,10.0,0.00,0.00,0.0,1.00,162981.00,83.9
642,0.00,640.00,640.0,47.8,9.00,2203.00,2212.0,73.4,9,11.44,4789,0.75,4875,48,4,8.00,0.00,8.0,0.00,0.00,0.0,2.00,189002.00,71.8
643,0.00,224.00,224.0,32.57,32.00,1860.00,1892.0,73.37,1,11.44,4790,0.75,4859,48,4,28.00,0.00,28.0,0.00,0.00,0.0,1.00,137225.00,64.2
644,0.00,956.00,956.0,33.12,26.00,2101.00,2127.0,73.38,14,11.44,4790,0.75,4848,48,4,30.00,0.00,30.0,0.00,0.00,0.0,1.00,125257.00,69.8
645,0.00,648.00,648.0,55.85,27.00,2801.00,2828.0,73.41,0,11.44,4790,0.75,4849,48,4,26.00,0.00,26.0,0.00,0.00,0.0,0.00,142506.00,77.3
646,0.00,26536.00,26536.0,46.34,24.00,2833.00,2857.0,73.44,12,10.68,4789,0.75,4833,48,4,24.00,0.00,24.0,0.00,0.00,0.0,0.00,245253.00,77.0
647,0.00,968.00,968.0,62.26,12.00,3808.00,3820.0,73.48,18,10.68,4789,0.75,4838,48,4,12.00,0.00,12.0,0.00,0.00,0.0,2.00,199763.00,84.6
648,0.00,576.00,576.0,72.64,9.00,3717.00,3726.0,73.5,27,10.68,4790,0.75,4865,49,5,8.00,1.00,9.0,1.00,1.00,2.0,2.00,167314.00,84.6
649,0.00,1284.00,1284.0,73.2,10.00,2469.00,2479.0,73.55,22,10.68,4790,0.75,4854,49,5,8.00,2.00,10.0,0.00,0.00,0.0,0.00,152069.00,84.6
650,0.00,744.00,744.0,53.52,6.00,3088.00,3094.0,73.61,16,10.68,4789,0.75,4837,49,5,0.00,2.00,2.0,4.00,4.00,8.0,0.00,200506.00,77.6
651,0.00,836.00,836.0,55.79,1.00,3953.00,3954.0,73.66,8,10.63,4789,0.75,4846,49,5,0.00,0.00,0.0,0.00,0.00,0.0,0.00,171213.00,78.1
652,0.00,16724.00,16724.0,66.5,1.00,3008.00,3009.0,73.67,6,10.63,4787,0.75,4860,49,4,0.00,1.00,1.0,0.00,0.00,0.0,1.00,117240.00,78.3
653,0.00,132.00,132.0,22.57,2.00,1052.00,1054.0,73.69,10,10.63,4788,0.75,4861,49,4,0.00,2.00,2.0,0.00,0.00,0.0,1.00,32632.00,48.6
654,0.00,544.00,544.0,17.24,43.00,1385.00,1428.0,73.69,0,10.63,4789,0.75,4896,49,4,40.00,2.00,42.0,0.00,0.00,0.0,1.00,66363.00,49.0
655,0.00,64.00,64.0,15.26,35.00,1170.00,1205.0,73.69,9,10.63,4788,0.75,4897,49,4,32.00,1.00,33.0,0.00,0.00,0.0,0.00,54306.00,49.3
656,0.00,468.00,468.0,26.58,28.00,1497.00,1525.0,73.71,13,9.78,4789,0.75,4892,49,4,30.00,0.00,30.0,0.00,0.00,0.0,1.00,118322.00,58.7
657,4.00,95528.00,95532.0,51.7,32.00,4057.00,4089.0,73.74,34,9.78,4790,0.75,4891,49,4,32.00,0.00,32.0,0.00,0.00,0.0,2.00,186110.00,77.0
658,0.00,1340.00,1340.0,75.75,3.00,3057.00,3060.0,73.75,25,9.78,4790,0.75,4907,49,4,2.00,1.00,3.0,0.00,0.00,0.0,1.00,214150.00,85.7
659,0.00,516.00,516.0,78.54,2.00,3291.00,3293.0,73.79,14,9.78,4790,0.75,4874,49,4,0.00,2.00,2.0,0.00,0.00,0.0,0.00,169408.00,85.6
660,0.00,104.00,104.0,69.96,2.00,1924.00,1926.0,73.74,27,9.78,4790,0.75,4935,49,4,2.00,0.00,2.0,0.00,0.00,0.0,0.00,194134.00,85.6
661,0.00,700.00,700.0,66.24,6.00,2792.00,2798.0,73.78,6,10.51,4790,0.75,4899,49,4,6.00,0.00,6.0,0.00,0.00,0.0,0.00,176041.00,85.0
662,0.00,71600.00,71600.0,69.23,9.00,3521.00,3530.0,73.85,18,10.51,4790,0.75,4903,49,4,6.00,2.00,8.0,0.00,0.00,0.0,2.00,180016.00,85.1
663,0.00,848.00,848.0,70.15,6.00,4562.00,4568.0,73.91,13,10.51,4789,0.75,4889,49,4,6.00,0.00,6.0,0.00,0.00,0.0,1.00,170409.00,85.0
664,0.00,972.00,972.0,72.95,10.00,4778.00,4788.0,73.92,9,10.51,4792,0.75,4876,50,4,10.00,2.00,12.0,0.00,0.00,0.0,6.00,134765.00,85.1
665,0.00,828.00,828.0,49.29,15.00,1737.00,1752.0,73.95,6,10.51,4791,0.75,4897,50,4,14.00,9.00,23.0,0.00,0.00,0.0,0.00,144019.00,67.0
666,0.00,292.00,292.0,24.65,35.00,1160.00,1195.0,73.97,3,9.99,4791,0.75,4875,50,4,31.00,3.00,34.0,0.00,0.00,0.0,0.00,133444.00,54.5
667,4.00,106744.00,106748.0,16.52,35.00,1400.00,1435.0,73.98,0,9.99,4789,0.75,4868,49,4,33.00,6.00,39.0,0.00,0.00,0.0,2.00,72438.00,54.5
668,0.00,148.00,148.0,29.74,29.00,2608.00,2637.0,73.98,4,9.99,4790,0.75,4867,49,4,28.00,0.00,28.0,0.00,0.00,0.0,1.00,124624.00,66.5
669,0.00,704.00,704.0,40.94,22.00,2790.00,2812.0,73.98,25,9.99,4790,0.75,4844,49,4,22.00,0.00,22.0,0.00,0.00,0.0,1.00,182718.00,75.5
670,0.00,432.00,432.0,65.37,25.00,3405.00,3430.0,74.02,27,9.99,4790,0.75,4860,49,4,20.00,3.00,23.0,4.00,4.00,8.0,0.00,219052.00,82.6
671,0.00,1080.00,1080.0,76.57,8.00,2936.00,2944.0,74.07,29,11.03,4790,0.75,4869,48,4,6.00,0.00,6.0,0.00,0.00,0.0,0.00,141520.00,82.9
672,0.00,1180.00,1180.0,77.07,6.00,2917.00,2923.0,74.11,26,11.03,4790,0.75,4884,48,4,6.00,0.00,6.0,0.00,0.00,0.0,1.00,138298.00,83.3
673,0.00,24016.00,24016.0,75.88,6.00,2599.00,2605.0,74.11,10,11.03,4789,0.75,4866,48,4,6.00,0.00,6.0,0.00,0.00,0.0,1.00,138273.00,83.5
674,0.00,1764.00,1764.0,69.44,3.00,3364.00,3367.0,74.13,18,11.03,4790,0.75,4865,48,4,2.00,0.00,2.0,0.00,0.00,0.0,0.99,191835.64,83.6
675,0.00,724.75,724.75,74.25,6.00,4053.00,4059.0,74.12,24,11.03,4790,0.75,4861,48,4,6.00,0.00,6.0,0.00,0.00,0.0,0.00,180413.00,83.9
676,0.00,896.00,896.0,77.42,8.00,3912.00,3920.0,74.18,17,11.51,4790,0.75,4844,48,4,8.00,0.00,8.0,0.00,0.00,0.0,1.00,177445.00,84.2
677,0.00,564.00,564.0,59.85,12.00,2811.00,2823.0,74.19,3,11.51,4790,0.75,4862,48,4,12.00,0.00,12.0,0.00,0.00,0.0,1.00,129731.00,74.0
678,0.00,30080.00,30080.0,23.85,22.00,2525.00,2547.0,74.22,1,11.51,4790,0.75,4858,48,4,20.00,0.00,20.0,0.00,0.00,0.0,0.00,129000.00,60.1
679,0.00,208.00,208.0,29.45,22.00,1848.00,1870.0,74.22,2,11.51,4790,0.75,4867,48,4,24.00,0.00,24.0,0.00,0.00,0.0,0.00,138366.00,60.2
680,0.00,136.00,136.0,29.74,36.00,1779.00,1815.0,74.23,3,11.51,4790,0.75,4862,48,4,32.00,0.00,32.0,4.00,4.00,8.0,0.00,167800.00,65.4
681,0.00,516.00,516.0,53.38,26.00,2654.00,2680.0,74.27,19,11.23,4790,0.75,4837,48,4,26.00,0.00,26.0,0.00,0.00,0.0,0.00,175622.00,80.9
682,0.00,1828.00,1828.0,72.86,22.00,3355.00,3377.0,74.28,18,11.23,4790,0.75,4828,48,4,18.00,0.00,18.0,0.00,0.00,0.0,1.98,181025.74,81.3
683,0.00,35600.00,35600.0,72.17,6.00,3362.00,3368.0,74.29,3,11.23,4789,0.75,4846,49,5,8.00,2.00,10.0,1.00,1.00,2.0,1.00,182588.00,81.8
