0,308.00,36.00,344.0,3.78,0.00,0.00,0.0,99.27,16,2.6,4289,0.76,4056,50,4,0.99,1.98,2.9699999999999998,0.00,0.00,0.0,0.00,5446.00,35.4
1,0.00,540.00,540.0,1.89,0.00,0.00,0.0,99.27,13,2.6,4289,0.76,4056,50,4,0.00,0.00,0.0,0.00,0.00,0.0,0.00,5488.00,35.3
2,0.00,20.00,20.0,1.77,0.00,0.00,0.0,99.27,9,2.6,4289,0.76,4056,50,4,0.00,0.00,0.0,0.00,0.00,0.0,0.00,5141.00,35.1
3,0.00,0.00,0.0,2.04,0.00,0.00,0.0,99.27,9,2.6,4289,0.76,4056,50,4,0.00,0.00,0.0,0.00,0.00,0.0,0.00,5119.00,35.0
4,4.00,116.00,120.0,2.78,0.00,0.00,0.0,99.27,10,2.39,4289,0.76,4056,50,4,0.00,0.00,0.0,0.00,0.00,0.0,4.00,5894.00,34.9
5,0.00,76.00,76.0,2.29,0.00,0.00,0.0,99.27,33,2.39,4289,0.76,4056,50,4,0.00,0.00,0.0,0.00,0.00,0.0,0.00,5226.73,34.9
6,0.00,316.00,316.0,2.3,0.00,0.00,0.0,99.28,11,2.39,4289,0.76,4056,50,4,0.00,0.00,0.0,0.00,0.00,0.0,0.00,5564.00,34.8
7,0.00,504.00,504.0,1.66,0.00,0.00,0.0,99.28,15,2.39,4289,0.76,4056,50,4,0.00,0.00,0.0,0.00,0.00,0.0,0.00,5421.00,34.8
8,0.00,6172.00,6172.0,1.91,0.00,0.00,0.0,99.28,6,2.39,4289,0.76,4056,50,4,0.00,0.00,0.0,0.00,0.00,0.0,0.00,5638.00,35.0
9,1164.00,36.00,1200.0,4.57,0.00,5.00,5.0,99.28,3,2.2,4289,0.76,4058,50,4,0.00,0.00,0.0,0.00,0.00,0.0,1.00,6177.00,40.4
10,2880.00,2180.00,5060.0,21.43,0.00,0.00,0.0,99.24,4,2.2,4289,0.76,4058,50,4,0.00,0.00,0.0,0.00,0.00,0.0,0.00,7534.00,59.8
11,2020.00,516.00,2536.0,18.01,0.00,110.00,110.0,99.28,9,2.2,4299,0.76,4079,50,4,0.00,0.00,0.0,0.00,0.00,0.0,10.00,14862.00,59.6
12,996.00,2784.00,3780.0,37.09,0.00,0.00,0.0,99.3,11,2.2,4309,0.76,4120,50,4,0.00,0.00,0.0,0.00,0.00,0.0,10.00,16344.00,71.1
13,3620.00,1784.00,5404.0,36.11,1.00,1.00,2.0,99.3,9,2.2,4328,0.76,4158,50,4,0.00,0.00,0.0,0.00,0.00,0.0,19.00,19167.00,71.1
14,4420.00,124.00,4544.0,17.53,0.00,120.00,120.0,99.29,10,2.27,4339,0.76,4169,50,4,0.00,0.00,0.0,0.00,0.00,0.0,12.00,20338.00,54.3
15,1628.00,516.00,2144.0,48.84,0.00,247.52,247.52,99.28,10,2.27,4368,0.76,4210,50,4,0.00,0.00,0.0,0.00,0.00,0.0,29.00,48065.00,75.2
16,1876.00,4532.00,6408.0,45.33,5.05,194.95,200.0,99.3,5,2.27,4393,0.77,4251,50,4,0.00,0.00,0.0,4.00,4.00,8.0,25.00,27318.00,74.6
17,1324.00,548.00,1872.0,54.02,0.00,270.00,270.0,99.29,11,2.27,4413,0.77,4251,50,4,0.00,0.00,0.0,0.00,0.00,0.0,20.00,43856.00,75.0
18,2280.00,1348.00,3628.0,57.54,0.00,264.00,264.0,99.23,4,2.27,4413,0.77,4290,50,4,0.00,0.00,0.0,0.00,0.00,0.0,0.00,35444.00,68.8
19,2132.00,512.00,2644.0,51.76,0.99,353.47,354.46000000000004,99.27,36,3.85,4429,0.77,4305,50,4,0.00,0.00,0.0,0.00,0.00,0.0,17.00,36891.00,77.1
20,1724.00,5308.00,7032.0,59.52,2.00,502.00,504.0,99.28,30,3.85,4460,0.77,4335,50,4,2.00,1.00,3.0,0.00,0.00,0.0,31.00,38033.00,76.9
21,292.00,3308.00,3600.0,12.94,0.00,54.00,54.0,99.25,4,3.85,4460,0.78,4335,50,4,0.00,0.00,0.0,0.00,0.00,0.0,1.00,10443.00,44.8
22,0.00,1148.00,1148.0,2.26,0.00,0.00,0.0,99.26,8,3.85,4460,0.78,4335,50,4,0.00,0.00,0.0,0.00,0.00,0.0,0.00,5791.00,35.9
23,1064.00,732.00,1796.0,3.42,0.00,5.00,5.0,99.27,3,3.85,4460,0.78,4335,50,4,0.00,0.00,0.0,0.00,0.00,0.0,0.00,6521.00,36.2
24,2464.00,724.00,3188.0,18.53,0.00,8.00,8.0,99.29,11,3.86,4460,0.78,4313,50,4,0.00,0.00,0.0,0.00,0.00,0.0,1.00,8178.00,61.2
25,832.00,5576.00,6408.0,21.07,0.00,0.00,0.0,99.22,4,3.86,4460,0.78,4316,50,4,0.00,0.00,0.0,0.00,0.00,0.0,0.00,6853.00,60.9
26,1148.00,524.00,1672.0,7.53,0.00,0.00,0.0,99.24,6,3.86,4461,0.78,4318,50,4,0.00,0.00,0.0,0.00,0.00,0.0,1.00,8565.00,43.4
27,1048.00,904.00,1952.0,8.59,0.00,31.00,31.0,99.26,5,3.86,4461,0.78,4321,50,4,0.00,0.00,0.0,0.00,0.00,0.0,0.00,10827.00,43.5
28,1493.07,6704.95,8198.02,55.47,0.00,316.00,316.0,99.15,24,3.86,4473,0.79,4373,50,4,0.00,0.00,0.0,0.00,0.00,0.0,12.00,31076.00,83.2
29,884.85,1288.89,2173.7400000000002,70.91,0.00,548.00,548.0,99.18,9,4.75,4496,0.79,4406,50,4,0.00,0.00,0.0,0.00,0.00,0.0,25.00,48951.00,75.5
30,1588.00,292.00,1880.0,46.42,0.00,243.56,243.56,99.27,26,4.75,4517,0.79,4436,50,4,0.00,0.00,0.0,0.00,0.00,0.0,21.00,38034.00,70.1
31,1728.00,9524.00,11252.0,36.4,0.00,260.00,260.0,99.13,14,4.75,4528,0.80,4435,50,4,0.00,0.00,0.0,0.00,0.00,0.0,16.00,33849.00,69.4
32,1728.00,488.00,2216.0,18.05,0.00,0.00,0.0,99.23,8,4.75,4538,0.80,4476,50,4,0.00,0.00,0.0,0.00,0.00,0.0,10.00,23765.00,61.0
33,1456.00,180.00,1636.0,50.7,0.00,200.00,200.0,99.28,11,4.75,4566,0.80,4521,50,4,0.00,0.00,0.0,0.00,0.00,0.0,28.00,29842.00,61.6
34,1920.00,5080.00,7000.0,39.75,0.00,0.00,0.0,99.19,29,4.69,4586,0.81,4580,50,4,0.00,0.00,0.0,0.00,0.00,0.0,21.00,26068.00,72.7
35,256.00,616.00,872.0,90.66,0.00,0.00,0.0,99.26,33,4.69,4587,0.81,4576,50,4,0.00,0.00,0.0,0.00,0.00,0.0,1.00,69399.00,84.1
36,668.00,284.00,952.0,91.6,4.00,12.00,16.0,99.3,28,4.69,4587,0.81,4587,50,4,0.00,0.00,0.0,4.00,4.00,8.0,0.99,51772.28,84.1
37,572.00,7076.00,7648.0,81.34,0.00,325.00,325.0,99.3,13,4.69,4597,0.82,4558,50,4,0.00,0.00,0.0,0.00,0.00,0.0,10.00,52577.00,84.1
38,2192.00,3012.00,5204.0,52.98,0.00,80.00,80.0,99.3,13,4.69,4621,0.82,4627,50,4,0.00,0.00,0.0,0.00,0.00,0.0,24.00,33324.00,77.8
39,664.00,12.00,676.0,85.75,0.00,261.00,261.0,99.2,41,5.2,4639,0.82,4669,50,4,0.00,0.00,0.0,0.00,0.00,0.0,19.00,42101.00,84.4
40,2016.00,736.00,2752.0,70.01,0.00,489.00,489.0,99.2,10,5.2,4649,0.82,4633,50,4,0.00,0.00,0.0,0.00,0.00,0.0,11.00,41183.00,78.1
41,2068.00,324.00,2392.0,52.42,0.00,446.00,446.0,99.29,14,5.2,4660,0.82,4637,50,4,0.00,0.00,0.0,0.00,0.00,0.0,11.00,45246.00,77.6
42,2144.00,14836.00,16980.0,56.31,0.00,136.00,136.0,99.18,28,5.2,4688,0.85,4689,50,4,0.00,0.00,0.0,0.00,0.00,0.0,28.00,44958.00,77.8
43,508.00,12.00,520.0,87.42,2.00,843.00,845.0,99.23,11,5.2,4698,0.85,4706,50,4,0.00,0.00,0.0,0.00,0.00,0.0,11.00,39476.00,82.9
44,1824.00,4164.00,5988.0,62.59,0.00,601.00,601.0,99.3,34,5.18,4726,0.85,4749,50,4,0.00,0.00,0.0,0.00,0.00,0.0,31.00,41081.00,77.3
45,1348.00,8024.00,9372.0,20.25,0.00,0.00,0.0,99.18,17,5.18,4726,0.87,4749,50,4,0.00,0.00,0.0,0.00,0.00,0.0,0.00,19271.00,55.2
46,1672.00,500.00,2172.0,38.67,5.00,133.00,138.0,99.26,3,5.18,4746,0.87,4785,50,4,0.00,0.00,0.0,4.00,4.00,8.0,21.00,30594.00,64.7
47,12.00,1180.00,1192.0,2.53,0.00,0.00,0.0,99.26,4,5.18,4746,0.87,4785,50,4,0.00,0.00,0.0,0.00,0.00,0.0,0.00,5681.00,41.4
48,312.00,1168.00,1480.0,11.62,0.00,39.00,39.0,99.26,4,5.18,4746,0.87,4784,50,4,0.00,0.00,0.0,0.00,0.00,0.0,0.00,9664.00,48.4
49,1740.00,720.00,2460.0,28.57,1.00,29.00,30.0,99.3,7,5.17,4744,0.87,4772,50,4,0.00,0.00,0.0,0.00,0.00,0.0,1.00,10553.00,63.0
50,684.00,6468.00,7152.0,17.21,0.00,57.00,57.0,99.19,3,5.17,4746,0.87,4774,50,4,0.00,0.00,0.0,0.00,0.00,0.0,2.00,8916.00,54.6
51,1552.00,748.00,2300.0,4.82,1.00,1.00,2.0,99.22,4,5.17,4745,0.87,4766,50,4,0.00,0.00,0.0,0.00,0.00,0.0,0.00,7490.00,40.2
52,1828.00,600.00,2428.0,26.75,0.00,99.00,99.0,99.27,16,5.17,4744,0.87,4741,50,4,0.00,0.00,0.0,0.00,0.00,0.0,0.00,14963.00,64.8
53,372.00,9724.00,10096.0,85.38,1.00,758.00,759.0,99.18,25,5.17,4746,0.89,4774,50,4,0.00,0.00,0.0,0.00,0.00,0.0,2.00,45382.00,81.9
54,684.00,828.00,1512.0,89.95,0.00,1077.00,1077.0,99.25,34,6.99,4752,0.89,4821,50,4,0.00,0.00,0.0,0.00,0.00,0.0,7.00,61093.00,82.3
55,448.00,5248.00,5696.0,87.63,0.00,896.04,896.04,99.32,15,6.99,4778,0.89,4868,50,4,0.00,0.00,0.0,0.00,0.00,0.0,26.00,46846.00,82.7
56,36.00,9936.00,9972.0,13.26,0.00,2.00,2.0,99.17,4,6.99,4778,0.92,4868,50,4,0.00,0.00,0.0,0.00,0.00,0.0,1.00,6258.00,47.2
57,12.00,1168.00,1180.0,2.54,0.00,2.00,2.0,99.17,3,6.99,4778,0.92,4868,50,4,0.00,0.00,0.0,0.00,0.00,0.0,0.00,5598.00,36.4
58,816.00,856.00,1672.0,10.23,1.00,7.00,8.0,99.17,9,6.99,4776,0.92,4872,50,4,0.00,0.00,0.0,0.00,0.00,0.0,0.00,7878.00,50.7
59,1808.00,720.00,2528.0,34.13,0.00,46.00,46.0,99.22,14,7.16,4777,0.92,4878,50,4,0.00,0.00,0.0,0.00,0.00,0.0,2.00,10888.00,62.1
60,1244.00,784.00,2028.0,8.62,0.00,35.00,35.0,99.24,3,7.16,4777,0.92,4873,50,4,0.00,0.00,0.0,0.00,0.00,0.0,1.00,11824.00,46.4
61,2052.00,688.00,2740.0,7.17,0.00,53.00,53.0,99.27,1,7.16,4777,0.92,4869,50,4,0.00,0.00,0.0,0.00,0.00,0.0,0.00,9160.00,46.2
62,1772.00,2292.00,4064.0,39.25,0.00,180.00,180.0,99.27,20,7.16,4777,0.92,4882,50,4,0.00,0.00,0.0,0.00,0.00,0.0,0.00,29791.00,64.5
63,524.00,10332.00,10856.0,78.76,0.00,388.00,388.0,99.23,31,7.16,4779,0.94,4901,50,4,0.00,0.00,0.0,0.00,0.00,0.0,2.00,45249.00,83.1
64,1796.00,472.00,2268.0,75.16,2.00,536.00,538.0,99.29,3,8.42,4794,0.94,4936,51,5,0.00,2.00,2.0,1.00,1.00,2.0,19.00,44369.00,77.3
65,132.00,104.00,236.0,9.08,0.00,0.00,0.0,99.29,3,8.42,4793,0.94,4936,51,5,0.00,0.00,0.0,0.00,0.00,0.0,0.00,5354.00,47.0
66,44.00,44.00,88.0,1.92,4.00,12.00,16.0,99.29,3,8.42,4791,0.94,4936,51,5,0.00,0.00,0.0,4.00,4.00,8.0,0.00,5343.00,34.7
67,16.00,396.00,412.0,1.4,0.00,40.00,40.0,99.29,4,8.42,4791,0.94,4936,51,5,0.00,0.00,0.0,0.00,0.00,0.0,0.00,5173.00,34.8
68,124.00,620.00,744.0,1.53,0.00,44.00,44.0,99.3,3,8.42,4791,0.94,4954,51,4,0.00,0.00,0.0,0.00,0.00,0.0,0.00,5666.00,35.0
69,1708.00,280.00,1988.0,10.22,0.00,162.00,162.0,99.29,2,7.99,4791,0.94,4954,51,4,0.00,0.00,0.0,0.00,0.00,0.0,1.00,9646.00,46.6
70,624.00,10004.00,10628.0,13.02,20.00,359.00,379.0,99.23,7,7.99,4791,0.95,4939,51,4,14.00,0.00,14.0,0.00,0.00,0.0,0.00,11320.00,46.7
71,32.00,460.00,492.0,17.36,6.00,444.00,450.0,99.24,4,7.99,4791,0.95,4952,51,4,12.00,0.00,12.0,0.00,0.00,0.0,0.00,11922.00,46.9
72,688.00,344.00,1032.0,16.9,33.00,621.00,654.0,99.26,4,7.99,4791,0.95,4953,51,4,32.00,0.00,32.0,0.00,0.00,0.0,0.00,12378.00,47.3
73,12.00,0.00,12.0,18.26,38.00,600.00,638.0,99.28,3,7.99,4791,0.95,4953,51,4,38.00,0.00,38.0,0.00,0.00,0.0,0.00,11159.00,47.2
74,520.00,13348.00,13868.0,56.89,34.00,1483.00,1517.0,99.19,18,7.75,4793,0.98,4961,51,4,34.00,1.00,35.0,0.00,0.00,0.0,4.00,59607.00,77.9
75,388.00,136.00,524.0,78.1,1.00,1467.00,1468.0,99.24,27,7.75,4784,0.98,5016,51,4,0.00,0.00,0.0,0.00,0.00,0.0,2.00,79518.00,84.0
76,380.00,10900.00,11280.0,44.92,4.00,885.00,889.0,99.22,2,7.75,4814,0.99,5049,51,4,0.00,0.00,0.0,4.00,4.00,8.0,29.00,42728.00,63.2
77,80.00,1264.00,1344.0,1.77,0.00,0.00,0.0,99.23,3,7.75,4814,0.99,5049,51,4,0.00,0.00,0.0,0.00,0.00,0.0,0.00,5619.00,40.2
78,208.00,1028.00,1236.0,3.16,1.00,13.00,14.0,99.22,2,7.75,4814,0.99,5049,51,4,0.00,0.00,0.0,0.00,0.00,0.0,0.00,6658.00,39.9
79,2180.00,568.00,2748.0,8.93,0.00,18.00,18.0,99.26,1,7.29,4809,0.99,5051,51,4,0.00,0.00,0.0,0.00,0.00,0.0,1.00,9721.00,46.3
80,2412.00,528.00,2940.0,7.71,0.00,64.00,64.0,99.27,3,7.29,4803,0.99,5034,51,4,0.00,0.00,0.0,0.00,0.00,0.0,0.00,8861.00,46.1
81,1468.00,944.00,2412.0,7.67,1.00,10.00,11.0,99.29,3,7.29,4804,0.99,5039,50,5,0.00,0.00,0.0,1.00,0.00,1.0,1.00,9006.00,45.8
82,580.00,2200.00,2780.0,9.33,0.00,2.00,2.0,99.3,3,7.29,4804,0.99,5040,50,5,0.00,0.00,0.0,0.00,0.00,0.0,0.00,7104.00,46.4
83,1292.00,8476.00,9768.0,4.3,0.00,10.00,10.0,99.23,3,7.29,4803,1.00,5040,50,5,0.00,0.00,0.0,0.00,0.00,0.0,0.00,6818.00,45.8
84,1740.00,844.00,2584.0,71.07,0.00,562.00,562.0,99.28,39,7.19,4802,1.00,5051,50,5,0.00,0.00,0.0,0.00,0.00,0.0,1.00,43734.00,77.9
85,1384.00,6748.00,8132.0,86.23,0.00,488.00,488.0,99.23,45,7.19,4807,1.01,5114,50,5,0.00,0.00,0.0,0.00,0.00,0.0,5.00,53573.00,84.4
86,452.00,52.00,504.0,91.85,2.00,699.00,701.0,99.3,23,7.19,4814,1.01,5101,50,5,0.00,1.00,1.0,1.00,0.00,1.0,8.00,49264.00,84.4
87,1188.00,3832.00,5020.0,75.84,0.00,485.00,485.0,99.25,11,7.19,4829,1.02,5130,50,5,0.00,0.00,0.0,0.00,0.00,0.0,15.00,40245.00,84.2
88,3092.00,8576.00,11668.0,69.41,0.00,0.00,0.0,99.25,10,7.19,4840,1.05,5211,50,5,0.00,0.00,0.0,0.00,0.00,0.0,13.00,24978.00,84.2
89,1428.00,2140.00,3568.0,75.28,0.00,2.00,2.0,99.28,30,7.01,4862,1.05,5243,50,5,0.00,0.00,0.0,0.00,0.00,0.0,24.00,56268.00,84.3
90,900.00,13176.00,14076.0,80.48,0.00,0.00,0.0,99.25,34,7.01,4867,1.07,5202,50,5,0.00,0.00,0.0,0.00,0.00,0.0,5.00,85789.00,84.3
91,1052.00,8816.00,9868.0,89.35,0.00,182.00,182.0,99.19,10,7.01,4865,1.09,5193,51,4,0.00,1.00,1.0,0.00,0.00,0.0,0.00,58137.00,84.6
92,272.00,684.00,956.0,84.84,0.00,331.00,331.0,99.25,42,7.01,4865,1.09,5241,51,4,0.00,0.00,0.0,0.00,0.00,0.0,0.00,100192.00,84.5
93,764.00,0.00,764.0,90.02,0.00,91.00,91.0,99.28,22,7.01,4870,1.09,5201,51,4,0.00,0.00,0.0,0.00,0.00,0.0,5.00,80675.00,84.5
94,668.00,11028.00,11696.0,69.58,2.00,890.00,892.0,99.22,3,8.29,4879,1.09,5164,51,4,0.00,0.00,0.0,0.00,0.00,0.0,11.00,41474.00,84.0
95,1908.00,724.00,2632.0,29.64,0.00,0.00,0.0,99.26,14,8.29,4879,1.09,5164,50,5,0.00,0.00,0.0,1.00,0.00,1.0,0.00,21468.00,65.3
96,516.00,10232.00,10748.0,73.03,4.00,1174.00,1178.0,99.28,18,8.29,4899,1.11,5181,50,5,0.00,0.00,0.0,4.00,4.00,8.0,21.00,62837.00,82.6
97,948.00,300.00,1248.0,76.69,0.00,1191.00,1191.0,99.27,13,8.29,4892,1.11,5184,50,5,0.00,0.00,0.0,0.00,0.00,0.0,9.00,60478.00,82.7
98,316.00,92.00,408.0,88.33,2.00,1125.00,1127.0,99.3,28,8.29,4894,1.11,5226,50,8,0.00,0.00,0.0,4.00,2.00,6.0,2.00,72086.00,83.1
99,236.00,11376.00,11612.0,81.08,0.00,346.53,346.53,99.16,29,10.51,4894,1.14,5183,50,8,0.00,0.00,0.0,0.00,0.00,0.0,2.00,95857.00,83.1
100,2484.00,24.00,2508.0,71.72,0.00,476.00,476.0,99.24,29,10.51,4881,1.14,5219,51,7,0.00,1.00,1.0,0.00,0.00,0.0,10.00,58217.00,82.7
101,188.00,452.00,640.0,85.0,1.00,1.00,2.0,99.23,50,10.51,4883,1.14,5243,51,7,0.00,0.00,0.0,0.00,0.00,0.0,2.00,124819.00,82.8
102,132.00,384.00,516.0,86.11,0.00,18.00,18.0,99.26,46,10.51,4883,1.14,5230,51,7,0.00,0.00,0.0,0.00,0.00,0.0,0.00,130102.00,83.0
103,256.00,0.00,256.0,87.62,6.00,80.00,86.0,99.29,31,10.51,4878,1.14,5259,51,4,0.00,3.00,3.0,2.00,2.00,4.0,2.00,106597.00,83.0
104,48.00,25792.00,25840.0,78.47,2.00,112.00,114.0,99.23,31,12.79,4880,1.15,5269,52,4,0.00,2.00,2.0,0.00,0.00,0.0,3.00,104140.00,83.0
105,280.00,140.00,420.0,84.66,0.00,123.00,123.0,99.27,44,12.79,4882,1.15,5250,52,4,0.00,0.00,0.0,0.00,0.00,0.0,2.00,121066.00,83.0
106,348.00,656.00,1004.0,86.12,4.00,567.00,571.0,99.29,27,12.79,4881,1.15,5152,52,4,0.00,0.00,0.0,4.00,4.00,8.0,0.00,96320.00,83.1
107,244.00,21252.00,21496.0,82.96,3.00,823.00,826.0,99.19,8,12.79,4882,1.18,5172,52,4,0.00,2.00,2.0,0.00,0.00,0.0,1.00,75955.00,83.3
108,64.00,708.00,772.0,89.11,0.00,360.00,360.0,99.2,44,12.79,4887,1.18,5191,52,4,0.00,0.00,0.0,0.00,0.00,0.0,5.00,93113.00,83.5
109,68.00,24.00,92.0,92.75,0.00,513.00,513.0,99.23,26,13.61,4896,1.18,5194,52,4,0.00,0.00,0.0,0.00,0.00,0.0,11.00,53441.00,83.9
110,80.00,40.00,120.0,92.53,5.00,634.00,639.0,99.26,35,13.61,4897,1.18,5198,53,4,2.00,7.00,9.0,0.00,0.00,0.0,1.00,56163.00,84.0
111,144.00,1568.00,1712.0,90.62,5.00,1111.00,1116.0,99.29,42,13.61,4898,1.18,5211,52,4,4.00,3.00,7.0,0.00,0.00,0.0,2.00,76020.00,84.3
112,124.00,17804.00,17928.0,83.0,1.00,701.00,702.0,99.25,52,13.61,4900,1.19,5211,52,4,0.00,1.00,1.0,0.00,0.00,0.0,14.00,70554.00,84.2
113,1872.00,12.00,1884.0,87.02,2.00,699.00,701.0,99.3,55,13.61,4901,1.19,5210,51,4,0.00,0.00,0.0,0.00,0.00,0.0,1.00,86459.00,84.2
114,732.00,12760.00,13492.0,82.62,0.00,767.00,767.0,99.2,66,17.33,4890,1.23,5185,51,4,0.00,0.00,0.0,0.00,0.00,0.0,2.00,84478.00,84.2
115,216.00,372.00,588.0,89.36,1.00,834.00,835.0,99.23,70,17.33,4892,1.23,5192,51,4,1.00,1.00,2.0,0.00,0.00,0.0,2.00,72675.00,84.3
116,44.00,524.00,568.0,91.39,0.00,797.00,797.0,99.27,78,17.33,4892,1.23,5193,51,4,0.00,0.00,0.0,0.00,0.00,0.0,2.00,68557.00,84.5
117,76.00,700.00,776.0,89.88,3.00,691.00,694.0,99.3,85,17.33,4892,1.23,5186,51,4,0.00,3.00,3.0,0.00,0.00,0.0,1.00,67656.00,84.4
118,192.00,28140.00,28332.0,87.25,1.00,653.00,654.0,99.22,67,17.33,4891,1.27,5155,52,4,0.00,2.00,2.0,0.00,0.00,0.0,1.00,47704.00,84.4
119,100.00,748.00,848.0,92.25,1.00,892.00,893.0,99.26,74,21.38,4891,1.27,5156,52,4,0.00,1.00,1.0,0.00,0.00,0.0,1.00,60567.00,84.3
120,96.00,728.00,824.0,91.24,2.00,1155.00,1157.0,99.26,65,21.38,4891,1.27,5160,51,4,0.00,0.00,0.0,0.00,0.00,0.0,0.00,62300.00,84.2
121,20.00,584.00,604.0,91.01,1.00,1062.00,1063.0,99.29,47,21.38,4889,1.27,5147,51,5,0.00,0.00,0.0,1.00,1.00,2.0,1.00,61638.00,84.3
122,148.00,17640.00,17788.0,86.86,0.00,906.00,906.0,99.2,38,21.38,4889,1.29,5159,51,5,0.00,0.00,0.0,0.00,0.00,0.0,1.00,50515.00,84.5
123,200.00,412.00,612.0,91.77,1.00,854.00,855.0,99.24,30,21.38,4894,1.29,5175,51,5,1.00,1.00,2.0,0.00,0.00,0.0,5.00,58335.00,84.6
124,3956.00,376.00,4332.0,70.21,0.00,378.00,378.0,99.25,2,20.87,4893,1.29,5185,51,5,0.00,0.00,0.0,0.00,0.00,0.0,3.00,25151.00,75.9
125,352.00,148.00,500.0,11.79,3.00,267.00,270.0,99.26,2,20.87,4892,1.29,5195,51,4,0.00,3.00,3.0,0.00,0.00,0.0,0.00,5981.00,49.8
126,132.00,60.00,192.0,14.81,7.00,550.00,557.0,99.25,0,20.87,4892,1.29,5176,52,4,1.00,4.00,5.0,4.00,4.00,8.0,0.00,14540.00,49.8
127,0.00,60.00,60.0,6.05,10.00,451.00,461.0,99.24,4,20.87,4891,1.29,5166,52,4,8.00,2.00,10.0,0.00,0.00,0.0,0.00,8043.00,38.5
128,128.00,916.00,1044.0,7.13,5.00,463.00,468.0,99.24,5,20.87,4890,1.29,5164,52,4,4.00,1.00,5.0,0.00,0.00,0.0,0.00,10192.00,38.8
129,36.00,428.00,464.0,14.39,15.00,700.00,715.0,99.26,3,19.36,4890,1.29,5161,51,4,12.00,0.00,12.0,0.00,0.00,0.0,2.00,18898.00,48.6
130,176.00,32.00,208.0,71.36,25.00,1751.00,1776.0,99.29,27,19.36,4891,1.29,5146,52,4,24.00,3.00,27.0,0.00,0.00,0.0,1.98,70029.70,77.0
131,48.00,16336.00,16384.0,82.15,2.00,1287.00,1289.0,99.26,50,19.36,4896,1.30,5170,52,4,0.00,2.00,2.0,0.00,0.00,0.0,7.00,84252.00,84.0
132,252.00,1320.00,1572.0,90.36,2.00,923.00,925.0,99.29,66,19.36,4895,1.30,5154,52,4,0.00,2.00,2.0,0.00,0.00,0.0,0.00,73473.00,84.2
133,1936.00,5080.00,7016.0,82.35,2.00,753.00,755.0,99.26,51,19.36,4895,1.31,5170,52,4,0.00,1.00,1.0,0.00,0.00,0.0,0.00,90953.00,84.1
134,68.00,124.00,192.0,87.0,1.00,1021.00,1022.0,99.3,65,21.65,4895,1.31,5159,51,4,0.00,0.00,0.0,0.00,0.00,0.0,1.00,81855.00,84.2
135,3540.00,11976.00,15516.0,84.36,2.00,930.00,932.0,99.24,64,21.65,4894,1.35,5186,52,4,0.00,3.00,3.0,0.00,0.00,0.0,0.00,93054.00,84.2
136,2228.00,516.00,2744.0,89.5,1.00,903.00,904.0,99.28,62,21.65,4894,1.35,5204,52,4,0.00,0.00,0.0,0.00,0.00,0.0,5.00,89144.00,84.2
137,1520.00,552.00,2072.0,87.62,0.00,590.00,590.0,99.3,62,21.65,4895,1.35,5232,52,4,0.00,0.00,0.0,0.00,0.00,0.0,1.00,96249.00,84.2
138,968.00,19836.00,20804.0,85.52,2.00,723.00,725.0,99.27,52,21.65,4896,1.35,5249,52,4,0.00,2.00,2.0,0.00,0.00,0.0,1.00,82447.00,84.3
139,2028.00,1372.00,3400.0,87.48,2.00,488.00,490.0,99.3,46,23.76,4895,1.35,5242,52,5,0.00,1.00,1.0,1.00,1.00,2.0,1.00,107375.00,84.4
140,24.00,19924.00,19948.0,78.0,1.00,489.00,490.0,99.2,55,23.76,4895,1.39,5255,51,5,0.00,0.00,0.0,0.00,0.00,0.0,0.00,99815.00,84.3
141,8.00,84.00,92.0,84.82,0.00,540.00,540.0,99.23,40,23.76,4895,1.39,5238,51,5,0.00,0.00,0.0,0.00,0.00,0.0,1.00,108553.00,84.3
142,116.00,812.00,928.0,86.25,0.00,771.00,771.0,99.24,58,23.76,4895,1.39,5242,51,5,0.00,0.00,0.0,0.00,0.00,0.0,0.00,113771.29,84.3
143,300.99,657.43,958.42,86.88,0.00,630.00,630.0,99.27,53,23.76,4896,1.39,5260,51,4,0.00,0.00,0.0,0.00,0.00,0.0,1.00,112413.00,84.3
144,328.00,436.00,764.0,86.91,1.00,522.00,523.0,99.29,52,26.43,4897,1.39,5257,51,5,0.00,0.00,0.0,1.00,1.00,2.0,3.00,116626.00,84.2
145,92.00,172.00,264.0,87.36,0.00,572.00,572.0,99.3,59,26.43,4900,1.39,5247,51,5,0.00,0.00,0.0,0.00,0.00,0.0,3.00,95487.00,84.2
146,0.00,40656.00,40656.0,80.9,5.94,316.83,322.77,99.29,57,26.43,4899,1.44,5254,51,5,0.00,2.00,2.0,4.00,4.00,8.0,5.00,97353.00,84.2
147,4.00,788.00,792.0,77.82,0.00,389.00,389.0,99.24,53,26.43,4901,1.44,5248,51,5,0.00,0.00,0.0,0.00,0.00,0.0,8.00,99402.00,84.0
148,92.00,1044.00,1136.0,88.39,0.00,657.00,657.0,99.26,58,26.43,4901,1.44,5247,51,4,0.00,0.00,0.0,0.00,0.00,0.0,1.00,99305.00,83.9
149,56.00,264.00,320.0,88.61,2.00,654.00,656.0,99.28,68,29.35,4902,1.44,5256,51,4,0.00,2.00,2.0,0.00,0.00,0.0,2.00,91838.00,83.9
150,32.00,492.00,524.0,89.88,0.00,619.00,619.0,99.3,58,29.35,4901,1.44,5268,51,4,0.00,0.00,0.0,0.00,0.00,0.0,0.00,85927.00,83.9
151,52.00,25580.00,25632.0,82.0,0.00,449.00,449.0,99.23,62,29.35,4900,1.47,5263,51,4,0.00,0.00,0.0,0.00,0.00,0.0,2.00,64347.00,83.9
152,484.00,9156.00,9640.0,92.88,2.00,377.00,379.0,99.25,56,29.35,4900,1.49,5263,51,4,2.00,0.00,2.0,0.00,0.00,0.0,0.00,49193.00,84.2
153,1096.00,1860.00,2956.0,87.86,2.00,663.00,665.0,99.26,62,29.35,4901,1.49,5250,51,4,2.00,0.00,2.0,0.00,0.00,0.0,1.00,78981.00,84.2
154,160.00,1528.00,1688.0,87.91,2.00,851.00,853.0,99.28,63,31.65,4901,1.49,5230,51,4,2.00,0.00,2.0,0.00,0.00,0.0,1.00,95155.00,84.2
155,2760.00,12520.00,15280.0,85.23,4.00,789.00,793.0,99.3,33,31.65,4902,1.49,5216,51,4,4.00,0.00,4.0,0.00,0.00,0.0,1.00,66983.00,84.2
156,136.00,10188.00,10324.0,89.26,8.00,668.00,676.0,99.22,58,31.65,4904,1.52,5225,51,5,2.00,1.00,3.0,5.00,5.00,10.0,4.00,60716.00,84.3
157,100.00,1172.00,1272.0,90.75,0.00,929.00,929.0,99.16,72,31.65,4906,1.52,5227,51,5,0.00,0.00,0.0,0.00,0.00,0.0,1.98,80265.35,84.2
158,28.00,164.00,192.0,89.36,0.00,978.00,978.0,99.19,74,31.65,4905,1.52,5222,51,5,0.00,0.00,0.0,0.00,0.00,0.0,1.00,87191.00,84.1
159,148.00,704.00,852.0,89.86,1.00,1100.00,1101.0,99.23,64,34.88,4906,1.52,5215,52,5,0.00,2.00,2.0,0.00,0.00,0.0,2.00,82669.00,84.0
160,92.00,544.00,636.0,91.26,3.00,1115.00,1118.0,99.28,65,34.88,4906,1.52,5216,52,4,0.00,2.00,2.0,0.00,0.00,0.0,1.00,69624.00,84.0
161,28.00,15572.00,15600.0,85.2,6.00,1106.00,1112.0,99.3,67,34.88,4904,1.52,5216,52,4,6.00,0.00,6.0,0.00,0.00,0.0,1.00,75764.00,83.9
162,56.00,17672.00,17728.0,85.36,4.00,907.00,911.0,99.24,39,34.88,4903,1.56,5217,52,4,4.00,0.00,4.0,0.00,0.00,0.0,7.00,72069.00,90.8
163,120.00,640.00,760.0,89.76,9.00,1117.00,1126.0,99.22,58,34.88,4903,1.56,5216,52,4,6.00,1.00,7.0,0.00,0.00,0.0,1.00,86694.00,90.2
164,76.00,1244.00,1320.0,91.38,10.00,1166.00,1176.0,99.23,40,36.09,4905,1.56,5204,52,4,10.00,0.00,10.0,0.00,0.00,0.0,4.00,71904.00,89.8
165,168.00,404.00,572.0,90.24,10.00,1183.00,1193.0,99.26,34,36.09,4906,1.56,5227,52,4,10.00,0.00,10.0,0.00,0.00,0.0,2.00,77222.00,89.3
166,36.00,112.00,148.0,92.25,17.00,1279.00,1296.0,99.27,29,36.09,4905,1.56,5222,52,4,12.00,0.00,12.0,4.00,4.00,8.0,0.00,67789.00,89.0
167,8.00,468.00,476.0,87.86,24.00,1123.00,1147.0,99.27,36,36.09,4905,1.56,5236,52,4,22.00,0.00,22.0,0.00,0.00,0.0,3.00,88662.00,88.8
168,100.00,728.00,828.0,88.51,18.00,1380.00,1398.0,99.29,42,36.09,4905,1.56,5218,52,4,20.00,0.00,20.0,0.00,0.00,0.0,1.00,97934.00,88.5
169,24.00,22620.00,22644.0,85.5,16.00,1189.00,1205.0,99.28,47,36.24,4904,1.56,5209,52,4,16.00,0.00,16.0,0.00,0.00,0.0,0.00,89805.00,88.3
170,688.00,648.00,1336.0,86.97,21.00,1027.00,1048.0,99.27,41,36.24,4902,1.56,5227,51,4,18.00,1.00,19.0,1.00,0.00,1.0,5.00,94551.00,88.0
171,68.00,1568.00,1636.0,85.5,12.00,1311.00,1323.0,99.28,59,36.24,4901,1.56,5212,51,4,10.00,2.00,12.0,0.00,0.00,0.0,1.00,110677.00,81.1
172,144.00,11700.00,11844.0,82.2,6.00,1135.00,1141.0,99.32,32,36.24,4901,1.56,5210,51,4,4.00,2.00,6.0,0.00,0.00,0.0,4.00,103476.00,81.4
173,1524.00,12876.00,14400.0,78.9,5.00,1007.00,1012.0,99.28,52,36.24,4902,1.60,5241,51,4,2.00,1.00,3.0,0.00,0.00,0.0,2.00,120578.00,81.6
174,856.00,3992.00,4848.0,77.19,4.00,905.00,909.0,99.26,50,37.27,4901,1.61,5248,51,4,2.00,2.00,4.0,0.00,0.00,0.0,1.98,111454.46,81.8
175,220.00,9472.00,9692.0,90.42,2.00,670.00,672.0,99.25,58,37.27,4903,1.64,5261,51,4,0.00,2.00,2.0,0.00,0.00,0.0,7.00,84676.00,82.3
176,420.00,80.00,500.0,87.36,4.00,655.00,659.0,99.27,44,37.27,4903,1.64,5253,51,4,0.00,0.00,0.0,4.00,4.00,8.0,1.00,111624.00,82.5
177,188.00,900.00,1088.0,81.98,0.00,752.48,752.48,99.27,41,37.27,4904,1.63,5254,51,4,0.00,0.00,0.0,0.00,0.00,0.0,3.00,145752.00,82.7
178,28.00,384.00,412.0,84.05,4.00,1416.00,1420.0,99.24,49,37.27,4904,1.63,5232,51,4,2.00,2.00,4.0,0.00,0.00,0.0,1.00,143957.00,82.8
179,28.00,268.00,296.0,83.25,4.00,1311.00,1315.0,99.26,32,38.37,4904,1.63,5238,50,4,2.00,1.00,3.0,0.00,0.00,0.0,1.00,134383.00,82.9
180,380.00,72.00,452.0,85.11,2.00,744.00,746.0,99.28,48,38.37,4904,1.63,5242,50,4,2.00,0.00,2.0,0.00,0.00,0.0,2.00,125668.00,83.0
181,12.00,108.00,120.0,82.88,2.00,1010.00,1012.0,99.31,58,38.37,4905,1.63,5241,50,4,2.00,0.00,2.0,0.00,0.00,0.0,8.00,121116.00,83.0
182,84.00,44016.00,44100.0,82.17,0.00,782.18,782.18,99.27,59,38.37,4906,1.65,5249,50,4,0.00,0.00,0.0,0.00,0.00,0.0,10.00,94155.00,83.1
183,40.00,8224.00,8264.0,85.62,0.00,865.00,865.0,99.3,42,38.37,4906,1.65,5266,50,4,0.00,0.00,0.0,0.00,0.00,0.0,2.00,107887.00,83.3
184,96.00,20980.00,21076.0,82.75,0.00,516.00,516.0,99.24,10,38.82,4907,1.71,5246,50,4,0.00,0.00,0.0,0.00,0.00,0.0,3.00,83601.00,83.4
185,2072.00,592.00,2664.0,85.62,0.00,1027.00,1027.0,99.27,46,38.82,4905,1.71,5255,50,4,0.00,0.00,0.0,0.00,0.00,0.0,4.00,121138.00,83.6
186,84.00,544.00,628.0,87.22,0.00,997.00,997.0,99.28,43,38.82,4906,1.71,5257,50,4,0.00,0.00,0.0,0.00,0.00,0.0,2.00,114181.00,83.6
187,212.00,15416.00,15628.0,81.88,4.00,1169.00,1173.0,99.3,38,38.82,4904,1.71,5220,50,4,0.00,0.00,0.0,4.00,4.00,8.0,2.00,110669.00,83.6
188,236.00,9200.00,9436.0,79.25,4.00,1097.00,1101.0,99.36,41,38.82,4905,1.71,5225,50,4,4.00,0.00,4.0,0.00,0.00,0.0,1.00,111218.00,83.7
189,355.12,24905.37,25260.489999999998,81.15,8.63,1274.11,1282.74,99.24,48,38.91,4908,1.86,5220,50,4,7.88,0.00,7.88,0.00,0.00,0.0,6.53,73386.43,83.7
190,4280.00,1028.00,5308.0,86.09,3.88,973.79,977.67,99.29,20,38.91,4908,1.86,5224,50,5,4.00,0.00,4.0,0.00,0.00,0.0,1.98,94038.61,83.9
191,1856.00,13280.00,15136.0,36.01,4.00,390.00,394.0,99.21,46,38.91,4906,1.87,5226,51,5,0.00,3.00,3.0,1.00,1.00,2.0,0.00,31228.00,84.1
192,200.00,4800.00,5000.0,86.73,1.00,1298.00,1299.0,99.21,46,38.91,4907,1.87,5204,51,5,0.00,1.00,1.0,0.00,0.00,0.0,2.00,116741.00,62.2
193,480.00,1764.00,2244.0,87.12,0.00,1468.32,1468.32,99.16,52,40.28,4906,1.87,5213,51,5,0.00,0.00,0.0,0.00,0.00,0.0,1.00,112958.00,85.0
194,52.00,812.00,864.0,86.77,2.00,1229.00,1231.0,99.19,34,40.28,4906,1.87,5219,51,6,0.00,0.00,0.0,1.00,1.00,2.0,1.00,102330.00,84.9
195,954.46,384.16,1338.6200000000001,87.86,3.00,1000.00,1003.0,99.2,24,40.28,4905,1.87,5228,51,5,0.00,3.00,3.0,0.00,0.00,0.0,1.00,107953.00,84.7
196,12.00,500.00,512.0,86.16,22.00,1305.00,1327.0,99.26,16,40.28,4906,1.87,5215,51,5,18.00,0.00,18.0,4.00,4.00,8.0,2.00,108902.00,84.6
197,852.00,168.00,1020.0,82.22,22.00,1626.00,1648.0,99.28,25,40.28,4907,1.87,5218,51,5,22.00,0.00,22.0,0.00,0.00,0.0,5.00,114441.00,84.6
198,570.30,95.05,665.3499999999999,85.91,20.00,1645.00,1665.0,99.24,25,39.54,4908,1.87,5206,51,4,20.00,0.00,20.0,0.00,0.00,0.0,2.00,110927.00,84.5
199,68.00,452.00,520.0,85.91,16.00,1549.00,1565.0,99.25,32,39.54,4909,1.87,5202,51,4,16.00,0.00,16.0,0.00,0.00,0.0,2.00,111709.00,84.5
200,68.00,228.00,296.0,85.12,10.00,1565.00,1575.0,99.27,47,39.54,4909,1.87,5192,51,4,8.00,0.00,8.0,0.00,0.00,0.0,0.00,126372.00,84.5
201,36.00,41176.00,41212.0,83.19,4.00,1732.00,1736.0,99.27,36,39.54,4908,1.87,5213,51,4,6.00,0.00,6.0,0.00,0.00,0.0,0.00,124618.00,84.4
202,132.00,1900.00,2032.0,82.26,8.00,1325.00,1333.0,99.3,29,39.54,4907,1.87,5221,51,4,7.92,0.00,7.92,0.00,0.00,0.0,0.00,130832.00,84.4
203,424.00,10812.00,11236.0,77.57,8.00,840.00,848.0,99.27,38,39.09,4907,1.87,5245,51,4,8.00,0.00,8.0,0.00,0.00,0.0,0.00,117045.54,84.4
204,4232.00,1992.00,6224.0,79.62,6.00,1806.00,1812.0,99.31,32,39.09,4907,1.88,5196,51,4,6.00,0.00,6.0,0.00,0.00,0.0,3.00,111478.00,84.3
205,128.00,5332.00,5460.0,81.02,7.00,1971.00,1978.0,99.27,32,39.09,4905,1.89,5215,51,4,2.00,4.00,6.0,0.00,0.00,0.0,0.00,138898.00,84.3
206,1028.00,152.00,1180.0,84.98,0.00,1429.00,1429.0,99.28,48,39.09,4906,1.89,5213,51,4,2.00,0.00,2.0,0.00,0.00,0.0,1.00,133168.00,84.2
207,4.00,6216.00,6220.0,74.59,4.00,892.00,896.0,99.26,41,39.09,4905,1.91,5245,51,4,4.00,0.00,4.0,0.00,0.00,0.0,1.00,154239.00,84.3
208,48.00,35872.00,35920.0,75.34,4.00,778.00,782.0,99.27,37,38.44,4904,1.93,5237,51,4,2.00,0.00,2.0,0.00,0.00,0.0,6.00,111247.00,84.1
209,928.00,12816.00,13744.0,81.68,3.96,814.85,818.8100000000001,99.27,42,38.44,4905,1.97,5244,51,4,6.00,0.00,6.0,0.00,0.00,0.0,2.00,153173.00,83.9
210,148.00,96.00,244.0,80.27,6.00,1055.00,1061.0,99.26,40,38.44,4905,1.97,5241,51,4,6.00,0.00,6.0,0.00,0.00,0.0,0.00,156584.00,83.9
211,32.00,884.00,916.0,82.33,6.00,1313.00,1319.0,99.28,35,38.44,4905,1.97,5233,51,4,6.00,0.00,6.0,0.00,0.00,0.0,1.00,145469.00,83.8
212,144.00,1204.00,1348.0,83.52,5.00,1025.00,1030.0,99.29,11,38.44,4907,1.97,5226,51,4,2.00,3.00,5.0,0.00,0.00,0.0,3.00,131415.00,83.8
213,128.00,27828.00,27956.0,77.85,2.00,1443.00,1445.0,99.24,29,38.25,4908,1.97,5201,51,4,0.00,2.00,2.0,0.00,0.00,0.0,6.00,132352.00,83.9
214,140.00,1612.00,1752.0,82.83,1.00,1668.00,1669.0,99.25,40,38.25,4909,1.97,5213,51,4,0.00,1.00,1.0,0.00,0.00,0.0,3.00,140207.00,83.9
215,648.00,1744.00,2392.0,83.48,6.00,1710.00,1716.0,99.28,54,38.25,4910,1.97,5191,51,4,5.00,2.00,7.0,0.00,0.00,0.0,2.00,127338.00,84.0
216,192.00,1224.00,1416.0,83.75,9.00,1639.00,1648.0,99.29,62,38.25,4908,1.97,5199,51,4,4.00,1.00,5.0,4.00,4.00,8.0,1.00,119871.00,84.1
217,652.00,23140.00,23792.0,81.25,7.00,1400.00,1407.0,99.27,18,38.25,4909,1.98,5195,51,4,6.00,1.00,7.0,0.00,0.00,0.0,8.00,105596.00,84.1
218,448.00,9068.00,9516.0,82.57,7.00,1708.00,1715.0,99.3,32,38.31,4907,1.98,5193,51,4,6.00,0.00,6.0,0.00,0.00,0.0,0.00,118812.00,84.1
219,96.00,8124.00,8220.0,83.12,8.00,1562.00,1570.0,99.26,43,38.31,4908,2.00,5203,51,4,8.00,0.00,8.0,0.00,0.00,0.0,3.00,111991.00,84.1
220,24.00,388.00,412.0,85.5,11.00,1485.00,1496.0,99.28,23,38.31,4909,2.00,5201,51,4,10.00,1.00,11.0,0.00,0.00,0.0,1.00,116717.00,84.1
221,0.00,14436.00,14436.0,84.69,25.00,1330.00,1355.0,99.35,31,38.31,4909,2.00,5180,51,4,22.00,2.00,24.0,0.00,0.00,0.0,0.00,107005.00,84.2
222,116.00,15900.00,16016.0,69.29,16.00,954.00,970.0,99.28,27,38.31,4906,2.04,5179,50,4,14.00,1.00,15.0,0.00,0.00,0.0,3.00,45279.00,84.3
223,172.00,1288.00,1460.0,78.35,10.00,1553.00,1563.0,99.3,24,36.68,4908,2.04,5196,50,4,10.00,0.00,10.0,0.00,0.00,0.0,2.00,133631.00,83.7
224,200.00,12340.00,12540.0,78.6,19.00,1749.00,1768.0,99.26,33,36.68,4908,2.05,5185,50,4,16.00,0.00,16.0,0.00,0.00,0.0,3.00,132934.00,83.7
225,36.00,464.00,500.0,82.98,16.00,1782.00,1798.0,99.28,45,36.68,4907,2.05,5194,51,5,16.00,2.00,18.0,1.00,1.00,2.0,1.00,145696.00,83.7
226,448.00,364.00,812.0,83.27,8.00,1722.00,1730.0,99.24,42,36.68,4907,2.05,5185,51,5,2.00,2.00,4.0,4.00,4.00,8.0,0.00,136997.00,83.8
227,20.00,900.00,920.0,82.02,1.00,1617.00,1618.0,99.23,35,36.68,4910,2.05,5186,51,5,0.00,0.00,0.0,0.00,0.00,0.0,4.00,153037.00,83.8
228,91.09,91.09,182.18,81.48,0.00,1547.00,1547.0,99.25,23,36.39,4911,2.05,5197,51,5,0.00,0.00,0.0,0.00,0.00,0.0,1.00,153137.00,83.8
229,16.00,640.00,656.0,80.08,3.00,1643.00,1646.0,99.3,31,36.39,4910,2.05,5219,51,4,0.00,2.97,2.97,0.00,0.00,0.0,1.00,153593.00,83.8
230,116.00,36136.00,36252.0,74.97,11.00,1152.00,1163.0,99.29,34,36.39,4909,2.05,5224,51,4,11.00,1.00,12.0,0.00,0.00,0.0,4.00,143804.00,83.8
231,164.00,39680.00,39844.0,68.77,14.00,934.00,948.0,99.1,32,36.39,4910,2.14,5220,51,4,14.00,0.00,14.0,0.00,0.00,0.0,1.00,142192.00,83.8
232,216.00,676.00,892.0,78.88,14.00,1141.00,1155.0,99.07,33,36.39,4908,2.14,5208,51,4,12.00,0.00,12.0,0.00,0.00,0.0,1.00,154566.00,83.8
233,600.00,416.00,1016.0,81.73,12.00,1629.00,1641.0,99.11,33,35.56,4910,2.14,5202,51,4,10.00,0.00,10.0,0.00,0.00,0.0,3.00,148666.00,83.9
234,88.00,1552.00,1640.0,84.12,6.00,1989.00,1995.0,99.13,30,35.56,4909,2.14,5170,51,4,8.00,0.00,8.0,0.00,0.00,0.0,4.00,140899.00,83.9
235,28.00,1096.00,1124.0,84.61,2.00,2233.00,2235.0,99.15,44,35.56,4910,2.14,5187,51,4,2.00,0.00,2.0,0.00,0.00,0.0,2.00,134617.00,84.1
236,300.00,1156.00,1456.0,79.15,4.00,1967.00,1971.0,99.16,26,35.56,4910,2.14,5204,51,4,4.00,1.00,5.0,0.00,0.00,0.0,2.00,153704.00,84.1
237,16.00,728.00,744.0,83.35,3.96,1852.48,1856.44,99.18,34,35.56,4909,2.14,5203,51,4,4.00,0.00,4.0,0.00,0.00,0.0,1.00,147129.00,84.1
238,0.00,36484.00,36484.0,86.38,12.00,1710.00,1722.0,99.21,37,37.11,4907,2.14,5179,51,4,10.00,0.00,10.0,0.00,0.00,0.0,2.00,112207.00,84.1
239,16.00,348.00,364.0,80.65,12.00,1307.00,1319.0,99.24,21,37.11,4906,2.14,5225,51,4,14.00,1.00,15.0,0.00,0.00,0.0,2.00,162563.00,84.3
240,15.84,99.01,114.85000000000001,81.7,16.00,1205.00,1221.0,99.28,33,37.11,4909,2.14,5198,51,4,16.00,0.00,16.0,0.00,0.00,0.0,3.00,142442.00,84.4
241,201.00,160.00,361.0,81.05,14.00,1907.00,1921.0,99.28,30,37.11,4911,2.14,5184,51,4,14.00,0.00,14.0,0.00,0.00,0.0,8.00,135056.00,84.3
242,1324.00,31372.00,32696.0,74.59,3.00,2167.00,2170.0,99.28,16,37.11,4914,2.14,5200,50,5,2.00,0.00,2.0,1.00,0.00,1.0,5.00,129298.00,84.3
243,500.00,3776.00,4276.0,76.82,0.00,2003.00,2003.0,99.26,23,37.18,4911,2.14,5205,50,5,0.00,0.00,0.0,0.00,0.00,0.0,1.00,151165.00,84.3
244,208.00,1200.00,1408.0,80.98,0.00,2016.00,2016.0,99.28,27,37.18,4911,2.14,5205,50,5,0.00,0.00,0.0,0.00,0.00,0.0,2.00,150765.00,84.3
245,459.00,21584.00,22043.0,70.22,1.00,2379.00,2380.0,99.26,6,37.18,4908,2.15,5193,50,5,1.00,1.00,2.0,0.00,0.00,0.0,0.00,147917.00,84.3
246,48.00,192.00,240.0,75.72,3.96,1700.99,1704.95,99.27,32,37.18,4911,2.15,5221,50,5,0.00,0.00,0.0,4.00,4.00,8.0,3.00,171726.00,84.1
247,20.00,944.00,964.0,83.12,3.00,1046.00,1049.0,99.28,34,37.18,4911,2.15,5229,50,5,0.00,1.00,1.0,1.00,0.00,1.0,1.00,152130.00,83.9
248,56.00,21516.00,21572.0,81.85,12.00,1597.00,1609.0,99.3,38,36.05,4910,2.15,5188,50,5,12.00,0.00,12.0,0.00,0.00,0.0,0.99,143646.53,84.0
249,180.00,13404.00,13584.0,71.65,12.00,1525.00,1537.0,99.2,3,36.05,4911,2.18,5204,50,5,12.00,0.00,12.0,0.00,0.00,0.0,3.00,132658.00,84.0
250,104.00,1000.00,1104.0,74.5,17.00,1922.00,1939.0,99.23,15,36.05,4912,2.18,5196,50,5,16.00,0.00,16.0,0.00,0.00,0.0,1.00,171054.00,83.9
251,132.00,796.00,928.0,80.95,2.00,2354.00,2356.0,99.25,33,36.05,4909,2.18,5172,50,5,2.00,0.00,2.0,0.00,0.00,0.0,0.00,153253.00,83.7
252,40.00,420.00,460.0,80.55,6.00,1830.00,1836.0,99.27,47,36.05,4912,2.18,5198,50,5,4.00,1.00,5.0,1.00,0.00,1.0,3.00,171506.00,83.8
253,64.00,2468.00,2532.0,77.32,5.00,1994.00,1999.0,99.3,19,36.68,4911,2.18,5196,50,5,3.96,0.00,3.96,0.00,0.00,0.0,0.00,161562.38,83.8
254,64.00,34752.00,34816.0,48.29,10.00,1371.00,1381.0,99.24,1,36.68,4912,2.19,5193,50,5,10.00,0.00,10.0,0.00,0.00,0.0,8.00,111530.00,83.9
255,20.00,4420.00,4440.0,75.8,10.00,2207.00,2217.0,99.26,10,36.68,4912,2.19,5196,50,5,10.00,0.00,10.0,0.00,0.00,0.0,2.00,188719.00,75.0
256,11.88,1433.66,1445.5400000000002,73.88,18.00,1993.00,2011.0,99.29,16,36.68,4912,2.19,5199,50,5,14.00,0.00,14.0,4.00,4.00,8.0,0.00,186549.00,80.6
257,48.00,26400.00,26448.0,60.66,10.00,2318.00,2328.0,99.28,11,36.68,4912,2.19,5194,50,5,10.00,0.00,10.0,0.00,0.00,0.0,3.00,178316.00,80.9
258,240.00,1500.00,1740.0,67.77,13.00,2542.00,2555.0,99.3,25,34.87,4912,2.19,5189,51,4,12.00,2.00,14.0,0.00,0.00,0.0,0.00,164507.00,80.6
259,212.00,23068.00,23280.0,72.82,7.00,2521.00,2528.0,99.26,21,34.87,4911,2.21,5181,51,5,6.00,0.00,6.0,1.00,1.00,2.0,0.00,143518.00,80.5
260,204.00,596.00,800.0,71.34,4.00,1823.00,1827.0,99.28,17,34.87,4912,2.21,5196,51,5,4.00,0.00,4.0,0.00,0.00,0.0,2.00,184782.00,80.8
261,12.00,21912.00,21924.0,69.75,1.00,1354.00,1355.0,99.3,24,34.87,4911,2.21,5195,51,5,0.00,1.00,1.0,0.00,0.00,0.0,0.00,176495.00,81.1
262,20.00,1192.00,1212.0,49.94,1.00,1324.00,1325.0,99.27,11,34.87,4910,2.21,5191,51,5,0.00,1.00,1.0,0.00,0.00,0.0,0.00,145562.00,81.3
263,64.00,712.00,776.0,52.31,2.00,2068.00,2070.0,99.3,4,33.04,4910,2.21,5206,51,4,0.00,2.00,2.0,0.00,0.00,0.0,0.00,102489.00,74.9
264,12.00,21380.00,21392.0,18.08,26.00,1128.00,1154.0,99.24,2,33.04,4910,2.23,5202,51,4,26.00,0.00,26.0,0.00,0.00,0.0,0.00,53892.00,74.7
265,52.00,1388.00,1440.0,23.05,26.00,1384.00,1410.0,99.25,8,33.04,4911,2.23,5204,51,4,24.00,0.00,24.0,0.00,0.00,0.0,3.00,56109.00,56.0
266,44.00,160.00,204.0,68.39,20.00,1500.00,1520.0,99.28,29,33.04,4912,2.23,5200,51,4,18.00,0.00,18.0,4.00,4.00,8.0,1.00,94220.00,55.8
267,28.00,11948.00,11976.0,76.79,30.00,1631.00,1661.0,99.29,28,33.04,4910,2.23,5182,51,4,30.00,0.00,30.0,0.00,0.00,0.0,4.00,125343.00,77.3
268,136.00,4192.00,4328.0,76.07,22.00,2088.00,2110.0,99.24,31,31.75,4912,2.24,5209,51,4,22.00,0.00,22.0,0.00,0.00,0.0,4.00,139079.00,82.6
269,164.00,88.00,252.0,78.5,8.00,2117.00,2125.0,99.26,36,31.75,4912,2.24,5197,51,4,8.00,0.00,8.0,0.00,0.00,0.0,3.00,179994.00,82.7
270,580.00,112.00,692.0,78.12,2.00,1909.00,1911.0,99.28,28,31.75,4910,2.24,5190,51,4,2.00,0.00,2.0,0.00,0.00,0.0,3.00,174245.00,82.7
271,28.00,41864.00,41892.0,72.18,0.00,1522.00,1522.0,99.26,26,31.75,4910,2.28,5201,51,4,0.00,0.00,0.0,0.00,0.00,0.0,1.00,136799.00,82.8
272,148.00,15112.00,15260.0,81.36,0.99,2407.92,2408.91,99.11,31,31.75,4912,2.33,5208,51,4,1.00,1.00,2.0,0.00,0.00,0.0,7.00,110732.00,82.8
273,144.00,768.00,912.0,83.44,2.00,2190.00,2192.0,99.12,46,31.61,4913,2.33,5211,51,4,2.00,1.00,3.0,0.00,0.00,0.0,1.00,107838.00,83.0
274,148.00,972.00,1120.0,82.62,5.00,1375.00,1380.0,99.15,33,31.61,4912,2.33,5246,51,4,5.00,1.00,6.0,0.00,0.00,0.0,0.00,97321.00,83.1
275,96.00,2540.00,2636.0,78.87,8.00,1797.00,1805.0,99.18,21,31.61,4911,2.33,5215,51,4,8.00,0.00,8.0,0.00,0.00,0.0,1.00,127764.00,83.1
276,1228.00,43984.00,45212.0,75.47,10.00,2130.00,2140.0,99.21,8,31.61,4911,2.33,5199,51,4,6.00,0.00,6.0,4.00,4.00,8.0,2.00,129403.00,83.2
277,252.00,884.00,1136.0,78.83,11.00,2539.00,2550.0,99.24,32,31.61,4913,2.33,5232,51,4,10.00,0.00,10.0,0.00,0.00,0.0,3.96,154533.66,83.1
278,312.00,1456.00,1768.0,78.75,10.00,2835.00,2845.0,99.26,27,30.6,4913,2.33,5212,51,4,10.00,0.00,10.0,0.00,0.00,0.0,1.00,150049.00,83.3
279,192.00,28304.00,28496.0,75.06,12.00,2799.00,2811.0,99.31,22,30.6,4914,2.33,5225,51,4,12.00,0.00,12.0,0.00,0.00,0.0,1.00,137091.00,83.3
280,48.00,1016.00,1064.0,50.38,15.00,1527.00,1542.0,99.26,8,30.6,4914,2.33,5226,51,4,13.86,0.00,13.86,0.00,0.00,0.0,1.00,142870.00,83.4
281,0.00,356.00,356.0,76.72,25.74,1519.80,1545.54,99.27,15,30.6,4913,2.33,5204,51,4,26.00,0.00,26.0,0.00,0.00,0.0,0.00,142516.00,74.9
282,20.00,632.00,652.0,68.88,25.00,2150.00,2175.0,99.29,13,30.6,4912,2.33,5188,51,4,24.00,0.00,24.0,0.00,0.00,0.0,2.00,124003.00,83.2
283,260.00,23648.00,23908.0,64.46,25.00,1950.00,1975.0,99.24,14,28.63,4914,2.33,5206,50,5,22.00,1.00,23.0,1.00,0.00,1.0,3.00,171310.00,82.9
284,20.00,3732.00,3752.0,74.91,16.00,2287.00,2303.0,99.22,25,28.63,4913,2.33,5199,50,5,16.00,0.00,16.0,0.00,0.00,0.0,1.00,146613.00,82.7
285,16.00,408.00,424.0,81.5,6.00,2061.00,2067.0,99.23,33,28.63,4914,2.33,5213,50,5,6.00,0.00,6.0,0.00,0.00,0.0,2.00,165079.00,82.8
286,44.00,200.00,244.0,80.65,4.00,1672.00,1676.0,99.3,33,28.63,4914,2.33,5209,50,5,4.00,0.00,4.0,0.00,0.00,0.0,2.00,163155.00,83.1
287,56.00,26112.00,26168.0,71.19,8.00,1109.00,1117.0,99.24,4,28.63,4913,2.34,5242,50,5,8.00,0.00,8.0,0.00,0.00,0.0,5.00,95195.00,83.2
288,134.65,1845.54,1980.19,69.27,8.00,2588.00,2596.0,99.25,45,28.34,4914,2.34,5207,50,5,6.00,1.00,7.0,1.00,0.00,1.0,2.00,178546.00,83.0
289,32.00,252.00,284.0,78.85,6.00,1681.00,1687.0,99.28,42,28.34,4913,2.34,5245,50,5,6.00,0.00,6.0,0.00,0.00,0.0,1.00,175725.00,82.9
290,84.00,26060.00,26144.0,64.99,6.00,1164.00,1170.0,99.28,2,28.34,4914,2.34,5225,50,5,6.00,0.00,6.0,0.00,0.00,0.0,2.00,68207.00,83.0
291,12.00,716.00,728.0,72.36,6.00,1999.00,2005.0,99.3,39,28.34,4916,2.34,5225,50,5,6.00,0.00,6.0,0.00,0.00,0.0,2.00,131354.00,82.6
292,40.00,27552.00,27592.0,74.91,7.00,1604.00,1611.0,99.2,27,28.34,4916,2.38,5221,50,5,5.94,0.00,5.94,0.00,0.00,0.0,5.00,131682.00,77.4
293,72.00,2176.00,2248.0,76.26,9.00,1386.00,1395.0,99.2,32,28.23,4914,2.38,5196,50,6,8.00,0.00,8.0,1.00,1.00,2.0,2.00,133197.00,83.1
294,20.00,584.00,604.0,79.8,5.00,2496.00,2501.0,99.26,42,28.23,4916,2.38,5201,50,5,2.00,0.00,2.0,0.00,0.00,0.0,2.00,175801.00,83.0
295,44.00,1748.00,1792.0,81.73,0.00,2693.00,2693.0,99.29,21,28.23,4915,2.38,5196,50,5,0.00,0.00,0.0,2.00,2.00,4.0,2.00,123463.00,83.1
296,316.00,19752.00,20068.0,76.51,4.00,1939.00,1943.0,99.31,6,28.23,4915,2.38,5192,50,5,0.00,0.00,0.0,4.00,4.00,8.0,6.00,140588.00,83.2
297,20.00,20796.00,20816.0,63.15,0.00,1348.00,1348.0,99.24,6,28.23,4915,2.38,5212,50,4,0.00,0.00,0.0,0.00,0.00,0.0,0.00,114222.00,83.3
298,16.00,828.00,844.0,52.67,26.00,1809.00,1835.0,99.25,7,27.33,4914,2.38,5199,50,4,26.00,0.00,26.0,0.00,0.00,0.0,1.00,86174.00,82.8
299,52.00,120.00,172.0,53.07,30.00,1522.00,1552.0,99.27,7,27.33,4916,2.38,5201,50,4,30.00,0.00,30.0,0.00,0.00,0.0,2.00,77696.00,74.0
300,864.00,80.00,944.0,58.65,32.00,1227.00,1259.0,99.29,5,27.33,4916,2.38,5213,50,4,32.00,0.00,32.0,0.00,0.00,0.0,1.00,80031.00,73.7
301,44.00,21312.00,21356.0,62.58,22.00,1820.00,1842.0,99.26,10,27.33,4916,2.38,5204,50,4,22.00,0.00,22.0,0.00,0.00,0.0,4.00,96528.00,74.2
302,524.00,1232.00,1756.0,77.51,8.00,2574.00,2582.0,99.27,30,27.33,4916,2.39,5214,50,4,8.00,0.00,8.0,0.00,0.00,0.0,0.00,157735.00,74.8
303,756.00,17980.00,18736.0,78.8,0.00,1882.00,1882.0,99.3,29,27.15,4913,2.39,5218,50,4,0.00,0.00,0.0,0.00,0.00,0.0,3.00,133136.00,82.9
304,28.00,5184.00,5212.0,73.37,0.00,2581.00,2581.0,99.26,30,27.15,4913,2.40,5203,50,4,0.00,0.00,0.0,0.00,0.00,0.0,5.00,157387.00,83.0
305,380.00,1016.00,1396.0,77.11,0.00,1745.00,1745.0,99.24,29,27.15,4912,2.40,5233,50,4,0.00,0.00,0.0,0.00,0.00,0.0,1.98,173816.83,83.0
306,12.00,580.00,592.0,76.32,5.00,1363.00,1368.0,99.27,37,27.15,4914,2.40,5231,50,4,0.00,0.00,0.0,4.00,4.00,8.0,3.00,186428.00,83.1
307,20.00,29868.00,29888.0,78.36,2.00,1668.00,1670.0,99.25,34,27.15,4914,2.41,5242,50,4,2.00,0.00,2.0,0.00,0.00,0.0,0.00,108909.00,83.2
308,628.00,3320.00,3948.0,75.57,5.00,2010.00,2015.0,99.27,32,26.17,4916,2.41,5221,50,4,5.00,2.00,7.0,0.00,0.00,0.0,2.00,154291.00,83.2
309,56.00,96.00,152.0,78.85,3.00,1803.00,1806.0,99.28,27,26.17,4915,2.41,5208,50,4,2.00,0.00,2.0,0.00,0.00,0.0,0.00,183341.00,83.2
310,100.00,888.00,988.0,75.78,4.00,2477.00,2481.0,99.29,35,26.17,4917,2.41,5206,50,4,3.96,0.00,3.96,0.00,0.00,0.0,3.00,160550.00,83.2
311,96.00,34872.00,34968.0,80.25,5.00,2043.00,2048.0,99.25,6,26.17,4916,2.42,5183,50,4,5.05,1.01,6.06,0.00,0.00,0.0,1.00,135482.00,83.2
312,32.00,7604.00,7636.0,76.41,5.00,2850.00,2855.0,99.28,28,26.17,4917,2.42,5186,50,4,4.00,0.00,4.0,0.00,0.00,0.0,1.00,125266.00,83.4
313,24.00,20524.00,20548.0,79.53,8.00,2442.00,2450.0,99.31,22,26.56,4916,2.42,5189,50,4,8.00,0.00,8.0,0.00,0.00,0.0,0.00,134789.00,83.3
314,40.00,4152.00,4192.0,37.47,20.00,1076.00,1096.0,99.25,4,26.56,4915,2.43,5191,50,4,20.00,0.00,20.0,0.00,0.00,0.0,0.00,39966.00,83.4
315,48.00,1700.00,1748.0,34.91,18.00,1437.00,1455.0,99.26,2,26.56,4916,2.43,5202,50,4,18.00,0.00,18.0,0.00,0.00,0.0,2.00,96095.00,68.0
316,8.00,1604.00,1612.0,27.13,34.00,1320.00,1354.0,99.27,0,26.56,4917,2.43,5205,50,4,34.00,0.00,34.0,0.00,0.00,0.0,1.00,133975.00,68.0
317,20.00,272.00,292.0,80.4,30.00,1729.00,1759.0,99.29,18,26.56,4916,2.43,5181,50,4,30.00,0.00,30.0,0.00,0.00,0.0,0.00,91338.00,67.8
318,63.37,28625.74,28689.11,74.81,24.00,2198.00,2222.0,99.25,30,26.19,4916,2.44,5181,50,4,24.00,0.00,24.0,0.00,0.00,0.0,0.00,142855.00,74.7
319,208.00,2700.00,2908.0,80.45,5.94,2816.83,2822.77,99.2,21,26.19,4917,2.46,5182,50,4,6.00,0.00,6.0,0.00,0.00,0.0,1.00,159029.00,83.8
320,740.00,856.00,1596.0,83.61,4.00,2125.00,2129.0,99.21,18,26.19,4917,2.46,5237,50,4,4.00,0.00,4.0,0.00,0.00,0.0,1.00,103791.00,83.8
321,40.00,96.00,136.0,83.21,6.00,2414.00,2420.0,99.24,26,26.19,4915,2.46,5206,50,4,6.00,0.00,6.0,0.00,0.00,0.0,1.00,100627.00,83.9
322,28.00,536.00,564.0,82.6,4.00,2054.00,2058.0,99.27,35,26.19,4916,2.46,5209,50,4,4.00,0.00,4.0,0.00,0.00,0.0,2.00,115630.00,83.8
323,4.00,868.00,872.0,83.6,4.00,1618.00,1622.0,99.29,30,26.74,4916,2.46,5254,50,4,4.00,0.00,4.0,0.00,0.00,0.0,1.00,105557.00,83.8
324,52.00,49164.00,49216.0,78.85,4.00,2121.00,2125.0,99.24,47,26.74,4917,2.46,5226,50,4,4.00,0.00,4.0,0.00,0.00,0.0,1.00,92565.00,83.8
325,28.00,11564.00,11592.0,50.38,2.00,1703.00,1705.0,99.25,26,26.74,4916,2.46,5203,50,4,2.00,0.00,2.0,0.00,0.00,0.0,2.00,109462.00,83.9
326,28.00,2228.00,2256.0,64.5,5.94,2670.30,2676.2400000000002,99.28,9,26.74,4917,2.46,5202,50,4,2.00,0.00,2.0,4.00,4.00,8.0,0.00,180810.00,72.0
327,0.00,27244.00,27244.0,64.79,10.00,2592.00,2602.0,99.33,1,26.74,4917,2.46,5193,50,6,7.00,2.00,9.0,2.00,1.00,3.0,1.00,151566.00,80.6
328,20.00,4124.00,4144.0,70.59,4.00,3038.00,3042.0,99.27,12,27.4,4917,2.48,5194,50,6,4.00,0.00,4.0,0.00,0.00,0.0,4.00,169996.00,80.7
329,0.00,384.00,384.0,20.03,0.00,1109.00,1109.0,99.29,0,27.4,4917,2.48,5201,50,6,0.00,0.00,0.0,0.00,0.00,0.0,0.00,82382.00,80.8
330,488.00,360.00,848.0,12.11,0.00,813.00,813.0,99.27,1,27.4,4916,2.48,5197,50,6,0.00,0.00,0.0,0.00,0.00,0.0,1.00,49647.00,62.4
331,108.00,188.00,296.0,5.99,0.00,290.00,290.0,99.28,0,27.4,4915,2.48,5219,50,5,0.00,0.00,0.0,0.00,0.00,0.0,0.00,13947.00,46.6
332,216.00,0.00,216.0,6.96,43.00,733.00,776.0,99.28,1,27.4,4913,2.48,5204,51,4,40.00,4.00,44.0,0.00,0.00,0.0,0.00,17338.00,46.0
333,44.00,548.00,592.0,10.74,34.00,834.00,868.0,99.28,1,25.45,4914,2.48,5205,51,4,28.00,2.00,30.0,0.00,0.00,0.0,1.00,43992.00,39.7
334,0.00,172.00,172.0,20.33,20.00,1133.00,1153.0,99.3,8,25.45,4912,2.48,5202,51,4,16.00,2.00,18.0,0.00,0.00,0.0,0.00,82262.00,40.1
335,32.00,30108.00,30140.0,46.89,35.00,2075.00,2110.0,99.27,26,25.45,4913,2.48,5200,51,4,38.00,2.00,40.0,0.00,0.00,0.0,3.00,108330.00,48.3
336,156.00,2912.00,3068.0,71.82,26.00,2496.00,2522.0,99.29,26,25.45,4914,2.48,5187,51,4,20.00,2.00,22.0,4.00,4.00,8.0,3.00,152006.00,64.5
337,64.00,17072.00,17136.0,72.8,0.00,2509.00,2509.0,99.31,41,25.45,4915,2.48,5201,51,4,0.00,0.00,0.0,0.00,0.00,0.0,1.00,177824.00,82.0
338,80.00,11792.00,11872.0,56.8,1.00,1665.00,1666.0,99.18,1,26.69,4914,2.50,5253,51,4,0.00,0.00,0.0,0.00,0.00,0.0,6.00,142003.00,82.1
339,152.00,440.00,592.0,76.78,2.00,2669.00,2671.0,99.22,27,26.69,4915,2.50,5201,51,4,0.00,2.00,2.0,0.00,0.00,0.0,2.00,169357.00,81.7
340,32.00,340.00,372.0,76.04,4.00,2302.00,2306.0,99.26,25,26.69,4917,2.50,5259,51,4,1.98,1.98,3.96,0.00,0.00,0.0,3.00,134929.00,81.4
341,212.00,1028.00,1240.0,78.93,5.00,1656.00,1661.0,99.3,37,26.69,4916,2.50,5265,51,4,4.00,0.00,4.0,0.00,0.00,0.0,0.00,110004.00,81.6
342,108.00,45940.00,46048.0,75.75,2.00,2315.00,2317.0,99.28,14,26.69,4916,2.51,5223,51,4,2.00,0.00,2.0,0.00,0.00,0.0,2.00,154508.00,81.8
343,20.00,30688.00,30708.0,73.32,7.00,2789.00,2796.0,99.19,26,26.64,4917,2.54,5229,51,4,4.00,3.00,7.0,0.00,0.00,0.0,1.00,138259.00,82.1
344,4.00,1040.00,1044.0,79.97,4.00,2642.00,2646.0,99.19,42,26.64,4917,2.54,5221,51,4,4.00,0.00,4.0,0.00,0.00,0.0,2.97,163723.76,82.1
345,36.00,536.00,572.0,86.11,10.00,2991.00,3001.0,99.22,30,26.64,4916,2.54,5216,51,4,10.00,0.00,10.0,0.00,0.00,0.0,3.00,115685.00,82.4
346,32.00,836.00,868.0,75.72,16.00,1974.00,1990.0,99.24,13,26.64,4916,2.54,5206,51,4,12.00,0.00,12.0,4.00,4.00,8.0,0.00,123013.00,82.7
347,76.00,232.00,308.0,39.53,26.00,1112.00,1138.0,99.25,9,26.64,4913,2.54,5195,51,4,24.00,0.00,24.0,0.00,0.00,0.0,0.00,61323.00,82.8
348,12.00,636.00,648.0,55.57,30.00,1588.00,1618.0,99.26,6,25.06,4916,2.54,5198,51,4,32.00,0.00,32.0,0.00,0.00,0.0,4.00,119486.00,69.5
349,0.00,288.00,288.0,63.51,16.00,2169.00,2185.0,99.27,9,25.06,4916,2.54,5187,51,4,16.00,0.00,16.0,0.00,0.00,0.0,1.00,129955.00,70.1
350,392.00,104.00,496.0,81.33,14.00,2051.00,2065.0,99.3,21,25.06,4917,2.54,5188,51,4,14.00,0.00,14.0,0.00,0.00,0.0,2.00,157906.00,78.2
351,0.00,47780.00,47780.0,78.85,19.00,2291.00,2310.0,99.25,30,25.06,4917,2.54,5217,51,4,16.00,3.00,19.0,0.00,0.00,0.0,1.00,103344.00,83.7
352,8.00,860.00,868.0,80.23,5.00,2968.00,2973.0,99.27,21,25.06,4917,2.54,5215,51,4,4.00,0.00,4.0,0.00,0.00,0.0,0.00,119471.00,83.6
353,120.00,30072.00,30192.0,78.85,4.00,2081.00,2085.0,99.25,22,25.78,4916,2.55,5213,51,4,4.00,0.00,4.0,0.00,0.00,0.0,2.00,107344.00,83.5
354,679.21,2495.05,3174.26,65.71,5.00,1539.00,1544.0,99.27,29,25.78,4917,2.55,5219,51,4,4.00,0.00,4.0,1.00,1.00,2.0,3.00,136958.00,83.5
355,822.00,1848.00,2670.0,65.32,0.00,1715.00,1715.0,99.3,29,25.78,4916,2.55,5224,51,4,0.00,0.00,0.0,0.00,0.00,0.0,3.00,175493.00,83.1
356,148.00,32216.00,32364.0,69.35,6.00,1556.00,1562.0,99.17,13,25.78,4917,2.59,5220,51,4,6.00,0.00,6.0,0.00,0.00,0.0,2.00,195867.00,82.9
357,4.00,1404.00,1408.0,65.83,4.00,1857.00,1861.0,99.19,15,25.78,4918,2.59,5203,51,4,4.00,0.00,4.0,0.00,0.00,0.0,1.00,186111.00,82.9
358,4.00,560.00,564.0,74.24,8.00,2814.00,2822.0,99.22,20,24.2,4916,2.59,5191,51,4,8.00,0.00,8.0,0.00,0.00,0.0,0.00,173154.00,82.6
359,36.00,776.00,812.0,78.05,11.00,2619.00,2630.0,99.25,29,24.2,4915,2.59,5190,51,4,10.00,0.00,10.0,0.00,0.00,0.0,3.00,179357.00,82.6
360,204.00,992.00,1196.0,74.62,6.00,3209.00,3215.0,99.28,14,24.2,4918,2.59,5189,51,4,6.00,0.00,6.0,0.00,0.00,0.0,4.00,136432.00,82.7
361,96.00,50692.00,50788.0,45.13,17.00,2454.00,2471.0,99.22,12,24.2,4918,2.60,5206,51,5,14.00,3.00,17.0,1.00,1.00,2.0,1.00,142629.00,82.8
362,628.00,4764.00,5392.0,33.76,8.00,1333.00,1341.0,99.25,7,24.2,4919,2.60,5201,51,5,6.00,2.00,8.0,0.00,0.00,0.0,3.00,117618.00,76.4
363,344.00,776.00,1120.0,27.88,3.00,1402.00,1405.0,99.27,1,22.58,4918,2.60,5218,51,5,0.00,2.00,2.0,0.00,0.00,0.0,1.00,124923.00,68.8
364,1108.00,188.00,1296.0,33.16,2.00,1304.00,1306.0,99.29,4,22.58,4918,2.60,5224,51,5,0.00,2.00,2.0,0.00,0.00,0.0,0.00,169332.00,59.2
365,1360.00,32652.00,34012.0,23.51,2.00,858.00,860.0,99.17,14,22.58,4917,2.62,5251,51,4,0.00,2.00,2.0,0.00,0.00,0.0,1.00,66673.00,59.4
366,76.00,1116.00,1192.0,22.45,5.00,1652.00,1657.0,99.18,2,22.58,4918,2.62,5243,51,4,0.00,0.00,0.0,4.00,4.00,8.0,1.00,53632.00,59.9
367,0.00,212.00,212.0,12.96,0.00,713.00,713.0,99.19,1,22.58,4918,2.62,5249,51,4,0.00,0.00,0.0,0.00,0.00,0.0,0.00,23398.00,59.7
368,92.00,32.00,124.0,34.92,30.00,1533.00,1563.0,99.2,12,20.85,4918,2.62,5228,51,4,26.00,4.00,30.0,0.00,0.00,0.0,0.00,70773.00,48.3
369,20.00,44.00,64.0,77.06,34.00,2129.00,2163.0,99.22,20,20.85,4918,2.62,5217,51,4,32.00,1.00,33.0,0.00,0.00,0.0,0.00,118057.00,58.7
370,128.00,92.00,220.0,77.08,26.00,2334.00,2360.0,99.26,36,20.85,4916,2.62,5222,51,4,23.76,1.98,25.740000000000002,0.00,0.00,0.0,2.00,166349.00,78.5
371,43.56,720.79,764.3499999999999,84.07,6.00,2923.00,2929.0,99.28,31,20.85,4916,2.62,5230,51,4,6.00,0.00,6.0,0.00,0.00,0.0,1.00,107321.00,79.1
372,12.00,31936.00,31948.0,80.92,1.00,1895.00,1896.0,99.29,33,20.85,4915,2.62,5220,51,4,0.00,0.00,0.0,0.00,0.00,0.0,0.00,97005.00,79.6
373,158.00,16016.00,16174.0,77.9,2.00,2442.00,2444.0,99.22,33,21.1,4916,2.63,5235,51,4,0.00,2.00,2.0,0.00,0.00,0.0,6.00,121315.00,80.0
374,16.00,592.00,608.0,86.47,1.00,2615.00,2616.0,99.26,45,21.1,4915,2.63,5216,51,4,0.00,1.00,1.0,0.00,0.00,0.0,2.00,99070.00,80.4
375,1016.00,596.00,1612.0,85.16,3.00,1026.00,1029.0,99.29,34,21.1,4918,2.63,5246,51,4,1.00,3.00,4.0,0.00,0.00,0.0,3.00,115524.00,80.8
376,112.00,36900.00,37012.0,79.32,13.00,1094.00,1107.0,99.23,27,21.1,4917,2.65,5232,51,4,9.00,0.00,9.0,4.00,4.00,8.0,1.00,108122.00,81.2
377,1444.00,4948.00,6392.0,81.64,6.00,2209.00,2215.0,99.27,21,21.1,4918,2.65,5208,51,4,6.00,0.00,6.0,0.00,0.00,0.0,1.00,143550.00,81.5
378,1816.00,1468.00,3284.0,55.26,12.00,2205.00,2217.0,99.29,4,22.3,4917,2.65,5217,50,4,10.00,1.00,11.0,0.00,0.00,0.0,2.00,114080.00,82.0
379,1676.00,3924.00,5600.0,73.27,5.94,3151.49,3157.43,99.3,28,22.3,4918,2.65,5219,50,4,6.00,0.00,6.0,0.00,0.00,0.0,1.00,170976.00,75.6
380,212.00,39212.00,39424.0,70.96,8.00,3599.00,3607.0,99.24,27,22.3,4919,2.67,5208,50,4,8.00,0.00,8.0,0.00,0.00,0.0,3.00,130721.00,83.8
381,276.00,884.00,1160.0,70.69,10.00,2176.00,2186.0,99.26,10,22.3,4919,2.67,5220,50,4,10.00,0.00,10.0,0.00,0.00,0.0,0.00,123899.00,83.7
382,148.00,23320.00,23468.0,60.71,16.00,1005.00,1021.0,99.31,6,22.3,4919,2.67,5218,50,4,16.00,0.00,16.0,0.00,0.00,0.0,0.00,154020.00,83.6
383,32.00,18416.00,18448.0,63.61,32.00,1243.00,1275.0,99.17,11,21.47,4919,2.72,5212,50,4,32.00,0.00,32.0,0.00,0.00,0.0,0.00,80564.00,83.1
384,72.00,2956.00,3028.0,83.02,26.00,2008.00,2034.0,99.21,26,21.47,4919,2.72,5203,50,4,26.00,0.00,26.0,0.00,0.00,0.0,2.00,124479.00,82.6
385,68.00,3564.00,3632.0,77.85,19.80,2703.96,2723.76,99.2,27,21.47,4918,2.72,5187,50,4,20.00,0.00,20.0,0.00,0.00,0.0,2.00,143527.00,83.0
386,700.00,2644.00,3344.0,79.9,18.00,2401.00,2419.0,99.25,25,21.47,4919,2.72,5208,50,4,18.00,0.00,18.0,0.00,0.00,0.0,2.00,143767.00,83.3
387,276.00,456.00,732.0,80.5,5.00,2275.00,2280.0,99.28,29,21.47,4919,2.72,5216,50,4,5.00,1.00,6.0,0.00,0.00,0.0,0.00,129231.00,83.5
388,24.00,31840.00,31864.0,78.47,8.00,2315.00,2323.0,99.31,30,21.99,4918,2.72,5204,50,4,8.00,0.00,8.0,0.00,0.00,0.0,1.00,116927.00,83.6
389,56.00,14092.00,14148.0,75.41,8.00,2603.00,2611.0,99.22,18,21.99,4919,2.72,5234,50,4,8.00,0.00,8.0,0.00,0.00,0.0,2.00,161431.00,83.6
390,172.00,264.00,436.0,76.32,4.00,2368.00,2372.0,99.27,24,21.99,4920,2.72,5239,50,4,4.00,0.00,4.0,0.00,0.00,0.0,3.00,156947.00,83.6
391,152.00,1040.00,1192.0,69.14,8.00,3377.00,3385.0,99.29,6,21.99,4920,2.72,5211,50,4,8.00,0.00,8.0,0.00,0.00,0.0,1.00,169913.00,83.5
392,20.00,47852.00,47872.0,68.47,6.00,2940.00,2946.0,99.23,15,21.99,4920,2.74,5217,50,4,6.00,0.00,6.0,0.00,0.00,0.0,0.00,176649.00,83.5
393,48.00,1920.00,1968.0,62.12,9.00,3410.00,3419.0,99.26,19,21.67,4920,2.74,5222,50,4,8.00,0.00,8.0,0.00,0.00,0.0,0.00,162121.00,83.3
394,20.00,1044.00,1064.0,63.53,14.00,2087.00,2101.0,99.28,12,21.67,4919,2.74,5221,50,4,14.00,0.00,14.0,0.00,0.00,0.0,0.00,174137.00,82.9
395,48.00,34996.00,35044.0,19.51,23.00,1573.00,1596.0,99.22,8,21.67,4919,2.75,5211,50,5,16.00,0.00,16.0,0.00,0.00,0.0,1.00,90328.00,82.8
396,60.00,1532.00,1592.0,43.42,26.00,2794.00,2820.0,99.22,13,21.67,4919,2.75,5196,51,5,22.00,5.00,27.0,5.00,5.00,10.0,1.00,134402.00,58.6
397,496.00,1816.00,2312.0,50.19,2.00,1508.00,1510.0,99.25,14,21.67,4919,2.75,5212,51,6,0.00,1.00,1.0,2.00,2.00,4.0,1.00,176328.00,69.1
398,4.00,60.00,64.0,30.78,2.00,1017.00,1019.0,99.26,4,20.02,4919,2.75,5213,52,6,0.00,3.00,3.0,0.00,0.00,0.0,0.00,154655.00,74.7
399,12.00,880.00,892.0,31.37,2.00,1484.00,1486.0,99.28,4,20.02,4919,2.75,5214,52,5,0.00,1.00,1.0,0.00,0.00,0.0,1.00,119750.00,60.6
400,288.00,628.00,916.0,21.14,4.00,1703.00,1707.0,99.29,1,20.02,4918,2.75,5204,52,5,2.00,0.00,2.0,0.00,0.00,0.0,2.00,85201.00,61.2
401,687.00,41036.00,41723.0,12.99,26.00,1318.00,1344.0,99.22,3,20.02,4919,2.76,5205,51,5,26.00,1.00,27.0,0.00,0.00,0.0,9.00,45239.00,52.4
402,20.00,28.00,48.0,52.16,33.00,2049.00,2082.0,99.22,13,20.02,4919,2.76,5206,51,4,31.00,1.00,32.0,2.00,2.00,4.0,1.00,125868.00,52.7
403,12.00,880.00,892.0,68.89,22.00,2588.00,2610.0,99.27,19,18.98,4919,2.76,5204,51,4,22.00,0.00,22.0,0.00,0.00,0.0,0.00,175080.00,71.5
404,52.00,1284.00,1336.0,73.71,16.00,2161.00,2177.0,99.29,18,18.98,4917,2.76,5197,51,4,16.00,0.00,16.0,0.00,0.00,0.0,1.00,205918.00,79.4
405,48.00,30800.00,30848.0,66.37,6.00,2808.00,2814.0,99.27,39,18.98,4918,2.76,5202,51,4,4.00,0.00,4.0,0.00,0.00,0.0,3.00,190013.00,79.9
406,208.00,1052.00,1260.0,69.31,6.00,2565.00,2571.0,99.3,34,18.98,4919,2.76,5229,51,4,4.00,0.00,4.0,4.00,4.00,8.0,1.00,174287.00,80.0
407,8.00,28176.00,28184.0,66.16,4.00,2291.00,2295.0,99.24,40,18.98,4918,2.79,5213,51,4,4.00,0.00,4.0,0.00,0.00,0.0,0.00,152459.00,80.1
408,4.00,1512.00,1516.0,81.35,2.00,2820.00,2822.0,99.28,43,19.86,4919,2.79,5207,51,4,2.00,0.00,2.0,0.00,0.00,0.0,1.00,117625.00,80.2
409,148.00,28652.00,28800.0,74.62,15.00,2423.00,2438.0,99.31,17,19.86,4919,2.79,5229,52,4,9.00,10.00,19.0,2.00,0.00,2.0,0.00,118314.00,80.8
410,56.00,2532.00,2588.0,62.06,6.00,2953.00,2959.0,99.29,20,19.86,4919,2.79,5214,51,4,4.00,0.00,4.0,0.00,0.00,0.0,3.00,173564.00,81.0
411,8.00,28048.00,28056.0,37.47,10.00,1821.00,1831.0,99.22,0,19.86,4919,2.81,5214,51,4,12.00,0.00,12.0,0.00,0.00,0.0,0.00,80373.00,80.9
412,28.00,1024.00,1052.0,64.18,15.00,3139.00,3154.0,99.27,5,19.86,4919,2.81,5230,51,4,14.00,0.00,14.0,0.00,0.00,0.0,0.00,143713.00,65.4
413,12.00,460.00,472.0,43.31,22.00,2433.00,2455.0,99.29,0,19.39,4919,2.81,5233,51,4,22.00,0.00,22.0,0.00,0.00,0.0,1.00,104650.00,78.2
414,20.00,488.00,508.0,26.05,32.00,1764.00,1796.0,99.29,5,19.39,4918,2.81,5226,51,4,30.00,0.00,30.0,0.00,0.00,0.0,4.00,126988.00,71.8
415,24.00,5108.00,5132.0,43.94,25.00,2225.00,2250.0,99.22,3,19.39,4918,2.82,5217,51,4,26.00,0.00,26.0,0.00,0.00,0.0,1.00,175178.00,57.4
416,16.00,820.00,836.0,59.72,25.00,2189.00,2214.0,99.24,16,19.39,4918,2.82,5205,51,4,20.00,1.00,21.0,4.00,4.00,8.0,2.00,198162.00,72.4
417,28.00,712.00,740.0,61.01,20.00,2964.00,2984.0,99.27,30,19.39,4918,2.82,5193,51,4,18.00,2.00,20.0,0.00,0.00,0.0,0.00,188968.32,72.6
418,55.00,45168.00,45223.0,76.48,10.00,2886.00,2896.0,99.3,24,20.0,4918,2.82,5196,51,4,10.00,0.00,10.0,0.00,0.00,0.0,7.00,166903.00,73.2
419,68.00,9536.00,9604.0,29.81,2.00,1244.00,1246.0,99.27,0,20.0,4919,2.83,5207,51,4,2.00,0.00,2.0,0.00,0.00,0.0,0.00,46717.00,83.2
420,36.00,12412.00,12448.0,75.41,2.00,3054.00,3056.0,99.29,21,20.0,4919,2.83,5211,51,4,2.00,0.00,2.0,0.00,0.00,0.0,4.00,156978.00,65.6
421,0.00,30056.00,30056.0,67.13,5.00,2353.00,2358.0,99.23,24,20.0,4919,2.84,5205,51,4,4.00,0.00,4.0,1.00,1.00,2.0,0.00,149357.00,77.4
422,0.00,6192.00,6192.0,77.11,1.00,1859.00,1860.0,99.17,36,20.0,4919,2.87,5223,51,4,0.00,0.00,0.0,0.00,0.00,0.0,0.00,190360.00,77.9
423,908.00,1244.00,2152.0,78.21,0.00,2096.00,2096.0,99.22,19,20.8,4918,2.87,5197,51,4,0.00,0.00,0.0,0.00,0.00,0.0,4.00,156602.00,83.4
424,32.00,1404.00,1436.0,71.45,2.00,3355.00,3357.0,99.25,15,20.8,4918,2.87,5195,51,4,0.00,2.00,2.0,0.00,0.00,0.0,0.00,147588.00,83.4
425,40.00,1316.00,1356.0,66.37,2.00,2360.00,2362.0,99.28,9,20.8,4919,2.87,5197,51,4,0.00,1.00,1.0,0.00,0.00,0.0,3.00,175373.00,83.2
426,4.00,52804.00,52808.0,40.56,2.00,2526.00,2528.0,99.2,5,20.8,4918,2.87,5205,51,4,0.00,2.00,2.0,0.00,0.00,0.0,4.00,135115.00,83.2
427,8.00,2144.00,2152.0,9.65,2.00,690.00,692.0,99.21,2,20.8,4918,2.87,5207,51,4,0.00,2.00,2.0,0.00,0.00,0.0,0.00,41358.00,72.0
428,12.00,100.00,112.0,22.15,1.00,1968.00,1969.0,99.22,2,19.54,4918,2.87,5204,51,4,0.00,0.00,0.0,0.00,0.00,0.0,0.00,91339.00,51.8
429,0.00,456.00,456.0,33.63,1.00,1892.00,1893.0,99.22,1,19.54,4918,2.87,5203,51,5,0.00,0.00,0.0,1.00,1.00,2.0,0.00,139339.00,51.8
430,76.00,104.00,180.0,43.06,5.00,1343.00,1348.0,99.23,8,19.54,4917,2.87,5199,51,5,3.00,2.00,5.0,0.00,0.00,0.0,1.00,204004.00,62.2
431,24.00,492.00,516.0,39.17,1.00,1341.00,1342.0,99.26,10,19.54,4918,2.87,5199,50,5,0.00,0.00,0.0,0.00,0.00,0.0,2.00,156205.00,69.4
432,52.00,700.00,752.0,53.62,0.00,1906.00,1906.0,99.28,10,19.54,4919,2.87,5183,50,5,0.00,0.00,0.0,0.00,0.00,0.0,1.00,125931.00,68.8
433,8.00,488.00,496.0,22.78,0.00,1111.00,1111.0,99.29,6,18.45,4919,2.87,5203,50,4,0.00,0.00,0.0,0.00,0.00,0.0,0.00,61959.00,74.1
434,36.00,49712.00,49748.0,12.52,4.00,1203.00,1207.0,99.2,7,18.45,4919,2.89,5196,50,4,2.00,0.00,2.0,0.00,0.00,0.0,0.00,41375.00,59.7
435,76.00,1308.00,1384.0,26.92,14.00,2161.00,2175.0,99.21,8,18.45,4918,2.89,5217,50,4,16.00,0.00,16.0,0.00,0.00,0.0,1.00,101868.00,52.5
436,20.00,344.00,364.0,54.06,14.00,3064.00,3078.0,99.23,12,18.45,4916,2.89,5219,50,4,10.00,0.00,10.0,4.00,4.00,8.0,1.00,166556.00,52.6
437,8.00,512.00,520.0,73.0,10.00,2023.00,2033.0,99.26,26,18.45,4916,2.89,5249,50,4,10.00,0.00,10.0,0.00,0.00,0.0,0.00,167901.00,77.6
438,4.00,1256.00,1260.0,69.38,8.00,2897.00,2905.0,99.29,14,18.41,4916,2.89,5199,50,4,8.00,0.00,8.0,0.00,0.00,0.0,0.00,197436.00,85.4
439,20.00,27724.00,27744.0,49.06,2.00,2033.00,2035.0,99.22,24,18.41,4916,2.90,5230,50,4,1.98,0.00,1.98,0.00,0.00,0.0,2.00,157410.00,85.1
440,440.00,23848.00,24288.0,64.25,0.00,2791.00,2791.0,99.25,26,18.41,4918,2.90,5237,50,4,0.00,0.00,0.0,0.00,0.00,0.0,5.00,137988.00,73.8
441,2280.00,14500.00,16780.0,56.46,0.00,3483.00,3483.0,99.29,25,18.41,4918,2.90,5225,50,4,0.00,0.00,0.0,0.00,0.00,0.0,0.00,161413.00,80.5
442,1220.00,21500.00,22720.0,50.12,0.00,1391.00,1391.0,99.21,27,18.41,4918,2.92,5222,50,4,0.00,0.00,0.0,0.00,0.00,0.0,1.00,137739.00,80.3
443,744.00,812.00,1556.0,66.71,2.00,3123.00,3125.0,99.26,17,20.22,4919,2.92,5217,50,4,2.00,0.00,2.0,0.00,0.00,0.0,1.00,156874.00,73.6
444,988.00,17312.00,18300.0,46.6,8.00,1591.00,1599.0,99.22,2,20.22,4918,2.94,5219,50,4,8.00,0.00,8.0,0.00,0.00,0.0,0.00,70272.00,83.7
445,20.00,19780.00,19800.0,50.38,2.00,2080.00,2082.0,99.26,17,20.22,4916,2.94,5242,50,4,2.00,0.00,2.0,0.00,0.00,0.0,2.00,121305.00,78.4
446,4.00,12548.00,12552.0,51.65,30.00,2664.00,2694.0,99.29,5,20.22,4916,2.94,5228,50,4,24.00,0.00,24.0,4.00,4.00,8.0,0.00,78509.00,77.8
447,4.00,3312.00,3316.0,20.61,26.00,1176.00,1202.0,99.23,0,20.22,4917,2.94,5239,50,4,28.00,0.00,28.0,0.00,0.00,0.0,1.00,48102.00,78.0
448,80.00,888.00,968.0,21.85,28.00,1791.00,1819.0,99.24,0,18.6,4919,2.94,5233,50,4,26.00,0.00,26.0,0.00,0.00,0.0,2.00,119353.00,63.8
449,60.00,540.00,600.0,54.31,18.00,2134.00,2152.0,99.25,4,18.6,4919,2.94,5217,50,4,20.00,0.00,20.0,0.00,0.00,0.0,0.00,184197.00,54.6
450,31.68,130.69,162.37,63.84,22.00,2878.00,2900.0,99.28,19,18.6,4917,2.94,5211,50,4,22.00,0.00,22.0,0.00,0.00,0.0,1.00,187642.00,74.9
451,12.00,152.00,164.0,72.42,13.00,2489.00,2502.0,99.3,34,18.6,4918,2.94,5228,50,4,12.00,0.00,12.0,0.00,0.00,0.0,1.00,193539.00,81.2
452,8.00,5632.00,5640.0,72.5,0.00,3815.00,3815.0,99.25,20,18.6,4918,2.95,5211,50,4,0.00,0.00,0.0,0.00,0.00,0.0,1.00,143978.00,81.6
453,4.00,808.00,812.0,72.55,0.00,2659.00,2659.0,99.28,29,18.8,4919,2.95,5238,50,4,0.00,0.00,0.0,0.00,0.00,0.0,1.00,139812.00,82.0
454,156.00,36512.00,36668.0,55.33,2.00,2677.00,2679.0,99.27,25,18.8,4919,2.95,5227,50,4,2.00,0.00,2.0,0.00,0.00,0.0,0.00,155636.00,82.3
455,136.00,1036.00,1172.0,72.82,3.00,2462.00,2465.0,99.3,18,18.8,4918,2.95,5232,50,4,2.00,0.00,2.0,0.00,0.00,0.0,2.00,204715.00,81.7
456,20.00,65628.00,65648.0,66.71,8.00,3352.00,3360.0,99.26,13,18.8,4918,2.97,5227,50,4,8.00,0.00,8.0,0.00,0.00,0.0,1.00,139563.00,82.3
457,20.00,4600.00,4620.0,71.95,16.00,2844.00,2860.0,99.27,4,18.8,4917,2.98,5211,50,4,16.00,0.00,16.0,0.00,0.00,0.0,0.00,149245.00,82.6
458,24.00,1892.00,1916.0,30.87,17.00,2963.00,2980.0,99.28,0,19.13,4919,2.98,5219,50,4,14.00,0.00,14.0,0.00,0.00,0.0,2.00,94918.00,83.1
459,8.00,568.00,576.0,30.99,20.00,1546.00,1566.0,99.29,3,19.13,4918,2.98,5217,50,4,22.00,0.00,22.0,0.00,0.00,0.0,0.00,103957.00,66.3
460,24.00,31952.00,31976.0,29.61,28.00,1694.00,1722.0,99.3,9,19.13,4916,2.98,5235,50,4,28.00,0.00,28.0,0.00,0.00,0.0,0.00,157716.00,65.7
461,20.00,10600.00,10620.0,40.15,18.00,2332.00,2350.0,99.2,3,19.13,4917,3.00,5230,50,4,18.00,0.00,18.0,0.00,0.00,0.0,3.00,171702.00,59.2
462,0.00,1428.00,1428.0,54.26,10.00,3089.00,3099.0,99.23,11,19.13,4919,3.00,5217,50,4,10.00,0.00,10.0,0.00,0.00,0.0,3.00,224713.00,71.8
463,140.00,700.00,840.0,59.72,4.00,3188.00,3192.0,99.26,27,18.64,4918,3.00,5205,50,4,4.00,0.00,4.0,0.00,0.00,0.0,1.00,205582.00,72.4
464,148.00,676.00,824.0,69.28,13.00,3537.00,3550.0,99.29,33,18.64,4918,3.00,5204,51,5,12.00,1.00,13.0,1.00,1.00,2.0,0.00,215097.00,81.2
465,12.00,47948.00,47960.0,69.18,1.00,2704.00,2705.0,99.29,15,18.64,4918,3.01,5242,51,5,1.00,1.00,2.0,0.00,0.00,0.0,0.00,144509.00,81.5
466,32.00,5900.00,5932.0,60.2,4.00,2572.00,2576.0,99.3,19,18.64,4916,3.01,5227,51,5,0.00,0.00,0.0,4.00,4.00,8.0,1.00,184963.00,81.4
467,19.80,34320.79,34340.590000000004,61.76,0.00,1681.00,1681.0,99.24,13,18.64,4918,3.04,5231,51,5,0.00,0.00,0.0,0.00,0.00,0.0,3.00,164609.00,81.0
468,44.00,1004.00,1048.0,64.91,0.00,2609.00,2609.0,99.29,12,18.83,4917,3.04,5232,51,4,0.00,0.00,0.0,0.00,0.00,0.0,0.00,139514.00,80.8
469,28.00,1308.00,1336.0,70.92,14.00,3511.00,3525.0,99.28,7,18.83,4917,3.04,5225,51,4,14.00,0.00,14.0,0.00,0.00,0.0,0.00,121413.00,80.8
470,12.00,40528.00,40540.0,35.83,14.00,1529.00,1543.0,99.18,2,18.83,4917,3.06,5227,51,4,14.00,0.00,14.0,0.00,0.00,0.0,0.00,61755.00,81.0
471,24.00,484.00,508.0,14.27,16.00,912.00,928.0,99.17,0,18.83,4917,3.06,5241,51,4,16.00,0.00,16.0,0.00,0.00,0.0,1.00,40841.00,69.1
472,16.00,16.00,32.0,16.31,33.00,1620.00,1653.0,99.18,4,18.83,4918,3.06,5227,51,4,32.00,0.00,32.0,0.00,0.00,0.0,2.00,74382.00,47.2
473,48.00,400.00,448.0,39.97,21.00,2521.00,2542.0,99.19,17,17.4,4917,3.06,5219,51,4,20.00,0.00,20.0,0.00,0.00,0.0,0.00,187187.00,47.6
474,788.00,524.00,1312.0,57.11,22.00,2379.00,2401.0,99.22,14,17.4,4916,3.06,5219,50,5,20.00,1.00,21.0,0.99,0.00,0.99,0.00,233933.00,59.2
475,8.00,1564.00,1572.0,64.13,18.00,2835.00,2853.0,99.27,16,17.4,4918,3.06,5210,50,5,18.00,0.00,18.0,0.00,0.00,0.0,3.00,217404.00,75.3
476,0.00,18512.00,18512.0,68.93,6.00,3181.00,3187.0,99.3,22,17.4,4918,3.06,5225,50,6,2.00,0.00,2.0,4.00,4.00,8.0,1.00,191905.00,80.8
477,16.00,40164.00,40180.0,59.77,0.00,2271.00,2271.0,99.23,33,17.4,4916,3.07,5209,50,5,0.00,0.00,0.0,0.00,0.00,0.0,0.00,143677.00,80.9
478,24.00,1160.00,1184.0,74.33,0.00,3549.00,3549.0,99.29,25,18.81,4918,3.07,5220,50,5,0.00,0.00,0.0,0.00,0.00,0.0,1.98,176951.49,80.5
479,48.00,29900.00,29948.0,70.14,4.00,2549.00,2553.0,99.28,29,18.81,4919,3.07,5226,51,4,4.00,1.00,5.0,0.00,0.00,0.0,1.00,207409.00,81.0
480,4.00,2436.00,2440.0,61.67,7.00,2369.00,2376.0,99.26,10,18.81,4918,3.08,5246,50,5,6.00,0.00,6.0,1.00,0.00,1.0,0.00,198026.00,81.1
481,52.00,22632.00,22684.0,60.84,13.00,2282.00,2295.0,99.3,4,18.81,4919,3.08,5258,50,5,12.00,0.00,12.0,0.00,0.00,0.0,2.00,130635.00,81.1
482,0.00,10384.00,10384.0,60.3,2.00,3208.00,3210.0,99.25,12,18.81,4918,3.10,5242,50,5,2.00,0.00,2.0,0.00,0.00,0.0,0.00,123834.00,81.1
483,668.00,500.00,1168.0,52.26,0.00,2643.00,2643.0,99.28,2,17.95,4918,3.10,5263,50,5,0.00,0.00,0.0,0.00,0.00,0.0,4.00,106480.00,75.6
484,4.00,380.00,384.0,16.33,1.00,1112.00,1113.0,99.29,0,17.95,4917,3.10,5263,50,5,0.00,0.00,0.0,0.00,0.00,0.0,0.00,78442.00,75.7
485,0.00,27664.00,27664.0,33.12,0.00,1780.00,1780.0,99.26,11,17.95,4917,3.10,5237,50,5,0.00,0.00,0.0,0.00,0.00,0.0,0.00,169272.00,53.1
486,0.00,5072.00,5072.0,59.39,4.00,2122.00,2126.0,99.24,4,17.95,4917,3.10,5217,51,4,0.00,1.00,1.0,4.00,4.00,8.0,2.00,181606.00,65.1
487,0.00,1036.00,1036.0,48.72,9.00,2679.00,2688.0,99.26,19,17.95,4919,3.10,5243,51,4,8.00,0.00,8.0,0.00,0.00,0.0,2.00,180682.00,74.6
488,72.00,104.00,176.0,52.19,10.00,2307.00,2317.0,99.29,4,17.07,4919,3.10,5235,51,4,10.00,0.00,10.0,0.00,0.00,0.0,1.00,150565.00,67.7
489,0.00,7712.00,7712.0,68.1,11.00,3143.00,3154.0,99.2,38,17.07,4919,3.13,5231,50,5,9.90,0.00,9.9,1.00,0.00,1.0,0.00,188586.00,75.9
490,36.00,356.00,392.0,80.3,6.00,4051.00,4057.0,99.26,27,17.07,4919,3.13,5235,50,5,4.00,0.00,4.0,0.00,0.00,0.0,1.00,122230.00,84.3
491,32.00,1132.00,1164.0,72.31,4.00,2965.00,2969.0,99.28,19,17.07,4919,3.13,5241,50,5,6.00,0.00,6.0,0.00,0.00,0.0,1.00,164940.00,84.4
492,152.00,71796.00,71948.0,64.58,12.00,2475.00,2487.0,99.27,6,17.07,4918,3.13,5225,50,5,12.00,0.00,12.0,0.00,0.00,0.0,0.00,147902.00,84.6
493,16.00,9484.00,9500.0,46.39,12.00,1926.00,1938.0,99.24,0,16.9,4917,3.14,5210,50,5,10.00,0.00,10.0,0.00,0.00,0.0,0.00,114351.00,84.6
494,12.00,1572.00,1584.0,61.86,4.00,3788.00,3792.0,99.28,17,16.9,4919,3.14,5226,51,4,6.00,1.00,7.0,0.00,0.00,0.0,2.00,194044.00,73.8
495,68.00,35072.00,35140.0,50.25,10.00,2822.00,2832.0,99.25,26,16.9,4917,3.15,5209,51,4,10.00,0.00,10.0,0.00,0.00,0.0,9.00,122833.00,74.4
496,4.00,868.00,872.0,50.82,20.00,2801.00,2821.0,99.27,5,16.9,4917,3.15,5215,51,4,16.00,0.00,16.0,0.00,0.00,0.0,1.00,183876.00,74.6
497,4.00,880.00,884.0,38.66,20.00,2626.00,2646.0,99.29,13,16.9,4918,3.15,5222,51,4,20.00,0.00,20.0,4.00,4.00,8.0,2.00,186292.00,74.8
498,16.00,35124.00,35140.0,45.8,21.00,2097.00,2118.0,99.21,5,16.43,4918,3.17,5237,51,5,20.00,0.00,20.0,1.00,1.00,2.0,1.00,205597.00,74.2
499,4.00,1108.00,1112.0,26.3,6.00,1860.00,1866.0,99.24,6,16.43,4918,3.17,5232,51,5,6.00,0.00,6.0,0.00,0.00,0.0,0.00,101099.00,74.4
500,0.00,548.00,548.0,33.42,0.00,2539.00,2539.0,99.27,1,16.43,4918,3.17,5232,51,5,0.00,0.00,0.0,0.00,0.00,0.0,0.00,154074.00,60.0
501,412.00,376.00,788.0,41.25,3.00,1922.00,1925.0,99.29,0,16.43,4917,3.17,5249,51,5,0.00,3.00,3.0,0.00,0.00,0.0,1.00,180879.00,66.0
502,4.00,39088.00,39092.0,15.91,2.00,907.00,909.0,99.24,1,16.43,4918,3.18,5264,51,4,0.00,2.00,2.0,0.00,0.00,0.0,2.00,55150.00,73.6
503,76.00,1968.00,2044.0,17.31,32.00,1877.00,1909.0,99.24,0,15.83,4918,3.18,5240,51,4,30.00,2.00,32.0,0.00,0.00,0.0,0.00,65355.00,52.5
504,2370.00,1172.00,3542.0,21.44,14.00,2014.00,2028.0,99.27,0,15.83,4917,3.18,5239,51,4,12.00,2.00,14.0,0.00,0.00,0.0,0.00,101856.00,52.4
505,1620.00,17028.00,18648.0,45.2,18.00,2385.00,2403.0,99.26,20,15.83,4917,3.18,5230,51,4,16.00,2.00,18.0,0.00,0.00,0.0,1.00,168914.00,53.0
506,28.00,928.00,956.0,45.36,18.00,2267.00,2285.0,99.28,9,15.83,4917,3.18,5247,51,4,14.00,0.00,14.0,0.00,0.00,0.0,2.00,190378.00,70.9
507,3.96,32241.58,32245.54,52.36,16.00,2530.00,2546.0,99.25,12,15.83,4915,3.20,5235,51,4,16.00,0.00,16.0,4.00,4.00,8.0,0.00,198956.00,70.9
508,0.00,2864.00,2864.0,59.39,4.00,3004.00,3008.0,99.23,20,16.65,4915,3.22,5231,51,4,2.00,2.00,4.0,0.00,0.00,0.0,1.00,178779.00,79.6
509,100.00,756.00,856.0,70.57,3.00,3460.00,3463.0,99.27,34,16.65,4917,3.22,5227,51,4,2.00,1.00,3.0,0.00,0.00,0.0,2.00,208491.00,79.3
510,4.00,34396.00,34400.0,76.44,3.00,2850.00,2853.0,99.31,35,16.65,4918,3.22,5239,51,4,0.00,2.00,2.0,0.00,0.00,0.0,1.00,138397.00,84.4
511,40.00,11568.00,11608.0,60.9,4.00,2000.00,2004.0,99.21,19,16.65,4918,3.23,5244,51,4,4.00,0.00,4.0,0.00,0.00,0.0,1.00,126646.00,84.6
512,0.00,648.00,648.0,59.77,5.94,2372.28,2378.2200000000003,99.25,0,16.65,4917,3.23,5227,51,4,4.00,0.00,4.0,0.00,0.00,0.0,0.00,176445.00,79.3
513,32.00,916.00,948.0,53.33,14.14,3224.24,3238.3799999999997,99.27,22,15.4,4918,3.23,5220,50,4,12.00,0.00,12.0,0.00,0.00,0.0,1.00,204711.00,79.5
514,12.00,44764.00,44776.0,39.34,13.86,3959.41,3973.27,99.21,1,15.4,4917,3.26,5216,50,4,14.00,0.00,14.0,0.00,0.00,0.0,0.00,118736.00,79.2
515,8.00,11900.00,11908.0,28.87,12.00,1576.00,1588.0,99.25,2,15.4,4917,3.26,5215,50,4,14.00,0.00,14.0,0.00,0.00,0.0,1.00,114362.00,78.9
516,4.00,444.00,448.0,29.04,17.00,1846.00,1863.0,99.27,1,15.4,4916,3.26,5242,50,4,12.00,0.00,12.0,0.00,0.00,0.0,1.00,125668.00,59.5
517,0.00,24348.00,24348.0,48.6,20.00,2508.00,2528.0,99.24,5,15.4,4917,3.26,5230,50,4,20.00,0.00,20.0,4.00,4.00,8.0,1.00,156640.00,59.7
518,120.00,1380.00,1500.0,57.09,16.00,2512.00,2528.0,99.25,1,14.96,4918,3.26,5227,50,4,16.00,0.00,16.0,0.00,0.00,0.0,3.00,185412.00,74.1
519,48.00,1828.00,1876.0,50.32,10.00,1838.00,1848.0,99.28,3,14.96,4918,3.26,5233,50,4,10.00,0.00,10.0,0.00,0.00,0.0,0.00,220685.00,81.2
520,28.00,30860.00,30888.0,42.57,12.00,2594.00,2606.0,99.3,3,14.96,4918,3.26,5214,50,4,12.00,0.00,12.0,0.00,0.00,0.0,1.00,148205.00,80.7
521,36.00,16564.00,16600.0,49.43,6.00,2607.00,2613.0,99.2,18,14.96,4918,3.30,5245,50,4,6.00,0.00,6.0,0.00,0.00,0.0,1.00,138134.00,70.9
522,12.00,556.00,568.0,74.34,4.00,4078.00,4082.0,99.27,25,14.96,4917,3.30,5243,50,4,4.00,0.00,4.0,0.00,0.00,0.0,0.00,190604.00,71.2
523,0.00,500.00,500.0,67.59,2.00,2783.00,2785.0,99.29,7,14.65,4915,3.30,5248,50,4,2.00,0.00,2.0,0.00,0.00,0.0,2.00,211824.00,85.4
524,8.00,39052.00,39060.0,64.78,8.00,1969.00,1977.0,99.27,16,14.65,4916,3.30,5245,50,4,8.00,0.00,8.0,0.00,0.00,0.0,1.00,200184.00,79.3
525,4.00,3220.00,3224.0,49.36,12.00,2460.00,2472.0,99.29,6,14.65,4917,3.30,5235,50,4,10.00,0.00,10.0,0.00,0.00,0.0,1.00,167238.00,79.4
526,16.00,5492.00,5508.0,56.14,4.00,3983.00,3987.0,99.21,4,14.65,4918,3.31,5234,50,4,6.00,0.00,6.0,0.00,0.00,0.0,2.00,180835.00,73.2
527,4.00,720.00,724.0,76.36,4.00,3695.00,3699.0,99.24,6,14.65,4918,3.31,5230,50,4,4.00,0.00,4.0,0.00,0.00,0.0,0.00,152323.00,78.4
528,4.00,960.00,964.0,44.94,7.00,2317.00,2324.0,99.27,6,13.87,4917,3.31,5235,50,4,7.00,0.00,7.0,0.00,0.00,0.0,0.00,124849.00,78.8
529,0.00,8400.00,8400.0,50.38,17.82,2955.45,2973.27,99.3,11,13.87,4917,3.31,5232,50,4,18.00,0.00,18.0,0.00,0.00,0.0,0.00,201511.00,73.6
530,8.00,44856.00,44864.0,43.11,12.00,1832.00,1844.0,99.26,1,13.87,4916,3.32,5241,50,4,12.00,0.00,12.0,0.00,0.00,0.0,0.00,217614.00,73.9
531,268.00,15956.00,16224.0,54.76,16.00,1932.00,1948.0,99.28,7,13.87,4915,3.32,5242,50,4,16.00,0.00,16.0,0.00,0.00,0.0,1.00,154336.00,74.0
532,104.00,28004.00,28108.0,60.51,26.00,2980.00,3006.0,99.2,1,13.87,4916,3.34,5239,51,5,22.00,3.00,25.0,1.00,1.00,2.0,1.00,127400.00,74.4
533,292.00,652.00,944.0,79.52,14.00,3476.00,3490.0,99.23,34,14.92,4917,3.34,5229,51,5,13.00,2.00,15.0,0.00,0.00,0.0,2.00,171851.00,75.0
534,3.96,887.13,891.09,76.66,2.00,2641.00,2643.0,99.26,32,14.92,4917,3.34,5234,51,5,0.00,2.00,2.0,0.00,0.00,0.0,0.00,188253.00,82.9
535,12.00,824.00,836.0,60.28,0.00,1974.00,1974.0,99.28,17,14.92,4917,3.34,5249,51,5,0.00,0.00,0.0,0.00,0.00,0.0,0.00,236706.00,83.0
536,72.00,45884.00,45956.0,70.78,2.00,1468.00,1470.0,99.26,14,14.92,4917,3.35,5244,51,4,0.00,0.00,0.0,0.00,0.00,0.0,1.00,178722.00,82.5
537,8.00,1496.00,1504.0,75.76,10.00,2941.00,2951.0,99.29,26,14.92,4917,3.35,5239,51,4,6.00,2.00,8.0,4.00,4.00,8.0,0.00,144268.00,82.6
538,4.00,23664.00,23668.0,48.68,12.00,3051.00,3063.0,99.25,14,15.33,4916,3.35,5248,51,4,10.00,1.00,11.0,0.00,0.00,0.0,0.00,119899.00,82.8
539,952.00,972.00,1924.0,56.74,17.00,3172.00,3189.0,99.29,5,15.33,4916,3.35,5256,51,4,14.00,2.00,16.0,0.00,0.00,0.0,1.00,124021.00,74.6
540,4.00,29632.00,29636.0,24.34,18.00,1354.00,1372.0,99.18,4,15.33,4916,3.37,5253,51,4,14.00,2.00,16.0,0.00,0.00,0.0,1.00,90227.00,74.8
541,28.00,128.00,156.0,47.84,19.00,1934.00,1953.0,99.21,4,15.33,4916,3.37,5240,51,4,20.00,1.00,21.0,0.00,0.00,0.0,1.00,169189.00,64.2
542,12.00,44.00,56.0,61.68,11.00,2160.00,2171.0,99.26,21,15.33,4916,3.37,5226,51,4,8.00,2.00,10.0,0.00,0.00,0.0,2.00,173186.00,74.3
543,604.00,1300.00,1904.0,61.2,0.00,2581.00,2581.0,99.29,5,14.74,4917,3.37,5223,51,4,0.00,0.00,0.0,0.00,0.00,0.0,5.00,189652.00,74.6
544,8.00,37168.00,37176.0,47.25,0.00,2132.00,2132.0,99.22,6,14.74,4917,3.37,5242,51,4,0.00,0.00,0.0,0.00,0.00,0.0,0.00,198686.00,80.2
545,56.00,712.00,768.0,50.58,2.00,4004.00,4006.0,99.26,10,14.74,4916,3.37,5231,51,4,0.00,1.00,1.0,0.00,0.00,0.0,1.00,178686.00,73.8
546,16.00,1128.00,1144.0,66.96,0.00,4321.00,4321.0,99.3,21,14.74,4916,3.37,5224,51,4,0.00,0.00,0.0,0.00,0.00,0.0,1.00,196746.00,74.2
547,0.00,41160.00,41160.0,69.84,8.00,2096.00,2104.0,99.2,14,14.74,4915,3.39,5240,51,4,4.00,0.00,4.0,4.00,4.00,8.0,0.00,195796.00,83.8
548,0.00,80.00,80.0,65.46,9.00,1712.00,1721.0,99.25,7,15.57,4915,3.39,5258,51,4,8.00,1.00,9.0,0.00,0.00,0.0,0.99,228723.76,83.2
549,28.00,392.00,420.0,59.6,10.00,2787.00,2797.0,99.26,19,15.57,4915,3.39,5221,51,4,10.00,0.00,10.0,0.00,0.00,0.0,1.00,177804.00,83.1
550,4.00,908.00,912.0,72.49,12.00,3554.00,3566.0,99.3,18,15.57,4915,3.39,5231,51,4,12.00,0.00,12.0,0.00,0.00,0.0,3.00,178194.00,83.1
551,20.00,6780.00,6800.0,72.09,10.00,4165.00,4175.0,99.23,22,15.57,4916,3.41,5215,51,4,10.00,0.00,10.0,0.00,0.00,0.0,2.00,144177.00,83.3
552,56.00,544.00,600.0,58.68,12.00,2751.00,2763.0,99.29,3,15.57,4915,3.41,5239,51,4,12.00,0.00,12.0,0.00,0.00,0.0,0.00,195772.00,83.7
553,4.00,72876.00,72880.0,45.69,4.00,2384.00,2388.0,99.25,12,15.84,4915,3.43,5233,51,4,2.00,0.00,2.0,0.00,0.00,0.0,2.00,204078.00,83.6
554,20.00,5984.00,6004.0,48.35,8.00,2151.00,2159.0,99.24,0,15.84,4916,3.43,5242,51,4,10.00,0.00,10.0,0.00,0.00,0.0,1.00,185332.00,73.8
555,16.00,716.00,732.0,36.62,14.00,2487.00,2501.0,99.25,1,15.84,4916,3.43,5243,51,4,14.00,0.00,14.0,0.00,0.00,0.0,1.00,147173.00,79.7
556,8.00,1252.00,1260.0,43.79,18.00,3035.00,3053.0,99.28,4,15.84,4916,3.43,5231,51,4,16.00,2.00,18.0,0.00,0.00,0.0,1.00,142907.00,67.4
557,116.00,668.00,784.0,45.94,18.00,3420.00,3438.0,99.29,8,15.84,4916,3.43,5221,51,4,18.00,0.00,18.0,0.00,0.00,0.0,0.00,175815.00,67.1
558,0.00,55872.00,55872.0,43.81,8.00,3105.00,3113.0,99.19,11,15.61,4915,3.44,5239,51,4,8.00,0.00,8.0,0.00,0.00,0.0,0.00,218282.00,67.4
559,152.00,1348.00,1500.0,54.17,18.00,2360.00,2378.0,99.21,18,15.61,4915,3.44,5244,51,4,18.00,0.00,18.0,0.00,0.00,0.0,0.00,245502.00,75.0
560,16.00,368.00,384.0,58.08,14.00,2360.00,2374.0,99.28,4,15.61,4916,3.44,5241,51,4,14.00,0.00,14.0,0.00,0.00,0.0,4.00,193366.00,75.2
561,4.00,38660.00,38664.0,50.76,10.00,3317.00,3327.0,99.25,24,15.61,4916,3.44,5221,51,4,10.00,0.00,10.0,0.00,0.00,0.0,1.00,153848.00,83.8
562,48.00,3812.00,3860.0,60.68,6.00,4343.00,4349.0,99.28,17,15.61,4916,3.44,5213,51,4,6.00,0.00,6.0,0.00,0.00,0.0,0.00,188329.00,74.9
563,4.00,34392.00,34396.0,70.19,3.00,3052.00,3055.0,99.26,25,16.85,4915,3.45,5229,51,4,2.00,1.00,3.0,0.00,0.00,0.0,1.00,165689.00,74.8
564,48.00,8664.00,8712.0,48.22,5.00,2239.00,2244.0,99.22,5,16.85,4914,3.46,5239,51,4,2.00,1.00,3.0,0.00,0.00,0.0,0.00,193759.00,82.9
565,223.00,2444.00,2667.0,41.6,20.00,1968.00,1988.0,99.24,3,16.85,4915,3.46,5237,51,4,22.00,0.00,22.0,0.00,0.00,0.0,4.00,188075.00,75.2
566,32.00,752.00,784.0,51.74,15.00,3318.00,3333.0,99.28,7,16.85,4916,3.46,5213,51,5,14.00,0.00,14.0,1.00,1.00,2.0,1.00,159401.00,75.7
567,12.00,44672.00,44684.0,58.85,20.00,3033.00,3053.0,99.26,3,16.85,4916,3.47,5207,51,5,16.00,0.00,16.0,4.00,4.00,8.0,0.00,137069.00,75.5
568,8.00,8540.00,8548.0,29.62,1.00,909.00,910.0,99.19,0,15.82,4916,3.49,5222,51,5,0.00,0.00,0.0,0.00,0.00,0.0,0.00,61914.00,82.0
569,0.00,716.00,716.0,5.73,1.00,447.00,448.0,99.2,5,15.82,4916,3.49,5218,51,5,1.00,1.00,2.0,0.00,0.00,0.0,0.00,31652.00,72.0
570,1576.00,84.00,1660.0,3.67,0.00,201.00,201.0,99.2,0,15.82,4915,3.49,5237,51,4,0.00,0.00,0.0,0.00,0.00,0.0,0.00,12042.00,42.0
571,1480.00,68.00,1548.0,7.6,31.00,1136.00,1167.0,99.21,0,15.82,4913,3.49,5218,50,4,23.00,3.00,26.0,0.00,0.00,0.0,1.00,29025.00,41.5
572,16.00,16.00,32.0,40.93,20.00,2158.00,2178.0,99.23,19,15.82,4914,3.49,5222,50,4,22.00,0.00,22.0,0.00,0.00,0.0,1.00,118956.00,41.4
573,0.00,676.00,676.0,49.19,20.00,2550.00,2570.0,99.26,12,15.11,4913,3.49,5205,50,4,21.78,0.00,21.78,0.00,0.00,0.0,0.00,152394.00,60.3
574,0.00,224.00,224.0,65.11,17.00,1731.00,1748.0,99.3,19,15.11,4913,3.49,5223,50,4,16.00,0.00,16.0,0.00,0.00,0.0,1.00,220762.00,75.8
575,36.00,5340.00,5376.0,63.25,10.00,3441.00,3451.0,99.21,19,15.11,4913,3.50,5202,50,4,10.00,0.00,10.0,0.00,0.00,0.0,3.00,228383.00,84.6
576,8.00,788.00,796.0,71.73,0.00,3171.00,3171.0,99.23,25,15.11,4916,3.50,5265,50,4,0.00,0.00,0.0,0.00,0.00,0.0,4.00,194355.00,84.3
577,120.00,884.00,1004.0,75.06,3.96,4840.59,4844.55,99.28,21,15.11,4916,3.50,5224,50,4,0.00,0.00,0.0,4.00,4.00,8.0,0.00,152705.00,84.5
578,39.60,71061.39,71100.99,64.63,0.00,2726.00,2726.0,99.19,21,14.94,4916,3.52,5259,50,4,0.00,0.00,0.0,0.00,0.00,0.0,0.99,155865.35,84.5
579,48.00,1008.00,1056.0,64.48,4.00,986.00,990.0,99.19,2,14.94,4916,3.52,5268,50,4,4.00,0.00,4.0,0.00,0.00,0.0,0.00,193142.00,84.5
580,28.00,1032.00,1060.0,58.2,14.00,2053.00,2067.0,99.24,10,14.94,4915,3.52,5243,50,4,14.00,0.00,14.0,0.00,0.00,0.0,0.00,172750.00,84.3
581,12.00,860.00,872.0,56.82,16.00,3203.00,3219.0,99.27,2,14.94,4915,3.52,5230,50,4,16.00,0.00,16.0,0.00,0.00,0.0,4.00,171624.00,83.7
582,588.00,63624.00,64212.0,60.36,22.00,4490.00,4512.0,99.29,12,14.94,4915,3.52,5224,50,4,20.00,0.00,20.0,0.00,0.00,0.0,0.00,129855.00,83.7
583,36.00,11720.00,11756.0,43.63,16.00,1874.00,1890.0,99.25,10,14.31,4915,3.52,5236,50,4,18.00,0.00,18.0,0.00,0.00,0.0,1.00,99395.00,83.3
584,0.00,744.00,744.0,39.97,12.00,2729.00,2741.0,99.27,13,14.31,4916,3.52,5231,50,4,12.00,0.00,12.0,0.00,0.00,0.0,0.00,215478.00,77.0
585,4.00,1100.00,1104.0,60.76,18.00,2300.00,2318.0,99.28,13,14.31,4915,3.52,5219,50,4,18.00,0.00,18.0,0.00,0.00,0.0,0.00,222058.00,76.4
586,4.00,37076.00,37080.0,58.48,22.00,1958.00,1980.0,99.25,12,14.31,4914,3.53,5225,50,4,20.00,0.00,20.0,0.00,0.00,0.0,1.00,194388.00,75.9
587,0.00,928.00,928.0,52.97,16.00,3101.00,3117.0,99.3,9,14.31,4915,3.53,5219,50,4,18.00,0.00,18.0,0.00,0.00,0.0,1.00,170546.00,76.2
588,8.00,24256.00,24264.0,66.08,18.00,3607.00,3625.0,99.26,1,16.04,4915,3.53,5181,50,4,18.00,0.00,18.0,0.00,0.00,0.0,4.00,156404.00,76.1
589,416.00,22332.00,22748.0,70.85,0.00,3560.00,3560.0,99.31,34,16.04,4916,3.53,5220,50,4,0.00,0.00,0.0,0.00,0.00,0.0,1.00,157759.00,82.0
590,20.00,4948.00,4968.0,73.8,4.00,2381.00,2385.0,99.27,15,16.04,4915,3.54,5210,50,4,4.00,0.00,4.0,0.00,0.00,0.0,0.00,178562.00,82.0
591,4.00,556.00,560.0,53.07,8.00,2111.00,2119.0,99.29,23,16.04,4916,3.54,5249,50,4,8.00,0.00,8.0,0.00,0.00,0.0,4.00,212090.00,82.2
592,180.00,2260.00,2440.0,47.22,21.00,2698.00,2719.0,99.26,0,16.04,4916,3.55,5242,50,4,20.00,0.00,20.0,0.00,0.00,0.0,0.00,144758.00,76.4
593,2080.00,40944.00,43024.0,54.16,18.00,3788.00,3806.0,99.3,8,15.48,4916,3.55,5261,50,4,18.00,0.00,18.0,0.00,0.00,0.0,0.00,181541.00,76.3
594,172.00,20844.00,21016.0,53.16,16.00,3917.00,3933.0,99.22,13,15.48,4915,3.56,5239,50,4,16.00,0.00,16.0,0.00,0.00,0.0,0.00,153864.00,76.3
595,276.00,1192.00,1468.0,46.43,14.00,2482.00,2496.0,99.23,3,15.48,4915,3.56,5238,50,4,14.00,0.00,14.0,0.00,0.00,0.0,1.00,166604.00,76.6
596,44.00,724.00,768.0,63.67,20.00,2452.00,2472.0,99.26,18,15.48,4915,3.56,5234,50,4,20.00,0.00,20.0,0.00,0.00,0.0,2.00,201686.00,76.7
597,16.00,168.00,184.0,59.67,22.00,2593.00,2615.0,99.3,18,15.48,4916,3.56,5222,50,4,17.82,0.00,17.82,4.00,4.00,8.0,1.00,188539.00,76.8
598,8.00,54968.00,54976.0,32.15,15.00,1929.00,1944.0,99.19,13,15.12,4916,3.59,5250,50,4,14.00,0.00,14.0,0.00,0.00,0.0,0.00,125549.00,77.0
