0,8.00,500.00,508.0,2.8,7.00,7.00,14.0,99.17,1,3.91,4267,0.61,4038,50,4,13.00,19.00,32.0,0.00,0.00,0.0,4.00,4829.00,35.0
1,0.00,256.00,256.0,1.91,5.00,10.00,15.0,99.17,1,3.91,4267,0.61,4043,50,5,1.00,1.00,2.0,2.00,2.00,4.0,1.00,5168.00,35.0
2,0.00,164.00,164.0,2.66,0.00,3.00,3.0,99.18,1,3.91,4267,0.61,4038,50,4,0.00,0.00,0.0,2.00,2.00,4.0,0.00,5107.00,35.1
3,0.00,756.00,756.0,1.4,0.00,0.00,0.0,99.18,1,3.91,4267,0.61,4038,50,4,0.00,0.00,0.0,0.00,0.00,0.0,0.00,4910.00,35.1
4,0.00,528.00,528.0,1.77,0.00,0.00,0.0,99.18,1,3.91,4267,0.61,4038,50,4,0.00,0.00,0.0,0.00,0.00,0.0,0.00,5016.00,35.0
5,0.00,20.00,20.0,2.16,0.00,0.00,0.0,99.18,1,3.6,4267,0.61,4038,50,4,0.00,0.00,0.0,0.00,0.00,0.0,0.00,4875.00,34.9
6,0.00,228.00,228.0,2.01,0.00,0.00,0.0,99.18,1,3.6,4267,0.61,4038,50,4,0.00,0.00,0.0,0.00,0.00,0.0,1.00,5117.00,34.9
7,0.00,208.00,208.0,2.77,0.00,0.00,0.0,99.18,1,3.6,4267,0.61,4038,50,4,0.00,0.00,0.0,0.00,0.00,0.0,0.00,5405.00,34.9
8,0.00,276.00,276.0,2.55,0.00,0.00,0.0,99.19,1,3.6,4267,0.61,4038,50,4,0.00,0.00,0.0,0.00,0.00,0.0,0.00,5113.00,34.9
9,1052.00,448.00,1500.0,2.54,1.00,6.00,7.0,99.19,1,3.6,4267,0.61,4040,50,4,0.00,0.00,0.0,0.00,0.00,0.0,0.00,5377.00,35.4
10,2680.00,396.00,3076.0,15.99,0.00,6.00,6.0,99.23,2,3.47,4267,0.61,4040,50,4,0.00,0.00,0.0,0.00,0.00,0.0,0.00,7392.00,53.9
11,1592.00,1048.00,2640.0,24.02,2.00,106.00,108.0,99.29,7,3.47,4287,0.61,4102,50,4,0.00,0.00,0.0,0.00,0.00,0.0,21.00,28982.00,61.3
12,2900.00,8520.00,11420.0,19.4,5.00,13.00,18.0,99.12,1,3.47,4306,0.62,4140,50,4,0.00,0.00,0.0,4.00,4.00,8.0,22.00,20031.00,60.8
13,3456.00,52.00,3508.0,13.76,0.00,120.00,120.0,99.16,2,3.47,4317,0.62,4151,50,4,0.00,0.00,0.0,0.00,0.00,0.0,11.00,19995.00,50.4
14,2124.00,116.00,2240.0,57.85,0.00,247.00,247.0,99.27,2,3.47,4338,0.62,4174,50,4,0.00,0.00,0.0,0.00,0.00,0.0,21.00,44865.00,79.3
15,1776.00,4348.00,6124.0,48.61,1.00,181.00,182.0,99.18,10,3.75,4383,0.62,4255,50,4,0.00,0.00,0.0,0.00,0.00,0.0,45.00,42189.00,79.0
16,772.00,40.00,812.0,77.99,0.00,498.00,498.0,99.24,10,3.75,4384,0.62,4239,50,4,0.00,0.00,0.0,0.00,0.00,0.0,2.00,59763.00,86.0
17,2708.00,320.00,3028.0,40.4,0.00,167.00,167.0,99.29,10,3.75,4413,0.62,4270,50,4,0.00,0.00,0.0,0.00,0.00,0.0,29.00,32220.00,68.2
18,1668.00,5228.00,6896.0,61.03,0.00,300.00,300.0,99.3,11,3.75,4427,0.62,4271,50,4,0.00,0.00,0.0,0.00,0.00,0.0,14.00,34589.00,80.2
19,828.00,3196.00,4024.0,52.22,0.00,438.00,438.0,99.28,2,3.75,4448,0.62,4311,50,4,0.00,0.00,0.0,0.00,0.00,0.0,21.00,37686.00,70.9
20,120.00,884.00,1004.0,5.92,1.00,1.00,2.0,99.27,1,3.85,4448,0.62,4311,50,4,0.00,0.00,0.0,0.00,0.00,0.0,0.00,5199.00,41.9
21,720.00,840.00,1560.0,5.26,0.00,13.00,13.0,99.29,1,3.85,4448,0.62,4313,50,4,0.00,0.00,0.0,0.00,0.00,0.0,1.00,6955.00,41.9
22,1728.00,3724.00,5452.0,17.12,6.00,14.00,20.0,99.29,3,3.85,4448,0.62,4316,50,4,2.00,1.00,3.0,4.00,4.00,8.0,4.00,8115.00,56.8
23,948.00,2828.00,3776.0,3.67,3.00,3.00,6.0,99.25,1,3.85,4449,0.63,4302,51,4,3.00,2.00,5.0,0.00,0.00,0.0,2.00,6849.00,43.1
24,2980.00,612.00,3592.0,5.9,11.00,11.00,22.0,99.23,3,3.85,4451,0.63,4305,51,4,11.00,9.00,20.0,0.00,0.00,0.0,2.00,8646.00,43.0
25,1372.00,684.00,2056.0,11.03,0.00,30.00,30.0,99.24,3,3.86,4451,0.63,4309,51,4,0.00,0.00,0.0,0.00,0.00,0.0,0.00,10720.00,53.4
26,928.00,596.00,1524.0,27.71,4.00,4.00,8.0,99.28,2,3.86,4449,0.63,4308,50,4,3.00,2.00,5.0,0.00,0.00,0.0,1.00,8190.00,65.9
27,604.00,3664.00,4268.0,18.08,0.00,66.00,66.0,99.27,1,3.86,4450,0.63,4310,50,4,0.00,0.00,0.0,0.00,0.00,0.0,1.00,15295.00,54.2
28,1200.00,3156.00,4356.0,51.46,0.99,450.50,451.49,99.3,14,3.86,4451,0.63,4343,50,4,0.00,0.00,0.0,0.00,0.00,0.0,1.00,40615.00,76.1
29,212.00,1656.00,1868.0,85.5,0.00,657.00,657.0,99.29,25,3.86,4456,0.63,4375,50,4,0.00,0.00,0.0,0.00,0.00,0.0,5.00,55935.00,89.3
30,1644.00,9540.00,11184.0,72.22,0.00,171.00,171.0,99.18,16,4.68,4474,0.65,4422,50,4,0.00,0.00,0.0,0.00,0.00,0.0,24.00,25782.00,82.6
31,1728.00,552.00,2280.0,42.22,0.00,200.00,200.0,99.23,12,4.68,4500,0.65,4455,50,4,0.00,0.00,0.0,0.00,0.00,0.0,27.00,35613.00,69.2
32,668.00,7376.00,8044.0,65.65,0.00,0.00,0.0,99.12,15,4.68,4533,0.66,4531,50,4,0.00,0.00,0.0,0.00,0.00,0.0,37.00,70173.00,84.0
33,456.00,56.00,512.0,89.76,0.00,0.00,0.0,99.18,10,4.68,4534,0.66,4547,50,4,0.00,0.00,0.0,0.00,0.00,0.0,1.00,69594.00,84.4
34,1464.00,120.00,1584.0,91.94,0.00,318.00,318.0,99.27,14,4.68,4544,0.66,4522,50,4,0.00,0.00,0.0,0.00,0.00,0.0,11.00,47920.00,84.9
35,1116.00,24.00,1140.0,69.05,0.00,200.00,200.0,99.26,22,4.7,4567,0.66,4567,50,4,0.00,0.00,0.0,0.00,0.00,0.0,23.00,36628.00,84.9
36,464.00,10228.00,10692.0,79.39,0.00,229.00,229.0,99.21,12,4.7,4578,0.67,4616,50,4,0.00,0.00,0.0,0.00,0.00,0.0,12.00,36579.00,85.0
37,1308.00,3104.00,4412.0,42.31,0.00,363.00,363.0,99.14,3,4.7,4595,0.68,4602,50,4,0.00,0.00,0.0,0.00,0.00,0.0,18.00,31971.00,67.6
38,2536.00,76.00,2612.0,54.6,1.00,445.00,446.0,99.21,6,4.7,4606,0.67,4613,50,4,0.00,0.00,0.0,0.00,0.00,0.0,11.00,47398.00,80.0
39,1704.00,4676.00,6380.0,72.36,0.00,205.00,205.0,99.3,26,4.7,4643,0.67,4663,50,4,0.00,0.00,0.0,0.00,0.00,0.0,38.00,48614.00,85.8
40,1436.00,1600.00,3036.0,78.04,0.00,770.00,770.0,99.11,13,5.45,4653,0.68,4686,50,4,0.00,0.00,0.0,0.00,0.00,0.0,10.00,38863.00,85.9
41,1576.00,340.00,1916.0,50.06,1.00,374.00,375.0,99.18,0,5.45,4673,0.68,4725,50,4,0.00,0.00,0.0,0.00,0.00,0.0,21.00,32649.00,71.2
42,1924.00,424.00,2348.0,45.37,4.00,368.00,372.0,99.26,8,5.45,4702,0.68,4773,50,4,0.00,0.00,0.0,4.00,4.00,8.0,30.00,36136.00,77.4
43,460.00,15508.00,15968.0,19.87,0.00,0.00,0.0,99.17,0,5.45,4702,0.71,4763,50,4,0.00,0.00,0.0,0.00,0.00,0.0,5.00,17611.00,47.8
44,352.00,1128.00,1480.0,4.07,1.00,1.00,2.0,99.16,1,5.45,4701,0.71,4753,50,4,0.00,0.00,0.0,0.00,0.00,0.0,0.00,6452.00,38.2
45,132.00,1036.00,1168.0,2.77,0.00,4.00,4.0,99.17,2,5.17,4700,0.71,4743,50,4,0.00,0.00,0.0,0.00,0.00,0.0,0.00,6006.00,38.3
46,1112.00,716.00,1828.0,22.95,0.00,62.00,62.0,99.18,4,5.17,4699,0.71,4734,50,4,0.00,0.00,0.0,0.00,0.00,0.0,1.00,11855.00,62.9
47,1532.00,764.00,2296.0,25.0,0.00,18.00,18.0,99.26,0,5.17,4700,0.71,4738,50,4,0.00,0.00,0.0,0.00,0.00,0.0,1.00,10641.00,54.9
48,1812.00,728.00,2540.0,9.77,0.00,75.00,75.0,99.29,1,5.17,4699,0.71,4730,50,4,0.00,0.00,0.0,0.00,0.00,0.0,0.00,10698.00,47.3
49,1012.00,9776.00,10788.0,28.98,0.00,113.00,113.0,99.12,1,5.17,4698,0.72,4708,50,4,0.00,0.00,0.0,0.00,0.00,0.0,4.00,15174.00,63.0
50,916.00,908.00,1824.0,28.32,0.00,213.86,213.86,99.16,23,5.24,4698,0.72,4714,50,4,0.00,0.00,0.0,0.00,0.00,0.0,0.00,20792.00,63.0
51,629.70,700.99,1330.69,91.22,0.00,1307.00,1307.0,99.24,32,5.24,4703,0.72,4759,50,4,0.00,0.00,0.0,0.00,0.00,0.0,6.00,68360.00,88.5
52,536.00,1476.00,2012.0,91.34,4.00,984.00,988.0,99.3,22,5.24,4712,0.72,4793,50,4,0.00,0.00,0.0,4.00,4.00,8.0,10.00,53031.00,88.5
53,348.00,17024.00,17372.0,75.03,0.00,326.00,326.0,99.18,11,5.24,4722,0.75,4832,50,4,0.00,0.00,0.0,0.00,0.00,0.0,9.00,33133.00,87.9
54,1540.00,852.00,2392.0,57.87,0.00,178.00,178.0,99.24,2,5.24,4732,0.75,4851,50,4,0.00,0.00,0.0,0.00,0.00,0.0,10.00,47386.00,75.8
55,888.00,3900.00,4788.0,60.41,0.00,718.00,718.0,99.28,2,5.7,4751,0.75,4935,50,4,0.00,0.00,0.0,0.00,0.00,0.0,20.00,53135.00,76.2
56,2136.00,6068.00,8204.0,23.43,0.00,0.00,0.0,99.18,5,5.7,4780,0.77,4974,50,4,0.00,0.00,0.0,0.00,0.00,0.0,29.00,24755.00,61.6
57,1464.00,408.00,1872.0,52.62,0.00,263.00,263.0,99.22,1,5.7,4790,0.77,4961,50,4,0.00,0.00,0.0,0.00,0.00,0.0,10.00,32898.00,74.1
58,1204.00,268.00,1472.0,7.86,19.00,23.00,42.0,99.28,1,5.7,4791,0.77,4964,52,5,14.00,16.00,30.0,1.00,1.00,2.0,2.00,10021.00,40.8
59,28.00,408.00,436.0,3.05,2.00,52.00,54.0,99.28,1,5.7,4791,0.77,4964,52,5,0.00,2.00,2.0,0.00,0.00,0.0,0.00,5231.00,40.3
60,52.00,952.00,1004.0,2.02,5.00,9.00,14.0,99.26,1,5.32,4789,0.77,4960,51,5,3.00,4.00,7.0,0.00,0.00,0.0,0.00,5716.00,39.7
61,4.00,236.00,240.0,1.78,1.00,19.00,20.0,99.25,1,5.32,4789,0.77,4960,51,5,0.00,1.00,1.0,0.00,0.00,0.0,1.00,5381.00,39.2
62,1128.00,116.00,1244.0,8.06,6.00,96.00,102.0,99.25,1,5.32,4788,0.77,4976,51,4,0.00,2.00,2.0,4.00,4.00,8.0,0.00,7152.00,39.5
63,928.00,776.00,1704.0,14.7,11.00,439.00,450.0,99.26,10,5.32,4787,0.77,4966,51,4,4.00,1.00,5.0,0.00,0.00,0.0,0.00,15308.00,52.1
64,28.00,832.00,860.0,18.42,0.00,578.00,578.0,99.28,7,5.32,4787,0.77,4969,51,4,6.00,0.00,6.0,0.00,0.00,0.0,0.00,13428.00,51.5
65,112.00,148.00,260.0,21.93,28.00,511.00,539.0,99.28,1,5.06,4786,0.77,4954,51,4,28.00,0.00,28.0,0.00,0.00,0.0,0.00,10426.00,52.1
66,160.00,0.00,160.0,12.58,24.00,565.00,589.0,99.29,2,5.06,4786,0.77,4954,51,4,22.00,1.00,23.0,0.00,0.00,0.0,1.00,11753.00,45.8
67,556.00,12924.00,13480.0,68.62,37.00,1245.00,1282.0,99.24,5,5.06,4787,0.78,4958,51,4,36.00,0.00,36.0,0.00,0.00,0.0,1.00,54756.00,85.7
68,272.00,596.00,868.0,66.12,0.00,1339.00,1339.0,99.29,20,5.06,4797,0.78,4996,51,4,0.00,0.00,0.0,0.00,0.00,0.0,10.00,58321.00,85.3
69,284.00,13972.00,14256.0,75.34,1.00,1309.00,1310.0,99.19,4,5.06,4798,0.81,5022,51,4,0.00,1.00,1.0,0.00,0.00,0.0,1.00,70777.00,85.1
70,4.00,1092.00,1096.0,33.58,2.00,48.00,50.0,99.19,3,5.05,4798,0.81,5022,51,4,0.00,1.00,1.0,0.00,0.00,0.0,0.00,5741.00,67.0
71,244.00,872.00,1116.0,32.62,5.00,31.00,36.0,99.21,3,5.05,4798,0.81,5022,51,4,1.00,2.00,3.0,0.00,0.00,0.0,1.00,7632.00,67.0
72,2564.00,676.00,3240.0,35.3,4.00,90.00,94.0,99.26,3,5.05,4798,0.81,5025,51,4,0.00,0.00,0.0,4.00,4.00,8.0,0.00,9481.00,67.1
73,1868.00,628.00,2496.0,31.95,1.00,1.00,2.0,99.28,4,5.05,4798,0.81,5028,51,4,0.00,0.00,0.0,0.00,0.00,0.0,0.00,8620.00,67.1
74,432.00,15572.00,16004.0,18.95,1.00,1.00,2.0,99.15,2,5.05,4790,0.83,5030,51,4,1.00,1.00,2.0,0.00,0.00,0.0,2.00,7347.00,55.2
75,2068.00,552.00,2620.0,6.69,0.00,9.00,9.0,99.17,4,4.89,4790,0.83,5034,51,4,0.00,0.00,0.0,0.00,0.00,0.0,0.00,8482.00,45.8
76,1200.00,492.00,1692.0,37.42,0.00,231.00,231.0,99.22,28,4.89,4790,0.83,5055,51,4,0.00,0.00,0.0,0.00,0.00,0.0,1.00,25952.00,69.4
77,1628.00,348.00,1976.0,93.36,0.00,695.00,695.0,99.27,35,4.89,4790,0.83,5083,51,4,0.00,0.00,0.0,0.00,0.00,0.0,2.00,56000.00,88.4
78,248.00,4896.00,5144.0,89.65,2.00,491.00,493.0,99.3,37,4.89,4785,0.84,5098,51,4,1.00,2.00,3.0,0.00,0.00,0.0,4.00,53759.00,88.2
79,952.00,6556.00,7508.0,85.23,1.00,727.00,728.0,99.2,6,4.89,4802,0.85,5108,51,4,0.00,1.00,1.0,0.00,0.00,0.0,18.00,41856.00,88.1
80,2832.00,100.00,2932.0,54.17,2.00,10.00,12.0,99.19,3,4.74,4812,0.85,5189,51,4,1.00,1.00,2.0,0.00,0.00,0.0,10.00,28474.00,77.8
81,1604.00,32.00,1636.0,73.08,0.99,32.67,33.660000000000004,99.28,30,4.74,4828,0.85,5212,51,4,0.00,0.00,0.0,0.00,0.00,0.0,19.00,72305.00,85.5
82,916.00,8724.00,9640.0,86.23,5.00,243.00,248.0,99.3,36,4.74,4836,0.85,5191,51,4,0.00,1.00,1.0,4.00,4.00,8.0,9.00,91918.00,85.7
83,4.00,9504.00,9508.0,83.38,0.00,211.00,211.0,99.19,38,4.74,4836,0.88,5148,51,4,0.00,0.00,0.0,0.00,0.00,0.0,0.00,80549.00,85.9
84,756.00,76.00,832.0,87.61,0.00,332.00,332.0,99.26,34,4.74,4835,0.88,5153,51,4,0.00,0.00,0.0,0.00,0.00,0.0,0.00,92681.00,85.9
85,248.00,7944.00,8192.0,90.61,2.00,341.00,343.0,99.3,30,6.76,4833,0.88,5121,51,4,0.00,1.00,1.0,0.00,0.00,0.0,0.00,66576.00,86.0
86,736.00,228.00,964.0,63.58,3.00,470.00,473.0,99.28,5,6.76,4840,0.88,5130,51,4,2.00,3.00,5.0,0.00,0.00,0.0,11.00,24369.00,78.7
87,1896.00,4352.00,6248.0,62.58,0.00,853.00,853.0,99.26,20,6.76,4851,0.89,5122,51,4,0.00,0.00,0.0,0.00,0.00,0.0,11.00,47558.00,79.2
88,2248.00,480.00,2728.0,87.94,0.00,949.00,949.0,99.3,8,6.76,4868,0.89,5165,51,4,0.00,0.00,0.0,0.00,0.00,0.0,17.00,48022.00,87.5
89,404.00,10468.00,10872.0,74.05,1.00,1275.00,1276.0,99.3,14,6.76,4869,0.91,5163,51,4,0.00,1.00,1.0,0.00,0.00,0.0,2.00,68717.00,87.2
90,4.00,4204.00,4208.0,84.07,1.00,534.00,535.0,99.25,38,7.9,4870,0.92,5171,51,4,0.00,0.00,0.0,0.00,0.00,0.0,1.00,89860.00,87.1
91,732.00,36.00,768.0,90.11,1.00,276.00,277.0,99.28,28,7.9,4870,0.92,5167,51,4,1.00,2.00,3.0,0.00,0.00,0.0,1.00,78772.00,87.2
92,1236.00,14992.00,16228.0,54.82,4.00,311.00,315.0,99.23,2,7.9,4879,0.93,5154,51,4,0.00,0.00,0.0,4.00,4.00,8.0,10.00,26682.00,73.6
93,1492.00,252.00,1744.0,65.96,13.00,150.00,163.0,99.25,57,7.9,4884,0.93,5227,52,4,13.00,10.00,23.0,0.00,0.00,0.0,5.00,56565.00,84.4
94,52.00,100.00,152.0,85.31,1.00,1.00,2.0,99.27,50,7.9,4884,0.93,5218,51,4,0.00,0.00,0.0,0.00,0.00,0.0,0.00,107164.00,84.5
95,72.00,28.00,100.0,86.64,2.00,68.00,70.0,99.29,40,10.15,4884,0.93,5233,50,4,2.00,2.00,4.0,0.00,0.00,0.0,2.00,104973.00,84.7
96,24.00,11740.00,11764.0,87.97,1.00,57.00,58.0,99.3,47,10.15,4882,0.93,5260,50,4,0.00,0.00,0.0,0.00,0.00,0.0,5.00,90558.00,84.9
97,16.00,3436.00,3452.0,83.48,0.00,134.00,134.0,99.25,49,10.15,4868,0.94,5254,50,4,0.00,0.00,0.0,0.00,0.00,0.0,1.00,102009.00,85.0
98,184.00,480.00,664.0,85.48,0.00,158.00,158.0,99.28,34,10.15,4867,0.94,5208,50,4,0.00,0.00,0.0,0.00,0.00,0.0,1.00,110478.00,85.3
99,264.00,18648.00,18912.0,81.25,0.00,674.26,674.26,99.19,25,10.15,4868,0.97,5142,50,4,0.00,0.00,0.0,0.00,0.00,0.0,6.00,96001.00,85.5
100,216.00,1040.00,1256.0,88.44,2.00,701.00,703.0,99.19,17,10.94,4865,0.97,5162,50,4,1.00,1.00,2.0,0.00,0.00,0.0,1.00,86030.00,85.7
101,2156.00,856.00,3012.0,88.16,0.00,383.00,383.0,99.24,32,10.94,4865,0.97,5183,50,4,0.00,0.00,0.0,0.00,0.00,0.0,1.00,97325.00,86.1
102,132.00,12816.00,12948.0,91.88,0.00,601.00,601.0,99.3,30,10.94,4874,0.97,5179,50,4,0.00,0.00,0.0,0.00,0.00,0.0,9.00,59391.00,86.5
103,288.00,10032.00,10320.0,90.0,1.00,382.00,383.0,99.18,23,10.94,4874,1.00,5176,50,4,0.00,0.00,0.0,0.00,0.00,0.0,1.00,41792.00,86.9
104,332.00,320.00,652.0,90.74,0.00,636.00,636.0,99.18,44,10.94,4874,1.00,5177,50,4,0.00,0.00,0.0,0.00,0.00,0.0,1.00,69511.00,87.0
105,248.00,72.00,320.0,92.62,0.00,721.00,721.0,99.23,62,14.31,4875,1.00,5181,50,4,0.00,0.00,0.0,0.00,0.00,0.0,1.00,63147.00,87.1
106,20.00,524.00,544.0,93.12,0.00,727.00,727.0,99.26,50,14.31,4877,1.00,5163,50,4,0.00,0.00,0.0,0.00,0.00,0.0,3.00,55991.00,87.2
107,2072.00,792.00,2864.0,94.0,0.00,688.00,688.0,99.28,53,14.31,4876,1.00,5143,50,4,0.00,0.00,0.0,0.00,0.00,0.0,0.00,48473.00,87.3
108,488.00,24112.00,24600.0,85.86,0.00,740.00,740.0,99.15,65,14.31,4876,1.04,5133,50,4,0.00,0.00,0.0,0.00,0.00,0.0,1.00,53371.00,87.4
109,372.00,980.00,1352.0,92.75,3.00,693.00,696.0,99.17,73,14.31,4877,1.04,5145,51,5,0.00,3.00,3.0,1.00,1.00,2.0,6.00,58309.00,87.5
110,36.00,836.00,872.0,90.88,2.00,829.00,831.0,99.21,71,19.49,4877,1.04,5147,51,5,0.00,2.00,2.0,0.00,0.00,0.0,6.00,67156.00,87.5
111,8.00,100.00,108.0,91.0,3.00,746.00,749.0,99.23,69,19.49,4876,1.04,5142,51,5,1.00,3.00,4.0,0.00,0.00,0.0,2.00,70780.00,87.4
112,8.00,204.00,212.0,91.62,6.00,718.00,724.0,99.27,70,19.49,4877,1.04,5159,51,5,0.00,2.00,2.0,4.00,4.00,8.0,1.00,71758.00,87.5
113,40.00,13488.00,13528.0,90.0,2.00,718.00,720.0,99.3,34,19.49,4877,1.04,5161,51,4,0.00,2.00,2.0,0.00,0.00,0.0,0.00,66845.00,87.5
114,28.00,8220.00,8248.0,88.11,8.00,815.00,823.0,99.18,47,19.49,4877,1.06,5154,51,4,6.00,2.00,8.0,0.00,0.00,0.0,1.00,49261.00,87.7
115,16.00,460.00,476.0,92.24,8.00,1141.00,1149.0,99.2,63,22.41,4876,1.06,5149,51,4,6.00,2.00,8.0,0.00,0.00,0.0,0.00,63355.00,87.7
116,28.00,376.00,404.0,92.51,9.00,1053.00,1062.0,99.24,48,22.41,4876,1.06,5152,51,4,4.00,1.00,5.0,0.00,0.00,0.0,1.00,53638.00,87.7
117,32.00,936.00,968.0,93.75,12.00,1253.00,1265.0,99.27,52,22.41,4875,1.06,5142,51,4,16.00,0.00,16.0,0.00,0.00,0.0,2.00,55754.00,87.7
118,180.00,244.00,424.0,92.5,12.00,1255.00,1267.0,99.27,45,22.41,4876,1.06,5138,51,4,12.00,0.00,12.0,0.00,0.00,0.0,1.00,62171.00,87.7
119,72.00,836.00,908.0,92.0,14.00,1239.00,1253.0,99.29,38,22.41,4877,1.06,5146,51,4,10.00,2.00,12.0,0.00,0.00,0.0,2.00,57169.00,87.8
120,48.00,25580.00,25628.0,86.23,15.00,785.00,800.0,99.18,46,24.62,4880,1.09,5145,51,4,16.00,1.00,17.0,0.00,0.00,0.0,3.00,60363.00,87.9
121,112.00,1664.00,1776.0,93.0,10.00,819.00,829.0,99.23,62,24.62,4879,1.09,5139,51,4,10.00,0.00,10.0,0.00,0.00,0.0,2.00,58830.00,88.1
122,132.00,572.00,704.0,91.01,14.00,917.00,931.0,99.24,55,24.62,4880,1.09,5137,51,4,10.00,0.00,10.0,4.00,4.00,8.0,0.00,69635.00,88.0
123,0.00,56.00,56.0,91.49,10.00,945.00,955.0,99.27,47,24.62,4879,1.09,5131,51,4,10.00,0.00,10.0,0.00,0.00,0.0,0.00,76782.00,88.0
124,68.00,12636.00,12704.0,85.27,4.00,1030.00,1034.0,99.3,47,24.62,4877,1.09,5127,51,4,4.00,0.00,4.0,0.00,0.00,0.0,1.00,72294.00,88.0
125,28.00,8272.00,8300.0,85.5,4.00,1003.00,1007.0,99.19,49,26.81,4875,1.11,5133,51,4,4.00,0.00,4.0,0.00,0.00,0.0,0.00,92764.00,88.0
126,0.00,392.00,392.0,88.24,1.00,1170.00,1171.0,99.22,70,26.81,4876,1.11,5140,51,4,0.00,0.00,0.0,0.00,0.00,0.0,3.00,112400.00,87.8
127,16.00,432.00,448.0,86.25,4.00,720.00,724.0,99.24,54,26.81,4875,1.11,5160,51,4,0.00,3.00,3.0,0.00,0.00,0.0,0.00,111677.00,87.6
128,1080.00,812.00,1892.0,88.12,15.00,849.00,864.0,99.28,63,26.81,4877,1.11,5156,52,4,14.00,11.00,25.0,0.00,0.00,0.0,2.00,105082.00,87.6
129,60.00,496.00,556.0,88.36,1.00,660.00,661.0,99.3,43,26.81,4877,1.11,5192,52,4,0.00,0.00,0.0,0.00,0.00,0.0,0.00,96278.00,87.5
130,400.00,29776.00,30176.0,86.73,3.00,272.00,275.0,99.19,14,27.55,4876,1.14,5204,51,4,2.00,3.00,5.0,0.00,0.00,0.0,1.00,48896.00,87.7
131,224.00,52.00,276.0,81.4,1.00,498.00,499.0,99.2,37,27.55,4876,1.14,5179,51,4,0.00,0.00,0.0,0.00,0.00,0.0,1.98,92628.71,87.5
132,20.00,200.00,220.0,88.0,5.00,696.00,701.0,99.22,38,27.55,4876,1.14,5159,51,4,0.00,0.00,0.0,4.00,4.00,8.0,1.00,100673.00,87.4
133,16.00,64.00,80.0,86.38,0.00,692.00,692.0,99.25,43,27.55,4876,1.14,5163,51,4,0.00,0.00,0.0,0.00,0.00,0.0,2.00,100571.00,87.4
134,16.00,21528.00,21544.0,81.15,0.00,871.00,871.0,99.23,47,27.55,4877,1.16,5164,51,4,0.00,0.00,0.0,0.00,0.00,0.0,2.00,92677.00,87.3
135,64.00,640.00,704.0,87.75,2.00,847.00,849.0,99.26,67,29.19,4878,1.16,5170,50,4,0.00,1.00,1.0,0.00,0.00,0.0,1.00,100682.00,87.3
136,4.00,284.00,288.0,87.88,0.00,692.00,692.0,99.26,55,29.19,4878,1.16,5150,50,4,0.00,0.00,0.0,0.00,0.00,0.0,2.00,98449.00,87.2
137,116.00,356.00,472.0,85.62,0.00,471.00,471.0,99.27,45,29.19,4884,1.16,5187,50,4,0.00,0.00,0.0,0.00,0.00,0.0,6.00,110026.00,87.2
138,28.00,120.00,148.0,86.98,2.00,466.00,468.0,99.27,55,29.19,4882,1.16,5195,50,4,2.00,0.00,2.0,0.00,0.00,0.0,2.00,105974.00,87.1
139,338.00,18868.00,19206.0,83.38,2.00,557.00,559.0,99.3,42,29.19,4883,1.16,5205,50,4,2.00,0.00,2.0,0.00,0.00,0.0,6.00,111742.00,87.0
140,2520.00,25336.00,27856.0,82.5,3.00,566.00,569.0,99.15,46,30.21,4884,1.24,5198,50,4,2.00,0.00,2.0,0.00,0.00,0.0,3.00,93943.00,87.0
141,84.00,64.00,148.0,86.61,0.00,462.00,462.0,99.14,47,30.21,4885,1.24,5189,50,4,0.00,0.00,0.0,0.00,0.00,0.0,2.00,113113.00,87.0
142,1876.00,988.00,2864.0,87.75,0.00,991.00,991.0,99.18,72,30.21,4884,1.24,5169,50,4,0.00,0.00,0.0,0.00,0.00,0.0,4.00,115132.00,87.0
143,8.00,516.00,524.0,87.86,5.00,1110.00,1115.0,99.17,52,30.21,4884,1.24,5151,51,5,0.00,4.00,4.0,1.00,1.00,2.0,2.00,106566.00,86.9
144,2052.00,168.00,2220.0,91.26,2.00,1030.00,1032.0,99.21,81,30.21,4887,1.24,5163,51,5,0.00,2.00,2.0,0.00,0.00,0.0,3.00,84889.00,86.9
145,120.00,624.00,744.0,90.75,1.00,767.00,768.0,99.23,65,32.28,4886,1.24,5172,51,5,0.00,1.00,1.0,0.00,0.00,0.0,1.00,83533.00,86.9
146,24.00,224.00,248.0,89.62,1.00,808.00,809.0,99.25,64,32.28,4887,1.24,5158,51,5,0.00,0.00,0.0,0.00,0.00,0.0,3.00,94724.00,86.9
147,118.81,388.12,506.93,86.62,0.00,1125.00,1125.0,99.28,66,32.28,4887,1.24,5157,51,4,0.00,0.00,0.0,0.00,0.00,0.0,1.00,94534.00,86.9
148,1536.00,180.00,1716.0,89.72,1.00,1424.00,1425.0,99.3,80,32.28,4886,1.24,5165,51,4,0.00,0.99,0.99,0.00,0.00,0.0,0.00,92470.30,86.9
149,328.71,35152.48,35481.19,83.91,0.00,968.00,968.0,99.16,56,32.28,4883,1.24,5168,51,4,0.00,0.00,0.0,0.00,0.00,0.0,0.00,74941.00,86.9
150,1004.00,500.00,1504.0,90.5,0.00,920.00,920.0,99.17,61,35.06,4883,1.24,5175,51,4,0.00,0.00,0.0,0.00,0.00,0.0,1.00,82623.00,87.0
151,8.00,112.00,120.0,90.0,4.00,981.00,985.0,99.19,57,35.06,4882,1.24,5170,51,4,2.00,2.00,4.0,0.00,0.00,0.0,2.00,91248.00,86.9
152,2860.00,832.00,3692.0,89.62,10.00,1146.00,1156.0,99.21,66,35.06,4883,1.24,5177,51,4,6.00,0.00,6.0,4.00,4.00,8.0,2.00,76172.00,87.0
153,760.00,1000.00,1760.0,91.24,16.00,1248.00,1264.0,99.28,57,35.06,4884,1.24,5204,51,4,16.00,0.00,16.0,0.00,0.00,0.0,1.00,75540.00,87.0
154,1300.00,24948.00,26248.0,85.02,12.00,1148.00,1160.0,99.21,39,35.06,4884,1.27,5203,51,4,8.00,1.00,9.0,0.00,0.00,0.0,2.00,63405.00,87.1
155,1932.00,744.00,2676.0,90.35,6.00,1356.00,1362.0,99.23,51,35.86,4886,1.27,5200,51,4,6.00,0.00,6.0,0.00,0.00,0.0,4.00,83721.00,87.2
156,2092.00,288.00,2380.0,87.75,8.00,1383.00,1391.0,99.24,44,35.86,4888,1.27,5210,51,4,8.00,0.00,8.0,0.00,0.00,0.0,4.00,105817.00,87.1
157,680.00,428.00,1108.0,90.12,8.00,1335.00,1343.0,99.26,54,35.86,4887,1.27,5201,52,5,8.00,2.00,10.0,1.00,1.00,2.0,1.00,94720.00,87.2
158,96.00,768.00,864.0,90.5,13.00,1003.00,1016.0,99.28,56,35.86,4887,1.27,5218,51,5,10.00,0.00,10.0,0.00,0.00,0.0,1.00,90929.00,87.2
159,32.00,27084.00,27116.0,80.6,8.00,1154.00,1162.0,99.21,38,35.86,4886,1.29,5214,51,5,8.00,0.00,8.0,0.00,0.00,0.0,0.00,85570.00,87.2
160,4.00,6668.00,6672.0,87.0,16.00,1351.00,1367.0,99.12,48,35.79,4885,1.32,5204,51,5,14.00,2.00,16.0,0.00,0.00,0.0,0.00,103501.00,87.1
161,980.00,1756.00,2736.0,86.88,12.00,1273.00,1285.0,99.16,50,35.79,4884,1.32,5214,52,5,8.00,3.00,11.0,1.00,1.00,2.0,2.00,109297.00,87.0
162,312.00,1512.00,1824.0,84.02,10.00,1199.00,1209.0,99.17,51,35.79,4885,1.32,5221,52,5,6.00,0.00,6.0,4.00,4.00,8.0,2.00,129429.00,87.0
163,1560.00,348.00,1908.0,84.88,14.00,914.00,928.0,99.19,49,35.79,4887,1.32,5238,53,5,14.00,11.00,25.0,0.00,0.00,0.0,3.00,128844.00,87.0
164,8.00,420.00,428.0,83.83,1.00,697.00,698.0,99.22,45,35.79,4886,1.32,5266,53,5,0.00,1.00,1.0,0.00,0.00,0.0,1.00,124990.00,87.0
165,476.00,56.00,532.0,83.5,3.00,657.00,660.0,99.23,32,35.72,4884,1.32,5261,51,4,2.00,2.00,4.0,0.00,0.00,0.0,0.00,137781.00,86.9
166,16.00,556.00,572.0,85.02,0.00,855.00,855.0,99.24,28,35.72,4885,1.32,5244,51,4,0.00,0.00,0.0,0.00,0.00,0.0,3.00,134478.00,86.8
167,3.96,67.33,71.28999999999999,82.98,0.00,1245.00,1245.0,99.27,48,35.72,4886,1.32,5264,51,4,0.00,0.00,0.0,0.00,0.00,0.0,1.00,152822.00,86.7
168,40.00,792.00,832.0,83.23,0.00,958.00,958.0,99.28,52,35.72,4887,1.32,5227,51,4,0.00,0.00,0.0,0.00,0.00,0.0,3.00,141005.00,86.8
169,820.00,46420.00,47240.0,66.71,6.00,710.00,716.0,99.26,38,35.72,4889,1.32,5244,51,5,0.00,4.00,4.0,2.00,2.00,4.0,8.00,74963.00,81.6
170,20.00,1132.00,1152.0,85.11,2.00,733.00,735.0,99.26,53,37.11,4891,1.32,5248,52,5,0.00,3.00,3.0,0.00,0.00,0.0,1.00,137887.00,87.3
171,32.00,896.00,928.0,86.27,2.00,957.00,959.0,99.28,58,37.11,4891,1.32,5230,52,5,0.00,2.00,2.0,0.00,0.00,0.0,3.00,124870.00,87.2
172,144.00,716.00,860.0,84.48,8.00,1139.00,1147.0,99.29,45,37.11,4891,1.32,5259,52,5,2.00,2.00,4.0,4.00,4.00,8.0,0.00,122364.00,87.2
173,8.00,1332.00,1340.0,84.25,6.00,1341.00,1347.0,99.29,54,37.11,4890,1.32,5230,52,5,4.00,2.00,6.0,0.00,0.00,0.0,1.00,127908.00,87.1
174,60.00,26816.00,26876.0,82.21,7.00,1145.00,1152.0,99.25,50,37.11,4889,1.32,5222,52,4,4.00,1.00,5.0,2.00,2.00,4.0,0.00,98654.00,87.0
175,16.00,14132.00,14148.0,84.38,5.00,950.00,955.0,99.12,45,36.62,4889,1.37,5204,52,4,4.00,1.00,5.0,0.00,0.00,0.0,7.00,105447.00,87.0
176,44.00,740.00,784.0,87.36,7.00,2007.00,2014.0,99.14,24,36.62,4891,1.37,5206,52,4,4.00,3.00,7.0,0.00,0.00,0.0,2.00,101723.00,87.0
177,32.00,752.00,784.0,84.59,12.00,1786.00,1798.0,99.15,53,36.62,4893,1.37,5226,52,5,11.00,0.00,11.0,1.00,1.00,2.0,4.00,125259.00,86.9
178,60.00,348.00,408.0,86.52,8.00,1247.00,1255.0,99.2,33,36.62,4892,1.37,5213,52,5,8.00,0.00,8.0,0.00,0.00,0.0,0.00,112197.00,86.9
179,92.00,20412.00,20504.0,86.62,0.00,1247.00,1247.0,99.33,25,36.62,4893,1.37,5223,52,5,0.00,0.00,0.0,0.00,0.00,0.0,9.00,97477.00,86.9
180,48.00,11944.00,11992.0,85.36,0.00,495.00,495.0,99.26,17,36.65,4893,1.40,5216,52,5,0.00,0.00,0.0,0.00,0.00,0.0,1.00,61775.00,87.1
181,812.00,18460.00,19272.0,62.53,4.00,717.00,721.0,99.16,2,36.65,4890,1.43,5229,53,4,4.00,5.00,9.0,0.00,0.00,0.0,1.00,53988.00,79.7
182,1744.00,1424.00,3168.0,48.42,33.00,1043.00,1076.0,99.16,2,36.65,4891,1.43,5226,52,4,25.00,1.00,26.0,4.00,4.00,8.0,2.00,55018.00,73.6
183,1509.93,40662.25,42172.18,44.12,22.08,1179.87,1201.9499999999998,99.02,14,36.65,4890,1.59,5230,52,4,20.38,3.18,23.56,0.00,0.00,0.0,10.39,49529.22,80.2
184,714.09,700.67,1414.76,50.58,19.86,1239.73,1259.59,99.01,12,36.28,4892,1.59,5225,52,4,18.18,0.70,18.88,0.00,0.00,0.0,2.05,66821.23,67.7
185,860.00,1748.00,2608.0,75.13,24.00,1380.00,1404.0,99.05,28,36.28,4892,1.59,5230,52,4,24.00,2.00,26.0,0.00,0.00,0.0,1.00,89586.00,76.2
186,392.00,676.00,1068.0,84.57,5.00,2067.00,2072.0,99.0,38,36.28,4892,1.59,5216,52,4,4.00,0.00,4.0,0.00,0.00,0.0,1.00,132923.00,84.9
187,404.00,656.00,1060.0,83.85,4.95,1506.93,1511.88,99.03,36,36.28,4893,1.59,5243,52,4,4.00,0.00,4.0,0.00,0.00,0.0,1.00,142790.00,85.0
188,88.00,932.00,1020.0,83.21,5.00,1240.00,1245.0,99.09,37,36.28,4892,1.59,5246,52,4,2.00,3.00,5.0,0.00,0.00,0.0,0.00,138220.00,85.2
189,0.00,128.00,128.0,81.45,3.00,840.00,843.0,99.14,29,35.69,4890,1.59,5272,52,4,0.00,1.00,1.0,0.00,0.00,0.0,0.00,149912.00,85.4
190,252.00,1672.00,1924.0,82.85,4.00,913.00,917.0,99.15,17,35.69,4889,1.59,5236,52,4,2.00,1.00,3.0,0.00,0.00,0.0,0.00,146382.00,85.6
191,656.00,29884.00,30540.0,73.62,4.00,1561.00,1565.0,99.13,43,35.69,4886,1.59,5224,52,4,0.00,0.00,0.0,4.00,4.00,8.0,2.00,123479.00,85.9
192,184.00,796.00,980.0,85.86,1.00,1202.00,1203.0,99.13,41,35.69,4887,1.59,5253,52,4,1.00,1.00,2.0,0.00,0.00,0.0,2.00,97047.00,85.8
193,1736.00,620.00,2356.0,85.62,1.00,1192.00,1193.0,99.16,40,35.69,4888,1.59,5261,51,4,0.00,0.00,0.0,0.00,0.00,0.0,2.00,92172.00,85.9
194,132.00,360.00,492.0,86.47,0.00,1354.00,1354.0,99.18,42,36.76,4889,1.59,5266,51,4,0.00,0.00,0.0,0.00,0.00,0.0,2.00,85949.00,85.9
195,8.00,14688.00,14696.0,87.41,0.00,1768.00,1768.0,99.22,48,36.76,4890,1.59,5233,51,4,0.00,0.00,0.0,0.00,0.00,0.0,2.00,92442.00,86.0
196,304.00,560.00,864.0,87.11,0.00,1590.00,1590.0,99.25,41,36.76,4891,1.59,5238,51,4,0.00,0.00,0.0,0.00,0.00,0.0,3.00,105402.00,86.1
197,2396.00,28772.00,31168.0,82.23,5.00,1377.00,1382.0,99.34,47,36.76,4892,1.59,5231,52,4,5.00,2.00,7.0,0.00,0.00,0.0,0.99,127674.26,86.1
198,1388.00,31904.00,33292.0,81.81,13.00,1222.00,1235.0,99.11,37,36.76,4891,1.68,5220,51,4,6.00,1.00,7.0,3.00,0.00,3.0,5.00,74720.00,86.3
199,704.00,11324.00,12028.0,81.75,18.00,1792.00,1810.0,99.08,35,38.62,4892,1.68,5228,51,4,17.00,9.00,26.0,0.00,0.00,0.0,3.00,118106.00,86.6
200,1236.00,340.00,1576.0,86.83,1.00,1996.00,1997.0,99.1,24,38.62,4893,1.68,5225,51,4,0.00,0.00,0.0,0.00,0.00,0.0,3.00,115540.00,86.7
201,1840.00,844.00,2684.0,92.13,4.00,1311.00,1315.0,99.18,28,38.62,4890,1.68,5224,51,4,0.00,0.00,0.0,4.00,4.00,8.0,3.00,60977.00,86.9
202,604.00,460.00,1064.0,81.08,2.00,1361.00,1363.0,99.12,18,38.62,4891,1.68,5229,50,4,2.00,2.00,4.0,0.00,0.00,0.0,4.00,72390.00,87.2
203,20.00,116.00,136.0,40.1,0.00,501.00,501.0,99.08,5,38.62,4891,1.68,5240,50,4,0.00,0.00,0.0,0.00,0.00,0.0,1.00,39524.00,86.9
204,16.00,52.00,68.0,44.09,0.00,1420.00,1420.0,99.08,6,38.57,4890,1.68,5229,50,4,0.00,0.00,0.0,0.00,0.00,0.0,1.00,87640.00,71.1
205,8.00,68.00,76.0,75.67,0.00,1708.00,1708.0,99.1,13,38.57,4891,1.68,5228,50,4,0.00,0.00,0.0,0.00,0.00,0.0,1.00,140150.00,71.0
206,3.96,419.80,423.76,84.63,0.00,1600.00,1600.0,99.22,26,38.57,4892,1.68,5222,50,4,0.00,0.00,0.0,0.00,0.00,0.0,2.00,120483.00,85.4
207,596.00,30372.00,30968.0,80.23,0.00,1101.00,1101.0,99.18,21,38.57,4890,1.68,5234,50,4,0.00,0.00,0.0,0.00,0.00,0.0,1.00,156685.00,85.6
208,8.00,40.00,48.0,81.08,0.00,1668.32,1668.32,99.22,25,38.57,4889,1.68,5213,50,4,0.00,0.00,0.0,0.00,0.00,0.0,1.00,150914.00,85.7
209,4.00,204.00,208.0,80.88,1.00,1820.00,1821.0,99.2,30,39.81,4890,1.68,5208,50,4,1.00,0.00,1.0,0.00,0.00,0.0,3.00,155498.00,85.7
210,4.00,48.00,52.0,81.15,0.00,1692.00,1692.0,99.21,49,39.81,4890,1.68,5205,50,4,0.00,0.00,0.0,0.00,0.00,0.0,1.00,148598.00,85.8
211,3120.00,1636.00,4756.0,83.79,5.00,1582.00,1587.0,99.24,47,39.81,4890,1.68,5235,50,6,0.00,0.00,0.0,6.00,5.00,11.0,3.00,136997.00,86.0
212,1052.00,9048.00,10100.0,83.5,1.00,1153.00,1154.0,99.19,28,39.81,4891,1.68,5245,50,6,0.00,0.00,0.0,0.00,0.00,0.0,1.00,130925.00,86.1
213,128.00,552.00,680.0,82.5,0.00,1634.00,1634.0,99.2,35,39.81,4890,1.68,5229,50,6,0.00,0.00,0.0,0.00,0.00,0.0,0.00,147882.00,86.1
214,48.00,37136.00,37184.0,83.5,0.00,1295.00,1295.0,99.24,35,38.78,4889,1.68,5221,50,6,0.00,0.00,0.0,0.00,0.00,0.0,1.00,143483.00,86.2
215,16.00,1108.00,1124.0,82.88,1.00,1073.00,1074.0,99.29,49,38.78,4888,1.68,5230,50,5,0.00,0.00,0.0,0.00,0.00,0.0,0.00,135356.00,86.2
216,36.00,13324.00,13360.0,76.57,1.00,969.00,970.0,99.17,37,38.78,4888,1.69,5218,51,4,0.00,1.00,1.0,0.00,0.00,0.0,2.00,131738.00,86.3
217,268.00,76.00,344.0,79.4,12.00,1333.00,1345.0,99.16,30,38.78,4890,1.69,5232,50,5,10.00,0.00,10.0,1.00,0.00,1.0,5.00,172172.00,86.2
218,260.00,744.00,1004.0,79.85,7.00,1550.00,1557.0,99.18,12,38.78,4891,1.69,5211,50,5,6.00,0.00,6.0,0.00,0.00,0.0,1.00,158748.00,86.2
219,168.00,900.00,1068.0,81.54,10.00,2147.00,2157.0,99.15,20,38.32,4891,1.69,5219,50,5,10.00,0.00,10.0,0.00,0.00,0.0,0.00,137750.00,86.3
220,568.00,1396.00,1964.0,81.12,14.00,2374.00,2388.0,99.17,31,38.32,4891,1.69,5215,50,5,14.00,0.00,14.0,0.00,0.00,0.0,1.00,155153.00,86.3
221,32.00,1816.00,1848.0,81.16,6.00,2596.00,2602.0,99.2,14,38.32,4891,1.69,5218,50,5,2.00,0.00,2.0,4.00,4.00,8.0,1.00,122074.00,86.3
222,44.00,36648.00,36692.0,78.7,4.00,1913.00,1917.0,99.2,33,38.32,4889,1.69,5237,50,5,4.00,0.00,4.0,0.00,0.00,0.0,1.00,136188.00,86.5
223,148.00,1228.00,1376.0,81.13,15.84,1585.15,1600.99,99.26,22,38.32,4889,1.69,5215,50,5,10.00,1.00,11.0,1.00,0.00,1.0,1.00,118335.00,86.5
224,36.00,56.00,92.0,75.62,22.00,1596.00,1618.0,99.24,22,37.09,4889,1.69,5226,50,5,24.00,0.00,24.0,0.00,0.00,0.0,0.00,158736.00,86.5
225,15.84,59.41,75.25,78.0,20.00,1157.00,1177.0,99.27,14,37.09,4888,1.69,5219,50,5,16.00,0.00,16.0,0.00,0.00,0.0,1.00,177311.00,86.3
226,136.00,432.00,568.0,78.79,16.00,2133.00,2149.0,99.3,16,37.09,4889,1.69,5207,50,5,22.00,0.00,22.0,0.00,0.00,0.0,3.00,145893.00,86.5
227,692.00,59764.00,60456.0,70.4,8.00,1684.00,1692.0,99.1,1,37.09,4889,1.78,5202,50,5,8.00,0.00,8.0,0.00,0.00,0.0,9.00,112784.00,86.5
228,160.00,1628.00,1788.0,69.96,6.00,1879.00,1885.0,99.09,27,37.09,4890,1.78,5240,51,4,4.00,3.00,7.0,0.00,0.00,0.0,2.00,149844.00,85.9
229,24.00,744.00,768.0,80.12,2.00,1966.00,1968.0,99.12,35,37.8,4890,1.78,5252,51,4,0.00,2.00,2.0,0.00,0.00,0.0,0.00,167847.00,86.0
230,32.00,1288.00,1320.0,80.12,2.00,2116.00,2118.0,99.14,39,37.8,4892,1.78,5228,51,4,2.00,0.00,2.0,0.00,0.00,0.0,2.00,168945.00,86.0
231,32.00,248.00,280.0,80.6,10.00,2078.00,2088.0,99.2,47,37.8,4891,1.78,5233,51,4,4.00,0.00,4.0,4.00,4.00,8.0,3.00,118444.00,86.0
232,1320.00,1492.00,2812.0,84.55,21.00,1277.00,1298.0,99.23,28,37.8,4893,1.78,5275,52,4,18.00,12.00,30.0,0.00,0.00,0.0,2.00,103588.00,86.0
233,324.00,38584.00,38908.0,72.84,12.00,1079.00,1091.0,99.23,17,37.8,4894,1.78,5226,52,4,14.00,2.00,16.0,0.00,0.00,0.0,1.00,158323.00,86.1
234,444.00,544.00,988.0,74.27,17.00,1711.00,1728.0,99.24,18,36.22,4891,1.78,5189,51,4,15.00,4.00,19.0,0.00,0.00,0.0,0.00,168479.00,86.0
235,28.00,784.00,812.0,82.48,14.00,1960.00,1974.0,99.26,28,36.22,4890,1.78,5195,51,4,14.00,0.00,14.0,0.00,0.00,0.0,2.00,146211.00,85.8
236,8.00,692.00,700.0,82.15,10.00,2304.00,2314.0,99.29,46,36.22,4890,1.78,5186,51,4,10.00,0.00,10.0,0.00,0.00,0.0,3.00,134760.00,85.8
237,64.00,33604.00,33668.0,77.39,7.00,1411.00,1418.0,99.18,15,36.22,4888,1.79,5196,51,4,6.00,1.00,7.0,0.00,0.00,0.0,1.00,125897.00,85.9
238,44.00,3020.00,3064.0,83.58,9.00,2518.00,2527.0,99.18,24,36.22,4890,1.79,5193,51,4,8.00,1.00,9.0,0.00,0.00,0.0,3.00,142401.00,85.9
239,12.00,612.00,624.0,78.91,6.00,2181.00,2187.0,99.2,17,35.48,4892,1.79,5209,51,4,4.00,0.00,4.0,0.00,0.00,0.0,3.00,177660.00,86.0
240,36.00,1340.00,1376.0,71.21,12.00,1915.00,1927.0,99.23,21,35.48,4892,1.79,5211,51,4,12.00,0.00,12.0,0.00,0.00,0.0,2.00,162866.00,86.0
241,12.00,800.00,812.0,69.43,25.00,2050.00,2075.0,99.25,22,35.48,4891,1.79,5213,51,4,22.00,0.00,22.0,4.00,4.00,8.0,2.00,191758.00,85.7
242,2000.00,1820.00,3820.0,52.59,27.00,1934.00,1961.0,99.29,18,35.48,4894,1.79,5211,52,4,27.00,11.00,38.0,0.00,0.00,0.0,5.00,129256.00,85.6
243,48.00,41204.00,41252.0,62.92,14.00,2460.00,2474.0,99.27,21,35.48,4893,1.79,5217,52,4,13.86,0.00,13.86,0.00,0.00,0.0,1.00,150542.00,75.6
244,576.00,10440.00,11016.0,69.62,17.00,2077.00,2094.0,99.2,37,34.48,4894,1.82,5211,52,4,12.00,1.00,13.0,0.00,0.00,0.0,5.00,130899.00,82.6
245,608.00,2768.00,3376.0,74.43,8.00,2560.00,2568.0,99.21,22,34.48,4891,1.82,5208,51,5,11.00,2.00,13.0,1.00,1.00,2.0,0.00,181091.00,82.8
246,36.00,2036.00,2072.0,72.77,13.00,1768.00,1781.0,99.23,27,34.48,4891,1.82,5203,51,5,12.00,0.00,12.0,0.00,0.00,0.0,2.00,144864.00,83.3
247,87.13,653.47,740.6,76.74,0.00,1708.00,1708.0,99.26,32,34.48,4890,1.82,5211,51,5,0.00,0.00,0.0,0.00,0.00,0.0,1.00,159420.00,83.5
248,20.00,37460.00,37480.0,75.19,3.00,1249.00,1252.0,99.3,30,34.48,4888,1.82,5210,51,5,0.00,2.00,2.0,0.00,0.00,0.0,0.00,161177.00,83.8
249,220.00,14936.00,15156.0,68.41,3.00,1215.00,1218.0,99.19,1,33.72,4890,1.85,5193,51,5,0.00,2.00,2.0,0.00,0.00,0.0,3.00,142951.00,84.0
250,740.00,892.00,1632.0,55.49,3.00,1874.00,1877.0,99.2,8,33.72,4890,1.85,5207,51,4,0.00,2.00,2.0,0.00,0.00,0.0,1.00,99023.00,83.8
251,12.00,1072.00,1084.0,67.9,26.00,2398.00,2424.0,99.23,5,33.72,4891,1.85,5209,51,4,22.00,0.00,22.0,4.00,4.00,8.0,3.00,122053.00,83.4
252,4.00,376.00,380.0,39.03,22.00,1940.00,1962.0,99.24,10,33.72,4891,1.85,5208,51,4,16.00,0.00,16.0,0.00,0.00,0.0,1.00,97352.00,83.4
253,80.00,132.00,212.0,48.99,25.00,1505.00,1530.0,99.25,23,33.72,4891,1.85,5216,51,4,26.00,1.00,27.0,0.00,0.00,0.0,0.00,93541.00,67.7
254,100.00,24.00,124.0,62.96,27.00,1869.00,1896.0,99.29,14,31.26,4891,1.85,5205,50,4,24.00,0.00,24.0,0.00,0.00,0.0,1.00,136458.00,68.2
255,112.00,44024.00,44136.0,64.26,22.00,2076.00,2098.0,99.17,30,31.26,4892,1.87,5202,50,4,26.00,0.00,26.0,0.00,0.00,0.0,2.00,173813.00,80.6
256,96.00,824.00,920.0,78.62,16.00,1845.00,1861.0,99.22,34,31.26,4891,1.87,5199,50,4,16.00,0.00,16.0,0.00,0.00,0.0,0.99,172113.86,81.1
257,508.00,18068.00,18576.0,76.06,4.00,2369.00,2373.0,99.3,35,31.26,4891,1.87,5194,50,4,6.00,0.00,6.0,0.00,0.00,0.0,0.00,156121.00,81.7
258,176.00,38536.00,38712.0,73.46,0.00,1641.00,1641.0,99.06,37,31.26,4891,1.99,5229,50,4,0.00,0.00,0.0,0.00,0.00,0.0,0.00,171798.00,82.2
259,372.00,1024.00,1396.0,80.8,3.00,1706.00,1709.0,99.05,37,31.88,4890,1.99,5224,50,4,2.00,0.00,2.0,0.00,0.00,0.0,2.00,154959.00,82.7
260,916.00,252.00,1168.0,80.55,0.00,1644.00,1644.0,99.06,37,31.88,4892,1.99,5224,50,4,0.00,0.00,0.0,0.00,0.00,0.0,5.00,148176.00,83.1
261,0.00,672.00,672.0,82.6,0.00,1858.00,1858.0,99.09,41,31.88,4893,1.99,5245,50,4,0.00,0.00,0.0,0.00,0.00,0.0,3.00,99880.00,83.5
262,260.00,640.00,900.0,85.61,0.00,1647.00,1647.0,99.13,39,31.88,4893,1.99,5246,50,4,0.00,0.00,0.0,0.00,0.00,0.0,0.00,90279.00,83.7
263,16.00,39092.00,39108.0,41.98,0.99,784.16,785.15,99.15,21,31.88,4893,1.99,5223,50,4,1.00,1.00,2.0,0.00,0.00,0.0,0.00,67128.00,84.1
264,40.00,1148.00,1188.0,76.82,0.00,2696.00,2696.0,99.19,14,31.49,4892,1.99,5198,50,4,0.00,0.00,0.0,0.00,0.00,0.0,1.00,166263.00,65.4
265,36.00,524.00,560.0,73.9,1.00,2863.00,2864.0,99.2,28,31.49,4891,1.99,5196,50,4,0.00,0.00,0.0,0.00,0.00,0.0,1.00,168764.00,85.5
266,440.00,596.00,1036.0,77.51,14.00,2644.00,2658.0,99.25,6,31.49,4894,1.99,5201,51,4,14.00,11.00,25.0,0.00,0.00,0.0,4.00,118949.00,85.4
267,144.00,900.00,1044.0,72.66,0.00,1862.00,1862.0,99.25,5,31.49,4894,1.99,5200,51,4,0.00,0.00,0.0,0.00,0.00,0.0,0.00,110287.00,85.4
268,32.00,13668.00,13700.0,53.72,3.00,1486.00,1489.0,99.25,7,31.49,4895,1.99,5202,50,4,2.00,1.00,3.0,0.00,0.00,0.0,1.00,110997.00,85.3
269,48.00,228.00,276.0,68.15,0.00,1338.00,1338.0,99.27,16,30.01,4892,1.99,5207,50,4,1.00,1.00,2.0,0.00,0.00,0.0,0.00,140495.00,76.5
270,12.00,396.00,408.0,34.97,10.00,1483.00,1493.0,99.29,11,30.01,4891,1.99,5208,50,4,10.00,0.00,10.0,0.00,0.00,0.0,1.00,118206.00,83.8
271,288.00,39876.00,40164.0,54.02,13.00,1728.00,1741.0,99.13,11,30.01,4892,1.99,5201,50,4,12.00,0.00,12.0,0.00,0.00,0.0,8.00,120527.00,64.2
272,1988.00,6708.00,8696.0,43.74,10.00,2343.00,2353.0,99.15,25,30.01,4892,1.99,5182,50,4,6.00,0.00,6.0,4.00,4.00,8.0,2.00,97375.00,77.0
273,84.00,784.00,868.0,73.8,2.00,2598.00,2600.0,99.16,46,30.01,4892,1.99,5240,50,4,2.00,0.00,2.0,0.00,0.00,0.0,2.00,152908.00,76.4
274,168.00,408.00,576.0,85.66,7.00,2537.00,2544.0,99.19,24,29.53,4893,1.99,5225,50,4,6.00,0.00,6.0,0.00,0.00,0.0,1.00,93929.00,84.9
275,0.00,584.00,584.0,83.31,2.00,2133.00,2135.0,99.21,26,29.53,4892,1.99,5216,50,4,2.00,0.00,2.0,0.00,0.00,0.0,0.00,152248.00,85.0
276,20.00,72.00,92.0,80.48,4.00,1092.00,1096.0,99.24,43,29.53,4892,1.99,5264,50,4,4.00,0.00,4.0,0.00,0.00,0.0,1.00,152363.00,85.3
277,28.00,43028.00,43056.0,86.47,3.00,1119.00,1122.0,99.3,41,29.53,4892,1.99,5249,50,4,2.00,0.00,2.0,0.00,0.00,0.0,2.00,82687.00,85.4
278,2458.00,10180.00,12638.0,78.11,0.00,1605.00,1605.0,99.18,35,29.53,4895,2.02,5240,50,4,0.00,0.00,0.0,0.00,0.00,0.0,8.00,87832.00,85.5
279,296.00,1408.00,1704.0,76.29,2.00,1802.00,1804.0,99.19,30,29.65,4895,2.02,5223,50,4,2.00,0.00,2.0,0.00,0.00,0.0,0.00,148026.00,85.6
280,144.00,1620.00,1764.0,76.9,4.00,2399.00,2403.0,99.24,42,29.65,4894,2.02,5201,50,4,2.00,0.00,2.0,0.00,0.00,0.0,0.00,162879.00,85.6
281,20.00,2124.00,2144.0,76.45,5.00,2734.00,2739.0,99.26,40,29.65,4894,2.02,5200,51,5,5.00,2.00,7.0,1.00,1.00,2.0,3.00,168585.00,85.6
282,3642.00,46760.00,50402.0,73.96,6.00,2904.00,2910.0,99.31,34,29.65,4895,2.02,5201,51,5,0.00,2.00,2.0,4.00,4.00,8.0,1.00,143284.00,85.7
283,508.00,23360.00,23868.0,64.82,0.00,2110.00,2110.0,99.21,9,29.65,4895,2.08,5215,51,5,0.00,0.00,0.0,0.00,0.00,0.0,0.00,116748.00,85.7
284,60.00,696.00,756.0,51.03,0.00,1264.00,1264.0,99.18,3,27.99,4894,2.08,5218,51,5,0.00,0.00,0.0,0.00,0.00,0.0,0.00,117087.00,85.5
285,16.00,356.00,372.0,35.19,3.00,1082.00,1085.0,99.18,1,27.99,4895,2.08,5236,51,4,0.00,3.00,3.0,0.00,0.00,0.0,1.00,53764.00,75.6
286,148.00,208.00,356.0,19.6,36.00,1241.00,1277.0,99.21,0,27.99,4895,2.08,5218,51,4,34.00,0.00,34.0,0.00,0.00,0.0,1.00,41676.00,68.2
287,108.00,88.00,196.0,11.79,30.00,832.00,862.0,99.21,2,27.99,4894,2.08,5216,51,4,30.00,0.00,30.0,0.00,0.00,0.0,0.00,38843.00,55.4
288,12.00,8.00,20.0,13.32,37.00,688.00,725.0,99.2,0,27.99,4894,2.08,5210,51,4,36.00,3.00,39.0,0.00,0.00,0.0,0.00,71508.00,45.2
289,104.00,600.00,704.0,27.41,30.00,2647.00,2677.0,99.22,2,25.83,4893,2.08,5190,51,4,28.00,0.00,28.0,0.00,0.00,0.0,0.00,101122.00,45.2
290,16.00,1356.00,1372.0,69.72,2.00,2968.00,2970.0,99.25,28,25.83,4894,2.08,5202,51,4,4.00,0.00,4.0,0.00,0.00,0.0,1.00,183212.00,60.9
291,0.00,208.00,208.0,77.19,6.00,2009.00,2015.0,99.27,13,25.83,4893,2.08,5222,51,4,2.00,4.00,6.0,0.00,0.00,0.0,2.00,180875.00,83.4
292,0.00,47736.00,47736.0,77.65,3.00,2412.00,2415.0,99.28,8,25.83,4892,2.08,5207,51,4,2.00,1.00,3.0,0.00,0.00,0.0,0.00,188577.00,83.6
293,12.00,408.00,420.0,70.68,4.00,1726.00,1730.0,99.29,27,25.83,4891,2.08,5253,51,4,0.00,2.00,2.0,0.00,0.00,0.0,1.00,159171.00,83.9
294,67.33,6625.74,6693.07,76.3,0.00,1106.93,1106.93,99.18,34,26.73,4892,2.10,5272,51,4,2.00,0.00,2.0,0.00,0.00,0.0,1.00,122172.00,84.0
295,704.00,2064.00,2768.0,82.64,2.00,1604.00,1606.0,99.25,22,26.73,4891,2.10,5237,51,4,2.00,0.00,2.0,0.00,0.00,0.0,0.00,105402.00,84.2
296,1552.00,844.00,2396.0,86.36,5.00,2259.00,2264.0,99.29,25,26.73,4893,2.10,5230,51,4,2.00,3.00,5.0,0.00,0.00,0.0,6.00,117819.00,84.5
297,180.00,61944.00,62124.0,67.3,0.00,2004.00,2004.0,99.28,2,26.73,4894,2.11,5224,51,4,0.00,0.00,0.0,0.00,0.00,0.0,7.00,128016.00,84.8
298,876.00,6968.00,7844.0,6.83,2.00,666.00,668.0,99.18,3,26.73,4893,2.15,5211,51,4,0.00,0.00,0.0,0.00,0.00,0.0,0.00,33389.00,84.3
299,4264.00,760.00,5024.0,71.14,4.00,3265.00,3269.0,99.22,17,27.79,4894,2.15,5223,51,4,2.00,4.00,6.0,0.00,0.00,0.0,1.00,164328.00,46.1
300,1480.00,1588.00,3068.0,73.35,6.00,2719.00,2725.0,99.25,28,27.79,4894,2.15,5213,51,4,3.00,2.00,5.0,0.00,0.00,0.0,0.00,144625.00,85.7
301,800.00,848.00,1648.0,66.88,27.00,2290.00,2317.0,99.28,4,27.79,4893,2.15,5221,52,4,28.00,11.00,39.0,0.00,0.00,0.0,4.00,94017.00,85.6
302,76.00,772.00,848.0,29.38,26.00,1161.00,1187.0,99.29,7,27.79,4896,2.15,5226,52,4,20.00,0.00,20.0,4.00,4.00,8.0,4.00,47167.00,78.5
303,508.00,32372.00,32880.0,35.59,25.00,1174.00,1199.0,99.28,2,27.79,4893,2.15,5213,50,4,24.00,2.00,26.0,0.00,0.00,0.0,0.00,56576.00,65.4
304,3360.00,11336.00,14696.0,20.0,28.00,1093.00,1121.0,99.15,0,26.36,4896,2.18,5220,51,4,27.00,11.00,38.0,0.00,0.00,0.0,3.00,91421.00,65.6
305,456.00,640.00,1096.0,33.38,24.00,2022.00,2046.0,99.16,10,26.36,4896,2.18,5217,51,4,26.00,0.00,26.0,0.00,0.00,0.0,0.00,100820.00,54.6
306,424.00,2368.00,2792.0,62.44,19.00,2321.00,2340.0,99.18,44,26.36,4893,2.18,5217,50,4,13.00,3.00,16.0,0.00,0.00,0.0,2.00,159072.00,64.5
307,192.00,2024.00,2216.0,80.53,1.00,2596.00,2597.0,99.21,42,26.36,4893,2.18,5225,50,4,6.00,0.00,6.0,0.00,0.00,0.0,1.00,110569.00,80.2
308,136.00,1576.00,1712.0,84.62,0.00,2364.00,2364.0,99.23,24,26.36,4894,2.18,5242,50,4,0.00,0.00,0.0,0.00,0.00,0.0,2.00,104364.00,80.8
309,24.00,812.00,836.0,84.55,1.00,1796.00,1797.0,99.26,46,27.3,4895,2.18,5239,50,4,0.00,0.00,0.0,0.00,0.00,0.0,0.00,98294.06,81.4
310,172.00,45788.00,45960.0,81.39,3.00,2451.00,2454.0,99.29,32,27.3,4895,2.18,5217,50,4,2.00,0.00,2.0,0.00,0.00,0.0,0.00,120661.00,81.8
311,140.00,19836.00,19976.0,34.96,4.00,795.00,799.0,99.16,30,27.3,4894,2.23,5210,50,4,4.00,0.00,4.0,0.00,0.00,0.0,1.00,67152.00,82.3
312,4.00,364.00,368.0,78.06,6.00,2003.00,2009.0,99.19,47,27.3,4894,2.23,5240,50,4,2.00,0.00,2.0,2.00,2.00,4.0,2.00,144791.00,64.8
313,44.00,616.00,660.0,82.58,4.00,2754.00,2758.0,99.23,14,27.3,4895,2.23,5224,50,4,4.00,0.00,4.0,2.00,2.00,4.0,1.00,113048.00,85.7
314,20.00,1344.00,1364.0,81.59,8.00,3190.00,3198.0,99.25,24,26.55,4895,2.23,5213,50,4,8.00,0.00,8.0,0.00,0.00,0.0,1.00,148543.00,85.6
315,0.00,23616.00,23616.0,65.62,15.00,1958.00,1973.0,99.27,20,26.55,4895,2.23,5210,51,5,8.00,7.00,15.0,1.00,1.00,2.0,0.00,111557.00,85.7
316,164.00,764.00,928.0,66.24,3.00,2741.00,2744.0,99.3,3,26.55,4895,2.23,5211,51,5,2.00,1.00,3.0,0.00,0.00,0.0,1.00,151584.00,78.8
317,8.00,42756.00,42764.0,21.12,2.00,669.00,671.0,99.2,0,26.55,4895,2.23,5216,51,5,0.00,2.00,2.0,0.00,0.00,0.0,0.00,54086.00,79.3
318,112.00,608.00,720.0,16.48,2.00,551.00,553.0,99.19,0,26.55,4895,2.23,5208,51,5,0.00,2.00,2.0,0.00,0.00,0.0,0.00,82700.00,54.9
319,48.00,216.00,264.0,10.38,2.00,597.00,599.0,99.2,0,25.15,4894,2.23,5220,51,4,0.00,1.00,1.0,0.00,0.00,0.0,0.00,35912.00,54.4
320,660.00,444.00,1104.0,9.64,1.00,921.00,922.0,99.2,0,25.15,4893,2.23,5208,51,4,0.00,1.00,1.0,0.00,0.00,0.0,3.00,25608.00,43.2
321,128.00,608.00,736.0,3.04,2.00,167.00,169.0,99.2,0,25.15,4893,2.23,5208,51,4,0.00,2.00,2.0,0.00,0.00,0.0,2.00,5586.00,43.2
322,372.00,220.00,592.0,13.88,3.00,1117.00,1120.0,99.21,4,25.15,4890,2.23,5205,51,4,1.00,3.00,4.0,0.00,0.00,0.0,1.00,47857.00,36.2
323,16.00,168.00,184.0,27.56,2.00,1035.00,1037.0,99.22,0,25.15,4891,2.23,5211,51,4,0.00,1.00,1.0,0.00,0.00,0.0,1.00,86831.00,51.9
324,8.00,36.00,44.0,62.21,1.00,1128.00,1129.0,99.24,8,24.01,4891,2.23,5196,51,4,0.00,1.00,1.0,0.00,0.00,0.0,1.00,145141.00,52.4
325,148.00,76.00,224.0,42.97,2.00,1757.00,1759.0,99.26,4,24.01,4892,2.23,5196,51,4,0.00,2.00,2.0,0.00,0.00,0.0,1.00,126675.00,81.2
326,16.00,708.00,724.0,76.03,3.00,3007.00,3010.0,99.29,28,24.01,4894,2.23,5211,51,4,0.00,2.00,2.0,0.00,0.00,0.0,3.00,135015.00,71.7
327,80.00,53300.00,53380.0,74.43,1.00,2840.00,2841.0,99.16,25,24.01,4895,2.29,5210,50,4,0.00,0.00,0.0,0.00,0.00,0.0,2.00,111070.00,85.2
328,4.00,8440.00,8444.0,57.8,0.00,1458.00,1458.0,99.16,37,24.01,4894,2.29,5236,50,4,0.00,0.00,0.0,0.00,0.00,0.0,0.00,65967.00,85.1
329,16.00,572.00,588.0,72.58,0.00,2176.00,2176.0,99.19,29,23.85,4894,2.29,5229,50,4,0.00,0.00,0.0,0.00,0.00,0.0,1.00,207197.00,75.2
330,138.61,403.96,542.5699999999999,76.4,1.00,1850.00,1851.0,99.23,22,23.85,4894,2.29,5240,50,4,0.00,0.00,0.0,0.00,0.00,0.0,0.00,188170.00,85.2
331,8.00,192.00,200.0,78.14,0.00,1352.00,1352.0,99.27,49,23.85,4895,2.29,5243,50,4,0.00,0.00,0.0,0.00,0.00,0.0,2.00,144837.00,85.2
332,16.00,612.00,628.0,76.39,6.00,2162.00,2168.0,99.3,23,23.85,4894,2.29,5225,50,4,2.00,0.00,2.0,0.00,0.00,0.0,0.00,136579.00,85.2
333,320.00,49816.00,50136.0,60.25,4.00,2002.00,2006.0,99.2,1,23.85,4895,2.30,5217,50,4,3.00,1.00,4.0,4.00,4.00,8.0,3.00,98884.00,85.2
334,72.00,3528.00,3600.0,59.6,2.00,2614.00,2616.0,99.22,36,25.31,4894,2.30,5205,50,4,2.00,0.00,2.0,0.00,0.00,0.0,1.00,139909.00,78.4
335,276.00,1228.00,1504.0,83.48,0.00,3269.00,3269.0,99.25,19,25.31,4895,2.30,5190,50,4,0.00,0.00,0.0,0.00,0.00,0.0,1.00,143711.00,78.5
336,492.00,776.00,1268.0,81.22,17.00,2615.00,2632.0,99.3,17,25.31,4896,2.30,5210,51,4,16.00,9.00,25.0,0.00,0.00,0.0,4.00,121835.00,86.6
337,0.00,50728.00,50728.0,39.11,7.00,1487.00,1494.0,99.14,4,25.31,4895,2.35,5220,51,4,6.00,0.00,6.0,0.00,0.00,0.0,0.00,126865.00,86.5
338,388.00,96.00,484.0,67.38,11.00,1285.00,1296.0,99.16,7,25.31,4892,2.35,5205,50,4,11.00,2.00,13.0,0.00,0.00,0.0,1.00,141448.00,69.5
339,116.00,1092.00,1208.0,42.78,14.00,1634.00,1648.0,99.17,10,23.52,4894,2.35,5202,50,4,12.00,0.00,12.0,0.00,0.00,0.0,2.00,151199.00,83.7
340,344.00,752.00,1096.0,45.4,16.00,2203.00,2219.0,99.19,12,23.52,4895,2.35,5206,50,4,16.00,0.00,16.0,0.00,0.00,0.0,2.00,126604.00,71.4
341,16.00,1260.00,1276.0,64.01,13.00,3027.00,3040.0,99.21,21,23.52,4895,2.35,5185,50,4,12.00,0.00,12.0,0.00,0.00,0.0,1.00,150361.00,71.6
342,272.00,2036.00,2308.0,77.79,4.00,2539.00,2543.0,99.25,24,23.52,4895,2.35,5193,50,4,4.00,0.00,4.0,0.00,0.00,0.0,0.00,184044.00,81.4
343,344.00,144.00,488.0,76.85,6.00,2176.00,2182.0,99.26,21,23.52,4894,2.35,5207,50,4,4.00,0.00,4.0,4.00,4.00,8.0,2.00,182583.00,81.9
344,23.76,52035.64,52059.4,74.16,6.00,2132.00,2138.0,99.3,23,23.08,4893,2.35,5206,50,4,6.00,0.00,6.0,0.00,0.00,0.0,3.00,171656.00,82.3
345,4.00,12784.00,12788.0,72.01,5.94,1962.38,1968.3200000000002,99.12,17,23.08,4893,2.38,5233,50,4,6.00,0.00,6.0,0.00,0.00,0.0,1.00,126260.00,82.6
346,168.00,1272.00,1440.0,81.11,8.00,2500.00,2508.0,99.16,30,23.08,4894,2.38,5196,50,4,8.00,0.00,8.0,0.00,0.00,0.0,2.00,113625.00,83.0
347,16.00,1160.00,1176.0,73.57,4.00,3471.00,3475.0,99.2,22,23.08,4895,2.38,5215,50,4,4.00,0.00,4.0,0.00,0.00,0.0,1.00,140656.00,83.3
348,224.00,920.00,1144.0,74.47,4.00,3309.00,3313.0,99.24,23,23.08,4895,2.38,5203,50,4,4.00,0.00,4.0,0.00,0.00,0.0,2.00,191665.00,83.4
349,640.00,53000.00,53640.0,74.53,9.00,2865.00,2874.0,99.28,17,23.71,4894,2.38,5197,51,5,4.00,5.00,9.0,1.00,1.00,2.0,1.00,178984.00,83.6
350,88.00,15848.00,15936.0,61.52,2.00,1796.00,1798.0,99.11,10,23.71,4895,2.43,5192,51,5,2.00,0.00,2.0,0.00,0.00,0.0,1.00,137618.00,83.9
351,268.00,1404.00,1672.0,26.52,0.00,1592.00,1592.0,99.13,4,23.71,4895,2.42,5197,51,5,0.00,0.00,0.0,0.00,0.00,0.0,2.00,105788.00,83.7
352,56.00,480.00,536.0,17.56,1.00,1139.00,1140.0,99.13,0,23.71,4893,2.42,5197,51,5,0.00,1.00,1.0,0.00,0.00,0.0,0.00,56058.00,63.0
353,4.00,112.00,116.0,5.45,2.00,238.00,240.0,99.14,1,23.71,4893,2.42,5216,51,4,0.00,2.00,2.0,0.00,0.00,0.0,0.00,6901.00,50.2
354,12.00,28.00,40.0,7.22,30.00,817.00,847.0,99.14,1,21.81,4893,2.42,5202,51,4,28.00,2.00,30.0,0.00,0.00,0.0,1.00,17552.00,38.1
355,100.00,10572.00,10672.0,16.1,36.00,1104.00,1140.0,99.15,0,21.81,4893,2.42,5202,51,4,30.00,0.00,30.0,0.00,0.00,0.0,2.00,52768.00,38.3
356,12.00,52.00,64.0,34.82,28.00,1457.00,1485.0,99.15,3,21.81,4892,2.42,5200,51,4,32.00,0.00,32.0,0.00,0.00,0.0,1.00,118282.00,52.2
357,464.00,848.00,1312.0,52.25,20.00,2375.00,2395.0,99.18,20,21.81,4891,2.42,5179,51,4,16.00,2.00,18.0,0.00,0.00,0.0,0.00,165609.00,65.9
358,336.00,832.00,1168.0,77.3,11.00,2763.00,2774.0,99.2,30,21.81,4893,2.42,5186,51,4,14.00,1.00,15.0,0.00,0.00,0.0,3.00,173128.00,74.7
359,64.00,140.00,204.0,80.1,0.00,2165.00,2165.0,99.25,35,22.07,4892,2.42,5220,51,4,0.00,0.00,0.0,0.00,0.00,0.0,1.00,191122.00,85.7
360,200.00,76.00,276.0,77.12,1.00,1660.00,1661.0,99.29,18,22.07,4892,2.42,5207,51,4,0.00,0.00,0.0,0.00,0.00,0.0,2.00,193826.00,85.6
361,620.00,71780.00,72400.0,69.6,4.95,2259.41,2264.3599999999997,99.14,13,22.07,4894,2.47,5207,52,4,2.00,4.00,6.0,0.00,0.00,0.0,3.96,122489.11,85.6
362,464.00,5076.00,5540.0,79.12,10.00,810.00,820.0,99.2,16,22.07,4895,2.47,5199,52,4,9.00,11.00,20.0,0.00,0.00,0.0,1.00,89378.00,85.3
363,112.00,2272.00,2384.0,76.32,7.00,1901.00,1908.0,99.2,23,22.07,4895,2.47,5248,52,4,2.00,0.00,2.0,4.00,4.00,8.0,1.00,176834.00,85.3
364,264.00,92.00,356.0,79.27,6.00,1961.00,1967.0,99.24,33,23.42,4894,2.47,5249,51,4,5.00,3.00,8.0,0.00,0.00,0.0,2.00,125447.00,85.5
365,32.00,1000.00,1032.0,80.95,9.00,3118.00,3127.0,99.28,18,23.42,4892,2.47,5207,51,4,6.00,4.00,10.0,0.00,0.00,0.0,0.00,143070.00,85.4
366,60.00,38892.00,38952.0,76.86,6.00,2699.00,2705.0,99.28,22,23.42,4892,2.47,5200,51,4,4.00,1.00,5.0,0.00,0.00,0.0,1.00,149833.00,85.5
367,120.00,14920.00,15040.0,48.29,6.00,2267.00,2273.0,99.21,12,23.42,4894,2.48,5245,51,4,5.94,0.00,5.94,0.00,0.00,0.0,2.00,126813.00,85.6
368,64.00,9244.00,9308.0,66.54,10.00,2731.00,2741.0,99.22,24,23.42,4894,2.48,5230,51,4,8.00,0.00,8.0,0.00,0.00,0.0,0.00,141444.00,74.9
369,24.00,2252.00,2276.0,52.41,18.00,2314.00,2332.0,99.26,18,22.43,4894,2.48,5231,51,4,16.00,2.00,18.0,0.00,0.00,0.0,0.00,129426.00,84.1
370,4.00,408.00,412.0,28.26,18.00,1766.00,1784.0,99.26,9,22.43,4895,2.48,5221,51,4,18.00,1.00,19.0,0.00,0.00,0.0,1.00,101901.00,77.3
371,656.00,60.00,716.0,53.9,44.00,2124.00,2168.0,99.29,20,22.43,4896,2.48,5214,52,4,42.00,11.00,53.0,0.00,0.00,0.0,3.00,137247.00,59.7
372,16.00,33976.00,33992.0,71.81,22.00,2174.00,2196.0,99.29,32,22.43,4897,2.48,5222,52,4,22.00,0.00,22.0,0.00,0.00,0.0,1.00,154485.00,77.0
373,76.00,24352.00,24428.0,52.07,13.00,1113.00,1126.0,99.14,24,22.43,4895,2.54,5205,51,4,15.00,2.00,17.0,0.00,0.00,0.0,0.00,84765.00,84.6
374,20.00,660.00,680.0,81.86,17.00,3047.00,3064.0,99.16,21,22.39,4895,2.54,5185,51,4,17.00,1.00,18.0,0.00,0.00,0.0,1.00,138859.00,76.7
375,8.00,548.00,556.0,81.12,4.00,1983.00,1987.0,99.21,49,22.39,4895,2.54,5219,51,4,4.00,0.00,4.0,0.00,0.00,0.0,2.00,145696.00,85.5
376,292.00,524.00,816.0,83.56,2.00,2029.00,2031.0,99.23,34,22.39,4894,2.54,5241,51,4,2.00,0.00,2.0,0.00,0.00,0.0,0.00,101153.00,85.5
377,96.00,320.00,416.0,83.5,5.00,2457.00,2462.0,99.24,30,22.39,4895,2.54,5210,50,4,4.00,0.00,4.0,0.00,0.00,0.0,3.00,101404.00,85.4
378,8.00,376.00,384.0,82.75,5.00,2049.00,2054.0,99.29,21,22.39,4894,2.54,5227,50,4,5.00,1.00,6.0,0.00,0.00,0.0,0.99,110299.01,85.5
379,64.00,56196.00,56260.0,75.25,3.00,2653.00,2656.0,99.21,34,22.84,4895,2.54,5195,50,4,2.00,0.00,2.0,0.00,0.00,0.0,2.00,102424.00,85.5
380,240.00,6268.00,6508.0,76.23,0.00,3852.00,3852.0,99.22,34,22.84,4896,2.54,5180,50,4,0.00,0.00,0.0,0.00,0.00,0.0,2.00,137917.00,85.4
381,444.00,1644.00,2088.0,69.1,0.00,2847.00,2847.0,99.24,1,22.84,4894,2.54,5199,50,4,0.00,0.00,0.0,0.00,0.00,0.0,1.00,159098.00,85.5
382,392.00,1228.00,1620.0,37.02,0.00,2747.00,2747.0,99.27,3,22.84,4893,2.54,5221,50,4,0.00,0.00,0.0,0.00,0.00,0.0,1.00,155392.00,85.1
383,172.00,344.00,516.0,15.61,7.00,1025.00,1032.0,99.28,4,22.84,4894,2.54,5211,51,5,0.00,3.00,3.0,5.00,5.00,10.0,1.00,47956.00,70.3
384,4.00,72.00,76.0,14.18,0.00,1152.00,1152.0,99.29,1,21.01,4893,2.54,5197,51,5,0.00,0.00,0.0,0.00,0.00,0.0,2.00,76204.00,48.4
385,48.00,54712.00,54760.0,17.65,0.00,596.00,596.0,99.2,0,21.01,4893,2.57,5196,51,5,0.00,0.00,0.0,0.00,0.00,0.0,0.00,97505.00,48.2
386,0.00,1296.00,1296.0,14.3,5.00,428.00,433.0,99.2,1,21.01,4893,2.57,5198,51,5,0.00,4.00,4.0,0.00,0.00,0.0,0.00,85475.00,56.5
387,696.00,88.00,784.0,15.26,0.00,827.00,827.0,99.21,1,21.01,4893,2.57,5216,51,4,0.00,0.00,0.0,0.00,0.00,0.0,2.00,49218.00,47.2
388,164.00,116.00,280.0,9.56,0.00,761.00,761.0,99.21,0,21.01,4894,2.57,5213,51,4,0.00,0.00,0.0,0.00,0.00,0.0,1.00,24103.00,47.4
389,0.00,140.00,140.0,4.19,2.00,351.00,353.0,99.22,1,19.33,4894,2.57,5214,51,4,0.00,1.00,1.0,0.00,0.00,0.0,0.00,6792.00,42.3
390,12.00,868.00,880.0,10.3,1.00,1225.00,1226.0,99.22,1,19.33,4894,2.57,5209,51,4,0.00,1.00,1.0,0.00,0.00,0.0,0.00,43154.00,36.5
391,88.00,36.00,124.0,35.91,2.00,2804.00,2806.0,99.24,14,19.33,4894,2.57,5211,51,4,0.00,2.00,2.0,0.00,0.00,0.0,0.00,152012.00,42.3
392,288.00,456.00,744.0,70.91,2.00,2603.00,2605.0,99.26,25,19.33,4893,2.57,5226,51,4,1.00,1.00,2.0,0.00,0.00,0.0,1.00,191176.00,67.1
393,4.00,484.00,488.0,73.9,6.00,1776.00,1782.0,99.29,31,19.33,4889,2.57,5186,51,4,2.00,0.00,2.0,4.00,4.00,8.0,1.00,208761.00,84.0
394,4.00,36528.00,36532.0,66.12,5.00,3217.00,3222.0,99.31,33,20.26,4889,2.57,5208,51,4,3.00,3.00,6.0,0.00,0.00,0.0,2.00,196299.00,84.2
395,8.00,27360.00,27368.0,71.03,1.00,1496.00,1497.0,99.15,33,20.26,4894,2.63,5272,51,4,0.00,0.00,0.0,0.00,0.00,0.0,6.00,186284.00,84.1
396,32.00,648.00,680.0,80.25,0.00,2157.00,2157.0,99.22,38,20.26,4895,2.63,5238,51,4,0.00,0.00,0.0,0.00,0.00,0.0,1.00,122299.00,84.2
397,76.00,536.00,612.0,80.86,1.00,2707.00,2708.0,99.26,13,20.26,4895,2.63,5218,51,4,0.00,0.00,0.0,0.00,0.00,0.0,2.00,114495.00,84.3
398,0.00,47424.00,47424.0,77.06,5.00,3051.00,3056.0,99.3,19,20.26,4895,2.63,5217,51,4,3.00,1.00,4.0,0.00,0.00,0.0,0.00,144232.67,84.5
399,88.00,13640.00,13728.0,65.0,4.00,3996.00,4000.0,99.12,28,21.28,4894,2.67,5205,51,4,6.00,0.00,6.0,0.00,0.00,0.0,0.00,154741.00,84.7
400,204.00,11580.00,11784.0,70.29,8.00,3423.00,3431.0,99.16,5,21.28,4892,2.67,5205,51,4,6.00,0.00,6.0,0.00,0.00,0.0,0.00,129940.00,84.7
401,144.00,560.00,704.0,21.15,6.00,862.00,868.0,99.16,0,21.28,4892,2.67,5229,51,4,6.00,2.00,8.0,0.00,0.00,0.0,0.00,34509.00,84.6
402,124.00,1064.00,1188.0,16.28,29.00,1319.00,1348.0,99.17,3,21.28,4894,2.67,5219,51,4,28.00,1.00,29.0,0.00,0.00,0.0,3.00,61294.00,52.1
403,44.00,424.00,468.0,31.65,11.00,1570.00,1581.0,99.18,2,21.28,4893,2.67,5225,51,4,11.00,1.00,12.0,0.00,0.00,0.0,0.00,120190.00,52.0
404,4.00,332.00,336.0,32.81,14.00,1167.00,1181.0,99.19,2,19.82,4893,2.67,5225,51,4,12.00,0.00,12.0,0.00,0.00,0.0,1.00,190376.00,62.5
405,348.00,80.00,428.0,26.31,30.00,2623.00,2653.0,99.21,13,19.82,4895,2.67,5216,52,4,17.00,2.00,19.0,0.00,0.00,0.0,4.00,127413.00,62.7
406,20.00,504.00,524.0,73.41,8.00,3860.00,3868.0,99.25,32,19.82,4894,2.67,5199,52,4,23.00,9.00,32.0,0.00,0.00,0.0,1.00,186992.00,62.3
407,132.00,424.00,556.0,76.91,0.00,3080.00,3080.0,99.28,24,19.82,4894,2.67,5223,52,4,0.00,0.00,0.0,0.00,0.00,0.0,3.00,187238.00,83.7
408,1912.00,12436.00,14348.0,65.91,5.00,2516.00,2521.0,99.3,26,19.82,4892,2.67,5216,51,4,5.00,2.00,7.0,0.00,0.00,0.0,1.00,200383.00,83.9
409,16.00,64664.00,64680.0,69.5,10.00,1230.00,1240.0,99.15,30,21.44,4892,2.73,5272,51,4,8.00,0.00,8.0,0.00,0.00,0.0,0.00,134432.00,83.8
410,264.00,27820.00,28084.0,65.07,6.00,1585.00,1591.0,99.17,2,21.44,4892,2.73,5232,51,4,6.00,2.00,8.0,0.00,0.00,0.0,4.00,123520.00,84.0
411,384.00,1412.00,1796.0,77.71,8.00,2865.00,2873.0,99.2,29,21.44,4894,2.73,5227,51,4,6.00,2.00,8.0,0.00,0.00,0.0,1.00,141038.00,83.6
412,116.00,3416.00,3532.0,73.55,8.00,3553.00,3561.0,99.25,27,21.44,4894,2.73,5230,51,4,6.00,2.00,8.0,0.00,0.00,0.0,1.00,164997.00,84.0
413,184.00,3792.00,3976.0,77.56,4.00,2939.00,2943.0,99.28,31,21.44,4895,2.73,5221,51,4,0.00,0.00,0.0,4.00,4.00,8.0,2.00,175375.00,84.3
414,464.00,34640.00,35104.0,71.59,13.00,3846.00,3859.0,99.3,4,21.0,4896,2.73,5233,52,4,13.00,11.00,24.0,0.00,0.00,0.0,2.00,147359.00,84.6
415,196.00,29664.00,29860.0,49.17,17.00,1230.00,1247.0,99.18,2,21.0,4896,2.74,5245,51,4,12.00,2.00,14.0,0.00,0.00,0.0,2.00,150664.00,84.7
416,460.00,1276.00,1736.0,12.31,25.00,888.00,913.0,99.19,0,21.0,4894,2.74,5226,50,4,21.00,3.00,24.0,0.00,0.00,0.0,0.00,42576.00,77.1
417,1952.00,2112.00,4064.0,27.33,21.00,1670.00,1691.0,99.21,0,21.0,4895,2.74,5224,51,5,22.00,3.00,25.0,1.00,1.00,2.0,2.00,90450.00,48.6
418,112.00,948.00,1060.0,42.58,18.00,2593.00,2611.0,99.23,12,21.0,4896,2.74,5208,51,5,18.00,1.00,19.0,0.00,0.00,0.0,1.00,141502.00,63.5
419,20.00,392.00,412.0,53.22,0.00,1636.00,1636.0,99.25,7,19.56,4896,2.74,5209,51,5,0.00,0.00,0.0,0.00,0.00,0.0,0.00,163922.00,72.7
420,72.00,360.00,432.0,45.7,0.00,1140.00,1140.0,99.27,1,19.56,4895,2.74,5219,51,5,0.00,0.00,0.0,0.00,0.00,0.0,1.00,227031.00,72.9
421,68.00,692.00,760.0,25.1,2.00,1533.00,1535.0,99.3,6,19.56,4895,2.74,5233,51,4,0.00,0.00,0.0,1.00,1.00,2.0,1.00,116009.00,72.9
422,8.00,55124.00,55132.0,30.27,16.00,2109.00,2125.0,99.2,2,19.56,4895,2.77,5239,51,4,16.00,0.00,16.0,0.00,0.00,0.0,6.00,87718.00,59.7
423,544.00,2800.00,3344.0,72.34,14.00,2385.00,2399.0,99.2,8,19.56,4896,2.77,5239,51,4,2.00,0.00,2.0,4.00,4.00,8.0,1.00,80467.00,66.2
424,76.00,1728.00,1804.0,51.72,13.00,2804.00,2817.0,99.21,15,19.11,4896,2.77,5257,51,4,18.00,0.00,18.0,0.00,0.00,0.0,0.00,159925.00,84.9
425,40.00,776.00,816.0,55.57,16.00,2343.00,2359.0,99.23,21,19.11,4896,2.77,5234,51,4,12.00,2.00,14.0,0.00,0.00,0.0,0.00,219429.00,76.7
426,212.00,652.00,864.0,68.85,11.00,2251.00,2262.0,99.27,24,19.11,4896,2.77,5257,51,4,14.00,0.00,14.0,0.00,0.00,0.0,0.00,197744.00,76.8
427,288.00,42344.00,42632.0,59.54,8.00,3035.00,3043.0,99.31,16,19.11,4896,2.77,5244,51,4,8.00,0.00,8.0,0.00,0.00,0.0,1.00,192308.00,84.1
428,4.00,27996.00,28000.0,66.71,11.00,3588.00,3599.0,99.13,19,19.11,4896,2.83,5247,51,4,9.00,3.00,12.0,0.00,0.00,0.0,1.98,189800.99,83.7
429,180.00,1548.00,1728.0,75.53,1.98,3351.49,3353.47,99.15,33,20.63,4896,2.83,5222,51,4,2.00,0.00,2.0,0.00,0.00,0.0,0.00,192177.00,83.9
430,72.00,2532.00,2604.0,70.39,3.00,2308.00,2311.0,99.18,8,20.63,4895,2.83,5226,51,4,2.00,0.00,2.0,0.00,0.00,0.0,1.00,166905.00,84.2
431,24.00,424.00,448.0,65.82,13.00,2062.00,2075.0,99.21,11,20.63,4895,2.83,5227,51,4,10.00,3.00,13.0,0.00,0.00,0.0,2.00,204730.00,84.2
432,32.00,1244.00,1276.0,58.91,20.00,2962.00,2982.0,99.28,14,20.63,4895,2.83,5210,51,4,18.00,0.00,18.0,0.00,0.00,0.0,2.00,164617.00,84.1
433,4.00,57000.00,57004.0,55.97,14.00,2491.00,2505.0,99.31,1,20.63,4896,2.83,5221,51,4,16.00,0.00,16.0,0.00,0.00,0.0,1.00,128794.00,83.7
434,132.00,7888.00,8020.0,27.74,24.00,2636.00,2660.0,99.19,1,19.29,4896,2.83,5209,51,4,21.00,2.00,23.0,0.00,0.00,0.0,0.00,96773.00,83.1
435,284.00,540.00,824.0,64.15,20.00,2560.00,2580.0,99.2,17,19.29,4896,2.83,5224,51,4,22.00,0.00,22.0,0.00,0.00,0.0,0.00,171997.00,61.8
436,96.00,620.00,716.0,58.99,20.00,2316.00,2336.0,99.22,22,19.29,4894,2.83,5229,51,4,18.00,0.00,18.0,0.00,0.00,0.0,0.00,180821.00,81.1
437,68.00,252.00,320.0,68.69,12.00,2418.00,2430.0,99.26,13,19.29,4896,2.83,5216,51,4,12.00,0.00,12.0,0.00,0.00,0.0,4.00,206422.00,80.9
438,4.00,432.00,436.0,71.18,12.00,2888.00,2900.0,99.29,25,19.29,4896,2.83,5214,51,4,14.00,0.00,14.0,0.00,0.00,0.0,3.00,207222.00,81.3
439,92.00,61588.00,61680.0,70.31,5.00,3106.00,3111.0,99.21,21,19.67,4896,2.86,5221,51,4,4.00,0.00,4.0,0.00,0.00,0.0,0.00,166781.00,81.8
440,756.00,1600.00,2356.0,63.13,12.00,3428.00,3440.0,99.21,1,19.67,4897,2.86,5231,52,4,3.00,2.00,5.0,0.00,0.00,0.0,2.00,166719.00,82.1
441,1320.00,724.00,2044.0,62.44,1.00,2592.00,2593.0,99.25,8,19.67,4898,2.86,5220,52,4,9.00,9.00,18.0,0.00,0.00,0.0,3.00,192620.00,82.2
442,876.00,1044.00,1920.0,64.62,2.00,2535.00,2537.0,99.3,10,19.67,4896,2.86,5220,51,4,2.00,3.00,5.0,0.00,0.00,0.0,3.00,193312.00,82.2
443,4.00,61968.00,61972.0,53.13,7.00,2308.00,2315.0,99.09,10,19.67,4894,2.90,5210,51,4,0.00,3.00,3.0,4.00,4.00,8.0,1.00,180047.00,82.4
444,8.00,444.00,452.0,47.87,2.00,2590.00,2592.0,99.13,10,19.46,4894,2.90,5217,51,4,0.00,2.00,2.0,0.00,0.00,0.0,0.00,139623.00,82.1
445,8.00,740.00,748.0,37.19,3.00,2289.00,2292.0,99.14,6,19.46,4894,2.90,5225,51,4,0.00,2.00,2.0,0.00,0.00,0.0,0.00,94833.00,81.6
446,16.00,272.00,288.0,13.38,2.00,800.00,802.0,99.15,0,19.46,4894,2.90,5229,51,4,0.00,2.00,2.0,0.00,0.00,0.0,0.00,35217.00,67.9
447,76.00,52.00,128.0,10.89,4.00,850.00,854.0,99.15,0,19.46,4896,2.90,5228,51,4,1.00,3.00,4.0,0.00,0.00,0.0,3.00,49102.00,46.1
448,228.00,120.00,348.0,29.56,1.00,2155.00,2156.0,99.16,2,19.46,4895,2.90,5226,50,4,0.00,0.00,0.0,0.00,0.00,0.0,0.00,144539.00,45.8
449,4.00,496.00,500.0,69.22,0.00,2439.00,2439.0,99.19,13,18.86,4895,2.90,5224,50,4,0.00,0.00,0.0,0.00,0.00,0.0,0.00,172080.00,62.1
450,0.00,91.09,91.09,71.99,1.00,2388.00,2389.0,99.22,34,18.86,4895,2.90,5221,50,4,0.00,0.00,0.0,0.00,0.00,0.0,1.00,193965.00,83.1
451,16.00,596.00,612.0,79.42,2.00,2866.00,2868.0,99.28,31,18.86,4895,2.90,5214,50,4,2.00,0.00,2.0,0.00,0.00,0.0,0.00,135177.00,83.3
452,504.00,65864.00,66368.0,76.12,5.00,3345.00,3350.0,99.31,32,18.86,4894,2.90,5223,51,5,2.00,3.00,5.0,1.00,1.00,2.0,5.00,130046.00,83.4
453,12.00,23620.00,23632.0,72.73,7.00,2767.00,2774.0,99.11,29,18.86,4895,2.97,5217,51,5,0.00,2.00,2.0,4.00,4.00,8.0,3.00,130477.00,83.6
454,8.00,12300.00,12308.0,74.81,1.00,3742.00,3743.0,99.15,28,18.95,4895,2.97,5211,51,5,0.00,1.00,1.0,0.00,0.00,0.0,0.00,144244.00,83.8
455,960.00,1136.00,2096.0,60.2,2.00,2302.00,2304.0,99.19,4,18.95,4896,2.97,5218,51,5,0.00,2.00,2.0,0.00,0.00,0.0,1.00,158841.00,84.1
456,8.00,924.00,932.0,66.84,0.00,3309.00,3309.0,99.24,4,18.95,4896,2.97,5221,51,4,0.00,0.00,0.0,0.00,0.00,0.0,0.00,157371.00,83.5
457,136.00,816.00,952.0,73.02,16.00,3238.00,3254.0,99.28,8,18.95,4895,2.97,5217,51,4,16.00,0.00,16.0,0.00,0.00,0.0,1.00,121452.00,83.4
458,76.00,67404.00,67480.0,31.26,19.00,1235.00,1254.0,99.13,0,18.95,4893,2.97,5226,51,4,15.00,4.00,19.0,0.00,0.00,0.0,0.00,44053.00,83.5
459,28.00,116.00,144.0,4.69,30.00,606.00,636.0,99.13,2,17.59,4893,2.97,5217,51,4,26.00,0.00,26.0,0.00,0.00,0.0,0.00,10055.00,65.0
460,740.00,300.00,1040.0,9.28,28.00,1192.00,1220.0,99.13,1,17.59,4892,2.97,5204,51,4,28.00,0.00,28.0,0.00,0.00,0.0,0.00,38927.00,38.5
461,8.00,1104.00,1112.0,39.44,26.00,2814.00,2840.0,99.14,11,17.59,4892,2.97,5218,51,4,26.00,4.00,30.0,0.00,0.00,0.0,0.00,161102.00,39.1
462,440.00,1296.00,1736.0,56.76,18.00,3198.00,3216.0,99.18,21,17.59,4888,2.97,5197,51,4,14.00,2.00,16.0,0.00,0.00,0.0,2.00,201124.00,68.5
463,28.00,1280.00,1308.0,76.1,6.00,2553.00,2559.0,99.22,23,17.59,4887,2.97,5235,51,4,6.00,2.00,8.0,0.00,0.00,0.0,4.00,139900.00,78.2
464,0.00,336.00,336.0,75.75,0.00,2762.00,2762.0,99.29,23,18.99,4889,2.97,5231,51,4,0.00,0.00,0.0,0.00,0.00,0.0,1.00,128808.00,84.4
465,8.00,47344.00,47352.0,60.79,0.00,2518.00,2518.0,99.11,21,18.99,4893,3.06,5240,51,4,0.00,0.00,0.0,0.00,0.00,0.0,4.00,148367.00,84.4
466,32.00,39956.00,39988.0,75.97,2.00,3168.00,3170.0,99.15,28,18.99,4894,3.06,5225,51,4,0.00,2.00,2.0,0.00,0.00,0.0,1.00,129400.00,84.1
467,208.00,632.00,840.0,80.23,2.00,4114.00,4116.0,99.21,6,18.99,4894,3.06,5216,51,4,1.00,1.00,2.0,0.00,0.00,0.0,3.00,125394.00,84.4
468,2872.00,1408.00,4280.0,64.68,13.00,2988.00,3001.0,99.25,5,18.99,4897,3.06,5230,52,5,12.00,10.00,22.0,2.00,2.00,4.0,2.00,150569.00,84.8
469,20.00,932.00,952.0,73.93,13.00,4044.00,4057.0,99.3,6,18.67,4897,3.06,5228,53,5,12.00,2.00,14.0,0.00,0.00,0.0,0.00,121436.00,84.6
470,512.00,63028.00,63540.0,31.98,16.00,1264.00,1280.0,99.14,2,18.67,4894,3.06,5236,52,5,15.00,4.00,19.0,0.00,0.00,0.0,0.00,64809.00,84.7
471,12.00,356.00,368.0,6.01,9.00,630.00,639.0,99.14,0,18.67,4893,3.06,5237,51,5,6.00,0.00,6.0,0.00,0.00,0.0,1.00,18792.00,67.7
472,12.00,836.00,848.0,18.14,16.00,1378.00,1394.0,99.15,1,18.67,4892,3.06,5221,51,5,18.00,0.00,18.0,0.00,0.00,0.0,1.00,61457.00,41.0
473,8.00,180.00,188.0,40.79,24.00,2230.00,2254.0,99.15,16,18.67,4892,3.06,5219,51,4,14.00,0.00,14.0,6.00,6.00,12.0,1.00,163597.00,49.5
474,0.00,712.00,712.0,58.99,12.00,2661.00,2673.0,99.16,16,17.57,4891,3.06,5204,51,4,15.84,0.00,15.84,0.00,0.00,0.0,0.00,198869.31,69.1
475,536.00,108.00,644.0,70.54,24.00,3201.00,3225.0,99.19,16,17.57,4893,3.06,5195,52,4,24.00,10.00,34.0,0.00,0.00,0.0,5.00,174106.00,80.2
476,0.00,848.00,848.0,79.4,2.94,3306.86,3309.8,99.24,43,17.57,4896,3.06,5245,52,4,2.00,0.00,2.0,0.00,0.00,0.0,3.00,115035.00,80.6
477,120.00,28484.00,28604.0,79.6,2.00,2342.00,2344.0,99.31,29,17.57,4894,3.06,5235,51,4,2.00,2.00,4.0,0.00,0.00,0.0,3.00,115075.00,81.1
478,24.00,37008.00,37032.0,55.33,0.00,2061.00,2061.0,99.2,16,17.57,4894,3.08,5215,51,4,0.00,0.00,0.0,0.00,0.00,0.0,1.00,111016.00,81.6
479,0.00,1136.00,1136.0,70.43,6.00,2493.00,2499.0,99.21,36,17.77,4894,3.08,5243,51,4,0.00,3.00,3.0,2.00,0.00,2.0,0.00,203618.00,81.1
480,132.00,576.00,708.0,73.36,10.00,3233.00,3243.0,99.25,15,17.77,4894,3.08,5240,51,4,8.00,8.00,16.0,0.00,0.00,0.0,1.00,160203.00,81.5
481,16.00,672.00,688.0,58.46,10.00,3385.00,3395.0,99.29,20,17.77,4892,3.08,5239,51,4,10.00,0.00,10.0,0.00,0.00,0.0,0.00,154395.00,81.9
482,28.00,66228.00,66256.0,53.65,16.00,3886.00,3902.0,99.2,2,17.77,4894,3.10,5233,51,4,16.00,0.00,16.0,0.00,0.00,0.0,5.00,128130.00,81.6
483,208.00,4092.00,4300.0,32.87,28.00,1786.00,1814.0,99.2,0,17.77,4894,3.11,5246,51,4,20.00,1.00,21.0,0.00,0.00,0.0,1.00,103975.00,81.4
484,108.00,1240.00,1348.0,25.82,19.00,1525.00,1544.0,99.21,0,16.51,4894,3.11,5250,51,4,18.00,1.00,19.0,4.00,4.00,8.0,0.00,137096.00,66.8
485,240.00,2160.00,2400.0,29.94,21.00,2103.00,2124.0,99.23,3,16.51,4894,3.11,5238,51,4,18.00,1.00,19.0,0.00,0.00,0.0,1.00,156707.00,57.5
486,52.00,1072.00,1124.0,46.63,20.00,2937.00,2957.0,99.26,22,16.51,4894,3.11,5220,51,5,22.00,0.00,22.0,1.00,1.00,2.0,0.00,205093.00,64.7
487,20.00,124.00,144.0,57.47,6.00,2480.00,2486.0,99.3,1,16.51,4892,3.11,5211,51,5,6.00,0.00,6.0,0.00,0.00,0.0,1.00,205291.00,74.3
488,0.00,50924.00,50924.0,53.33,2.00,2277.00,2279.0,99.18,21,16.51,4892,3.12,5211,51,5,0.00,2.00,2.0,0.00,0.00,0.0,1.00,220066.00,74.8
489,0.00,1200.00,1200.0,54.15,0.00,2711.00,2711.0,99.22,18,15.9,4892,3.12,5214,51,5,0.00,0.00,0.0,0.00,0.00,0.0,0.00,189320.00,80.2
490,28.00,2020.00,2048.0,38.03,1.00,2300.00,2301.0,99.25,1,15.9,4892,3.12,5230,51,4,0.00,0.00,0.0,0.00,0.00,0.0,1.00,137903.00,80.0
491,20.00,1760.00,1780.0,36.07,25.00,3044.00,3069.0,99.28,1,15.9,4893,3.12,5233,51,4,20.00,2.00,22.0,0.00,0.00,0.0,1.00,113203.00,69.7
492,16.00,49116.00,49132.0,41.85,13.00,2710.00,2723.0,99.29,2,15.9,4894,3.12,5260,52,4,15.00,2.00,17.0,0.00,0.00,0.0,2.00,148141.00,69.4
493,4.00,13388.00,13392.0,27.51,23.00,1603.00,1626.0,99.19,16,15.9,4893,3.16,5273,52,4,14.00,1.00,15.0,0.00,0.00,0.0,0.00,126223.00,69.6
494,112.00,52.00,164.0,38.94,22.00,1824.00,1846.0,99.22,3,15.35,4893,3.16,5290,52,4,22.00,0.00,22.0,4.00,4.00,8.0,0.00,134349.00,60.0
495,8.00,88.00,96.0,55.67,14.00,3157.00,3171.0,99.25,17,15.35,4892,3.16,5250,52,4,16.00,0.00,16.0,0.00,0.00,0.0,0.00,206968.00,60.5
496,36.00,652.00,688.0,75.19,8.00,4175.00,4183.0,99.29,28,15.35,4892,3.16,5217,52,4,10.00,0.00,10.0,0.00,0.00,0.0,1.00,177979.00,78.7
497,32.00,49424.00,49456.0,68.93,1.00,2502.00,2503.0,99.17,19,15.35,4893,3.17,5254,52,4,0.00,0.00,0.0,0.00,0.00,0.0,4.00,180344.00,84.9
498,12.00,832.00,844.0,73.05,0.00,2207.00,2207.0,99.2,6,15.35,4893,3.17,5256,52,4,1.00,1.00,2.0,0.00,0.00,0.0,2.00,192699.00,84.7
499,12.00,372.00,384.0,67.96,2.00,2383.00,2385.0,99.24,13,15.8,4894,3.17,5252,52,4,0.00,1.00,1.0,0.00,0.00,0.0,1.00,207623.00,84.8
500,0.00,804.00,804.0,63.74,1.00,3306.00,3307.0,99.28,4,15.8,4894,3.17,5213,51,4,0.00,0.00,0.0,0.00,0.00,0.0,2.00,196092.00,84.6
501,632.00,39868.00,40500.0,50.26,0.00,3768.00,3768.0,99.32,4,15.8,4894,3.17,5213,51,4,0.00,0.00,0.0,0.00,0.00,0.0,3.00,150029.00,84.3
502,12.00,45872.00,45884.0,29.81,0.00,2556.00,2556.0,99.13,3,15.8,4893,3.25,5217,51,4,0.00,0.00,0.0,0.00,0.00,0.0,2.00,82500.00,78.5
503,2032.00,424.00,2456.0,16.79,8.00,857.00,865.0,99.13,0,15.8,4892,3.25,5230,50,6,0.00,1.00,1.0,2.00,0.00,2.0,0.00,49948.00,64.5
504,0.00,44.00,44.0,3.29,0.00,391.00,391.0,99.13,1,14.54,4892,3.25,5221,50,5,0.00,0.00,0.0,4.00,4.00,8.0,0.00,8796.00,53.4
505,108.00,40.00,148.0,9.97,3.00,1163.00,1166.0,99.14,0,14.54,4892,3.25,5208,50,5,2.00,1.00,3.0,0.00,0.00,0.0,2.00,52072.00,36.5
506,28.00,276.00,304.0,27.27,1.00,2010.00,2011.0,99.16,10,14.54,4891,3.25,5202,50,5,0.00,0.00,0.0,0.00,0.00,0.0,0.00,160144.00,42.8
507,16.00,72.00,88.0,58.56,0.00,1575.00,1575.0,99.2,15,14.54,4891,3.25,5206,50,5,0.00,0.00,0.0,0.00,0.00,0.0,1.00,184485.00,60.4
508,0.00,292.00,292.0,70.37,2.00,1948.00,1950.0,99.26,8,14.54,4892,3.25,5189,50,5,2.00,0.00,2.0,0.00,0.00,0.0,3.00,187384.00,79.1
509,0.00,548.00,548.0,62.55,5.00,3506.00,3511.0,99.29,19,15.38,4894,3.25,5198,50,5,2.00,1.00,3.0,1.00,0.00,1.0,3.00,196532.00,79.7
510,576.00,38712.00,39288.0,69.42,13.00,3199.00,3212.0,99.27,1,15.38,4896,3.25,5214,51,5,13.00,10.00,23.0,0.00,0.00,0.0,2.00,120514.00,79.8
511,40.00,23300.00,23340.0,63.18,0.00,3869.00,3869.0,99.15,13,15.38,4896,3.26,5228,51,5,0.00,0.00,0.0,0.00,0.00,0.0,0.00,212319.00,80.3
512,128.00,672.00,800.0,71.21,3.00,2564.00,2567.0,99.2,17,15.38,4894,3.26,5248,50,5,2.00,2.00,4.0,0.00,0.00,0.0,1.00,164979.00,80.5
513,31.68,966.34,998.02,58.66,12.00,2804.00,2816.0,99.25,11,15.38,4894,3.26,5222,50,5,6.00,0.00,6.0,0.00,0.00,0.0,0.00,191981.00,80.9
514,12.00,48876.00,48888.0,62.31,12.00,4323.00,4335.0,99.3,8,15.27,4894,3.26,5222,50,5,10.00,1.00,11.0,5.00,4.00,9.0,0.00,183724.00,80.9
515,4.00,25460.00,25464.0,70.31,8.00,4060.00,4068.0,99.22,14,15.27,4893,3.28,5219,50,5,8.00,0.00,8.0,0.00,0.00,0.0,0.00,114402.00,81.0
516,32.00,796.00,828.0,46.2,9.00,1725.00,1734.0,99.24,3,15.27,4893,3.28,5223,50,5,10.00,0.00,10.0,0.00,0.00,0.0,0.00,101832.00,81.6
517,52.00,20.00,72.0,29.57,16.00,1766.00,1782.0,99.26,3,15.27,4894,3.28,5218,50,5,16.00,0.00,16.0,0.00,0.00,0.0,2.00,136001.00,74.9
518,0.00,280.00,280.0,36.32,16.00,1935.00,1951.0,99.27,6,15.27,4893,3.28,5224,50,5,12.00,0.00,12.0,0.00,0.00,0.0,0.00,199891.00,64.5
519,224.00,724.00,948.0,47.88,18.00,1976.00,1994.0,99.29,13,14.44,4894,3.28,5213,51,4,20.00,3.00,23.0,0.00,0.00,0.0,4.00,176783.00,64.6
520,52.00,42160.00,42212.0,66.25,14.00,2775.00,2789.0,99.17,24,14.44,4894,3.31,5191,51,5,10.00,1.00,11.0,1.00,1.00,2.0,0.00,160523.00,74.9
521,12.00,13176.00,13188.0,63.75,4.00,4040.00,4044.0,99.2,24,14.44,4894,3.31,5203,51,5,6.00,0.00,6.0,0.00,0.00,0.0,0.00,201213.00,84.0
522,136.00,2532.00,2668.0,65.92,5.00,3093.00,3098.0,99.23,33,14.44,4894,3.31,5231,52,5,2.00,1.00,3.0,0.00,0.00,0.0,3.00,186853.00,83.9
523,256.00,856.00,1112.0,77.15,11.00,2312.00,2323.0,99.27,16,14.44,4897,3.31,5234,52,5,9.00,11.00,20.0,0.00,0.00,0.0,2.00,147030.00,83.7
524,120.00,51104.00,51224.0,65.65,5.00,2135.00,2140.0,99.3,8,14.81,4894,3.31,5224,51,4,2.00,4.00,6.0,4.00,4.00,8.0,0.00,183166.00,83.9
525,240.00,10616.00,10856.0,52.6,12.00,2737.00,2749.0,99.17,11,14.81,4895,3.33,5219,51,4,14.00,1.00,15.0,0.00,0.00,0.0,2.00,142822.00,83.9
526,44.00,1016.00,1060.0,73.48,10.00,4387.00,4397.0,99.23,5,14.81,4895,3.33,5202,51,4,10.00,0.00,10.0,0.00,0.00,0.0,0.00,149519.00,77.4
527,20.00,764.00,784.0,47.72,15.00,2697.00,2712.0,99.26,1,14.81,4895,3.33,5227,51,4,12.00,1.00,13.0,0.00,0.00,0.0,2.00,120375.00,85.8
528,4.00,52.00,56.0,15.22,24.00,1379.00,1403.0,99.27,3,14.81,4895,3.33,5224,51,4,20.00,0.00,20.0,0.00,0.00,0.0,0.00,82557.00,75.0
529,216.00,536.00,752.0,35.44,25.00,2428.00,2453.0,99.29,9,14.18,4895,3.33,5221,51,4,24.00,0.00,24.0,0.00,0.00,0.0,0.00,161741.00,48.9
530,0.00,8692.00,8692.0,51.4,14.00,2258.00,2272.0,99.15,9,14.18,4894,3.35,5216,51,4,21.00,1.00,22.0,0.00,0.00,0.0,0.99,168336.63,64.2
531,4.00,600.00,604.0,59.39,24.00,2146.00,2170.0,99.18,4,14.18,4894,3.35,5214,51,4,22.00,0.00,22.0,0.00,0.00,0.0,0.00,207422.00,77.8
532,2112.00,1344.00,3456.0,58.86,14.00,3726.00,3740.0,99.22,28,14.18,4894,3.35,5190,51,4,16.00,0.00,16.0,0.00,0.00,0.0,2.00,194007.00,78.1
533,120.00,58848.00,58968.0,75.66,2.00,4320.00,4322.0,99.3,27,14.18,4894,3.35,5211,51,4,2.00,0.00,2.0,0.00,0.00,0.0,2.00,127235.00,78.2
534,4.00,36868.00,36872.0,67.17,2.00,3087.00,3089.0,99.19,19,16.33,4894,3.38,5209,51,4,2.00,0.00,2.0,0.00,0.00,0.0,2.00,170126.00,85.5
535,0.00,26936.00,26936.0,73.02,7.00,1481.00,1488.0,99.23,21,16.33,4894,3.38,5244,51,4,4.00,0.00,4.0,0.00,0.00,0.0,0.00,218454.00,85.5
536,28.00,100.00,128.0,59.77,2.00,2409.00,2411.0,99.22,13,16.33,4894,3.38,5230,51,4,2.00,0.00,2.0,0.00,0.00,0.0,1.00,185125.00,85.5
537,144.00,1444.00,1588.0,58.7,6.00,3532.00,3538.0,99.27,11,16.33,4894,3.38,5234,51,4,8.00,1.00,9.0,0.00,0.00,0.0,1.00,193935.00,84.9
538,92.00,50328.00,50420.0,59.54,14.00,4923.00,4937.0,99.24,2,16.33,4895,3.39,5228,51,4,10.00,1.00,11.0,0.00,0.00,0.0,5.00,142414.00,79.4
539,476.00,8088.00,8564.0,35.52,12.00,2003.00,2015.0,99.19,0,15.98,4895,3.41,5250,51,4,10.00,0.00,10.0,0.00,0.00,0.0,0.00,121715.00,79.7
540,0.00,580.00,580.0,28.83,27.72,2608.91,2636.6299999999997,99.21,12,15.98,4896,3.41,5240,51,4,32.00,0.00,32.0,0.00,0.00,0.0,2.00,160533.00,70.5
541,3368.00,328.00,3696.0,36.94,21.00,2018.00,2039.0,99.24,6,15.98,4896,3.41,5239,51,4,20.00,0.00,20.0,0.00,0.00,0.0,0.00,198087.00,61.3
542,440.00,336.00,776.0,50.39,22.00,1912.00,1934.0,99.29,8,15.98,4896,3.41,5215,51,4,20.00,0.00,20.0,0.00,0.00,0.0,2.00,213492.00,68.3
543,248.00,7980.00,8228.0,47.63,20.00,3518.00,3538.0,99.17,13,15.98,4896,3.43,5208,51,4,16.00,0.00,16.0,0.00,0.00,0.0,5.00,161284.00,76.1
544,132.00,652.00,784.0,73.7,18.00,4277.00,4295.0,99.21,0,16.06,4898,3.43,5207,52,4,20.00,10.00,30.0,4.00,4.00,8.0,2.00,180215.00,76.1
545,148.00,1936.00,2084.0,67.43,5.00,3029.00,3034.0,99.25,14,16.06,4897,3.43,5217,52,4,4.00,1.00,5.0,0.00,0.00,0.0,0.00,194531.00,83.5
546,48.00,1024.00,1072.0,60.33,0.00,2512.00,2512.0,99.29,26,16.06,4897,3.43,5247,52,4,0.00,0.00,0.0,0.00,0.00,0.0,0.00,223461.00,83.5
547,20.00,81608.00,81628.0,62.74,14.00,2259.00,2273.0,99.32,27,16.06,4895,3.43,5208,51,4,14.00,2.00,16.0,0.00,0.00,0.0,7.00,180030.00,83.5
548,4.00,37180.00,37184.0,73.89,10.00,3549.00,3559.0,99.16,9,16.06,4895,3.48,5199,51,4,8.00,0.00,8.0,0.00,0.00,0.0,3.00,152547.00,83.4
549,8.00,16436.00,16444.0,77.33,13.00,3721.00,3734.0,99.15,26,17.42,4895,3.49,5184,51,4,12.00,3.00,15.0,0.00,0.00,0.0,1.00,166718.00,83.7
550,236.00,2032.00,2268.0,74.56,13.00,4121.00,4134.0,99.21,13,17.42,4896,3.49,5184,50,4,12.00,0.00,12.0,0.00,0.00,0.0,1.00,141698.00,84.1
551,160.00,2256.00,2416.0,60.35,10.00,2296.00,2306.0,99.23,5,17.42,4896,3.49,5201,50,4,10.00,0.00,10.0,0.00,0.00,0.0,1.00,193227.00,84.5
552,176.00,1848.00,2024.0,41.68,16.00,1853.00,1869.0,99.26,15,17.42,4896,3.49,5222,50,4,16.00,0.00,16.0,0.00,0.00,0.0,2.00,161414.00,84.0
553,100.00,656.00,756.0,37.17,28.00,2550.00,2578.0,99.28,14,17.42,4895,3.49,5229,50,4,26.00,0.00,26.0,0.00,0.00,0.0,0.00,147740.00,72.3
554,116.00,392.00,508.0,53.44,19.00,3061.00,3080.0,99.3,4,16.75,4896,3.49,5219,51,5,14.00,1.00,15.0,5.00,5.00,10.0,1.00,163937.00,71.7
555,8.00,80908.00,80916.0,56.28,15.84,3097.03,3112.8700000000003,99.16,13,16.75,4896,3.50,5217,51,5,16.00,2.00,18.0,0.00,0.00,0.0,0.00,150943.00,72.3
556,8.00,424.00,432.0,63.88,1.00,1621.00,1622.0,99.18,14,16.75,4896,3.50,5212,51,5,0.00,1.00,1.0,0.00,0.00,0.0,0.00,191135.00,80.6
557,0.00,260.00,260.0,42.29,0.00,1445.00,1445.0,99.23,5,16.75,4895,3.50,5211,51,5,0.00,0.00,0.0,0.00,0.00,0.0,1.00,197068.00,80.6
558,8.00,164.00,172.0,33.38,0.00,2406.00,2406.0,99.26,5,16.75,4895,3.50,5220,51,4,0.00,0.00,0.0,0.00,0.00,0.0,0.00,126747.00,70.5
559,8.00,1148.00,1156.0,36.7,2.00,2738.00,2740.0,99.3,4,16.13,4892,3.50,5208,51,4,0.00,1.00,1.0,0.00,0.00,0.0,0.00,104610.00,70.1
560,132.00,55908.00,56040.0,28.88,2.00,2223.00,2225.0,99.16,12,16.13,4893,3.53,5240,51,4,0.00,2.00,2.0,0.00,0.00,0.0,5.00,119953.00,70.0
561,444.00,48.00,492.0,25.16,0.00,1730.00,1730.0,99.17,8,16.13,4893,3.53,5237,51,4,0.00,0.00,0.0,0.00,0.00,0.0,0.00,119489.00,69.5
562,8.00,672.00,680.0,43.33,1.00,1099.00,1100.0,99.2,0,16.13,4892,3.53,5247,51,4,0.00,0.00,0.0,0.00,0.00,0.0,1.00,168101.00,58.0
563,8.00,492.00,500.0,26.37,2.00,1811.00,1813.0,99.23,3,16.13,4895,3.53,5246,51,4,0.00,2.00,2.0,0.00,0.00,0.0,3.00,112209.00,68.6
564,0.00,384.00,384.0,48.15,5.00,3734.00,3739.0,99.27,2,15.96,4895,3.53,5236,51,4,0.00,1.00,1.0,4.00,4.00,8.0,2.00,118905.00,60.0
565,8.00,448.00,456.0,48.43,1.00,2380.00,2381.0,99.29,17,15.96,4895,3.53,5258,51,4,0.00,0.00,0.0,0.00,0.00,0.0,0.00,164433.00,73.2
566,24.00,224.00,248.0,43.21,0.00,2533.00,2533.0,99.29,19,15.96,4896,3.53,5226,51,4,0.00,0.00,0.0,0.00,0.00,0.0,0.99,183938.61,73.3
567,128.00,5944.00,6072.0,70.2,1.00,2257.00,2258.0,99.17,20,15.96,4896,3.55,5233,51,4,0.00,1.00,1.0,0.00,0.00,0.0,2.00,174127.00,73.2
568,20.00,848.00,868.0,71.23,3.00,2889.00,2892.0,99.2,20,15.96,4896,3.55,5221,51,4,0.00,2.00,2.0,0.00,0.00,0.0,0.00,171061.00,84.6
569,16.00,62592.00,62608.0,75.75,0.00,2178.00,2178.0,99.24,25,16.76,4895,3.55,5212,51,4,0.00,0.00,0.0,0.00,0.00,0.0,1.00,192037.00,84.5
570,196.00,1132.00,1328.0,77.47,4.00,2804.00,2808.0,99.29,38,16.76,4896,3.55,5197,51,4,4.00,0.00,4.0,0.00,0.00,0.0,1.00,168926.00,84.7
571,20.00,10416.00,10436.0,68.33,3.00,3881.00,3884.0,99.2,19,16.76,4896,3.58,5201,51,4,0.00,0.00,0.0,0.00,0.00,0.0,0.00,168159.00,84.9
572,372.00,1132.00,1504.0,78.65,3.00,2940.00,2943.0,99.24,12,16.76,4895,3.58,5202,51,4,2.00,2.00,4.0,0.00,0.00,0.0,1.00,175969.00,84.9
573,748.00,908.00,1656.0,74.47,2.00,3199.00,3201.0,99.29,18,16.76,4895,3.57,5212,51,4,0.00,1.00,1.0,0.00,0.00,0.0,1.00,155873.00,85.1
574,84.00,7304.00,7388.0,63.92,16.00,1765.00,1781.0,99.15,4,15.82,4895,3.60,5210,51,4,12.00,0.00,12.0,4.00,4.00,8.0,0.00,188176.00,85.2
575,24.00,51284.00,51308.0,54.2,17.00,1981.00,1998.0,99.15,13,15.82,4896,3.60,5201,51,4,16.00,0.00,16.0,0.00,0.00,0.0,1.00,118981.00,85.1
576,20.00,1060.00,1080.0,72.03,22.00,3206.00,3228.0,99.19,19,15.82,4897,3.60,5200,51,4,20.00,3.00,23.0,0.00,0.00,0.0,1.00,128799.00,77.8
577,860.00,316.00,1176.0,72.43,16.00,2679.00,2695.0,99.22,2,15.82,4897,3.60,5211,51,4,16.00,2.00,18.0,0.00,0.00,0.0,1.00,147900.00,83.8
578,248.00,556.00,804.0,42.04,19.00,2803.00,2822.0,99.23,13,15.82,4899,3.60,5232,52,4,17.00,9.00,26.0,0.00,0.00,0.0,2.00,205163.00,83.9
579,340.00,544.00,884.0,55.75,31.00,3358.00,3389.0,99.28,12,16.63,4900,3.60,5222,52,4,29.00,13.00,42.0,0.00,0.00,0.0,2.00,201384.00,71.5
580,640.00,57920.00,58560.0,69.04,13.00,2562.00,2575.0,99.31,18,16.63,4901,3.60,5232,52,4,13.00,1.00,14.0,0.00,0.00,0.0,1.00,151675.00,78.7
581,140.00,10800.00,10940.0,57.47,14.00,3017.00,3031.0,99.21,18,16.63,4901,3.63,5228,52,4,14.00,0.00,14.0,0.00,0.00,0.0,0.00,194477.00,79.3
582,3226.00,2120.00,5346.0,57.65,13.00,3317.00,3330.0,99.25,25,16.63,4899,3.63,5207,51,4,12.00,2.00,14.0,0.00,0.00,0.0,1.00,176707.00,79.6
583,436.00,2788.00,3224.0,72.06,8.00,4044.00,4052.0,99.27,20,16.63,4896,3.63,5198,50,4,6.00,3.00,9.0,0.00,0.00,0.0,1.00,155485.00,79.6
584,0.00,69892.00,69892.0,73.09,4.00,3078.00,3082.0,99.2,15,17.78,4895,3.65,5193,50,4,6.00,0.00,6.0,0.00,0.00,0.0,1.00,175583.00,86.9
585,0.00,1016.00,1016.0,67.99,12.00,2754.00,2766.0,99.22,7,17.78,4895,3.65,5217,50,4,12.00,0.00,12.0,0.00,0.00,0.0,0.00,213180.00,86.7
586,0.00,496.00,496.0,40.3,14.00,2297.00,2311.0,99.26,5,17.78,4895,3.65,5211,50,4,12.00,0.00,12.0,0.00,0.00,0.0,1.00,158227.00,86.6
587,16.00,852.00,868.0,56.78,18.00,3280.00,3298.0,99.29,12,17.78,4895,3.65,5183,50,4,18.00,0.00,18.0,0.00,0.00,0.0,1.00,186613.00,69.2
588,16.00,8048.00,8064.0,52.11,18.00,3085.00,3103.0,99.17,7,17.78,4895,3.67,5205,51,5,14.00,2.00,16.0,1.00,1.00,2.0,1.00,163312.00,78.4
589,0.00,411.88,411.88,41.96,11.00,2509.00,2520.0,99.2,4,16.52,4894,3.67,5195,51,5,15.00,0.00,15.0,0.00,0.00,0.0,0.00,197439.00,78.5
590,8.00,52016.00,52024.0,41.91,0.00,2273.00,2273.0,99.22,5,16.52,4893,3.67,5202,51,5,0.00,0.00,0.0,0.00,0.00,0.0,2.00,203245.00,71.2
591,8.00,1644.00,1652.0,38.74,1.00,2022.00,2023.0,99.26,3,16.52,4894,3.67,5197,51,5,0.00,1.00,1.0,0.00,0.00,0.0,1.00,194706.00,71.4
592,16.00,1064.00,1080.0,38.71,2.00,1905.00,1907.0,99.29,7,16.52,4894,3.67,5212,51,4,0.00,2.00,2.0,0.00,0.00,0.0,1.00,118087.00,71.6
593,24.00,7904.00,7928.0,48.02,8.00,2504.00,2512.0,99.16,8,16.52,4894,3.69,5205,51,4,4.00,0.00,4.0,0.00,0.00,0.0,0.00,92653.00,71.1
594,4.00,172.00,176.0,36.92,35.00,1962.00,1997.0,99.2,8,15.44,4895,3.69,5220,51,4,30.00,0.00,30.0,4.00,4.00,8.0,1.00,107678.00,77.9
595,8.00,63948.00,63956.0,25.61,32.00,1676.00,1708.0,99.22,11,15.44,4893,3.69,5210,51,4,28.00,2.00,30.0,0.00,0.00,0.0,0.00,111446.00,70.0
596,0.00,52.00,52.0,44.95,27.00,2013.00,2040.0,99.23,11,15.44,4892,3.69,5241,51,4,30.00,1.00,31.0,0.00,0.00,0.0,1.00,173214.00,54.5
597,32.00,1188.00,1220.0,57.75,22.00,3706.00,3728.0,99.26,16,15.44,4893,3.69,5223,51,4,24.00,0.00,24.0,0.00,0.00,0.0,2.00,206464.00,76.4
598,20.00,164.00,184.0,71.98,9.00,3630.00,3639.0,99.28,22,15.44,4894,3.69,5218,51,4,8.00,0.00,8.0,0.00,0.00,0.0,2.00,203930.00,76.8
