0,,,,,,,,,,,,,,,,,,,,,,,,34.5
1,0.00,140.00,140.0,2.27,0.00,0.00,0.0,46.9,6,1.27,4139,0.62,3890,48,4,0.00,0.00,0.0,0.00,0.00,0.0,0.00,4876.00,34.4
2,0.00,440.00,440.0,1.52,1.00,1.00,2.0,46.9,6,1.16,4139,0.62,3890,48,4,0.00,0.00,0.0,0.00,0.00,0.0,0.00,4967.00,34.4
3,0.00,28.00,28.0,2.03,0.00,0.00,0.0,46.9,6,1.16,4138,0.62,3890,48,4,0.00,0.00,0.0,0.00,0.00,0.0,1.00,5297.00,34.4
4,0.00,220.00,220.0,1.77,1.00,1.00,2.0,46.9,6,1.16,4138,0.62,3890,48,4,0.00,0.00,0.0,0.00,0.00,0.0,0.00,5575.00,34.4
5,0.00,56.00,56.0,2.16,0.00,0.00,0.0,46.9,9,1.16,4138,0.62,3890,48,4,0.00,0.00,0.0,0.00,0.00,0.0,0.00,4997.00,34.3
6,0.00,108.00,108.0,2.04,4.00,12.00,16.0,46.9,10,1.16,4138,0.62,3890,48,4,0.00,0.00,0.0,4.00,4.00,8.0,0.00,4936.00,34.3
7,0.00,20.00,20.0,2.03,0.00,0.00,0.0,46.91,9,1.07,4138,0.62,3890,48,4,0.00,0.00,0.0,0.00,0.00,0.0,0.00,5024.00,34.3
8,0.00,76.00,76.0,2.42,0.00,0.00,0.0,46.91,12,1.07,4138,0.62,3890,48,4,0.00,0.00,0.0,0.00,0.00,0.0,1.00,5435.00,34.3
9,372.00,272.00,644.0,5.55,0.00,5.00,5.0,46.92,12,1.07,4138,0.62,3892,48,4,0.00,0.00,0.0,0.00,0.00,0.0,0.00,5681.00,47.2
10,1160.00,260.00,1420.0,51.69,0.00,60.00,60.0,47.0,13,1.07,4139,0.62,3924,48,4,0.00,0.00,0.0,0.00,0.00,0.0,1.00,20668.00,77.4
11,356.00,116.00,472.0,78.38,0.00,156.00,156.0,47.12,17,1.07,4156,0.62,3959,48,4,0.00,0.00,0.0,0.00,0.00,0.0,17.00,33470.00,85.0
12,600.00,8032.00,8632.0,71.54,1.00,167.00,168.0,47.18,16,1.39,4173,0.62,4013,48,4,0.00,0.00,0.0,0.00,0.00,0.0,17.00,34008.00,84.8
13,472.00,36.00,508.0,71.04,0.00,255.00,255.0,47.21,11,1.39,4173,0.62,4016,48,4,0.00,0.00,0.0,0.00,0.00,0.0,1.00,39300.00,84.3
14,668.00,676.00,1344.0,68.79,0.00,284.00,284.0,47.31,2,1.39,4191,0.62,4051,48,4,0.00,0.00,0.0,0.00,0.00,0.0,18.00,36072.00,83.8
15,172.00,1040.00,1212.0,13.71,1.00,118.00,119.0,47.34,3,1.39,4191,0.62,4052,48,4,1.00,1.00,2.0,0.00,0.00,0.0,0.00,13003.00,47.2
16,1076.00,1048.00,2124.0,64.71,5.00,13.00,18.0,47.36,7,1.39,4192,0.62,4059,48,4,0.00,0.00,0.0,4.00,4.00,8.0,1.00,9699.00,85.4
17,280.00,376.00,656.0,86.29,0.00,436.00,436.0,47.43,8,2.0,4200,0.62,4089,48,4,0.00,0.00,0.0,0.00,0.00,0.0,8.00,41364.00,85.8
18,692.00,304.00,996.0,79.77,0.00,254.00,254.0,47.55,15,2.0,4212,0.62,4125,48,4,0.00,0.00,0.0,0.00,0.00,0.0,13.00,33513.00,85.9
19,428.00,68.00,496.0,79.14,1.00,101.00,102.0,47.67,9,2.0,4214,0.62,4155,48,4,0.00,0.00,0.0,0.00,0.00,0.0,3.00,26235.00,85.8
20,36.00,20.00,56.0,79.34,1.00,1.00,2.0,47.72,14,2.0,4225,0.62,4195,48,4,0.00,0.00,0.0,0.00,0.00,0.0,11.00,59161.00,85.8
21,152.00,112.00,264.0,85.62,2.00,162.00,164.0,47.82,14,2.0,4224,0.62,4162,48,4,2.00,1.00,3.0,0.00,0.00,0.0,0.00,46686.14,85.9
22,408.00,56.00,464.0,62.36,1.00,161.00,162.0,47.91,16,2.0,4235,0.62,4221,48,4,0.00,0.00,0.0,0.00,0.00,0.0,11.00,39181.00,77.4
23,532.00,432.00,964.0,70.81,6.00,453.00,459.0,48.01,11,2.0,4239,0.62,4222,50,5,0.00,6.00,6.0,2.00,2.00,4.0,5.00,50066.00,78.0
24,64.00,24.00,88.0,83.59,1.00,323.00,324.0,48.1,22,2.0,4245,0.62,4255,49,5,0.00,0.00,0.0,0.00,0.00,0.0,6.00,40818.00,88.1
25,620.00,468.00,1088.0,83.76,0.00,432.00,432.0,48.2,13,2.0,4253,0.62,4293,49,5,0.00,0.00,0.0,0.00,0.00,0.0,9.00,33045.00,87.8
26,428.00,776.00,1204.0,40.62,2.00,62.00,64.0,48.19,1,2.0,4263,0.62,4316,50,5,0.00,3.00,3.0,0.00,0.00,0.0,11.00,18055.00,54.3
27,232.00,1140.00,1372.0,32.7,2.00,64.00,66.0,48.18,5,2.24,4263,0.62,4317,50,5,0.00,2.00,2.0,0.00,0.00,0.0,0.00,12136.00,69.1
28,476.00,792.00,1268.0,72.8,3.00,493.00,496.0,48.21,22,2.24,4264,0.62,4325,50,4,0.00,1.00,1.0,2.00,2.00,4.0,4.00,35954.00,84.7
29,260.00,160.00,420.0,92.38,0.00,657.00,657.0,48.27,17,2.24,4264,0.62,4337,50,4,0.00,0.00,0.0,0.00,0.00,0.0,1.00,38585.00,85.0
30,200.00,464.00,664.0,63.88,2.00,248.00,250.0,48.39,1,2.24,4272,0.62,4338,50,4,0.00,1.00,1.0,0.00,1.00,1.0,10.00,22951.00,65.7
31,176.00,1156.00,1332.0,4.78,2.00,8.00,10.0,48.36,1,2.24,4272,0.62,4339,49,4,0.00,0.00,0.0,0.00,0.00,0.0,0.00,7508.00,44.9
32,632.00,1220.00,1852.0,32.46,0.00,39.00,39.0,48.43,4,2.54,4273,0.62,4342,49,4,0.00,0.00,0.0,0.00,0.00,0.0,2.00,15138.00,71.1
33,280.00,472.00,752.0,86.59,0.00,306.00,306.0,48.51,17,2.54,4273,0.62,4353,49,4,0.00,0.00,0.0,0.00,0.00,0.0,2.97,40268.32,87.2
34,672.00,424.00,1096.0,62.45,1.00,284.00,285.0,48.55,1,2.54,4273,0.62,4354,49,5,0.00,0.00,0.0,1.00,1.00,2.0,1.00,22372.00,63.0
35,0.00,48.00,48.0,1.65,5.00,5.00,10.0,48.56,1,2.54,4273,0.62,4354,49,5,5.00,5.00,10.0,0.00,0.00,0.0,0.00,4976.00,34.1
36,0.00,48.00,48.0,1.78,4.00,12.00,16.0,48.56,1,2.54,4272,0.62,4350,49,5,0.00,0.00,0.0,4.00,4.00,8.0,0.00,5321.00,34.1
37,0.00,352.00,352.0,1.39,0.00,0.00,0.0,48.56,2,2.34,4272,0.62,4350,49,5,0.00,0.00,0.0,0.00,0.00,0.0,0.00,5026.00,34.2
38,544.00,23500.00,24044.0,1.91,5.00,37.00,42.0,48.52,1,2.34,4271,0.62,4356,48,5,0.00,1.00,1.0,3.00,1.00,4.0,1.00,5645.00,34.5
39,980.00,72.00,1052.0,10.89,0.00,96.00,96.0,48.53,1,2.34,4271,0.62,4356,48,5,0.00,0.00,0.0,0.00,0.00,0.0,0.00,8543.00,42.5
40,0.00,20.00,20.0,11.92,8.00,246.00,254.0,48.54,1,2.34,4271,0.62,4356,48,5,8.00,0.00,8.0,0.00,0.00,0.0,0.00,10691.00,42.6
41,76.00,72.00,148.0,4.2,0.00,142.00,142.0,48.55,1,2.34,4271,0.62,4356,48,5,0.00,0.00,0.0,0.00,0.00,0.0,0.00,5635.00,36.2
42,0.00,928.00,928.0,3.66,2.00,114.00,116.0,48.56,1,2.23,4269,0.62,4350,48,5,2.00,0.00,2.0,0.00,0.00,0.0,0.00,6329.00,36.1
43,0.00,196.00,196.0,6.23,7.00,177.00,184.0,48.56,1,2.23,4269,0.62,4350,48,5,6.00,1.00,7.0,1.00,0.00,1.0,1.00,8348.00,36.8
44,0.00,372.00,372.0,5.28,4.00,183.00,187.0,48.56,1,2.23,4269,0.62,4350,48,5,4.00,0.00,4.0,0.00,0.00,0.0,0.00,6734.00,36.7
45,0.00,1188.00,1188.0,3.27,2.00,119.00,121.0,48.57,1,2.23,4269,0.62,4350,48,5,0.00,0.00,0.0,0.00,0.00,0.0,0.00,6664.00,36.7
46,0.00,720.00,720.0,3.17,7.00,141.00,148.0,48.58,1,2.23,4269,0.62,4350,48,5,2.00,0.00,2.0,4.00,4.00,8.0,0.00,6869.00,36.7
47,8.00,224.00,232.0,5.34,9.00,206.00,215.0,48.58,1,2.05,4269,0.62,4350,48,5,8.00,0.00,8.0,0.00,0.00,0.0,0.00,8604.00,36.8
48,0.00,88.00,88.0,3.31,2.00,126.00,128.0,48.58,2,2.05,4269,0.62,4350,48,5,0.00,1.00,1.0,1.00,0.00,1.0,1.00,6139.00,36.6
49,124.00,372.00,496.0,27.57,2.00,288.00,290.0,48.61,13,2.05,4270,0.62,4353,48,5,2.00,0.00,2.0,0.00,0.00,0.0,1.00,14682.00,66.5
50,7.92,455.45,463.37,75.1,14.00,1040.00,1054.0,48.65,27,2.05,4271,0.62,4362,48,5,14.00,0.00,14.0,0.00,0.00,0.0,1.00,59653.00,84.3
51,548.00,92.00,640.0,93.11,1.00,632.00,633.0,48.68,32,2.05,4272,0.62,4389,48,5,1.00,1.00,2.0,0.00,0.00,0.0,1.00,40141.00,84.8
52,196.00,36.00,232.0,92.69,1.00,286.00,287.0,48.71,20,2.77,4276,0.62,4424,48,5,0.00,0.00,0.0,0.00,0.00,0.0,4.00,31420.00,85.2
53,448.00,4.00,452.0,88.71,0.00,268.00,268.0,48.77,13,2.77,4276,0.62,4448,48,5,0.00,0.00,0.0,0.00,0.00,0.0,0.00,39894.00,85.3
54,280.00,468.00,748.0,92.96,2.00,446.00,448.0,48.83,14,2.77,4276,0.62,4442,49,4,0.00,3.00,3.0,0.00,0.00,0.0,1.00,31825.00,85.8
55,476.00,48.00,524.0,85.93,3.00,278.00,281.0,48.96,12,2.77,4277,0.62,4504,49,4,0.00,2.00,2.0,0.00,0.00,0.0,1.00,27545.00,86.0
56,12.00,92.00,104.0,91.83,2.00,2.00,4.0,49.02,14,2.77,4296,0.62,4521,49,4,0.00,1.00,1.0,0.00,0.00,0.0,22.00,47895.00,86.3
57,0.00,504.00,504.0,91.61,0.00,136.00,136.0,49.02,31,4.63,4298,0.62,4489,49,4,0.00,0.00,0.0,0.00,0.00,0.0,2.00,66345.00,86.4
58,0.00,92.00,92.0,90.33,0.00,138.00,138.0,49.06,30,4.63,4299,0.62,4520,49,4,0.00,0.00,0.0,0.00,0.00,0.0,1.00,80770.00,86.5
59,20.00,276.00,296.0,92.02,2.00,500.00,502.0,49.18,12,4.63,4298,0.62,4501,49,4,0.00,2.00,2.0,0.00,0.00,0.0,1.00,35682.00,86.5
60,88.00,32.00,120.0,81.85,0.99,837.62,838.61,49.22,14,4.63,4300,0.62,4501,49,4,0.00,1.00,1.0,0.00,0.00,0.0,3.00,49672.00,86.6
61,0.00,116.00,116.0,84.36,0.00,814.00,814.0,49.2,20,4.63,4301,0.62,4526,49,4,0.00,0.00,0.0,0.00,0.00,0.0,2.00,57621.00,86.6
62,196.00,32.00,228.0,90.64,0.00,248.00,248.0,49.24,21,5.14,4302,0.62,4493,49,4,0.00,0.00,0.0,0.00,0.00,0.0,0.00,74010.00,86.7
63,96.00,0.00,96.0,90.29,4.00,185.00,189.0,49.28,35,5.14,4302,0.62,4532,48,4,0.00,3.00,3.0,0.00,0.00,0.0,0.00,51449.00,87.0
64,0.00,14932.00,14932.0,89.35,0.00,8.00,8.0,49.3,25,5.14,4303,0.62,4520,48,4,0.00,0.00,0.0,0.00,0.00,0.0,2.00,83762.00,87.2
65,0.00,48.00,48.0,89.51,0.00,70.00,70.0,49.36,25,5.14,4303,0.62,4531,48,4,0.00,0.00,0.0,0.00,0.00,0.0,1.00,88946.00,87.2
66,0.00,92.00,92.0,87.98,4.00,77.00,81.0,49.4,40,5.14,4304,0.62,4527,48,4,0.00,0.00,0.0,4.00,4.00,8.0,2.00,94843.00,87.0
67,0.00,28.00,28.0,90.36,0.00,193.00,193.0,49.44,36,7.13,4303,0.62,4483,48,4,0.00,0.00,0.0,0.00,0.00,0.0,1.00,80005.00,86.9
68,0.00,100.00,100.0,89.21,0.00,513.00,513.0,49.45,29,7.13,4302,0.62,4491,48,4,0.00,0.00,0.0,0.00,0.00,0.0,1.00,71688.00,87.0
69,4.00,26908.00,26912.0,91.26,0.00,475.00,475.0,49.46,22,7.13,4303,0.62,4498,48,4,0.00,0.00,0.0,0.00,0.00,0.0,2.00,65261.00,86.9
70,0.00,760.00,760.0,93.37,0.00,549.00,549.0,49.48,31,7.13,4305,0.62,4508,48,4,0.00,0.00,0.0,0.00,0.00,0.0,2.00,55043.00,87.1
71,0.00,241.58,241.58,93.0,2.00,594.00,596.0,49.5,30,7.13,4306,0.62,4519,48,4,1.00,1.00,2.0,0.00,0.00,0.0,1.00,53993.00,87.2
72,0.00,72.00,72.0,92.38,0.00,572.00,572.0,49.51,52,10.0,4308,0.62,4526,48,4,0.00,0.00,0.0,0.00,0.00,0.0,2.00,63488.00,87.2
73,0.00,384.00,384.0,91.88,0.00,450.00,450.0,49.53,54,10.0,4309,0.62,4539,48,4,0.00,0.00,0.0,0.00,0.00,0.0,1.00,55710.00,87.1
74,0.00,1092.00,1092.0,93.24,0.00,399.00,399.0,49.57,49,10.0,4309,0.62,4541,48,4,0.00,0.00,0.0,0.00,0.00,0.0,2.00,55728.00,87.0
75,0.00,336.00,336.0,93.88,4.00,597.00,601.0,49.59,37,10.0,4310,0.62,4528,49,4,3.00,2.00,5.0,0.00,0.00,0.0,1.00,50970.00,87.1
76,140.00,1088.00,1228.0,93.88,12.00,694.00,706.0,49.65,35,10.0,4310,0.62,4527,50,5,4.00,8.00,12.0,5.00,5.00,10.0,1.00,48057.00,87.2
77,0.00,96.00,96.0,93.75,7.00,744.00,751.0,49.66,41,11.76,4309,0.62,4510,50,5,6.00,6.00,12.0,0.00,0.00,0.0,1.00,46787.00,87.1
78,0.00,396.00,396.0,92.87,3.00,646.00,649.0,49.71,25,11.76,4309,0.62,4508,50,5,0.00,3.00,3.0,0.00,0.00,0.0,0.00,46970.00,87.2
79,0.00,108.00,108.0,91.09,3.00,301.00,304.0,49.76,3,11.76,4307,0.62,4495,50,5,1.00,3.00,4.0,0.00,0.00,0.0,1.00,24778.00,87.1
80,0.00,24.00,24.0,16.08,4.00,134.00,138.0,49.73,0,11.76,4303,0.62,4477,49,4,3.00,3.00,6.0,0.00,0.00,0.0,0.00,5797.00,42.8
81,0.00,124.00,124.0,2.52,1.00,103.00,104.0,49.73,1,11.76,4301,0.62,4467,49,4,0.00,0.00,0.0,0.00,0.00,0.0,0.00,4769.00,35.0
82,0.00,48.00,48.0,2.29,0.00,94.00,94.0,49.71,0,10.82,4300,0.62,4463,49,4,0.00,0.00,0.0,0.00,0.00,0.0,0.00,4919.00,35.1
83,0.00,276.00,276.0,16.1,20.00,318.00,338.0,49.71,0,10.82,4299,0.62,4453,49,4,18.00,2.00,20.0,0.00,0.00,0.0,5.00,10869.00,51.8
84,0.00,28.00,28.0,3.16,2.00,126.00,128.0,49.71,0,10.82,4299,0.62,4453,49,4,0.00,2.00,2.0,0.00,0.00,0.0,1.00,6025.00,34.6
85,4.00,308.00,312.0,1.77,1.00,91.00,92.0,49.71,0,10.82,4297,0.62,4453,49,4,0.00,1.00,1.0,0.00,0.00,0.0,5.00,5315.00,34.6
86,0.00,92.00,92.0,6.85,13.00,234.00,247.0,49.71,0,10.82,4295,0.62,4449,49,4,12.00,1.00,13.0,0.00,0.00,0.0,0.00,8296.00,35.0
87,0.00,28.00,28.0,2.92,3.00,110.00,113.0,49.71,0,9.95,4294,0.62,4447,49,4,2.00,1.00,3.0,0.00,0.00,0.0,0.00,5274.00,35.0
88,0.00,548.00,548.0,3.05,3.00,110.00,113.0,49.72,0,9.95,4293,0.62,4445,49,4,2.00,1.00,3.0,0.00,0.00,0.0,0.00,5836.00,35.1
89,0.00,80.00,80.0,8.63,8.00,171.00,179.0,49.72,1,9.95,4293,0.62,4445,49,4,8.00,0.00,8.0,0.00,0.00,0.0,1.00,7636.00,44.6
90,0.00,24.00,24.0,3.54,2.00,168.00,170.0,49.72,0,9.95,4293,0.62,4445,49,4,2.00,0.00,2.0,0.00,0.00,0.0,0.00,6051.00,35.0
91,0.00,124.00,124.0,2.79,1.00,115.00,116.0,49.72,0,9.95,4293,0.62,4445,49,4,0.00,0.00,0.0,0.00,0.00,0.0,0.00,5298.00,35.0
92,0.00,852.00,852.0,17.39,0.00,505.00,505.0,49.73,5,9.4,4294,0.62,4443,49,4,0.00,0.00,0.0,0.00,0.00,0.0,1.00,27195.00,58.1
93,0.00,256.00,256.0,78.92,0.00,1211.00,1211.0,49.76,20,9.4,4300,0.62,4452,49,4,0.00,0.00,0.0,0.00,0.00,0.0,6.00,70038.00,85.7
94,4.00,476.00,480.0,91.88,0.00,697.00,697.0,49.79,45,9.4,4302,0.62,4458,49,4,0.00,0.00,0.0,0.00,0.00,0.0,3.00,61752.00,85.8
95,0.00,15952.00,15952.0,90.74,1.00,537.00,538.0,49.84,53,9.4,4302,0.62,4458,49,4,0.00,1.00,1.0,0.00,0.00,0.0,0.00,73257.00,86.0
96,0.00,112.00,112.0,89.24,4.00,721.00,725.0,49.87,44,9.4,4302,0.62,4466,49,4,0.00,0.00,0.0,4.00,4.00,8.0,0.00,81971.00,86.1
97,0.00,696.00,696.0,87.5,0.00,535.00,535.0,49.89,39,10.81,4302,0.62,4479,49,4,0.00,0.00,0.0,0.00,0.00,0.0,0.00,97890.00,86.3
98,0.00,112.00,112.0,91.36,1.00,539.00,540.0,49.92,30,10.81,4298,0.62,4457,49,4,0.00,0.00,0.0,0.00,1.00,1.0,0.00,74725.00,86.4
99,0.00,91.09,91.09,88.69,0.00,679.00,679.0,49.96,42,10.81,4301,0.62,4472,49,4,0.00,0.00,0.0,0.00,0.00,0.0,4.00,88144.00,86.5
100,0.00,10832.00,10832.0,88.75,0.00,404.00,404.0,49.99,40,10.81,4302,0.62,4486,49,4,0.00,0.00,0.0,0.00,0.00,0.0,1.00,99717.00,86.6
101,0.00,132.00,132.0,88.36,1.00,351.00,352.0,50.04,36,10.81,4302,0.62,4480,49,4,0.00,0.00,0.0,0.00,1.00,1.0,0.00,107091.00,86.6
102,0.00,968.00,968.0,87.73,3.00,313.00,316.0,50.06,46,12.58,4302,0.62,4487,49,4,0.00,3.00,3.0,0.00,0.00,0.0,1.00,97805.00,86.7
103,0.00,488.00,488.0,89.11,2.00,269.00,271.0,50.08,44,12.58,4303,0.62,4496,49,4,0.00,2.00,2.0,0.00,0.00,0.0,1.00,93170.00,86.9
104,0.00,908.00,908.0,88.75,3.00,380.00,383.0,50.13,39,12.58,4303,0.62,4483,48,4,0.00,0.00,0.0,0.00,0.00,0.0,2.00,96852.00,87.0
105,0.00,17344.00,17344.0,92.99,1.00,496.00,497.0,50.19,43,12.58,4305,0.62,4480,48,4,0.00,0.00,0.0,0.00,0.00,0.0,2.00,64553.00,87.1
106,0.00,2099.01,2099.01,92.62,4.00,517.00,521.0,50.26,63,12.58,4306,0.62,4480,48,4,0.00,0.00,0.0,4.00,4.00,8.0,1.00,62765.00,87.2
107,0.00,704.00,704.0,90.75,2.00,577.00,579.0,50.29,57,15.5,4307,0.62,4469,48,4,0.00,0.00,0.0,0.00,0.00,0.0,1.00,65962.00,87.4
108,0.00,528.00,528.0,94.01,0.00,627.00,627.0,50.3,51,15.5,4307,0.62,4474,48,4,0.00,0.00,0.0,0.00,0.00,0.0,1.00,45643.00,87.5
109,4.00,304.00,308.0,92.38,0.00,608.00,608.0,50.34,50,15.5,4305,0.62,4466,48,4,0.00,0.00,0.0,0.00,0.00,0.0,1.00,56787.00,87.6
110,0.00,1048.00,1048.0,93.0,5.94,683.17,689.11,50.36,40,15.5,4304,0.62,4478,49,5,2.00,4.00,6.0,1.00,1.00,2.0,0.00,58817.00,87.6
111,0.00,180.00,180.0,92.49,2.00,597.00,599.0,50.38,49,15.5,4306,0.62,4498,49,5,0.00,2.00,2.0,0.00,0.00,0.0,2.00,64263.00,87.5
112,0.00,60.00,60.0,92.88,2.00,664.00,666.0,50.42,35,16.34,4306,0.62,4485,49,5,0.00,2.00,2.0,0.00,0.00,0.0,0.00,50359.00,87.4
113,0.00,536.00,536.0,94.12,4.00,648.00,652.0,50.42,25,16.34,4305,0.62,4476,49,5,2.00,3.00,5.0,0.00,0.00,0.0,0.00,42979.00,87.3
114,0.00,452.00,452.0,76.93,2.00,494.00,496.0,50.45,8,16.34,4305,0.62,4462,49,4,0.00,2.00,2.0,0.00,0.00,0.0,2.00,33723.00,81.1
115,0.00,32.00,32.0,19.12,2.00,138.00,140.0,50.45,2,16.34,4303,0.62,4466,49,4,0.00,1.00,1.0,0.00,0.00,0.0,0.00,6677.00,43.1
116,0.00,108.00,108.0,2.28,6.00,52.00,58.0,50.44,2,16.34,4301,0.62,4466,49,4,0.00,2.00,2.0,4.00,4.00,8.0,3.00,5113.00,35.2
117,0.00,400.00,400.0,2.15,2.00,97.00,99.0,50.35,2,15.03,4299,0.62,4458,49,4,0.00,2.00,2.0,0.00,0.00,0.0,0.00,5485.00,35.2
118,0.00,76.00,76.0,9.14,0.00,203.00,203.0,50.35,2,15.03,4297,0.62,4439,49,4,0.00,0.00,0.0,0.00,0.00,0.0,0.00,8811.00,44.5
119,0.00,60.00,60.0,5.53,1.00,185.00,186.0,50.35,2,15.03,4295,0.62,4430,49,4,0.00,0.00,0.0,0.00,0.00,0.0,1.00,6942.00,36.9
120,0.00,32.00,32.0,2.66,1.00,80.00,81.0,50.35,2,15.03,4295,0.62,4430,49,4,0.00,1.00,1.0,0.00,0.00,0.0,0.00,5100.00,36.6
121,0.00,136.00,136.0,2.68,0.00,98.00,98.0,50.35,2,15.03,4294,0.62,4428,49,4,0.00,0.00,0.0,0.00,0.00,0.0,0.00,5122.00,36.4
122,0.00,252.00,252.0,6.31,2.00,222.00,224.0,50.35,2,13.83,4294,0.62,4428,49,4,0.00,2.00,2.0,0.00,0.00,0.0,0.00,7857.00,36.4
123,0.00,24.00,24.0,3.52,2.00,126.00,128.0,50.36,2,13.83,4294,0.62,4428,49,4,0.00,2.00,2.0,0.00,0.00,0.0,0.00,5492.00,36.2
124,0.00,244.00,244.0,1.9,1.00,89.00,90.0,50.36,2,13.83,4293,0.62,4426,49,4,0.00,1.00,1.0,0.00,0.00,0.0,1.00,5969.00,36.0
125,0.00,8164.00,8164.0,9.14,2.00,290.00,292.0,50.36,2,13.83,4294,0.62,4426,49,4,0.00,2.00,2.0,0.00,0.00,0.0,1.00,15330.00,42.0
126,0.00,492.00,492.0,42.31,5.00,608.00,613.0,50.37,11,13.83,4302,0.62,4441,48,4,0.00,0.00,0.0,4.00,4.00,8.0,8.00,49385.00,73.6
127,0.00,36.00,36.0,48.8,0.00,489.00,489.0,50.4,5,12.72,4302,0.62,4453,48,4,0.00,0.00,0.0,0.00,0.00,0.0,0.00,54606.00,68.0
128,0.00,100.00,100.0,45.66,0.00,384.00,384.0,50.41,4,12.72,4304,0.62,4460,48,4,0.00,0.00,0.0,0.00,0.00,0.0,2.00,105961.00,74.3
129,0.00,456.00,456.0,55.32,0.00,1177.00,1177.0,50.43,33,12.72,4307,0.62,4462,48,4,0.00,0.00,0.0,0.00,0.00,0.0,4.00,77093.00,74.7
130,0.00,26292.00,26292.0,88.24,0.00,1060.00,1060.0,50.46,11,12.72,4309,0.62,4459,48,4,0.00,0.00,0.0,0.00,0.00,0.0,3.00,100670.00,86.0
131,0.00,724.00,724.0,86.86,0.00,1032.00,1032.0,50.48,44,12.72,4311,0.62,4466,48,4,0.00,0.00,0.0,0.00,0.00,0.0,4.00,101000.00,86.0
132,0.00,76.00,76.0,90.11,1.00,840.00,841.0,50.49,38,13.86,4313,0.62,4459,48,4,0.00,0.00,0.0,0.00,0.00,0.0,2.00,86142.00,86.1
133,0.00,44.00,44.0,87.86,0.00,884.00,884.0,50.51,24,13.86,4313,0.62,4463,48,4,0.00,0.00,0.0,0.00,0.00,0.0,0.00,101591.00,86.2
134,112.00,632.00,744.0,87.56,0.00,665.00,665.0,50.55,38,13.86,4313,0.62,4472,48,4,0.00,0.00,0.0,0.00,0.00,0.0,1.00,103267.00,86.3
135,0.00,216.00,216.0,87.11,0.00,316.00,316.0,50.58,29,13.86,4310,0.62,4486,48,4,0.00,0.00,0.0,0.00,0.00,0.0,0.00,119181.00,86.3
136,0.00,21544.00,21544.0,85.12,1.00,437.00,438.0,50.62,35,13.86,4308,0.62,4479,48,4,0.00,0.00,0.0,0.00,0.00,0.0,3.00,126353.00,86.4
137,0.00,47.52,47.52,88.97,0.00,411.00,411.0,50.65,31,14.12,4308,0.62,4455,48,4,0.00,0.00,0.0,0.00,0.00,0.0,0.00,101791.00,86.4
138,0.00,148.00,148.0,90.98,0.00,743.00,743.0,50.66,37,14.12,4310,0.62,4459,48,4,0.00,0.00,0.0,0.00,0.00,0.0,2.00,74763.00,86.4
139,0.00,412.00,412.0,90.25,2.00,786.00,788.0,50.7,40,14.12,4310,0.62,4460,48,4,0.00,0.00,0.0,0.00,0.00,0.0,2.00,74818.00,86.4
140,0.00,376.00,376.0,90.88,1.00,870.00,871.0,50.67,44,14.12,4311,0.62,4473,48,4,0.00,0.00,0.0,0.00,0.00,0.0,1.00,73214.00,86.4
141,0.00,4080.00,4080.0,90.64,1.00,846.00,847.0,50.72,31,14.12,4307,0.62,4467,48,4,1.00,1.00,2.0,0.00,0.00,0.0,0.00,67700.00,86.4
142,0.00,856.00,856.0,93.35,0.00,909.00,909.0,50.76,32,14.27,4307,0.62,4469,48,4,0.00,0.00,0.0,0.00,0.00,0.0,0.00,51543.00,86.7
143,0.00,52.00,52.0,94.4,0.00,599.00,599.0,50.77,20,14.27,4305,0.62,4469,48,4,0.00,0.00,0.0,0.00,0.00,0.0,0.00,36935.00,86.7
144,0.00,36.00,36.0,45.04,0.00,177.00,177.0,50.77,3,14.27,4304,0.62,4470,48,4,0.00,0.00,0.0,0.00,0.00,0.0,1.00,8372.00,66.5
145,0.00,356.00,356.0,16.29,1.00,105.00,106.0,50.78,2,14.27,4304,0.62,4471,49,5,0.00,1.00,1.0,1.00,1.00,2.0,0.00,5496.00,53.7
146,0.00,392.00,392.0,14.89,6.00,178.00,184.0,50.78,2,14.27,4303,0.62,4462,49,5,0.00,2.00,2.0,4.00,4.00,8.0,0.00,8446.00,53.8
147,0.00,36.00,36.0,28.27,0.00,394.00,394.0,50.76,13,13.85,4304,0.62,4454,49,5,0.00,0.00,0.0,0.00,0.00,0.0,3.00,24960.00,68.3
148,0.00,572.00,572.0,53.86,0.00,459.00,459.0,50.8,16,13.85,4306,0.62,4451,49,5,0.00,0.00,0.0,0.00,0.00,0.0,4.00,54333.00,75.6
149,0.00,96.00,96.0,58.85,2.00,463.00,465.0,50.83,12,13.85,4305,0.62,4450,49,4,0.00,2.00,2.0,0.00,0.00,0.0,2.00,75134.00,76.1
150,0.00,44.00,44.0,35.35,1.00,387.00,388.0,50.84,1,13.85,4306,0.62,4456,49,4,0.00,1.00,1.0,0.00,0.00,0.0,2.00,85788.00,58.6
151,0.00,156.00,156.0,34.82,1.00,479.00,480.0,50.82,5,13.85,4309,0.62,4470,49,4,0.00,0.00,0.0,0.00,0.00,0.0,3.00,43068.00,69.2
152,0.00,992.00,992.0,50.7,0.00,620.00,620.0,50.89,9,13.14,4310,0.62,4466,49,4,0.00,0.00,0.0,0.00,0.00,0.0,2.00,38308.00,77.4
153,0.00,32.00,32.0,25.13,1.00,253.00,254.0,50.9,1,13.14,4310,0.62,4466,49,4,0.00,1.00,1.0,0.00,0.00,0.0,0.00,12072.00,42.5
154,0.00,392.00,392.0,1.65,2.00,90.00,92.0,50.87,1,13.14,4310,0.62,4466,49,4,0.00,2.00,2.0,0.00,0.00,0.0,1.00,5784.00,35.2
155,0.00,48.00,48.0,2.79,0.00,152.00,152.0,50.87,2,13.14,4310,0.62,4465,49,4,0.00,0.00,0.0,0.00,0.00,0.0,0.00,7579.00,35.6
156,0.00,3108.00,3108.0,16.79,5.00,457.00,462.0,50.85,1,13.14,4308,0.62,4465,49,4,1.00,1.00,2.0,4.00,4.00,8.0,1.00,21411.00,49.9
157,0.00,552.00,552.0,25.16,2.00,351.00,353.0,50.85,2,12.16,4308,0.62,4471,49,4,0.00,2.00,2.0,0.00,0.00,0.0,1.00,36106.00,61.5
158,0.00,116.00,116.0,36.49,1.00,351.00,352.0,50.86,18,12.16,4308,0.62,4471,49,4,0.00,1.00,1.0,0.00,0.00,0.0,0.00,73701.00,73.0
159,0.00,388.00,388.0,56.89,0.00,1124.00,1124.0,50.88,19,12.16,4309,0.62,4464,49,4,0.00,0.00,0.0,0.00,0.00,0.0,2.00,65309.00,73.4
160,0.00,296.00,296.0,81.12,0.00,1400.00,1400.0,50.91,26,12.16,4311,0.62,4462,49,4,0.00,0.00,0.0,0.00,0.00,0.0,2.00,121087.00,85.8
161,0.00,31180.00,31180.0,82.62,1.00,1108.00,1109.0,50.89,10,12.16,4311,0.62,4464,49,4,0.00,1.00,1.0,0.00,0.00,0.0,1.00,141244.00,85.9
162,0.00,680.00,680.0,83.61,2.00,893.00,895.0,50.91,15,12.63,4311,0.62,4466,49,4,0.00,1.00,1.0,0.00,0.00,0.0,1.00,122283.00,86.0
163,0.00,452.00,452.0,82.48,0.00,586.00,586.0,50.93,21,12.63,4310,0.62,4470,49,4,0.00,0.00,0.0,0.00,0.00,0.0,1.00,150795.00,86.0
164,0.00,392.00,392.0,78.09,0.00,856.00,856.0,50.97,20,12.63,4310,0.62,4466,49,4,0.00,0.00,0.0,0.00,0.00,0.0,3.00,142846.00,86.0
165,0.00,1304.00,1304.0,83.16,3.00,1171.00,1174.0,51.01,31,12.63,4312,0.62,4464,49,4,2.00,0.00,2.0,0.00,0.00,0.0,3.00,91411.00,86.1
166,0.00,34092.00,34092.0,88.75,6.00,1144.00,1150.0,51.15,32,12.63,4311,0.62,4460,49,4,2.00,0.00,2.0,4.00,4.00,8.0,0.00,88758.00,86.3
167,0.00,1384.00,1384.0,86.18,1.00,1118.00,1119.0,51.15,21,12.5,4312,0.62,4466,49,4,0.00,0.00,0.0,0.00,0.00,0.0,3.00,85097.00,86.5
168,0.00,284.00,284.0,77.71,1.00,1009.00,1010.0,51.18,15,12.5,4313,0.62,4468,49,4,0.00,0.00,0.0,0.00,0.00,0.0,2.00,95064.00,86.2
169,0.00,348.00,348.0,41.93,2.00,570.00,572.0,51.19,2,12.5,4313,0.62,4478,49,4,2.00,0.00,2.0,0.00,0.00,0.0,1.00,98564.00,62.4
170,0.00,492.00,492.0,26.97,0.00,502.00,502.0,51.2,5,12.5,4312,0.62,4478,49,4,0.00,0.00,0.0,0.00,0.00,0.0,1.00,49623.00,62.9
171,0.00,8656.00,8656.0,40.77,6.00,655.00,661.0,51.13,2,12.5,4313,0.62,4476,49,4,6.00,0.00,6.0,0.00,0.00,0.0,1.00,44118.00,63.5
172,0.00,64.00,64.0,42.63,6.00,400.00,406.0,51.29,3,11.66,4311,0.62,4474,49,4,6.00,1.00,7.0,0.00,0.00,0.0,0.00,18717.00,63.9
173,0.00,28.00,28.0,2.67,0.00,120.00,120.0,51.22,8,11.66,4310,0.62,4472,49,4,0.00,0.00,0.0,0.00,0.00,0.0,0.00,5371.00,35.5
174,0.00,568.00,568.0,3.4,0.00,126.00,126.0,51.22,2,11.66,4309,0.62,4472,49,4,0.00,0.00,0.0,0.00,0.00,0.0,1.00,5973.00,35.6
175,0.00,104.00,104.0,7.39,3.00,346.00,349.0,51.22,2,11.66,4309,0.62,4472,49,4,2.00,0.00,2.0,0.00,0.00,0.0,4.00,16211.00,41.3
176,0.00,348.00,348.0,15.11,5.00,391.00,396.0,51.22,8,11.66,4310,0.62,4474,49,4,0.00,0.00,0.0,4.00,4.00,8.0,1.00,42731.00,48.6
177,0.00,488.00,488.0,18.39,0.00,285.00,285.0,51.23,2,10.97,4310,0.62,4473,49,4,0.00,0.00,0.0,0.00,0.00,0.0,0.00,65061.00,49.0
178,0.00,120.00,120.0,15.99,0.00,250.00,250.0,51.24,4,10.97,4310,0.62,4473,49,4,0.00,0.00,0.0,0.00,0.00,0.0,0.00,25875.00,49.6
179,0.00,380.00,380.0,23.17,3.00,656.00,659.0,51.25,3,10.97,4311,0.62,4464,49,5,0.00,2.00,2.0,1.00,1.00,2.0,2.00,42829.00,55.4
180,0.00,44.00,44.0,24.46,1.00,484.00,485.0,51.24,2,10.97,4310,0.62,4469,49,5,0.00,1.00,1.0,0.00,0.00,0.0,0.00,44949.00,54.9
181,0.00,152.00,152.0,28.18,2.00,346.00,348.0,51.25,9,10.97,4311,0.62,4473,49,5,0.00,2.00,2.0,0.00,0.00,0.0,1.00,75792.00,67.3
182,0.00,876.00,876.0,33.42,2.00,708.00,710.0,51.24,9,10.25,4311,0.62,4471,49,5,0.00,2.00,2.0,0.00,0.00,0.0,0.00,69645.00,66.8
183,0.00,64.00,64.0,70.18,1.00,1267.00,1268.0,51.29,16,10.25,4312,0.62,4466,49,4,0.00,1.00,1.0,0.00,0.00,0.0,1.00,82915.00,83.4
184,0.00,480.00,480.0,82.39,2.00,731.00,733.0,51.32,22,10.25,4311,0.62,4465,49,4,1.00,2.00,3.0,0.00,0.00,0.0,2.00,128910.00,83.8
185,4.00,536.00,540.0,44.47,3.00,935.00,938.0,51.33,9,10.25,4310,0.62,4470,48,4,0.00,0.00,0.0,0.00,0.00,0.0,0.00,92305.00,68.3
186,0.00,240.00,240.0,67.9,5.00,743.00,748.0,51.33,1,10.25,4310,0.62,4470,48,4,0.00,0.00,0.0,4.00,5.00,9.0,2.00,157269.00,82.9
187,0.00,4180.00,4180.0,68.84,0.00,1227.00,1227.0,51.49,15,10.55,4312,0.62,4459,48,4,0.00,0.00,0.0,0.00,0.00,0.0,2.00,80088.00,82.8
188,0.00,172.00,172.0,71.39,0.00,1209.00,1209.0,51.53,15,10.55,4312,0.62,4477,48,4,0.00,0.00,0.0,0.00,0.00,0.0,1.00,109681.00,83.0
189,0.00,582.18,582.18,67.97,0.00,1202.00,1202.0,51.53,14,10.55,4313,0.62,4469,48,4,0.00,0.00,0.0,0.00,0.00,0.0,2.00,73072.00,82.8
190,0.00,276.00,276.0,78.36,0.00,339.00,339.0,51.68,14,10.55,4313,0.62,4473,48,4,0.00,0.00,0.0,0.00,0.00,0.0,0.00,95846.00,82.8
191,0.00,680.00,680.0,52.45,2.00,620.00,622.0,51.73,2,10.55,4312,0.62,4469,48,4,0.00,0.00,0.0,0.00,0.00,0.0,0.00,45088.00,77.0
192,0.00,29896.00,29896.0,54.15,0.00,847.00,847.0,51.67,1,9.78,4313,0.62,4470,48,4,0.00,0.00,0.0,0.00,0.00,0.0,1.00,74892.00,76.5
193,0.00,60.00,60.0,39.52,0.00,676.00,676.0,51.69,1,9.78,4313,0.62,4478,48,4,0.00,0.00,0.0,0.00,0.00,0.0,0.00,78173.00,69.7
194,0.00,760.00,760.0,18.57,3.00,281.00,284.0,51.77,0,9.78,4312,0.62,4476,48,4,2.00,1.00,3.0,0.00,0.00,0.0,1.00,25623.00,54.3
195,0.00,416.00,416.0,16.35,1.00,414.00,415.0,51.72,0,9.78,4313,0.62,4472,48,4,0.00,0.00,0.0,0.00,0.00,0.0,1.00,32743.00,54.2
196,0.00,572.00,572.0,33.79,0.00,274.00,274.0,51.86,0,9.78,4313,0.62,4472,48,4,0.00,0.00,0.0,0.00,0.00,0.0,0.00,15040.00,60.4
197,0.00,26988.00,26988.0,8.04,1.00,181.00,182.0,51.71,0,9.08,4310,0.62,4470,48,4,0.00,0.00,0.0,0.00,0.00,0.0,0.00,6576.00,43.5
198,0.00,116.00,116.0,3.17,1.00,179.00,180.0,51.68,2,9.08,4310,0.62,4469,48,4,1.00,1.00,2.0,0.00,0.00,0.0,0.00,9645.00,36.5
199,0.00,80.00,80.0,15.6,0.00,540.00,540.0,51.68,2,9.08,4309,0.62,4464,48,4,0.00,0.00,0.0,0.00,0.00,0.0,1.00,46842.00,55.6
200,0.00,44.00,44.0,51.39,0.00,631.00,631.0,51.88,7,9.08,4306,0.62,4457,48,4,0.00,0.00,0.0,0.00,0.00,0.0,0.00,54333.00,73.8
201,0.00,584.00,584.0,27.18,0.00,446.00,446.0,51.89,0,9.08,4307,0.62,4457,48,4,0.00,0.00,0.0,0.00,0.00,0.0,2.00,111005.00,54.8
202,8.00,7084.00,7092.0,27.68,0.00,652.00,652.0,51.9,4,8.59,4309,0.62,4461,48,4,0.00,0.00,0.0,0.00,0.00,0.0,3.00,57130.00,65.0
203,0.00,76.00,76.0,71.45,2.00,1187.00,1189.0,51.87,14,8.59,4310,0.62,4463,48,4,2.00,0.00,2.0,0.00,0.00,0.0,1.00,89495.00,82.8
204,0.00,552.00,552.0,58.06,2.00,1459.00,1461.0,51.93,4,8.59,4313,0.62,4478,48,4,2.00,0.00,2.0,0.00,0.00,0.0,4.00,115168.00,77.6
205,0.00,600.00,600.0,62.01,0.00,988.00,988.0,51.88,13,8.59,4313,0.62,4467,48,4,0.00,0.00,0.0,0.00,0.00,0.0,0.00,149263.00,84.1
206,0.00,104.00,104.0,60.94,4.00,771.00,775.0,51.91,17,8.59,4312,0.62,4451,48,4,0.00,0.00,0.0,4.00,4.00,8.0,0.00,132812.00,78.4
207,0.00,1084.00,1084.0,76.52,1.00,1175.00,1176.0,51.93,10,8.87,4311,0.62,4447,48,4,1.00,1.00,2.0,0.00,0.00,0.0,2.00,104294.00,84.0
208,0.00,1404.00,1404.0,78.44,2.00,1406.00,1408.0,51.93,18,8.87,4313,0.62,4464,48,4,2.00,1.00,3.0,0.00,0.00,0.0,3.00,105288.00,84.0
209,12.00,480.00,492.0,49.75,0.00,1176.00,1176.0,51.94,1,8.87,4313,0.62,4462,48,4,0.00,0.00,0.0,0.00,0.00,0.0,2.00,65624.00,69.4
210,0.00,48.00,48.0,40.18,0.00,603.00,603.0,52.01,0,8.87,4313,0.62,4473,48,4,0.00,0.00,0.0,0.00,0.00,0.0,0.00,103049.00,69.4
211,0.00,152.00,152.0,42.26,1.00,668.00,669.0,52.02,2,8.87,4311,0.62,4468,48,4,0.00,0.00,0.0,0.00,0.00,0.0,0.00,71702.00,69.9
212,0.00,4964.00,4964.0,35.06,2.00,978.00,980.0,52.01,2,9.04,4310,0.62,4468,48,4,2.00,0.00,2.0,0.00,0.00,0.0,0.00,59627.00,64.7
213,0.00,308.00,308.0,21.97,1.00,420.00,421.0,52.01,4,9.04,4310,0.62,4474,49,5,0.00,1.00,1.0,1.00,1.00,2.0,0.00,62620.00,47.5
214,0.00,504.00,504.0,8.62,2.00,317.00,319.0,51.95,6,9.04,4310,0.62,4473,49,5,0.00,2.00,2.0,0.00,0.00,0.0,2.00,32879.00,46.9
215,0.00,88.00,88.0,18.84,0.00,379.00,379.0,51.95,1,9.04,4311,0.62,4473,49,5,0.00,0.00,0.0,0.00,0.00,0.0,1.00,20907.00,56.5
216,0.00,80.00,80.0,5.33,6.00,100.00,106.0,51.95,1,9.04,4312,0.62,4465,49,5,2.00,0.00,2.0,4.00,4.00,8.0,1.00,6790.00,36.2
217,0.00,6120.00,6120.0,2.27,0.00,18.00,18.0,51.95,1,8.47,4311,0.62,4473,49,4,0.00,0.00,0.0,0.00,0.00,0.0,0.00,4796.00,36.0
218,0.00,124.00,124.0,4.03,0.00,148.00,148.0,51.96,1,8.47,4308,0.62,4461,49,4,0.00,0.00,0.0,0.00,0.00,0.0,0.00,4942.00,36.0
219,0.00,80.00,80.0,2.02,0.00,74.00,74.0,51.96,1,8.47,4308,0.62,4461,49,4,0.00,0.00,0.0,0.00,0.00,0.0,1.00,5147.00,35.8
220,0.00,32.00,32.0,1.53,1.00,97.00,98.0,51.96,2,8.47,4307,0.62,4458,49,4,0.00,0.00,0.0,0.00,0.00,0.0,0.00,5390.00,35.7
221,0.00,132.00,132.0,9.14,6.00,480.00,486.0,51.96,7,8.47,4307,0.62,4448,49,4,6.00,0.00,6.0,0.00,0.00,0.0,1.00,22316.00,41.3
222,0.00,476.00,476.0,20.08,0.00,670.00,670.0,51.97,2,8.35,4310,0.62,4458,49,4,0.00,0.00,0.0,0.00,0.00,0.0,6.00,71235.00,51.8
223,108.00,27836.00,27944.0,23.18,0.00,434.00,434.0,51.98,0,8.35,4309,0.62,4472,49,4,0.00,0.00,0.0,0.00,0.00,0.0,1.00,103479.00,52.2
224,0.00,44.00,44.0,21.34,1.00,899.00,900.0,51.99,15,8.35,4308,0.62,4470,49,4,0.00,0.00,0.0,0.00,0.00,0.0,3.00,64507.00,58.0
225,0.00,1356.00,1356.0,55.3,3.00,1518.00,1521.0,52.0,20,8.35,4311,0.62,4452,49,4,2.00,1.00,3.0,0.00,0.00,0.0,4.00,144754.00,80.5
226,0.00,1696.00,1696.0,59.87,2.00,1314.00,1316.0,52.01,11,8.35,4313,0.62,4474,48,5,0.00,0.00,0.0,1.00,0.00,1.0,2.00,110335.00,80.3
227,0.00,1396.00,1396.0,42.4,1.00,837.00,838.0,52.03,1,8.01,4313,0.62,4480,48,5,0.00,0.00,0.0,0.00,0.00,0.0,1.00,152123.00,64.1
228,0.00,864.00,864.0,54.98,6.00,1301.00,1307.0,52.04,32,8.01,4313,0.62,4470,48,5,6.00,0.00,6.0,0.00,0.00,0.0,0.00,101073.00,78.8
229,0.00,132.00,132.0,86.34,0.00,982.00,982.0,52.15,23,8.01,4314,0.62,4459,48,5,0.00,0.00,0.0,0.00,0.00,0.0,2.00,105991.00,86.1
230,0.00,840.00,840.0,89.97,2.00,1317.00,1319.0,52.29,26,8.01,4312,0.62,4462,48,5,2.00,0.00,2.0,0.00,0.00,0.0,0.00,86788.00,86.2
231,0.00,512.00,512.0,78.74,2.00,729.00,731.0,52.31,9,8.01,4312,0.62,4470,49,4,2.00,1.00,3.0,0.00,0.00,0.0,0.00,135975.00,86.0
232,0.00,92.00,92.0,76.64,0.00,720.00,720.0,52.3,8,7.6,4313,0.62,4470,49,4,0.00,0.00,0.0,0.00,0.00,0.0,3.00,75344.00,85.6
233,4.00,43412.00,43416.0,58.01,0.00,1107.00,1107.0,52.31,15,7.6,4314,0.62,4455,49,4,0.00,0.00,0.0,0.00,0.00,0.0,1.00,102739.00,85.2
234,0.00,600.00,600.0,59.26,1.00,794.00,795.0,52.26,0,7.6,4313,0.62,4456,48,5,0.00,0.00,0.0,1.00,0.00,1.0,1.00,60761.00,70.1
235,0.00,344.00,344.0,12.09,1.00,339.00,340.0,52.24,0,7.6,4313,0.62,4460,48,5,0.00,0.00,0.0,0.00,0.00,0.0,4.00,31347.00,45.2
236,0.00,696.00,696.0,10.96,6.00,399.00,405.0,52.24,0,7.6,4311,0.62,4458,48,5,2.00,1.00,3.0,4.00,4.00,8.0,1.00,20276.00,45.3
237,0.00,264.00,264.0,3.55,0.00,163.00,163.0,52.24,0,7.0,4310,0.62,4453,48,5,0.00,0.00,0.0,0.00,0.00,0.0,0.00,6491.00,35.8
238,0.00,5672.00,5672.0,3.79,1.00,147.00,148.0,52.15,1,7.0,4310,0.62,4451,48,5,0.00,0.00,0.0,0.00,0.00,0.0,0.00,6520.00,35.8
239,0.00,88.00,88.0,1.91,0.00,90.00,90.0,52.16,0,7.0,4310,0.62,4451,49,4,0.00,1.00,1.0,0.00,0.00,0.0,1.00,5337.00,35.8
240,0.00,32.00,32.0,3.43,1.00,242.00,243.0,52.16,1,7.0,4310,0.62,4450,48,5,0.00,0.00,0.0,1.00,0.00,1.0,1.00,13749.00,36.3
241,0.00,164.00,164.0,19.57,0.00,667.00,667.0,52.15,3,7.0,4311,0.62,4460,48,5,0.00,0.00,0.0,0.00,0.00,0.0,2.00,52667.00,57.7
242,0.00,60.00,60.0,32.49,0.00,603.00,603.0,52.16,6,6.84,4310,0.62,4460,48,5,0.00,0.00,0.0,0.00,0.00,0.0,0.00,86375.00,57.4
243,0.00,1076.00,1076.0,36.42,0.00,413.00,413.0,52.17,3,6.84,4309,0.62,4460,48,5,0.00,0.00,0.0,0.00,0.00,0.0,0.00,81023.00,68.2
244,0.00,260.00,260.0,32.87,0.00,530.00,530.0,52.19,1,6.84,4311,0.62,4460,48,5,0.00,0.00,0.0,0.00,0.00,0.0,4.00,52631.00,67.9
245,0.00,692.00,692.0,36.56,2.00,778.00,780.0,52.21,8,6.84,4311,0.62,4462,49,4,0.00,3.00,3.0,0.00,0.00,0.0,0.00,41072.00,67.8
246,0.00,124.00,124.0,50.87,2.00,1066.00,1068.0,52.24,21,6.84,4312,0.62,4459,49,4,0.00,2.00,2.0,0.00,0.00,0.0,1.00,68242.00,74.0
247,0.00,32.00,32.0,54.48,1.00,1020.00,1021.0,52.26,15,6.45,4312,0.62,4471,49,5,0.00,0.00,0.0,1.00,1.00,2.0,0.00,90897.00,73.9
248,0.00,3212.00,3212.0,66.75,0.00,594.00,594.0,52.25,6,6.45,4312,0.62,4461,49,5,0.00,0.00,0.0,0.00,0.00,0.0,0.00,169224.00,81.6
249,0.00,108.00,108.0,64.9,2.00,1134.00,1136.0,52.27,14,6.45,4313,0.62,4455,49,5,0.00,2.00,2.0,0.00,0.00,0.0,3.00,82070.00,81.1
250,0.00,556.00,556.0,75.92,1.00,1416.00,1417.0,52.27,21,6.45,4313,0.62,4457,49,5,0.00,0.00,0.0,0.00,0.00,0.0,0.00,145083.00,81.4
251,0.00,924.00,924.0,76.29,0.00,1546.00,1546.0,52.29,14,6.45,4313,0.62,4461,49,4,0.00,0.00,0.0,0.00,0.00,0.0,0.00,94852.00,81.3
252,0.00,288.00,288.0,54.01,1.00,579.00,580.0,52.32,1,6.01,4313,0.62,4455,49,4,0.00,1.00,1.0,0.00,0.00,0.0,1.00,135961.00,64.4
253,0.00,60.00,60.0,14.71,4.00,582.00,586.0,52.32,15,6.01,4313,0.62,4463,49,4,2.00,1.00,3.0,0.00,0.00,0.0,0.00,61031.00,48.7
254,0.00,36732.00,36732.0,27.23,0.00,1031.00,1031.0,52.33,7,6.01,4313,0.62,4461,49,4,0.00,0.00,0.0,0.00,0.00,0.0,2.00,51265.00,62.2
255,0.00,652.00,652.0,14.43,2.00,568.00,570.0,52.34,5,6.01,4313,0.62,4462,49,4,1.00,2.00,3.0,0.00,0.00,0.0,0.00,26861.00,45.2
256,0.00,172.00,172.0,9.99,5.00,397.00,402.0,52.34,1,6.01,4313,0.62,4466,49,4,0.00,0.00,0.0,4.00,4.00,8.0,0.00,39435.00,44.9
257,0.00,380.00,380.0,13.17,0.00,283.00,283.0,52.33,1,5.53,4313,0.62,4468,49,4,0.00,0.00,0.0,0.00,0.00,0.0,0.00,61669.00,45.2
258,0.00,108.00,108.0,8.4,0.00,312.00,312.0,52.34,3,5.53,4313,0.62,4462,49,4,0.00,0.00,0.0,0.00,0.00,0.0,0.00,26686.00,44.9
259,0.00,3776.00,3776.0,12.44,0.00,493.00,493.0,52.34,2,5.53,4311,0.62,4463,49,4,0.00,0.00,0.0,0.00,0.00,0.0,1.00,31993.00,44.5
260,0.00,8.00,8.0,9.02,1.00,224.00,225.0,52.35,4,5.53,4310,0.62,4463,49,4,0.00,0.00,0.0,0.00,0.00,0.0,0.00,13713.00,44.3
261,0.00,152.00,152.0,2.29,0.00,120.00,120.0,52.35,1,5.53,4308,0.62,4459,49,4,0.00,0.00,0.0,0.00,0.00,0.0,0.00,5466.00,35.8
262,0.00,528.00,528.0,7.17,8.00,447.00,455.0,52.35,1,5.09,4309,0.62,4457,49,4,8.00,0.00,8.0,0.00,0.00,0.0,2.00,21240.00,41.6
263,0.00,44.00,44.0,20.92,2.00,648.00,650.0,52.36,1,5.09,4310,0.62,4456,49,4,2.00,0.00,2.0,0.00,0.00,0.0,3.00,69371.00,49.0
264,0.00,25836.00,25836.0,19.37,0.00,479.00,479.0,52.35,4,5.09,4308,0.62,4454,49,4,0.00,0.00,0.0,0.00,0.00,0.0,2.00,86890.00,58.4
265,0.00,416.00,416.0,24.81,0.00,756.00,756.0,52.36,3,5.09,4311,0.62,4459,49,4,0.00,0.00,0.0,0.00,0.00,0.0,4.00,88469.00,58.3
266,0.00,564.00,564.0,49.56,7.00,1577.00,1584.0,52.38,15,5.09,4313,0.62,4450,49,4,2.00,2.00,4.0,4.00,4.00,8.0,4.00,126194.00,73.6
267,0.00,68.00,68.0,40.9,0.00,1331.00,1331.0,52.38,12,5.8,4313,0.62,4466,49,4,0.00,0.00,0.0,0.00,0.00,0.0,1.00,140994.00,73.2
268,0.00,688.00,688.0,43.61,0.00,852.00,852.0,52.39,0,5.8,4313,0.62,4455,49,4,0.00,0.00,0.0,0.00,0.00,0.0,1.00,163504.00,66.2
269,0.00,3620.00,3620.0,44.16,1.00,1349.00,1350.0,52.41,9,5.8,4314,0.62,4459,49,4,0.00,1.00,1.0,0.00,0.00,0.0,2.00,109948.00,72.9
270,0.00,636.00,636.0,54.72,1.00,1873.00,1874.0,52.42,2,5.8,4312,0.62,4454,49,4,0.00,1.00,1.0,0.00,0.00,0.0,0.00,110264.00,73.2
271,0.00,188.00,188.0,59.37,1.00,841.00,842.0,52.44,8,5.8,4312,0.62,4465,49,4,0.00,0.00,0.0,0.00,0.00,0.0,1.00,129590.00,73.5
272,0.00,692.00,692.0,31.77,0.00,588.00,588.0,52.45,4,5.66,4313,0.62,4468,49,4,0.00,0.00,0.0,0.00,0.00,0.0,1.00,99637.00,62.2
273,0.00,596.00,596.0,22.82,2.00,1075.00,1077.0,52.46,7,5.66,4312,0.62,4457,49,4,0.00,2.00,2.0,0.00,0.00,0.0,0.00,69235.00,61.6
274,0.00,5480.00,5480.0,31.1,0.00,1047.00,1047.0,52.47,2,5.66,4313,0.62,4470,49,4,0.00,0.00,0.0,0.00,0.00,0.0,2.00,74772.00,61.5
275,0.00,92.00,92.0,15.11,1.00,425.00,426.0,52.48,1,5.66,4313,0.62,4468,49,4,1.00,1.00,2.0,0.00,0.00,0.0,0.00,76606.00,45.5
276,0.00,128.00,128.0,6.5,5.00,250.00,255.0,52.49,2,5.66,4312,0.62,4469,48,4,0.00,0.00,0.0,4.00,4.00,8.0,0.00,26855.00,44.9
277,0.00,528.00,528.0,8.16,0.00,464.00,464.0,52.49,1,5.28,4313,0.62,4466,48,4,0.00,0.00,0.0,0.00,0.00,0.0,1.00,23013.00,44.5
278,0.00,132.00,132.0,5.42,0.00,249.00,249.0,52.49,1,5.28,4313,0.62,4469,48,4,0.00,0.00,0.0,0.00,0.00,0.0,0.00,11612.00,36.5
279,0.00,4768.00,4768.0,2.93,1.00,113.00,114.0,52.49,1,5.28,4312,0.62,4466,48,4,0.00,0.00,0.0,0.00,0.00,0.0,1.00,5395.00,36.4
280,0.00,20.00,20.0,2.93,0.00,170.00,170.0,52.49,1,5.28,4312,0.62,4465,48,4,0.00,0.00,0.0,0.00,0.00,0.0,0.00,9623.00,36.5
281,0.00,168.00,168.0,12.64,8.00,446.00,454.0,52.49,1,5.28,4313,0.62,4468,49,5,6.00,2.00,8.0,1.00,1.00,2.0,1.00,38621.00,46.0
282,0.00,580.00,580.0,16.26,1.00,581.00,582.0,52.5,4,4.94,4311,0.62,4463,49,5,0.00,0.00,0.0,0.00,0.00,0.0,0.00,53929.00,56.0
283,0.00,564.00,564.0,20.89,0.00,452.00,452.0,52.5,2,4.94,4311,0.62,4463,49,5,0.00,0.00,0.0,0.00,0.00,0.0,0.00,77801.00,55.4
284,0.00,14176.00,14176.0,35.31,1.00,458.00,459.0,52.53,5,4.94,4312,0.62,4460,49,5,0.00,1.00,1.0,0.00,0.00,0.0,3.00,81793.00,69.1
285,0.00,1332.00,1332.0,34.9,2.00,975.00,977.0,52.54,8,4.94,4313,0.62,4461,49,4,0.00,0.00,0.0,0.00,0.00,0.0,1.00,63114.00,69.4
286,0.00,1020.00,1020.0,51.08,4.00,928.00,932.0,52.7,8,4.94,4313,0.62,4461,49,4,0.00,1.00,1.0,4.00,4.00,8.0,0.00,70904.00,69.2
287,0.00,1268.00,1268.0,25.06,3.00,468.00,471.0,52.68,1,4.86,4313,0.62,4465,49,4,0.00,2.00,2.0,0.00,0.00,0.0,0.00,120748.00,56.9
288,0.00,1128.00,1128.0,16.96,0.00,444.00,444.0,52.62,3,4.86,4313,0.62,4460,49,4,0.00,0.00,0.0,0.00,0.00,0.0,0.00,47889.00,57.5
289,0.00,23680.00,23680.0,50.19,0.00,1254.00,1254.0,52.66,3,4.86,4313,0.62,4455,49,4,0.00,0.00,0.0,0.00,0.00,0.0,2.00,68042.00,74.9
290,0.00,712.00,712.0,45.19,1.00,1430.00,1431.0,52.7,4,4.86,4313,0.62,4461,49,4,1.00,1.00,2.0,0.00,0.00,0.0,0.00,120612.00,68.6
291,0.00,180.00,180.0,35.11,0.00,854.00,854.0,52.71,8,4.86,4312,0.62,4471,49,4,0.00,0.00,0.0,0.00,0.00,0.0,0.00,154181.00,68.7
292,0.00,96.00,96.0,47.93,2.00,924.00,926.0,52.72,8,5.28,4313,0.62,4468,49,4,2.00,0.00,2.0,0.00,0.00,0.0,1.00,103252.00,77.9
293,0.00,372.00,372.0,60.48,0.00,1345.00,1345.0,52.77,1,5.28,4314,0.62,4452,49,4,0.00,0.00,0.0,0.00,0.00,0.0,1.00,114121.00,77.5
294,0.00,27740.00,27740.0,33.93,0.00,1237.00,1237.0,52.76,4,5.28,4313,0.62,4466,49,4,0.00,0.00,0.0,0.00,0.00,0.0,1.00,103076.00,62.7
295,0.00,2320.00,2320.0,6.76,1.00,293.00,294.0,52.77,6,5.28,4313,0.62,4469,49,4,0.00,0.00,0.0,0.00,0.00,0.0,4.00,21409.00,42.0
296,0.00,432.00,432.0,10.33,4.00,553.00,557.0,52.75,2,5.28,4313,0.62,4465,49,4,0.00,0.00,0.0,4.00,4.00,8.0,0.00,38640.00,42.0
297,0.00,40.00,40.0,12.83,1.00,497.00,498.0,52.75,2,4.85,4313,0.62,4469,48,5,0.00,1.00,1.0,1.00,0.00,1.0,1.00,42292.00,48.3
298,0.00,644.00,644.0,18.52,0.00,333.00,333.0,52.75,2,4.85,4313,0.62,4464,48,5,0.00,0.00,0.0,0.00,0.00,0.0,0.00,61246.00,48.4
299,0.00,92.00,92.0,7.4,0.00,309.00,309.0,52.75,1,4.85,4313,0.62,4462,48,5,0.00,0.00,0.0,0.00,0.00,0.0,1.00,27031.00,42.3
300,0.00,15064.00,15064.0,16.05,1.00,650.00,651.0,52.76,6,4.85,4312,0.62,4461,48,5,0.00,0.00,0.0,0.00,0.00,0.0,0.00,53103.00,52.7
301,0.00,188.00,188.0,15.17,0.00,696.00,696.0,52.77,2,4.85,4312,0.62,4460,48,5,0.00,0.00,0.0,0.00,0.00,0.0,0.00,52172.00,43.2
302,0.00,76.00,76.0,33.25,1.00,443.00,444.0,52.85,10,4.95,4312,0.62,4465,49,4,0.00,1.00,1.0,0.00,0.00,0.0,0.00,74493.00,65.9
303,16.00,440.00,456.0,31.39,1.00,513.00,514.0,52.92,3,4.95,4311,0.62,4468,48,5,0.00,0.00,0.0,1.00,0.00,1.0,0.00,75033.00,65.6
304,0.00,76.00,76.0,18.95,0.00,791.00,791.0,52.93,3,4.95,4313,0.62,4467,48,5,0.00,0.00,0.0,0.00,0.00,0.0,3.00,56387.00,56.2
305,0.00,3532.00,3532.0,37.37,0.00,772.00,772.0,53.07,2,4.95,4314,0.62,4468,48,5,0.00,0.00,0.0,0.00,0.00,0.0,1.00,58220.00,66.0
306,0.00,408.00,408.0,22.55,0.00,690.00,690.0,53.02,1,4.95,4314,0.62,4461,48,5,0.00,0.00,0.0,0.00,0.00,0.0,0.00,86291.00,54.5
307,0.00,40.00,40.0,15.46,0.00,562.00,562.0,53.0,1,4.55,4314,0.62,4462,48,5,0.00,0.00,0.0,0.00,0.00,0.0,0.00,56072.00,47.0
308,0.00,124.00,124.0,16.08,1.00,617.00,618.0,52.92,3,4.55,4314,0.62,4459,49,4,0.00,1.00,1.0,0.00,0.00,0.0,0.00,82920.00,47.4
309,0.00,96.00,96.0,10.8,2.00,363.00,365.0,52.92,1,4.55,4312,0.62,4457,48,5,0.00,0.00,0.0,1.00,0.00,1.0,1.00,31915.00,47.0
310,0.00,3228.00,3228.0,21.01,0.00,1067.00,1067.0,52.93,10,4.55,4311,0.62,4454,48,5,0.00,0.00,0.0,0.00,0.00,0.0,1.00,51147.00,57.2
311,0.00,916.00,916.0,38.01,2.00,1248.00,1250.0,52.94,3,4.55,4312,0.62,4459,48,5,0.00,0.00,0.0,0.00,0.00,0.0,1.00,110832.00,65.7
312,0.00,420.00,420.0,38.83,0.00,863.00,863.0,52.95,8,5.15,4313,0.62,4466,48,5,0.00,0.00,0.0,0.00,0.00,0.0,2.00,163637.00,66.1
313,0.00,64.00,64.0,38.21,0.00,926.00,926.0,52.92,9,5.15,4314,0.62,4467,48,5,0.00,0.00,0.0,0.00,0.00,0.0,1.00,104687.00,66.6
314,0.00,540.00,540.0,48.48,2.00,1518.00,1520.0,52.95,11,5.15,4315,0.62,4466,49,4,0.00,2.00,2.0,0.00,0.00,0.0,2.00,111570.00,74.4
315,0.00,10648.00,10648.0,28.39,2.00,918.00,920.0,52.98,4,5.15,4315,0.62,4476,49,4,0.00,2.00,2.0,0.00,0.00,0.0,0.00,90517.00,60.6
316,0.00,140.00,140.0,15.72,7.00,488.00,495.0,52.98,2,5.15,4314,0.62,4478,49,5,0.00,2.00,2.0,5.00,5.00,10.0,0.00,39021.00,54.0
317,0.00,900.00,900.0,16.67,1.00,709.00,710.0,52.97,1,4.89,4314,0.62,4479,49,5,0.00,1.00,1.0,0.00,0.00,0.0,1.00,63074.00,53.4
318,0.00,110.89,110.89,14.63,2.00,380.00,382.0,52.98,5,4.89,4313,0.62,4461,49,5,0.00,2.00,2.0,0.00,0.00,0.0,0.00,73937.00,47.6
319,0.00,88.00,88.0,5.88,2.00,199.00,201.0,52.98,6,4.89,4313,0.62,4461,49,5,0.00,2.00,2.0,0.00,0.00,0.0,1.00,20182.00,40.0
320,0.00,32464.00,32464.0,9.71,2.00,455.00,457.0,52.98,1,4.89,4313,0.62,4464,49,4,0.00,1.00,1.0,0.00,0.00,0.0,0.00,31486.00,40.1
321,0.00,152.00,152.0,4.05,0.00,185.00,185.0,52.99,1,4.89,4313,0.62,4466,49,4,0.00,0.00,0.0,0.00,0.00,0.0,0.00,10438.00,39.7
322,0.00,68.00,68.0,1.78,0.00,98.00,98.0,52.99,1,4.58,4311,0.62,4462,49,4,0.00,0.00,0.0,0.00,0.00,0.0,0.00,4916.00,39.1
323,0.00,44.00,44.0,6.61,10.00,546.00,556.0,52.99,1,4.58,4313,0.62,4459,49,5,8.00,1.00,9.0,2.00,2.00,4.0,3.00,25861.00,39.5
324,0.00,40.00,40.0,23.8,2.00,699.00,701.0,53.0,1,4.58,4312,0.62,4460,49,5,0.00,2.00,2.0,0.00,0.00,0.0,2.00,66031.00,52.1
325,0.00,2392.00,2392.0,19.46,2.00,460.00,462.0,53.0,1,4.58,4312,0.62,4465,50,5,0.00,3.00,3.0,0.00,0.00,0.0,1.00,115963.00,52.2
326,0.00,76.00,76.0,14.32,0.00,604.00,604.0,53.01,9,4.58,4312,0.62,4469,50,5,0.00,0.00,0.0,0.00,0.00,0.0,2.00,46369.00,51.7
327,0.00,88.00,88.0,34.07,0.00,1344.00,1344.0,53.02,3,4.7,4315,0.62,4471,50,5,0.00,0.00,0.0,0.00,0.00,0.0,3.00,98904.00,65.9
328,0.00,820.00,820.0,22.24,4.00,711.00,715.0,53.03,2,4.7,4314,0.62,4482,50,4,0.00,2.00,2.0,2.00,2.00,4.0,0.00,79477.00,53.4
329,0.00,264.00,264.0,15.58,1.00,414.00,415.0,53.04,2,4.7,4314,0.62,4469,50,4,0.00,1.00,1.0,0.00,0.00,0.0,1.00,83440.00,47.8
330,0.00,32036.00,32036.0,34.76,1.00,1322.00,1323.0,53.05,3,4.7,4314,0.62,4459,49,4,0.00,0.00,0.0,0.00,0.00,0.0,0.00,83189.00,64.7
331,0.00,740.00,740.0,30.76,0.00,1469.00,1469.0,53.05,1,4.7,4314,0.62,4477,49,4,0.00,0.00,0.0,0.00,0.00,0.0,1.00,93354.00,64.0
332,0.00,480.00,480.0,28.31,1.00,624.00,625.0,53.06,1,5.04,4314,0.62,4521,49,4,0.00,0.00,0.0,0.00,0.00,0.0,1.00,114281.00,57.7
333,0.00,432.00,432.0,29.29,0.00,679.21,679.21,53.09,1,5.04,4316,0.62,4512,49,4,0.00,0.00,0.0,0.00,0.00,0.0,2.00,54614.00,66.7
334,0.00,376.00,376.0,41.62,0.00,1607.00,1607.0,53.11,3,5.04,4316,0.62,4508,49,4,0.00,0.00,0.0,0.00,0.00,0.0,1.00,87388.00,67.3
335,4.00,8068.00,8072.0,55.01,7.00,1094.00,1101.0,53.12,3,5.04,4315,0.62,4500,50,4,5.00,9.00,14.0,0.00,0.00,0.0,0.00,116824.00,74.3
336,0.00,84.00,84.0,26.28,5.00,680.00,685.0,53.13,1,5.04,4314,0.62,4487,50,4,0.00,1.00,1.0,4.00,4.00,8.0,0.00,113696.00,57.4
337,0.00,392.00,392.0,26.98,0.00,719.00,719.0,53.13,3,4.88,4314,0.62,4483,50,4,0.00,0.00,0.0,0.00,0.00,0.0,1.00,94236.00,57.8
338,0.00,332.00,332.0,36.32,7.00,962.00,969.0,53.14,3,4.88,4314,0.62,4471,49,4,2.00,1.00,3.0,0.00,0.00,0.0,0.00,60884.00,68.9
339,0.00,384.00,384.0,37.81,0.00,538.00,538.0,53.17,2,4.88,4315,0.62,4477,49,4,2.00,0.00,2.0,0.00,0.00,0.0,2.00,23886.00,68.5
340,0.00,24.00,24.0,14.04,0.00,97.00,97.0,53.17,2,4.88,4315,0.62,4469,49,4,0.00,0.00,0.0,0.00,0.00,0.0,0.00,4890.00,53.1
341,0.00,1392.00,1392.0,20.97,3.00,349.00,352.0,53.17,1,4.88,4315,0.62,4464,49,4,2.00,0.00,2.0,0.00,0.00,0.0,0.00,15719.00,53.3
342,0.00,80.00,80.0,27.95,2.00,740.00,742.0,53.17,2,4.88,4314,0.62,4463,49,4,2.00,0.00,2.0,0.00,0.00,0.0,1.00,67640.00,64.7
343,0.00,1144.00,1144.0,33.12,2.00,529.00,531.0,53.18,4,4.65,4313,0.62,4457,50,4,0.00,3.00,3.0,0.00,0.00,0.0,0.00,85125.00,65.1
344,0.00,52.00,52.0,21.64,2.00,419.00,421.0,53.18,1,4.65,4314,0.62,4463,50,4,0.00,1.00,1.0,0.00,0.00,0.0,3.00,62956.00,51.0
345,0.00,984.00,984.0,17.9,2.00,1074.00,1076.0,53.19,1,4.65,4316,0.62,4467,50,4,2.00,0.00,2.0,0.00,0.00,0.0,2.00,71241.00,51.1
346,0.00,7800.00,7800.0,30.94,7.00,1017.00,1024.0,53.2,2,4.65,4315,0.62,4466,49,4,0.00,1.00,1.0,4.00,4.00,8.0,0.00,83397.00,65.1
347,0.00,1500.00,1500.0,24.9,0.00,485.00,485.0,53.21,2,4.65,4314,0.62,4466,49,4,0.00,0.00,0.0,0.00,0.00,0.0,1.00,93782.00,64.6
348,0.00,1432.00,1432.0,20.38,4.00,780.00,784.0,53.22,5,4.67,4314,0.62,4457,49,4,4.00,0.00,4.0,0.00,0.00,0.0,0.00,87040.00,53.0
349,0.00,384.00,384.0,43.24,0.00,1479.00,1479.0,53.23,2,4.67,4314,0.62,4452,49,4,0.00,0.00,0.0,0.00,0.00,0.0,2.00,121856.00,72.4
350,0.00,680.00,680.0,46.13,3.00,1114.00,1117.0,53.25,5,4.67,4315,0.62,4463,49,5,2.00,0.00,2.0,1.00,1.00,2.0,2.00,118120.00,72.3
351,0.00,25972.00,25972.0,25.06,3.00,592.00,595.0,53.26,3,4.67,4315,0.62,4475,50,5,2.00,2.00,4.0,0.00,0.00,0.0,0.00,98250.00,49.5
352,0.00,528.00,528.0,43.77,4.00,1300.00,1304.0,53.3,6,4.67,4316,0.62,4457,50,5,2.00,2.00,4.0,0.00,0.00,0.0,2.00,106257.00,74.4
353,0.00,300.00,300.0,39.14,4.00,1582.00,1586.0,53.32,4,5.1,4316,0.62,4463,50,5,2.00,2.00,4.0,0.00,0.00,0.0,1.00,109987.00,68.8
354,0.00,52.00,52.0,27.95,1.00,717.00,718.0,53.32,4,5.1,4315,0.62,4470,50,4,0.00,1.00,1.0,0.00,0.00,0.0,2.00,125831.00,57.4
355,0.00,624.00,624.0,24.59,2.00,706.00,708.0,53.33,2,5.1,4315,0.62,4461,49,4,0.00,0.00,0.0,0.00,0.00,0.0,3.00,108975.00,57.2
356,0.00,11152.00,11152.0,24.55,6.00,962.00,968.0,53.34,1,5.1,4315,0.62,4468,50,4,0.00,3.00,3.0,4.00,4.00,8.0,0.00,59301.00,57.2
357,0.00,408.00,408.0,10.49,3.00,542.00,545.0,53.31,2,5.1,4314,0.62,4465,50,4,0.00,2.00,2.0,0.00,0.00,0.0,0.00,26621.00,43.7
358,0.00,492.00,492.0,3.02,2.00,169.00,171.0,53.31,1,4.69,4312,0.62,4463,50,4,0.00,2.00,2.0,0.00,0.00,0.0,0.00,6173.00,35.5
359,0.00,92.00,92.0,1.91,2.00,62.00,64.0,53.32,1,4.69,4311,0.62,4463,50,4,0.00,2.00,2.0,0.00,0.00,0.0,1.00,5399.00,35.4
360,0.00,24.00,24.0,3.16,2.00,123.00,125.0,53.32,1,4.69,4309,0.62,4456,50,4,0.00,2.00,2.0,0.00,0.00,0.0,0.00,5642.00,35.5
361,0.00,33576.00,33576.0,3.29,3.00,168.00,171.0,53.32,1,4.69,4308,0.62,4450,50,4,0.00,2.00,2.0,0.00,0.00,0.0,0.00,7712.00,42.2
362,0.00,496.00,496.0,19.29,1.00,702.00,703.0,53.32,6,4.69,4309,0.62,4450,50,4,0.00,1.00,1.0,0.00,0.00,0.0,5.00,49447.00,54.6
363,0.00,8.00,8.0,12.61,1.00,560.00,561.0,53.33,4,4.4,4309,0.62,4445,49,4,0.00,0.00,0.0,0.00,0.00,0.0,0.00,62431.00,46.9
364,0.00,40.00,40.0,21.1,5.00,423.00,428.0,53.34,3,4.4,4309,0.62,4454,50,4,2.00,6.00,8.0,0.00,0.00,0.0,2.00,107188.00,47.1
365,0.00,452.00,452.0,25.09,1.00,649.00,650.0,53.37,2,4.4,4312,0.62,4461,49,4,0.00,0.00,0.0,0.00,0.00,0.0,5.00,55981.00,63.8
366,0.00,8304.00,8304.0,14.36,4.00,747.00,751.0,53.37,1,4.4,4314,0.62,4467,49,4,0.00,0.00,0.0,4.00,4.00,8.0,2.00,35207.00,46.7
367,0.00,36.00,36.0,2.15,3.00,106.00,109.0,53.37,3,4.4,4314,0.62,4469,50,4,0.00,3.00,3.0,0.00,0.00,0.0,0.00,5428.00,35.6
368,0.00,104.00,104.0,6.89,1.00,356.00,357.0,53.37,3,4.2,4314,0.62,4468,49,4,0.00,0.00,0.0,0.00,0.00,0.0,0.00,21303.00,42.9
369,0.00,104.00,104.0,14.92,0.00,1033.00,1033.0,53.37,4,4.2,4314,0.62,4464,49,4,0.00,0.00,0.0,0.00,0.00,0.0,1.00,70700.00,53.3
370,8.00,420.00,428.0,41.61,1.00,1334.00,1335.0,53.38,7,4.2,4314,0.62,4464,49,4,0.00,0.00,0.0,0.00,0.00,0.0,1.00,157876.00,67.1
371,0.00,1840.00,1840.0,41.47,1.00,1130.00,1131.0,53.4,10,4.2,4315,0.62,4467,49,4,0.00,0.00,0.0,0.00,0.00,0.0,1.00,187610.00,67.6
372,0.00,1012.00,1012.0,48.69,2.00,1522.00,1524.0,53.41,2,4.2,4315,0.62,4461,49,4,2.00,0.00,2.0,0.00,0.00,0.0,2.00,145727.00,74.6
373,16.00,408.00,424.0,47.31,1.00,2099.00,2100.0,53.42,5,4.19,4316,0.62,4459,49,4,0.00,0.00,0.0,0.00,0.00,0.0,1.00,142895.00,74.6
374,0.00,584.00,584.0,34.59,0.00,1309.00,1309.0,53.44,20,4.19,4316,0.62,4463,49,4,0.00,0.00,0.0,0.00,0.00,0.0,1.00,138917.00,63.0
375,0.00,104.00,104.0,30.68,1.00,711.00,712.0,53.44,3,4.19,4316,0.62,4462,49,4,0.00,1.00,1.0,0.00,0.00,0.0,0.00,100623.00,62.6
376,0.00,7704.00,7704.0,17.91,2.00,1008.00,1010.0,53.45,2,4.19,4315,0.62,4466,49,4,0.00,2.00,2.0,0.00,0.00,0.0,2.00,69251.00,51.6
377,0.00,652.00,652.0,9.92,1.00,577.00,578.0,53.46,1,4.19,4314,0.62,4466,49,4,1.00,1.00,2.0,0.00,0.00,0.0,0.00,27484.00,42.9
378,0.00,108.00,108.0,2.69,0.00,183.00,183.0,53.46,2,4.01,4314,0.62,4466,49,4,0.00,0.00,0.0,0.00,0.00,0.0,0.00,7507.00,35.6
379,0.00,92.00,92.0,2.91,3.00,107.00,110.0,53.46,2,4.01,4314,0.62,4464,49,4,2.00,2.00,4.0,0.00,0.00,0.0,1.00,5486.00,35.6
380,0.00,24.00,24.0,5.71,4.00,417.00,421.0,53.46,1,4.01,4313,0.62,4459,48,4,2.00,1.00,3.0,0.00,0.00,0.0,0.00,20185.00,36.1
381,0.00,160.00,160.0,18.38,0.00,727.00,727.0,53.46,1,4.01,4313,0.62,4458,48,4,0.00,0.00,0.0,0.00,0.00,0.0,0.00,69822.77,51.3
382,0.00,28052.00,28052.0,23.58,0.00,469.00,469.0,53.49,10,4.01,4313,0.62,4456,48,4,0.00,0.00,0.0,0.00,0.00,0.0,0.00,97109.00,58.4
383,0.00,308.00,308.0,12.88,2.00,481.00,483.0,53.49,7,4.17,4314,0.62,4458,48,4,2.00,0.00,2.0,0.00,0.00,0.0,1.00,53948.00,48.1
384,0.00,284.00,284.0,18.64,7.00,756.00,763.0,53.5,1,4.17,4314,0.62,4460,49,5,2.00,5.00,7.0,1.00,1.00,2.0,1.00,56778.00,48.3
385,0.00,460.00,460.0,9.84,0.00,407.00,407.0,53.49,1,4.17,4314,0.62,4457,49,5,0.00,0.00,0.0,0.00,0.00,0.0,0.00,22529.00,39.0
386,0.00,104.00,104.0,2.29,4.00,92.00,96.0,53.49,1,4.17,4313,0.62,4455,49,5,0.00,0.00,0.0,4.00,4.00,8.0,0.00,7386.00,38.7
387,0.00,4076.00,4076.0,11.63,4.00,540.00,544.0,53.49,8,4.17,4313,0.62,4446,49,5,4.00,0.00,4.0,0.00,0.00,0.0,1.00,36772.00,50.4
388,0.00,596.00,596.0,17.43,2.00,531.00,533.0,53.49,1,4.24,4312,0.62,4459,49,4,0.00,2.00,2.0,0.00,0.00,0.0,0.00,66104.00,50.0
389,0.00,108.00,108.0,21.88,1.00,438.00,439.0,53.51,1,4.24,4313,0.62,4461,49,4,0.00,1.00,1.0,0.00,0.00,0.0,3.00,111216.00,50.0
390,0.00,48.00,48.0,15.11,2.00,503.00,505.0,53.52,2,4.24,4314,0.62,4461,49,4,0.00,2.00,2.0,0.00,0.00,0.0,5.00,48756.00,50.0
391,0.00,520.00,520.0,12.45,3.00,774.00,777.0,53.52,1,4.24,4315,0.62,4463,49,4,0.00,2.00,2.0,0.00,0.00,0.0,2.00,37507.00,49.5
392,0.00,5184.00,5184.0,12.15,3.00,1036.00,1039.0,53.52,1,4.24,4316,0.62,4460,49,4,0.00,2.00,2.0,0.00,0.00,0.0,1.00,49563.00,49.8
393,0.00,344.00,344.0,73.12,3.00,1075.00,1078.0,53.72,8,4.14,4317,0.62,4450,49,4,1.00,3.00,4.0,0.00,0.00,0.0,2.00,114853.00,80.3
394,0.00,36.00,36.0,35.13,1.00,1050.00,1051.0,53.73,14,4.14,4316,0.62,4482,49,4,0.00,1.00,1.0,0.00,0.00,0.0,1.00,130999.00,69.2
395,0.00,872.00,872.0,38.64,0.00,835.00,835.0,53.74,0,4.14,4317,0.62,4478,49,4,0.00,0.00,0.0,0.00,0.00,0.0,1.00,140232.00,58.6
396,0.00,144.00,144.0,45.34,5.00,1464.00,1469.0,53.75,5,4.14,4316,0.62,4483,49,4,0.00,0.00,0.0,4.00,4.00,8.0,0.00,114127.00,73.6
397,0.00,41296.00,41296.0,42.93,1.00,1886.00,1887.0,53.7,7,4.14,4315,0.62,4485,49,4,0.00,1.00,1.0,0.00,0.00,0.0,0.00,95800.00,73.0
398,0.00,384.00,384.0,15.56,0.00,375.00,375.0,53.7,3,4.29,4315,0.62,4481,49,4,0.00,0.00,0.0,0.00,0.00,0.0,0.00,70341.00,44.2
399,0.00,336.00,336.0,7.09,1.00,310.00,311.0,53.71,0,4.29,4315,0.62,4477,49,4,0.00,0.00,0.0,0.00,0.00,0.0,1.00,27557.00,43.6
400,0.00,236.00,236.0,6.27,1.00,472.00,473.0,53.71,0,4.29,4312,0.62,4474,49,4,0.00,1.00,1.0,0.00,0.00,0.0,0.00,22061.00,43.2
401,0.00,372.00,372.0,4.42,6.00,287.00,293.0,53.71,0,4.29,4311,0.62,4470,49,4,4.00,2.00,6.0,0.00,0.00,0.0,0.00,12529.00,36.4
402,0.00,12776.00,12776.0,4.57,5.00,326.00,331.0,53.71,0,4.29,4310,0.62,4466,49,4,4.00,0.00,4.0,0.00,0.00,0.0,1.00,16082.00,36.7
403,0.00,724.00,724.0,17.03,0.00,626.00,626.0,53.72,0,4.1,4311,0.62,4464,49,4,0.00,0.00,0.0,0.00,0.00,0.0,2.00,65935.00,51.0
404,0.00,44.00,44.0,20.18,13.00,628.00,641.0,53.73,1,4.1,4311,0.62,4458,49,4,10.00,2.00,12.0,0.00,0.00,0.0,2.00,85926.00,57.8
405,0.00,140.00,140.0,20.88,3.00,794.00,797.0,53.74,1,4.1,4310,0.62,4453,49,4,2.00,1.00,3.0,0.00,0.00,0.0,2.00,103497.00,51.9
406,0.00,1584.00,1584.0,41.71,5.00,1079.00,1084.0,53.86,0,4.1,4313,0.62,4455,49,4,0.00,0.00,0.0,4.00,4.00,8.0,4.00,94524.00,72.7
407,0.00,7316.00,7316.0,28.44,0.00,875.00,875.0,53.87,2,4.1,4316,0.62,4457,49,4,0.00,0.00,0.0,0.00,0.00,0.0,3.00,126339.00,58.4
408,0.00,1176.00,1176.0,12.97,1.00,437.00,438.0,53.88,0,3.86,4316,0.62,4456,48,4,0.00,0.00,0.0,0.00,0.00,0.0,0.00,51770.00,48.9
409,0.00,840.00,840.0,13.8,0.00,676.00,676.0,53.88,0,3.86,4316,0.62,4456,48,4,0.00,0.00,0.0,0.00,0.00,0.0,1.00,46818.00,48.5
410,0.00,360.00,360.0,5.08,0.00,116.00,116.0,53.79,0,3.86,4315,0.62,4458,48,4,0.00,0.00,0.0,0.00,0.00,0.0,0.00,12378.00,38.4
411,0.00,156.00,156.0,2.15,0.00,1.00,1.0,53.79,0,3.86,4313,0.62,4458,48,4,0.00,0.00,0.0,0.00,0.00,0.0,0.00,4739.00,37.9
412,0.00,8952.00,8952.0,1.15,0.00,1.00,1.0,53.79,0,3.86,4311,0.62,4456,48,4,0.00,0.00,0.0,0.00,0.00,0.0,0.00,4741.00,37.5
413,0.00,24.00,24.0,1.4,0.00,1.00,1.0,53.79,0,3.63,4308,0.62,4444,48,4,0.00,0.00,0.0,0.00,0.00,0.0,0.00,4688.00,37.1
414,0.00,36.00,36.0,1.77,0.00,0.00,0.0,53.79,0,3.63,4306,0.62,4436,48,4,0.00,0.00,0.0,0.00,0.00,0.0,1.00,5389.00,36.7
415,0.00,456.00,456.0,1.79,1.00,2.00,3.0,53.79,0,3.63,4305,0.62,4432,48,4,0.00,0.00,0.0,0.00,0.00,0.0,3.00,5019.00,36.4
416,0.00,120.00,120.0,1.53,4.00,12.00,16.0,53.79,0,3.63,4303,0.62,4428,48,4,0.00,0.00,0.0,4.00,4.00,8.0,0.00,5238.00,36.2
417,0.00,17608.00,17608.0,1.65,0.00,2.00,2.0,53.8,0,3.63,4298,0.62,4414,48,4,0.00,0.00,0.0,0.00,0.00,0.0,0.00,5047.00,36.0
418,0.00,552.00,552.0,1.89,0.00,0.00,0.0,53.8,0,3.42,4297,0.62,4410,48,4,0.00,0.00,0.0,0.00,0.00,0.0,0.00,5226.00,35.8
419,0.00,68.00,68.0,2.02,0.00,0.00,0.0,53.8,1,3.42,4297,0.62,4410,48,4,0.00,0.00,0.0,0.00,0.00,0.0,1.00,5524.00,35.7
420,0.00,28.00,28.0,2.03,1.00,61.00,62.0,53.8,0,3.42,4297,0.62,4410,48,4,0.00,0.00,0.0,0.00,0.00,0.0,0.00,5068.00,35.5
421,0.00,160.00,160.0,2.53,0.00,3.00,3.0,53.8,0,3.42,4297,0.62,4410,48,4,0.00,0.00,0.0,0.00,0.00,0.0,0.00,4880.00,35.4
422,0.00,6032.00,6032.0,1.65,1.00,54.00,55.0,53.8,0,3.42,4297,0.62,4410,48,4,0.00,0.00,0.0,1.00,1.00,2.0,0.00,5062.00,35.3
423,0.00,328.00,328.0,2.29,4.00,90.00,94.0,53.8,0,3.3,4297,0.62,4411,49,5,0.00,4.00,4.0,1.00,1.00,2.0,0.00,5618.00,35.3
424,0.00,36.00,36.0,3.68,2.00,77.00,79.0,53.8,1,3.3,4297,0.62,4405,49,5,0.00,2.00,2.0,0.00,0.00,0.0,1.00,7458.00,35.4
425,0.00,260.00,260.0,1.65,3.00,21.00,24.0,53.81,0,3.3,4297,0.62,4405,49,5,0.00,2.00,2.0,0.00,0.00,0.0,0.00,5283.00,35.2
426,0.00,112.00,112.0,1.91,6.00,107.00,113.0,53.81,0,3.3,4297,0.62,4405,49,5,0.00,2.00,2.0,4.00,4.00,8.0,0.00,5264.00,35.2
427,0.00,36.00,36.0,1.28,2.00,36.00,38.0,53.81,1,3.3,4297,0.62,4410,49,4,0.00,2.00,2.0,0.00,0.00,0.0,0.00,4904.00,35.1
428,4.00,9284.00,9288.0,2.76,3.00,279.00,282.0,53.81,1,3.04,4297,0.62,4409,49,4,0.00,2.00,2.0,0.00,0.00,0.0,0.00,5297.00,35.1
429,0.00,84.00,84.0,2.16,0.00,39.00,39.0,53.81,1,3.04,4297,0.62,4408,49,4,0.00,0.00,0.0,0.00,0.00,0.0,1.00,5612.00,35.0
430,0.00,344.00,344.0,1.91,0.00,104.00,104.0,53.81,1,3.04,4297,0.62,4407,49,4,0.00,0.00,0.0,0.00,0.00,0.0,0.00,5354.00,34.9
431,0.00,164.00,164.0,2.54,2.00,73.00,75.0,53.81,1,3.04,4296,0.62,4407,49,4,0.00,1.00,1.0,0.00,0.00,0.0,0.00,4977.00,35.0
432,0.00,472.00,472.0,16.16,2.00,1016.00,1018.0,53.82,1,3.04,4299,0.62,4412,49,4,0.00,2.00,2.0,0.00,0.00,0.0,3.00,48313.00,55.7
433,0.00,2504.00,2504.0,36.85,2.00,1485.00,1487.0,53.83,2,3.52,4305,0.62,4434,49,4,0.00,2.00,2.0,0.00,0.00,0.0,6.00,133486.00,63.9
434,0.00,48.00,48.0,56.21,2.00,857.00,859.0,53.84,14,3.52,4307,0.62,4448,49,4,0.00,0.00,0.0,0.00,0.00,0.0,3.00,180919.00,82.8
435,0.00,76.00,76.0,31.94,0.00,899.00,899.0,53.85,5,3.52,4310,0.62,4462,49,4,0.00,2.00,2.0,0.00,0.00,0.0,3.00,104113.00,55.4
436,0.00,1568.00,1568.0,67.68,4.00,1599.00,1603.0,53.91,24,3.52,4313,0.62,4463,49,4,0.00,0.00,0.0,4.00,4.00,8.0,3.00,95352.00,84.0
437,4.00,804.00,808.0,59.12,1.00,1387.00,1388.0,53.93,3,3.52,4315,0.62,4467,49,4,0.00,0.00,0.0,0.00,0.00,0.0,2.00,75180.00,73.5
438,0.00,10880.00,10880.0,38.36,1.00,433.00,434.0,53.93,10,3.39,4315,0.62,4471,49,4,0.00,1.00,1.0,0.00,0.00,0.0,2.00,58321.00,73.0
439,0.00,96.00,96.0,30.33,0.00,275.00,275.0,53.94,11,3.39,4316,0.62,4475,49,4,0.00,0.00,0.0,0.00,0.00,0.0,2.00,26656.00,65.0
440,0.00,60.00,60.0,33.5,1.00,521.00,522.0,53.94,3,3.39,4315,0.62,4473,49,4,0.00,0.00,0.0,0.00,0.00,0.0,0.00,29149.00,65.1
441,0.00,128.00,128.0,28.27,0.00,328.00,328.0,53.94,3,3.39,4314,0.62,4470,49,4,0.00,0.00,0.0,0.00,0.00,0.0,0.00,16233.00,64.9
442,0.00,572.00,572.0,33.17,0.00,378.00,378.0,53.95,4,3.39,4315,0.62,4471,49,4,0.00,0.00,0.0,0.00,0.00,0.0,1.00,33703.00,65.1
443,0.00,1116.00,1116.0,34.62,0.00,753.00,753.0,53.94,13,3.36,4315,0.62,4466,49,4,0.00,0.00,0.0,0.00,0.00,0.0,0.00,61822.00,73.8
444,0.00,328.00,328.0,42.31,0.00,1073.00,1073.0,53.99,6,3.36,4315,0.62,4462,49,4,0.00,0.00,0.0,0.00,0.00,0.0,1.00,123315.00,63.9
445,0.00,620.00,620.0,31.81,1.00,963.00,964.0,54.0,15,3.36,4316,0.62,4469,49,4,0.00,1.00,1.0,0.00,0.00,0.0,1.00,161879.00,64.1
446,0.00,540.00,540.0,23.84,5.00,951.00,956.0,54.01,10,3.36,4316,0.62,4468,49,4,0.00,1.00,1.0,4.00,4.00,8.0,0.00,85252.00,57.5
447,0.00,416.00,416.0,30.75,0.00,1122.00,1122.0,54.02,2,3.36,4315,0.62,4465,49,4,0.00,0.00,0.0,0.00,0.00,0.0,0.00,68526.00,57.4
448,0.00,15156.00,15156.0,9.76,0.00,546.00,546.0,54.03,2,3.89,4315,0.62,4469,49,4,0.00,0.00,0.0,0.00,0.00,0.0,0.00,26780.00,39.4
449,0.00,160.00,160.0,3.03,1.00,145.00,146.0,54.02,2,3.89,4315,0.62,4467,48,4,0.00,0.00,0.0,0.00,0.00,0.0,1.00,6315.00,38.9
450,0.00,28.00,28.0,1.89,0.00,89.00,89.0,54.02,2,3.89,4314,0.62,4467,48,4,0.00,0.00,0.0,0.00,0.00,0.0,0.00,4815.00,38.4
451,0.00,124.00,124.0,5.64,3.00,506.00,509.0,54.02,2,3.89,4314,0.62,4463,48,4,2.00,0.00,2.0,0.00,0.00,0.0,0.00,27123.00,38.9
452,0.00,572.00,572.0,47.52,0.00,909.00,909.0,54.03,7,3.89,4315,0.62,4453,48,4,0.00,0.00,0.0,0.00,0.00,0.0,1.00,84092.00,75.6
453,0.00,364.00,364.0,56.84,0.00,812.00,812.0,54.06,10,4.22,4315,0.62,4456,48,4,0.00,0.00,0.0,0.00,0.00,0.0,0.00,114402.00,81.2
454,0.00,36.00,36.0,66.67,1.00,919.00,920.0,54.07,13,4.22,4315,0.62,4456,48,4,0.00,0.00,0.0,0.00,0.00,0.0,1.00,114992.00,80.9
455,0.00,572.00,572.0,70.33,0.00,1312.00,1312.0,54.1,20,4.22,4315,0.62,4452,48,4,0.00,0.00,0.0,0.00,0.00,0.0,1.00,118412.00,81.3
456,0.00,476.00,476.0,59.77,4.00,1600.00,1604.0,54.12,14,4.22,4316,0.62,4454,48,4,0.00,0.00,0.0,4.00,4.00,8.0,1.00,125637.00,80.7
457,0.00,80.00,80.0,54.25,3.00,816.00,819.0,54.13,2,4.22,4316,0.62,4454,49,5,0.00,2.00,2.0,1.00,1.00,2.0,1.00,107899.00,73.5
458,0.00,1276.00,1276.0,38.64,0.00,826.00,826.0,54.14,5,4.2,4316,0.62,4455,49,5,0.00,0.00,0.0,0.00,0.00,0.0,0.00,61562.00,73.1
459,0.00,432.00,432.0,34.76,0.00,746.00,746.0,54.12,3,4.2,4316,0.62,4455,49,5,0.00,0.00,0.0,0.00,0.00,0.0,1.00,35185.00,65.6
460,0.00,164.00,164.0,14.97,5.00,363.00,368.0,54.12,1,4.2,4315,0.62,4448,49,5,2.00,2.00,4.0,0.00,0.00,0.0,0.00,21888.00,49.5
461,0.00,236.00,236.0,10.56,2.00,303.00,305.0,54.12,1,4.2,4314,0.62,4461,49,4,2.00,0.00,2.0,0.00,0.00,0.0,1.00,37420.00,42.0
462,0.00,296.00,296.0,23.15,0.00,295.00,295.0,54.12,7,4.2,4314,0.62,4455,49,4,0.00,0.00,0.0,0.00,0.00,0.0,0.00,65055.00,63.3
463,0.00,46936.00,46936.0,24.41,2.00,263.00,265.0,54.14,5,4.03,4314,0.62,4465,49,4,0.00,2.00,2.0,0.00,0.00,0.0,0.00,27305.00,55.4
464,0.00,748.00,748.0,8.22,0.00,468.00,468.0,54.15,1,4.03,4316,0.62,4469,49,4,0.00,0.00,0.0,0.00,0.00,0.0,3.00,23897.00,44.6
465,0.00,64.00,64.0,11.7,12.00,830.00,842.0,54.15,1,4.03,4316,0.62,4467,49,4,12.00,0.00,12.0,0.00,0.00,0.0,0.00,41274.00,45.0
466,0.00,1512.00,1512.0,21.9,0.00,965.00,965.0,54.16,6,4.03,4316,0.62,4467,49,4,0.00,0.00,0.0,0.00,0.00,0.0,0.00,105122.00,56.3
467,0.00,952.00,952.0,38.94,1.00,586.00,587.0,54.17,3,4.03,4316,0.62,4467,49,4,0.00,0.00,0.0,0.00,0.00,0.0,0.00,148519.00,67.3
468,0.00,1092.00,1092.0,18.63,2.00,819.00,821.0,54.18,5,3.95,4317,0.62,4468,49,4,2.00,0.00,2.0,0.00,0.00,0.0,1.00,70382.00,58.0
469,0.00,23272.00,23272.0,24.68,0.00,1116.00,1116.0,54.19,11,3.95,4316,0.62,4466,49,4,0.00,0.00,0.0,0.00,0.00,0.0,2.00,62566.00,52.7
470,0.00,312.00,312.0,5.75,0.00,321.00,321.0,54.2,1,3.95,4316,0.62,4472,49,4,0.00,0.00,0.0,0.00,0.00,0.0,0.00,18753.00,36.7
471,0.00,148.00,148.0,4.07,6.00,308.00,314.0,54.2,1,3.95,4316,0.62,4470,49,4,4.00,2.00,6.0,0.00,0.00,0.0,0.00,15307.00,37.0
472,0.00,52.00,52.0,15.64,4.00,889.00,893.0,54.19,1,3.95,4316,0.62,4491,49,4,2.00,2.00,4.0,0.00,0.00,0.0,1.00,67240.00,52.4
473,0.00,36.00,36.0,21.7,2.00,821.00,823.0,54.2,5,3.63,4316,0.62,4498,49,4,0.00,2.00,2.0,0.00,0.00,0.0,0.00,90533.00,52.9
474,0.00,5320.00,5320.0,29.58,1.00,808.00,809.0,54.21,4,3.63,4315,0.62,4488,49,4,0.00,1.00,1.0,0.00,0.00,0.0,1.00,110364.00,59.8
475,0.00,668.00,668.0,36.35,3.00,1547.00,1550.0,54.24,5,3.63,4316,0.62,4478,49,4,0.00,2.00,2.0,0.00,0.00,0.0,4.00,121554.00,71.1
476,0.00,800.00,800.0,46.19,4.00,1701.00,1705.0,54.27,3,3.63,4316,0.62,4479,49,4,0.00,0.00,0.0,4.00,4.00,8.0,0.00,138379.00,71.5
477,0.00,264.00,264.0,33.71,0.00,699.00,699.0,54.28,2,3.63,4316,0.62,4481,49,4,0.00,0.00,0.0,0.00,0.00,0.0,0.00,123505.00,64.8
478,0.00,952.00,952.0,27.11,2.00,947.00,949.0,54.32,1,3.58,4316,0.62,4482,49,4,0.00,2.00,2.0,0.00,0.00,0.0,0.00,78640.00,64.2
479,0.00,17628.00,17628.0,20.79,0.00,1146.00,1146.0,54.33,3,3.58,4317,0.62,4480,49,4,0.00,0.00,0.0,0.00,0.00,0.0,2.00,72838.00,56.3
480,0.00,36.00,36.0,23.15,0.00,413.00,413.0,54.34,2,3.58,4317,0.62,4478,49,4,0.00,0.00,0.0,0.00,0.00,0.0,0.00,65760.00,56.3
481,0.00,172.00,172.0,7.13,3.00,307.00,310.0,54.31,3,3.58,4316,0.62,4473,49,4,0.00,2.00,2.0,0.00,0.00,0.0,0.00,24883.00,41.0
482,0.00,512.00,512.0,8.28,0.00,437.00,437.0,54.32,3,3.58,4317,0.62,4475,49,4,0.00,0.00,0.0,0.00,0.00,0.0,1.00,33857.00,40.9
483,0.00,36.00,36.0,5.46,0.00,264.00,264.0,54.32,1,3.29,4317,0.62,4471,49,4,0.00,0.00,0.0,0.00,0.00,0.0,0.00,13587.00,40.4
484,0.00,68.00,68.0,4.56,1.00,298.00,299.0,54.32,1,3.29,4316,0.62,4469,49,4,0.00,0.00,0.0,0.00,0.00,0.0,1.00,15476.00,40.4
485,0.00,424.00,424.0,14.61,0.00,888.00,888.0,54.33,11,3.29,4315,0.62,4467,49,4,0.00,0.00,0.0,0.00,0.00,0.0,0.00,64864.00,54.5
486,0.00,308.00,308.0,37.08,0.00,844.00,844.0,54.34,7,3.29,4314,0.62,4467,49,4,0.00,0.00,0.0,0.00,0.00,0.0,0.00,117251.00,71.8
487,0.00,60.00,60.0,45.22,1.00,618.00,619.0,54.35,3,3.29,4315,0.62,4472,49,4,0.00,0.00,0.0,0.00,0.00,0.0,2.00,124669.00,71.3
488,0.00,476.00,476.0,31.0,1.00,903.00,904.0,54.35,7,3.11,4315,0.62,4467,49,4,0.00,1.00,1.0,0.00,0.00,0.0,2.00,64836.00,70.7
489,0.00,532.00,532.0,25.86,2.00,911.00,913.0,54.36,8,3.11,4315,0.62,4470,49,4,0.00,2.00,2.0,0.00,0.00,0.0,1.00,45122.00,60.0
490,0.00,340.00,340.0,7.45,1.00,171.00,172.0,54.36,1,3.11,4315,0.62,4474,49,4,0.00,0.00,0.0,0.00,0.00,0.0,0.00,8177.00,34.6
491,0.00,112.00,112.0,3.31,1.00,209.00,210.0,54.36,1,3.11,4315,0.62,4474,49,5,0.00,0.00,0.0,1.00,1.00,2.0,0.00,10857.00,34.8
492,0.00,432.00,432.0,10.31,1.00,503.00,504.0,54.36,2,3.11,4316,0.62,4471,49,5,0.00,1.00,1.0,0.00,0.00,0.0,1.00,45526.00,44.3
493,0.00,32.00,32.0,18.98,0.00,789.00,789.0,54.37,2,2.86,4315,0.62,4464,49,5,0.00,0.00,0.0,0.00,0.00,0.0,0.00,96193.00,51.1
494,0.00,15412.00,15412.0,21.29,1.00,816.00,817.0,54.38,1,2.86,4314,0.62,4471,49,5,0.00,0.00,0.0,0.00,0.00,0.0,1.00,110219.00,51.4
495,0.00,108.00,108.0,34.11,0.00,1216.00,1216.0,54.4,3,2.86,4317,0.62,4466,49,4,0.00,0.00,0.0,0.00,0.00,0.0,3.00,133423.00,71.8
496,0.00,1080.00,1080.0,34.54,4.00,1350.00,1354.0,54.41,4,2.86,4317,0.62,4472,49,4,0.00,0.00,0.0,4.00,4.00,8.0,0.00,104971.00,71.3
497,0.00,1056.00,1056.0,28.03,0.00,832.00,832.0,54.42,1,2.86,4317,0.62,4462,49,4,0.00,0.00,0.0,0.00,0.00,0.0,0.00,119960.00,51.9
498,0.00,220.00,220.0,14.41,0.00,683.00,683.0,54.43,1,2.79,4317,0.62,4471,49,4,0.00,0.00,0.0,0.00,0.00,0.0,0.00,60613.00,51.5
499,0.00,40512.00,40512.0,15.17,2.00,1076.00,1078.0,54.43,1,2.79,4317,0.62,4468,48,4,0.00,1.00,1.0,0.00,0.00,0.0,1.00,51221.00,51.5
500,0.00,484.00,484.0,20.63,1.00,730.00,731.0,54.44,1,2.79,4315,0.62,4469,48,4,0.00,0.00,0.0,0.00,0.00,0.0,0.00,70762.00,51.5
501,0.00,124.00,124.0,23.97,0.00,507.00,507.0,54.45,3,2.79,4315,0.62,4460,48,4,0.00,0.00,0.0,0.00,0.00,0.0,0.00,113244.00,59.5
502,0.00,72.00,72.0,14.38,0.00,521.00,521.0,54.46,1,2.79,4316,0.62,4464,48,4,0.00,0.00,0.0,0.00,0.00,0.0,2.00,49253.00,46.1
503,0.00,88.00,88.0,14.82,4.00,914.00,918.0,54.47,2,2.81,4316,0.62,4463,48,4,4.00,0.00,4.0,0.00,0.00,0.0,0.00,50290.00,46.2
504,0.00,11728.00,11728.0,5.9,0.00,283.00,283.0,54.47,1,2.81,4316,0.62,4467,48,4,0.00,0.00,0.0,0.00,0.00,0.0,1.00,14497.00,37.2
505,0.00,396.00,396.0,2.53,2.00,106.00,108.0,54.47,1,2.81,4316,0.62,4467,48,4,2.00,0.00,2.0,0.00,0.00,0.0,0.00,4864.00,37.0
506,0.00,84.00,84.0,8.02,8.00,659.00,667.0,54.47,1,2.81,4316,0.62,4466,48,4,4.00,0.00,4.0,4.00,4.00,8.0,0.00,29982.00,46.0
507,0.00,56.00,56.0,20.18,2.00,1040.00,1042.0,54.47,5,2.81,4315,0.62,4482,48,4,2.00,0.00,2.0,0.00,0.00,0.0,0.00,85561.00,51.8
508,0.00,404.00,404.0,29.77,0.00,691.00,691.0,54.49,1,2.58,4315,0.62,4486,48,4,0.00,0.00,0.0,0.00,0.00,0.0,0.00,147316.00,52.4
509,0.00,8672.00,8672.0,15.88,0.00,702.00,702.0,54.5,11,2.58,4316,0.62,4503,48,4,0.00,0.00,0.0,0.00,0.00,0.0,2.00,53583.00,52.7
510,0.00,19332.00,19332.0,26.74,0.00,1407.00,1407.0,54.52,2,2.58,4317,0.62,4499,48,4,0.00,0.00,0.0,0.00,0.00,0.0,1.00,76694.00,53.3
511,0.00,144.00,144.0,18.23,0.00,803.00,803.0,54.52,2,2.58,4317,0.62,4506,48,4,0.00,0.00,0.0,0.00,0.00,0.0,0.00,69001.00,52.7
512,0.00,544.00,544.0,17.53,1.00,911.00,912.0,54.53,3,2.58,4317,0.62,4495,48,4,0.00,0.00,0.0,0.00,0.00,0.0,0.00,101910.00,52.2
513,0.00,448.00,448.0,24.54,0.00,1110.89,1110.89,54.54,10,2.62,4317,0.62,4482,48,4,0.00,0.00,0.0,0.00,0.00,0.0,0.00,131786.00,63.3
514,0.00,308.00,308.0,28.21,3.00,1252.00,1255.0,54.55,2,2.62,4317,0.62,4480,48,4,2.00,0.00,2.0,0.00,0.00,0.0,2.00,122165.00,63.1
515,4.00,1056.00,1060.0,33.16,0.00,1087.00,1087.0,54.57,4,2.62,4317,0.62,4473,48,4,0.00,0.00,0.0,0.00,0.00,0.0,0.00,114709.00,63.3
516,0.00,404.00,404.0,30.28,0.00,881.00,881.0,54.57,2,2.62,4317,0.62,4473,48,4,0.00,0.00,0.0,0.00,0.00,0.0,0.00,88301.00,56.2
517,0.00,376.00,376.0,14.47,1.00,860.00,861.0,54.58,0,2.62,4317,0.62,4473,48,4,0.00,0.00,0.0,0.00,0.00,0.0,1.00,50860.00,46.3
518,0.00,588.00,588.0,16.88,0.00,953.00,953.0,54.59,1,2.49,4317,0.62,4470,48,4,0.00,0.00,0.0,0.00,0.00,0.0,0.00,77950.00,46.6
519,0.00,88.00,88.0,12.45,0.00,534.00,534.0,54.59,2,2.49,4316,0.62,4474,48,4,0.00,0.00,0.0,0.00,0.00,0.0,1.00,73159.00,56.3
520,0.00,4652.00,4652.0,21.53,3.00,474.00,477.0,54.59,4,2.49,4314,0.62,4465,48,4,2.00,0.00,2.0,0.00,0.00,0.0,0.00,73990.00,42.9
521,0.00,432.00,432.0,15.2,2.00,759.00,761.0,54.6,0,2.49,4317,0.62,4462,48,4,0.00,0.00,0.0,0.00,0.00,0.0,3.00,55084.00,43.4
522,0.00,92.00,92.0,8.76,0.00,658.00,658.0,54.61,0,2.49,4316,0.62,4466,48,4,2.00,0.00,2.0,0.00,0.00,0.0,1.00,29518.00,42.9
523,0.00,32.00,32.0,3.43,0.00,198.00,198.0,54.61,1,2.29,4316,0.62,4465,48,4,0.00,0.00,0.0,0.00,0.00,0.0,0.00,9731.00,36.7
524,4.00,600.00,604.0,8.65,2.00,382.00,384.0,54.61,1,2.29,4316,0.62,4463,48,4,0.00,0.00,0.0,2.00,2.00,4.0,1.00,37315.00,43.5
525,0.00,16488.00,16488.0,17.97,2.00,764.00,766.0,54.62,8,2.29,4316,0.62,4463,48,4,2.00,0.00,2.0,0.00,0.00,0.0,0.00,60224.00,63.9
526,0.00,1316.00,1316.0,24.59,10.00,888.00,898.0,54.63,2,2.29,4314,0.62,4466,49,5,4.00,1.00,5.0,5.00,5.00,10.0,1.00,98323.00,56.0
527,0.00,672.00,672.0,32.32,0.00,687.00,687.0,54.73,9,2.29,4316,0.62,4476,49,5,0.00,0.00,0.0,0.00,0.00,0.0,2.00,125221.00,61.3
528,0.00,1392.00,1392.0,17.16,4.00,888.00,892.0,54.74,1,2.1,4316,0.62,4478,49,5,4.00,0.00,4.0,0.00,0.00,0.0,0.00,63054.00,51.9
529,0.00,888.00,888.0,15.86,1.00,1040.00,1041.0,54.75,7,2.1,4317,0.62,4480,49,5,0.00,1.00,1.0,0.00,0.00,0.0,2.00,64999.00,51.5
530,0.00,25652.00,25652.0,15.36,0.00,387.00,387.0,54.73,1,2.1,4317,0.62,4487,49,4,0.00,0.00,0.0,0.00,0.00,0.0,0.00,71249.00,43.4
531,0.00,284.00,284.0,8.59,0.00,282.00,282.0,54.68,0,2.1,4316,0.62,4483,49,4,0.00,0.00,0.0,0.00,0.00,0.0,0.00,27383.00,43.2
532,0.00,380.00,380.0,7.51,2.00,435.00,437.0,54.68,3,2.1,4315,0.62,4481,49,4,0.00,2.00,2.0,0.00,0.00,0.0,0.00,20501.00,43.2
533,0.00,40.00,40.0,9.75,9.00,787.00,796.0,54.69,1,1.93,4315,0.62,4468,49,4,8.00,1.00,9.0,0.00,0.00,0.0,0.00,37447.00,43.5
534,4.00,48.00,52.0,35.39,2.00,1184.00,1186.0,54.69,1,1.93,4314,0.62,4464,49,4,2.00,0.00,2.0,0.00,0.00,0.0,1.00,106674.00,60.6
535,0.00,9712.00,9712.0,29.54,1.00,872.00,873.0,54.71,1,1.93,4314,0.62,4486,49,4,0.00,0.00,0.0,0.00,0.00,0.0,3.00,159370.00,60.9
536,0.00,836.00,836.0,18.69,4.00,860.00,864.0,54.72,2,1.93,4315,0.62,4510,49,5,0.00,0.00,0.0,4.00,4.00,8.0,1.00,63717.00,53.4
537,0.00,52.00,52.0,27.85,1.00,1511.00,1512.0,54.73,1,1.93,4315,0.62,4506,49,4,0.00,0.00,0.0,0.00,0.00,0.0,2.00,87900.00,53.5
538,0.00,704.00,704.0,18.23,0.00,737.00,737.0,54.74,1,2.26,4316,0.62,4515,49,4,0.00,0.00,0.0,0.00,0.00,0.0,1.00,34646.00,46.6
539,0.00,204.00,204.0,4.54,0.00,246.00,246.0,54.74,1,2.26,4316,0.62,4514,49,4,0.00,0.00,0.0,0.00,0.00,0.0,1.00,14334.00,39.4
540,0.00,19196.00,19196.0,8.7,0.00,395.00,395.0,54.74,1,2.26,4317,0.62,4518,49,4,0.00,0.00,0.0,0.00,0.00,0.0,1.00,39654.00,39.5
541,0.00,160.00,160.0,11.4,0.00,425.00,425.0,54.75,9,2.26,4317,0.62,4509,49,4,0.00,0.00,0.0,0.00,0.00,0.0,0.00,68728.00,47.8
542,0.00,592.00,592.0,15.58,0.00,677.00,677.0,54.75,11,2.26,4314,0.62,4483,49,4,0.00,0.00,0.0,0.00,0.00,0.0,1.00,57720.00,47.8
543,0.00,68.00,68.0,15.11,1.00,655.00,656.0,54.76,1,2.08,4316,0.62,4467,49,4,0.00,1.00,1.0,0.00,0.00,0.0,2.00,86788.00,47.6
544,0.00,44.00,44.0,8.47,1.00,488.00,489.0,54.77,3,2.08,4317,0.62,4467,49,4,0.00,1.00,1.0,0.00,0.00,0.0,2.00,36334.00,47.2
545,0.00,2756.00,2756.0,37.36,1.00,1191.00,1192.0,54.81,8,2.08,4317,0.62,4462,49,4,0.00,1.00,1.0,0.00,0.00,0.0,0.00,85148.00,70.0
546,0.00,21484.00,21484.0,48.27,1.00,832.00,833.0,54.8,12,2.08,4316,0.62,4469,49,5,0.00,0.00,0.0,4.00,4.00,8.0,1.00,61941.00,78.2
547,0.00,28.00,28.0,65.61,4.00,674.00,678.0,54.82,12,2.08,4315,0.62,4477,49,4,0.00,0.00,0.0,0.00,0.00,0.0,1.00,137532.00,78.1
548,0.00,168.00,168.0,50.96,1.00,842.00,843.0,54.85,12,2.15,4316,0.62,4469,49,4,0.00,1.00,1.0,0.00,0.00,0.0,2.00,84239.00,78.2
549,0.00,592.00,592.0,67.34,3.00,1285.00,1288.0,54.88,16,2.15,4317,0.62,4470,49,4,0.00,2.00,2.0,0.00,0.00,0.0,1.98,80194.06,78.4
550,0.00,240.00,240.0,43.34,1.00,778.00,779.0,54.87,2,2.15,4317,0.62,4475,49,4,0.00,1.00,1.0,0.00,0.00,0.0,0.00,60450.00,67.4
551,0.00,3780.00,3780.0,22.49,0.00,406.00,406.0,54.87,1,2.15,4317,0.62,4467,49,4,0.00,0.00,0.0,0.00,0.00,0.0,0.00,32500.00,52.5
552,0.00,600.00,600.0,5.44,1.00,359.00,360.0,54.87,0,2.15,4317,0.62,4469,49,4,0.00,0.00,0.0,0.00,0.00,0.0,0.00,17521.00,38.8
553,0.00,40.00,40.0,9.37,0.00,528.00,528.0,54.85,2,1.98,4315,0.62,4461,49,4,0.00,0.00,0.0,0.00,0.00,0.0,0.00,27920.00,47.3
554,0.00,40.00,40.0,19.95,2.00,1170.00,1172.0,54.85,6,1.98,4313,0.62,4460,49,4,2.00,0.00,2.0,0.00,0.00,0.0,1.00,86856.00,60.4
555,0.00,296.00,296.0,54.35,0.00,950.00,950.0,54.86,4,1.98,4313,0.62,4460,49,4,0.00,0.00,0.0,0.00,0.00,0.0,0.00,141883.00,76.1
556,0.00,16636.00,16636.0,37.5,0.00,771.00,771.0,54.84,5,1.98,4314,0.62,4459,49,4,0.00,0.00,0.0,0.00,0.00,0.0,1.00,138918.00,60.6
557,0.00,1408.00,1408.0,20.18,2.00,1310.00,1312.0,54.86,1,1.98,4316,0.62,4460,49,4,0.00,2.00,2.0,0.00,0.00,0.0,3.00,93727.00,60.6
558,0.00,1016.00,1016.0,37.61,0.00,1347.00,1347.0,54.87,1,2.54,4316,0.62,4466,49,4,0.00,0.00,0.0,0.00,0.00,0.0,0.00,78338.00,61.1
559,0.00,404.00,404.0,9.45,0.00,452.00,452.0,54.87,2,2.54,4316,0.62,4468,49,4,0.00,0.00,0.0,0.00,0.00,0.0,1.00,45599.00,42.3
560,0.00,8.00,8.0,10.28,6.00,407.00,413.0,54.88,0,2.54,4316,0.62,4466,49,5,2.00,2.00,4.0,1.00,1.00,2.0,1.00,53389.00,42.0
561,0.00,22436.00,22436.0,15.14,4.00,678.00,682.0,54.88,0,2.54,4316,0.62,4468,49,5,4.00,0.00,4.0,0.00,0.00,0.0,1.00,61175.00,51.9
562,0.00,84.00,84.0,19.95,2.00,577.00,579.0,54.89,0,2.54,4315,0.62,4465,49,5,2.00,0.00,2.0,0.00,0.00,0.0,0.00,72730.00,51.6
563,0.00,48.00,48.0,4.99,0.00,192.00,192.0,54.89,0,2.42,4315,0.62,4460,49,5,0.00,0.00,0.0,0.00,0.00,0.0,0.00,24260.00,39.0
564,0.00,672.00,672.0,9.72,0.00,497.00,497.0,54.89,0,2.42,4315,0.62,4461,49,4,0.00,0.00,0.0,0.00,0.00,0.0,1.00,31639.00,39.2
565,4.00,280.00,284.0,4.29,0.00,210.00,210.0,54.9,0,2.42,4314,0.62,4463,49,4,0.00,0.00,0.0,0.00,0.00,0.0,0.00,11776.00,38.9
566,0.00,4324.00,4324.0,1.91,0.00,121.00,121.0,54.9,0,2.42,4313,0.62,4460,49,4,0.00,0.00,0.0,0.00,0.00,0.0,0.00,6591.00,38.6
567,0.00,28.00,28.0,29.92,12.00,866.00,878.0,54.91,16,2.42,4312,0.62,4450,49,4,8.00,0.00,8.0,4.00,4.00,8.0,1.00,37795.00,73.3
568,0.00,120.00,120.0,54.03,1.00,1188.00,1189.0,54.91,7,2.63,4312,0.62,4459,49,4,0.00,1.00,1.0,0.00,0.00,0.0,1.00,109768.00,73.6
569,0.00,732.00,732.0,50.7,2.00,859.00,861.0,54.93,2,2.63,4313,0.62,4459,49,4,0.00,2.00,2.0,0.00,0.00,0.0,2.00,189828.00,73.5
570,0.00,55.45,55.45,34.13,4.00,897.00,901.0,54.94,9,2.63,4316,0.62,4460,49,4,2.00,2.00,4.0,0.00,0.00,0.0,3.00,83931.00,73.1
571,0.00,18300.00,18300.0,39.97,2.00,1615.00,1617.0,54.95,2,2.63,4317,0.62,4462,49,4,0.00,1.00,1.0,0.00,0.00,0.0,1.00,85132.00,60.9
572,0.00,408.00,408.0,21.36,3.00,476.00,479.0,54.95,2,2.63,4316,0.62,4469,49,4,0.00,2.00,2.0,0.00,0.00,0.0,0.00,26147.00,53.0
573,0.00,240.00,240.0,16.85,1.00,404.00,405.0,54.95,2,2.5,4316,0.62,4465,48,4,0.00,0.00,0.0,0.00,0.00,0.0,0.00,22150.00,53.5
574,0.00,216.00,216.0,30.87,4.00,1209.00,1213.0,54.96,1,2.5,4317,0.62,4468,48,4,4.00,0.00,4.0,0.00,0.00,0.0,2.00,103913.00,63.9
575,0.00,448.00,448.0,26.2,1.00,1027.00,1028.0,54.97,9,2.5,4317,0.62,4476,48,4,0.00,0.00,0.0,0.00,0.00,0.0,0.00,156562.00,63.4
576,0.00,344.00,344.0,21.66,0.00,845.00,845.0,54.97,3,2.5,4316,0.62,4464,48,4,0.00,0.00,0.0,0.00,0.00,0.0,0.00,123260.00,52.2
577,0.00,27580.00,27580.0,23.27,4.00,1346.00,1350.0,54.98,7,2.5,4317,0.62,4463,48,4,0.00,0.00,0.0,4.00,4.00,8.0,2.00,91452.00,62.4
578,0.00,732.00,732.0,36.43,0.00,1404.00,1404.0,54.99,3,2.78,4317,0.62,4470,48,4,0.00,0.00,0.0,0.00,0.00,0.0,1.00,77639.00,62.2
579,0.00,68.00,68.0,15.98,3.00,646.00,649.0,55.0,4,2.78,4317,0.62,4470,48,4,2.00,0.00,2.0,0.00,0.00,0.0,1.00,62589.00,48.4
580,0.00,32.00,32.0,14.43,0.00,479.00,479.0,55.0,8,2.78,4314,0.62,4470,48,4,0.00,0.00,0.0,0.00,0.00,0.0,0.00,88282.00,48.1
581,0.00,468.00,468.0,18.42,2.00,622.00,624.0,55.01,1,2.78,4317,0.62,4461,48,4,2.00,0.00,2.0,0.00,0.00,0.0,3.00,63204.00,48.3
582,0.00,2208.00,2208.0,11.11,6.00,744.00,750.0,55.02,2,2.78,4317,0.62,4466,48,4,6.00,0.00,6.0,0.00,0.00,0.0,0.00,42899.00,42.3
583,0.00,48.00,48.0,5.93,0.00,373.00,373.0,55.02,1,2.63,4317,0.62,4466,48,4,0.00,0.00,0.0,0.00,0.00,0.0,0.00,16873.00,41.7
584,0.00,632.00,632.0,2.92,1.00,135.00,136.0,55.02,1,2.63,4316,0.62,4462,48,4,0.00,0.00,0.0,0.00,1.00,1.0,1.00,6117.00,36.5
585,0.00,152.00,152.0,10.28,5.00,644.00,649.0,55.03,2,2.63,4316,0.62,4459,48,4,4.00,0.00,4.0,1.00,1.00,2.0,0.00,32190.00,55.9
586,0.00,1416.00,1416.0,40.56,2.00,1278.00,1280.0,55.07,7,2.63,4315,0.62,4449,48,4,2.00,0.00,2.0,0.00,0.00,0.0,0.00,108601.00,71.2
587,0.00,24088.00,24088.0,32.68,1.00,955.00,956.0,55.08,1,2.63,4314,0.62,4456,48,4,0.00,0.00,0.0,0.00,0.00,0.0,1.00,189647.00,64.8
588,0.00,1332.00,1332.0,23.18,2.00,820.00,822.0,55.06,2,2.82,4315,0.62,4456,48,4,2.00,0.00,2.0,0.00,0.00,0.0,1.00,110118.00,56.2
589,0.00,888.00,888.0,25.89,0.00,1510.00,1510.0,55.07,3,2.82,4314,0.62,4458,48,4,0.00,0.00,0.0,0.00,0.00,0.0,1.00,87338.00,61.5
590,0.00,960.00,960.0,24.53,2.00,814.00,816.0,55.08,4,2.82,4315,0.62,4463,48,4,2.00,0.00,2.0,0.00,0.00,0.0,1.00,39881.00,60.8
591,0.00,444.00,444.0,13.68,0.00,709.00,709.0,55.09,9,2.82,4316,0.62,4461,48,4,0.00,0.00,0.0,0.00,0.00,0.0,1.00,51780.00,45.7
592,0.00,14716.00,14716.0,23.21,2.00,1148.00,1150.0,55.1,13,2.82,4315,0.62,4473,48,4,2.00,0.00,2.0,0.00,0.00,0.0,0.00,126190.00,59.1
593,0.00,492.00,492.0,27.1,2.00,994.00,996.0,55.11,8,2.6,4316,0.62,4473,48,4,2.00,0.00,2.0,0.00,0.00,0.0,1.00,155774.00,59.2
594,0.00,480.00,480.0,20.28,5.00,999.00,1004.0,55.12,2,2.6,4316,0.62,4466,49,5,2.00,3.00,5.0,1.00,1.00,2.0,1.00,106164.00,50.4
595,0.00,768.00,768.0,18.41,2.00,1285.00,1287.0,55.13,2,2.6,4317,0.62,4466,49,5,0.00,1.00,1.0,0.00,0.00,0.0,5.00,83289.00,50.8
596,0.00,788.00,788.0,18.31,1.00,983.00,984.0,55.14,2,2.6,4317,0.62,4466,49,5,0.00,1.00,1.0,0.00,0.00,0.0,0.00,61159.00,50.2
597,0.00,5928.00,5928.0,15.75,6.00,451.00,457.0,55.14,3,2.6,4317,0.62,4461,49,5,0.00,2.00,2.0,4.00,4.00,8.0,0.00,75474.00,50.5
598,0.00,144.00,144.0,12.47,0.00,558.00,558.0,55.15,3,2.47,4316,0.62,4466,49,4,0.00,0.00,0.0,0.00,0.00,0.0,1.00,53006.00,50.0
599,0.00,1196.00,1196.0,16.05,0.00,612.00,612.0,55.16,1,2.47,4316,0.62,4458,49,4,0.00,0.00,0.0,0.00,0.00,0.0,1.00,85452.00,44.8
600,0.00,44.00,44.0,10.63,0.00,411.00,411.0,55.17,3,2.47,4315,0.62,4462,49,4,0.00,0.00,0.0,0.00,0.00,0.0,1.00,36607.00,44.7
601,264.00,208.00,472.0,7.22,1.00,438.00,439.0,55.17,3,2.47,4315,0.62,4464,49,4,0.00,0.00,0.0,1.00,1.00,2.0,0.00,19256.00,44.4
602,0.00,5452.00,5452.0,3.69,2.00,283.00,285.0,55.18,1,2.47,4315,0.62,4462,49,4,0.00,0.00,0.0,0.00,0.00,0.0,0.00,7558.00,35.8
603,0.00,40.00,40.0,2.03,0.00,110.00,110.0,55.18,2,2.27,4314,0.62,4459,49,4,0.00,0.00,0.0,0.00,0.00,0.0,0.00,5680.00,35.6
604,0.00,456.00,456.0,1.78,0.00,105.00,105.0,55.18,1,2.27,4313,0.62,4455,49,4,0.00,0.00,0.0,0.00,0.00,0.0,1.00,5719.00,35.6
605,0.00,300.00,300.0,12.53,1.00,410.00,411.0,55.18,7,2.27,4312,0.62,4447,49,4,0.00,0.00,0.0,0.00,0.00,0.0,0.00,17395.00,49.2
606,0.00,292.00,292.0,20.41,2.00,963.00,965.0,55.19,1,2.27,4310,0.62,4442,49,4,2.00,0.00,2.0,0.00,0.00,0.0,1.00,94911.00,49.3
607,0.00,24272.00,24272.0,19.49,4.00,748.00,752.0,55.19,11,2.27,4310,0.62,4450,49,4,0.00,1.00,1.0,4.00,4.00,8.0,1.00,118507.00,58.1
608,0.00,112.00,112.0,20.0,2.00,629.00,631.0,55.21,1,2.57,4311,0.62,4448,49,4,0.00,1.00,1.0,0.00,0.00,0.0,2.00,82860.00,46.4
609,0.00,596.00,596.0,26.33,0.00,1087.00,1087.0,55.22,13,2.57,4316,0.62,4461,49,4,0.00,0.00,0.0,0.00,0.00,0.0,6.00,78873.00,59.2
610,0.00,300.00,300.0,28.05,0.00,1199.00,1199.0,55.23,5,2.57,4318,0.62,4469,49,4,0.00,0.00,0.0,0.00,0.00,0.0,3.00,67813.00,58.7
611,0.00,140.00,140.0,14.5,0.00,433.00,433.0,55.23,6,2.57,4318,0.62,4467,49,4,0.00,0.00,0.0,0.00,0.00,0.0,0.00,64712.00,48.1
612,0.00,20860.00,20860.0,23.95,1.00,1163.00,1164.0,55.24,8,2.57,4318,0.62,4458,49,4,0.00,0.00,0.0,0.00,0.00,0.0,0.00,92023.00,62.9
613,0.00,4276.00,4276.0,41.32,0.00,1557.00,1557.0,55.26,10,2.52,4317,0.62,4470,49,4,0.00,0.00,0.0,0.00,0.00,0.0,0.00,137644.00,73.6
614,0.00,68.00,68.0,60.69,0.00,1257.00,1257.0,55.29,9,2.52,4318,0.62,4476,49,4,0.00,0.00,0.0,0.00,0.00,0.0,2.00,176826.00,80.0
615,8.00,328.00,336.0,38.92,1.00,1166.00,1167.0,55.32,16,2.52,4318,0.62,4473,49,4,0.00,1.00,1.0,0.00,0.00,0.0,0.00,126241.00,68.5
616,0.00,508.00,508.0,33.38,2.00,1829.00,1831.0,55.34,18,2.52,4318,0.62,4477,49,4,0.00,2.00,2.0,0.00,0.00,0.0,0.00,112470.00,58.9
617,0.00,748.00,748.0,26.52,0.00,1171.00,1171.0,55.37,3,2.52,4318,0.62,4485,49,4,0.00,0.00,0.0,0.00,0.00,0.0,0.00,68782.00,67.7
618,0.00,24216.00,24216.0,21.95,0.00,377.00,377.0,55.34,2,3.12,4318,0.62,4479,49,4,0.00,0.00,0.0,0.00,0.00,0.0,0.00,60861.00,46.1
619,0.00,100.00,100.0,6.94,0.00,344.00,344.0,55.35,1,3.12,4315,0.62,4473,49,4,0.00,0.00,0.0,0.00,0.00,0.0,1.00,30034.00,39.7
620,0.00,336.00,336.0,7.4,1.00,527.00,528.0,55.35,2,3.12,4315,0.62,4472,49,4,0.00,0.00,0.0,0.00,0.00,0.0,0.00,21350.00,46.4
621,0.00,140.00,140.0,8.71,4.00,175.00,179.0,55.36,1,3.12,4315,0.62,4471,49,4,4.00,0.00,4.0,0.00,0.00,0.0,0.00,5995.00,38.7
622,0.00,68.00,68.0,2.28,0.00,116.00,116.0,55.36,1,3.12,4313,0.62,4464,49,4,0.00,0.00,0.0,0.00,0.00,0.0,0.00,5216.00,38.1
623,0.00,20264.00,20264.0,4.8,4.00,273.00,277.0,55.35,2,2.95,4313,0.62,4451,49,5,2.00,0.00,2.0,2.00,2.00,4.0,2.00,12976.00,46.6
624,0.00,40.00,40.0,40.4,4.00,810.00,814.0,55.36,4,2.95,4315,0.62,4457,49,5,4.00,0.00,4.0,0.00,0.00,0.0,4.00,60147.00,76.1
625,0.00,512.00,512.0,58.24,2.00,754.00,756.0,55.4,5,2.95,4314,0.62,4467,49,5,2.00,0.00,2.0,0.00,0.00,0.0,0.00,90950.00,76.3
626,0.00,512.00,512.0,42.86,7.00,665.00,672.0,55.44,6,2.95,4314,0.62,4458,49,4,0.00,4.00,4.0,4.00,4.00,8.0,1.00,96258.00,76.1
627,0.00,280.00,280.0,41.18,6.00,962.00,968.0,55.44,4,2.95,4316,0.62,4455,49,4,2.00,0.00,2.0,4.00,4.00,8.0,2.00,94019.00,68.2
628,0.00,5668.00,5668.0,42.61,3.00,1201.00,1204.0,55.46,6,3.04,4317,0.62,4458,50,5,2.00,1.00,3.0,1.00,1.00,2.0,1.00,76516.00,68.4
629,0.00,692.00,692.0,36.79,7.00,674.00,681.0,55.4,2,3.04,4317,0.62,4465,49,5,5.00,7.00,12.0,0.00,0.00,0.0,1.00,72109.00,68.3
630,0.00,40.00,40.0,18.84,5.00,954.00,959.0,55.41,12,3.04,4317,0.62,4463,49,5,4.00,0.00,4.0,0.00,0.00,0.0,0.00,54475.00,60.4
631,0.00,520.00,520.0,32.14,0.00,1512.00,1512.0,55.41,3,3.04,4316,0.62,4486,49,5,0.00,0.00,0.0,0.00,0.00,0.0,0.00,127354.00,59.9
632,0.00,408.00,408.0,40.61,3.00,983.00,986.0,55.43,2,3.04,4316,0.62,4499,49,4,0.00,2.00,2.0,0.00,0.00,0.0,1.00,177974.00,68.6
633,0.00,564.00,564.0,22.35,0.00,810.00,810.0,55.43,1,2.87,4317,0.62,4495,49,4,0.00,0.00,0.0,0.00,0.00,0.0,1.00,78230.00,56.3
634,0.00,296.00,296.0,30.35,0.00,1538.00,1538.0,55.45,4,2.87,4317,0.62,4493,49,4,0.00,0.00,0.0,0.00,0.00,0.0,1.00,66510.00,56.5
635,0.00,616.00,616.0,10.79,3.00,668.00,671.0,55.45,1,2.87,4317,0.62,4500,49,4,0.00,2.00,2.0,0.00,0.00,0.0,0.00,35898.00,39.9
636,0.00,76.00,76.0,11.29,0.00,637.00,637.0,55.46,3,2.87,4317,0.62,4493,49,4,0.00,0.00,0.0,0.00,0.00,0.0,1.00,51795.00,45.2
637,0.00,32.00,32.0,12.9,4.00,585.00,589.0,55.46,4,2.87,4315,0.62,4487,49,4,0.00,0.00,0.0,4.00,4.00,8.0,0.00,75712.00,45.4
638,0.00,20284.00,20284.0,17.58,1.00,484.00,485.0,55.47,1,2.88,4314,0.62,4478,49,4,0.00,0.00,0.0,0.00,0.00,0.0,1.00,91107.00,45.4
639,0.00,476.00,476.0,13.67,0.00,732.00,732.0,55.48,3,2.88,4315,0.62,4469,49,4,0.00,0.00,0.0,0.00,0.00,0.0,3.00,54711.00,46.0
640,0.00,312.00,312.0,14.75,0.00,706.00,706.0,55.49,3,2.88,4316,0.62,4473,49,4,0.00,0.00,0.0,0.00,0.00,0.0,2.00,31653.00,46.5
641,0.00,92.00,92.0,9.69,0.00,100.00,100.0,55.5,1,2.88,4316,0.62,4473,49,4,0.00,0.00,0.0,0.00,0.00,0.0,0.00,5077.00,41.4
642,0.00,68.00,68.0,3.31,0.00,203.00,203.0,55.49,1,2.88,4316,0.62,4473,49,4,0.00,0.00,0.0,0.00,0.00,0.0,0.00,7135.00,35.6
643,4.00,32332.00,32336.0,2.29,3.00,131.00,134.0,55.49,1,2.65,4314,0.62,4466,48,4,0.00,2.00,2.0,0.00,0.00,0.0,0.00,5321.00,35.6
644,0.00,32.00,32.0,2.92,2.00,132.00,134.0,55.49,1,2.65,4310,0.62,4456,48,4,2.00,0.00,2.0,0.00,0.00,0.0,1.00,5720.00,35.5
645,0.00,732.00,732.0,4.68,2.00,273.00,275.0,55.5,1,2.65,4310,0.62,4455,48,4,2.00,0.00,2.0,0.00,0.00,0.0,1.00,13280.00,42.6
646,0.00,428.00,428.0,17.07,8.00,1061.00,1069.0,55.5,1,2.65,4313,0.62,4458,48,4,8.00,0.00,8.0,0.00,0.00,0.0,3.00,67007.00,56.3
647,4.00,1120.00,1124.0,25.74,8.00,1135.00,1143.0,55.5,1,2.65,4313,0.62,4478,48,4,4.00,0.00,4.0,4.00,4.00,8.0,0.00,129632.00,56.5
648,0.00,16168.00,16168.0,40.49,4.00,1119.00,1123.0,55.52,3,3.4,4314,0.62,4484,48,4,4.00,0.00,4.0,0.00,0.00,0.0,1.00,162815.00,67.3
649,0.00,1504.00,1504.0,43.69,0.00,1989.00,1989.0,55.54,9,3.4,4317,0.62,4483,48,4,0.00,0.00,0.0,0.00,0.00,0.0,4.00,145229.00,78.2
650,0.00,1564.00,1564.0,49.06,0.00,2139.00,2139.0,55.56,13,3.4,4316,0.62,4480,48,4,0.00,0.00,0.0,0.00,0.00,0.0,0.00,135484.00,78.2
651,0.00,876.00,876.0,51.84,0.00,919.00,919.0,55.57,2,3.4,4316,0.62,4480,48,4,0.00,0.00,0.0,0.00,0.00,0.0,1.00,145297.00,69.2
652,0.00,68.00,68.0,21.07,0.00,1024.00,1024.0,55.61,8,3.4,4316,0.62,4477,48,4,0.00,0.00,0.0,0.00,0.00,0.0,0.00,83465.00,52.2
653,0.00,400.00,400.0,24.14,0.00,1765.00,1765.0,55.62,2,3.13,4317,0.62,4472,48,4,0.00,0.00,0.0,0.00,0.00,0.0,1.00,68124.00,52.2
654,0.00,9352.00,9352.0,15.63,2.00,862.00,864.0,55.63,2,3.13,4316,0.62,4478,48,4,2.00,0.00,2.0,0.00,0.00,0.0,2.00,73590.00,46.1
655,4.00,348.00,352.0,17.83,1.00,493.00,494.0,55.65,4,3.13,4316,0.62,4482,48,4,0.00,0.00,0.0,0.00,0.00,0.0,3.00,92979.00,56.2
656,0.00,500.00,500.0,15.74,0.00,441.00,441.0,55.66,4,3.13,4316,0.62,4478,48,4,0.00,0.00,0.0,0.00,0.00,0.0,0.00,69412.00,45.7
657,0.00,80.00,80.0,13.35,4.00,891.00,895.0,55.67,2,3.13,4317,0.62,4476,48,4,0.00,0.00,0.0,4.00,4.00,8.0,1.00,50640.00,53.3
658,0.00,428.00,428.0,11.62,0.00,481.00,481.0,55.68,1,3.04,4317,0.62,4474,48,4,0.00,0.00,0.0,0.00,0.00,0.0,0.00,22273.00,37.6
659,0.00,26256.00,26256.0,1.89,2.00,86.00,88.0,55.68,1,3.04,4316,0.62,4472,48,4,0.00,0.00,0.0,0.00,0.00,0.0,1.00,5641.00,37.3
660,0.00,24.00,24.0,1.66,0.00,88.00,88.0,55.68,2,3.04,4315,0.62,4468,48,4,0.00,0.00,0.0,0.00,0.00,0.0,0.00,5304.00,37.0
661,0.00,136.00,136.0,3.18,1.00,169.00,170.0,55.68,2,3.04,4312,0.62,4459,48,4,0.00,0.00,0.0,0.00,0.00,0.0,0.00,6424.00,36.8
662,0.00,36.00,36.0,2.53,2.00,131.00,133.0,55.68,1,3.04,4311,0.62,4457,49,5,0.00,2.00,2.0,1.00,1.00,2.0,0.00,5618.00,36.5
663,0.00,0.00,0.0,2.17,0.00,84.00,84.0,55.69,1,2.87,4306,0.62,4429,49,5,0.00,0.00,0.0,0.00,0.00,0.0,0.00,5348.00,36.3
664,0.00,2716.00,2716.0,3.93,1.00,309.00,310.0,55.69,3,2.87,4306,0.62,4428,49,5,0.00,0.00,0.0,0.00,0.00,0.0,4.00,18096.00,36.8
665,0.00,376.00,376.0,8.1,0.00,372.00,372.0,55.69,1,2.87,4310,0.62,4441,49,5,0.00,0.00,0.0,0.00,0.00,0.0,5.00,37478.00,43.4
666,0.00,192.00,192.0,15.87,0.00,660.00,660.0,55.7,1,2.87,4310,0.62,4452,49,4,0.00,0.00,0.0,0.00,0.00,0.0,1.00,89970.00,51.0
667,0.00,56.00,56.0,19.8,5.00,882.00,887.0,55.7,5,2.87,4314,0.62,4456,49,4,0.00,0.00,0.0,4.00,4.00,8.0,5.00,90863.00,50.8
668,0.00,572.00,572.0,22.97,0.00,817.00,817.0,55.72,1,2.96,4317,0.62,4468,49,4,0.00,0.00,0.0,0.00,0.00,0.0,3.00,128206.00,50.8
669,0.00,8004.00,8004.0,12.29,0.00,571.00,571.0,55.73,1,2.96,4318,0.62,4470,49,4,0.00,0.00,0.0,0.00,0.00,0.0,2.00,51478.00,43.8
670,0.00,76.00,76.0,14.68,4.00,1360.00,1364.0,55.74,2,2.96,4318,0.62,4465,49,4,0.00,4.00,4.0,0.00,0.00,0.0,0.00,60078.00,50.8
671,0.00,496.00,496.0,31.15,1.00,1566.00,1567.0,55.72,10,2.96,4318,0.62,4468,49,4,0.00,1.00,1.0,0.00,0.00,0.0,0.00,143105.00,65.3
672,0.00,564.00,564.0,38.19,4.00,1119.00,1123.0,55.74,7,2.96,4316,0.62,4464,49,4,1.00,3.00,4.0,0.00,0.00,0.0,0.00,172548.00,74.0
673,0.00,56.00,56.0,32.44,0.00,959.00,959.0,55.77,5,3.69,4316,0.62,4470,49,4,0.00,0.00,0.0,0.00,0.00,0.0,1.00,107173.00,62.2
674,0.00,15424.00,15424.0,41.52,0.00,2013.00,2013.0,55.78,4,3.69,4318,0.62,4469,49,4,0.00,0.00,0.0,0.00,0.00,0.0,4.00,128329.00,70.3
675,0.00,324.00,324.0,25.29,3.00,1498.00,1501.0,55.81,3,3.69,4318,0.62,4479,49,4,0.00,3.00,3.0,0.00,0.00,0.0,0.00,82716.00,51.1
676,0.00,108.00,108.0,16.92,3.00,264.00,267.0,55.82,2,3.69,4318,0.62,4479,49,4,0.00,2.00,2.0,0.00,0.00,0.0,0.00,59593.00,50.9
677,0.00,48.00,48.0,8.1,7.00,409.00,416.0,55.83,1,3.69,4318,0.62,4472,49,4,2.00,3.00,5.0,4.00,4.00,8.0,0.00,33977.00,40.8
678,0.00,1312.00,1312.0,12.83,2.00,794.00,796.0,55.82,1,3.71,4317,0.62,4470,49,4,0.00,2.00,2.0,0.00,0.00,0.0,0.00,51589.00,41.4
679,0.00,42672.00,42672.0,7.34,0.00,420.00,420.0,55.83,2,3.71,4315,0.62,4465,49,4,0.00,0.00,0.0,0.00,0.00,0.0,1.00,40271.00,41.5
680,0.00,32.00,32.0,7.57,0.00,252.00,252.0,55.83,5,3.71,4315,0.62,4467,49,4,0.00,0.00,0.0,0.00,0.00,0.0,0.00,45055.00,41.1
681,0.00,708.00,708.0,5.51,0.00,413.00,413.0,55.84,1,3.71,4315,0.62,4463,49,4,0.00,0.00,0.0,0.00,0.00,0.0,0.00,30940.00,41.0
682,0.00,72.00,72.0,6.44,0.00,580.00,580.0,55.84,1,3.71,4315,0.62,4461,49,4,0.00,0.00,0.0,0.00,0.00,0.0,0.00,22765.00,40.7
683,0.00,428.00,428.0,13.96,0.00,376.00,376.0,55.84,2,3.42,4315,0.62,4461,49,4,0.00,0.00,0.0,0.00,0.00,0.0,0.00,36576.00,55.6
684,0.00,9624.00,9624.0,11.91,0.00,346.00,346.0,55.88,3,3.42,4314,0.62,4464,49,4,0.00,0.00,0.0,0.00,0.00,0.0,1.00,51567.00,43.7
685,0.00,84.00,84.0,14.9,3.00,876.00,879.0,55.89,3,3.42,4315,0.62,4465,49,4,0.00,3.00,3.0,0.00,0.00,0.0,1.00,76262.00,50.1
686,0.00,832.00,832.0,18.85,0.00,981.00,981.0,55.89,18,3.42,4318,0.62,4464,49,4,0.00,0.00,0.0,0.00,0.00,0.0,3.00,81793.00,60.7
687,0.00,452.00,452.0,28.64,0.00,645.00,645.0,55.93,2,3.42,4318,0.62,4464,49,4,0.00,0.00,0.0,0.00,0.00,0.0,1.00,114713.00,50.4
688,0.00,144.00,144.0,11.79,2.00,809.00,811.0,55.93,1,3.14,4319,0.62,4461,49,4,0.00,2.00,2.0,0.00,0.00,0.0,1.00,63843.00,50.6
689,0.00,2376.00,2376.0,45.18,0.00,1870.00,1870.0,55.96,12,3.14,4318,0.62,4463,49,4,0.00,0.00,0.0,0.00,0.00,0.0,1.00,97659.00,75.8
690,0.00,44.00,44.0,33.08,5.00,1405.00,1410.0,55.97,10,3.14,4320,0.62,4484,50,4,4.00,4.00,8.0,0.00,0.00,0.0,4.00,131411.00,66.5
691,0.00,172.00,172.0,61.57,9.00,831.00,840.0,55.99,5,3.14,4320,0.62,4476,49,4,6.00,7.00,13.0,0.00,0.00,0.0,1.00,185611.00,76.7
692,0.00,500.00,500.0,38.52,1.00,1222.00,1223.0,56.01,7,3.14,4321,0.62,4472,49,4,1.00,1.00,2.0,0.00,0.00,0.0,1.00,106965.00,76.2
693,0.00,1148.00,1148.0,59.38,1.00,2240.00,2241.0,56.01,5,5.45,4321,0.62,4456,49,4,0.00,0.00,0.0,0.00,0.00,0.0,0.00,98655.00,76.5
694,0.00,172.00,172.0,32.37,3.00,731.00,734.0,56.02,1,5.45,4319,0.62,4472,48,4,3.00,3.00,6.0,0.00,0.00,0.0,1.00,81245.00,56.0
695,0.00,5692.00,5692.0,6.63,0.00,256.00,256.0,56.02,1,5.45,4319,0.62,4470,48,4,0.00,0.00,0.0,0.00,0.00,0.0,0.00,24148.51,40.4
696,0.00,660.00,660.0,6.44,1.00,465.00,466.0,55.99,2,5.45,4318,0.62,4470,48,4,0.00,0.00,0.0,0.00,0.00,0.0,0.00,30792.00,40.3
697,0.00,48.00,48.0,6.27,5.00,571.00,576.0,55.99,2,5.45,4317,0.62,4464,49,5,0.00,1.00,1.0,5.00,5.00,10.0,0.00,28947.00,40.5
698,0.00,672.00,672.0,7.68,1.00,355.00,356.0,55.99,2,6.62,4317,0.62,4460,49,5,0.00,1.00,1.0,0.00,0.00,0.0,0.00,36461.00,40.3
699,0.00,108.00,108.0,13.55,2.00,205.00,207.0,56.0,1,6.62,4317,0.62,4461,49,5,0.00,2.00,2.0,0.00,0.00,0.0,1.00,66587.00,46.1
700,0.00,29192.00,29192.0,6.2,1.00,215.00,216.0,56.0,9,6.62,4317,0.62,4456,49,5,0.00,0.99,0.99,0.00,0.00,0.0,0.00,27600.00,40.2
701,0.00,588.00,588.0,6.84,0.00,504.00,504.0,56.01,1,6.62,4316,0.62,4463,49,4,0.00,0.00,0.0,0.00,0.00,0.0,0.00,22260.00,40.0
702,0.00,184.00,184.0,2.92,0.00,117.00,117.0,56.01,1,6.62,4316,0.62,4465,49,4,0.00,0.00,0.0,0.00,0.00,0.0,0.00,6826.00,34.9
703,0.00,20.00,20.0,1.53,0.00,93.00,93.0,56.01,1,7.29,4316,0.62,4465,49,4,0.00,0.00,0.0,0.00,0.00,0.0,0.00,5182.00,34.8
704,0.00,36.00,36.0,5.32,8.00,549.00,557.0,56.01,1,7.29,4316,0.62,4461,49,4,8.00,0.00,8.0,0.00,0.00,0.0,3.00,24591.00,41.0
705,0.00,20940.00,20940.0,20.79,2.00,994.00,996.0,56.02,2,7.29,4316,0.62,4462,49,4,2.00,0.00,2.0,0.00,0.00,0.0,4.00,94974.00,53.9
706,0.00,680.00,680.0,22.51,0.00,725.00,725.0,56.03,5,7.29,4316,0.62,4466,49,4,0.00,0.00,0.0,0.00,0.00,0.0,2.00,151421.00,63.6
707,0.00,1348.00,1348.0,25.06,9.00,700.00,709.0,56.05,1,7.29,4316,0.62,4460,49,4,2.00,2.00,4.0,4.00,4.00,8.0,2.00,70725.00,62.9
708,12.00,1160.00,1172.0,25.54,2.00,1283.00,1285.0,56.05,1,7.51,4318,0.62,4464,49,4,2.00,0.00,2.0,0.00,0.00,0.0,4.00,70897.00,54.6
709,0.00,836.00,836.0,10.33,0.00,533.00,533.0,56.07,1,7.51,4318,0.62,4469,49,4,0.00,0.00,0.0,0.00,0.00,0.0,2.00,28146.00,39.3
710,0.00,13912.00,13912.0,3.19,4.00,311.00,315.0,56.08,2,7.51,4318,0.62,4463,49,4,4.00,0.00,4.0,0.00,0.00,0.0,0.00,15053.00,39.6
711,0.00,1332.00,1332.0,30.21,6.00,1344.00,1350.0,56.08,7,7.51,4317,0.62,4461,49,4,6.00,0.00,6.0,0.00,0.00,0.0,0.00,92432.00,68.8
712,0.00,224.00,224.0,39.64,0.00,1348.00,1348.0,56.1,13,7.51,4317,0.62,4460,49,4,0.00,0.00,0.0,0.00,0.00,0.0,0.00,131185.00,69.3
713,0.00,44.00,44.0,51.93,2.00,921.00,923.0,56.14,5,8.03,4318,0.62,4467,49,4,0.00,0.00,0.0,0.00,0.00,0.0,1.00,189003.00,63.8
714,0.00,84.00,84.0,40.0,0.00,1472.00,1472.0,56.15,8,8.03,4319,0.62,4453,49,4,2.00,0.00,2.0,0.00,0.00,0.0,2.00,123023.00,71.1
715,0.00,29448.00,29448.0,40.18,1.00,2494.00,2495.0,56.19,7,8.03,4319,0.62,4461,49,4,0.00,0.00,0.0,0.00,0.00,0.0,4.00,123320.00,71.3
716,0.00,904.00,904.0,27.11,0.00,768.00,768.0,56.18,1,8.03,4319,0.62,4471,49,4,0.00,0.00,0.0,0.00,0.00,0.0,0.00,112289.00,47.6
717,0.00,264.00,264.0,10.51,7.00,488.00,495.0,56.19,1,8.03,4319,0.62,4465,48,5,0.00,1.00,1.0,5.00,4.00,9.0,0.00,47432.00,47.4
718,0.00,408.00,408.0,14.94,0.00,839.00,839.0,56.2,1,8.18,4318,0.62,4469,48,5,0.00,0.00,0.0,0.00,0.00,0.0,2.00,45511.00,47.5
719,0.00,628.00,628.0,7.07,1.00,277.00,278.0,56.2,1,8.18,4318,0.62,4469,48,5,0.00,0.00,0.0,0.00,0.00,0.0,1.00,13649.00,38.5
720,0.00,6396.00,6396.0,1.9,0.00,184.00,184.0,56.2,1,8.18,4318,0.62,4464,48,5,0.00,0.00,0.0,0.00,0.00,0.0,0.00,5922.00,38.0
721,0.00,168.00,168.0,1.78,0.00,74.00,74.0,56.21,1,8.18,4318,0.62,4462,48,5,0.00,0.00,0.0,0.00,0.00,0.0,0.00,5129.00,37.6
722,0.00,20.00,20.0,2.9,1.00,172.00,173.0,56.21,1,8.18,4318,0.62,4459,49,4,0.00,1.00,1.0,0.00,0.00,0.0,0.00,7430.00,37.6
723,0.00,32.00,32.0,10.57,2.00,728.00,730.0,56.21,3,7.53,4317,0.62,4457,48,5,0.00,0.00,0.0,1.00,0.00,1.0,0.00,48455.00,52.7
724,0.00,448.00,448.0,22.76,0.00,907.00,907.0,56.22,3,7.53,4316,0.62,4452,48,5,0.00,0.00,0.0,0.00,0.00,0.0,1.00,89199.00,52.9
725,0.00,8012.00,8012.0,42.01,1.00,638.00,639.0,56.27,7,7.53,4317,0.62,4466,48,5,0.00,0.00,0.0,0.00,0.00,0.0,1.00,141858.00,74.1
726,0.00,808.00,808.0,24.35,0.00,735.00,735.0,56.28,8,7.53,4318,0.62,4459,48,5,0.00,0.00,0.0,0.00,0.00,0.0,1.00,76526.00,51.1
727,0.00,520.00,520.0,17.05,6.00,1273.00,1279.0,56.29,2,7.53,4318,0.62,4462,48,5,2.00,0.00,2.0,4.00,4.00,8.0,0.00,60540.00,50.9
728,0.00,124.00,124.0,8.12,0.00,348.00,348.0,56.29,1,6.93,4318,0.62,4466,48,5,0.00,0.00,0.0,0.00,0.00,0.0,0.00,16252.00,37.3
729,0.00,84.00,84.0,2.04,1.00,107.00,108.0,56.3,1,6.93,4316,0.62,4462,48,5,0.00,1.00,1.0,1.00,0.00,1.0,1.00,6024.00,37.0
730,0.00,11324.00,11324.0,5.33,0.00,459.00,459.0,56.27,1,6.93,4315,0.62,4455,48,5,0.00,0.00,0.0,0.00,0.00,0.0,2.00,22525.00,44.6
731,0.00,680.00,680.0,25.93,1.00,1325.00,1326.0,56.28,6,6.93,4316,0.62,4447,48,6,0.00,0.00,0.0,1.00,1.00,2.0,2.00,110731.00,60.3
732,0.00,336.00,336.0,36.2,2.00,1342.00,1344.0,56.3,3,6.93,4316,0.62,4456,48,6,2.00,0.00,2.0,0.00,0.00,0.0,2.00,166049.00,60.4
733,0.00,360.00,360.0,35.38,0.00,1337.00,1337.0,56.31,3,6.53,4315,0.62,4455,48,6,0.00,0.00,0.0,0.00,0.00,0.0,2.00,202048.00,60.9
734,0.00,380.00,380.0,39.33,1.00,1943.00,1944.0,56.33,13,6.53,4318,0.62,4445,49,5,0.00,2.00,2.0,0.00,0.00,0.0,5.00,167631.00,69.8
735,0.00,780.00,780.0,41.01,0.00,1877.00,1877.0,56.35,6,6.53,4319,0.62,4453,49,4,0.00,0.00,0.0,0.00,0.00,0.0,1.00,136350.00,60.4
736,0.00,28140.00,28140.0,13.15,0.00,839.00,839.0,56.36,1,6.53,4318,0.62,4455,49,4,0.00,0.00,0.0,0.00,0.00,0.0,0.00,59609.00,43.4
737,0.00,304.00,304.0,7.83,1.00,676.00,677.0,56.37,2,6.53,4318,0.62,4459,49,4,0.00,0.00,0.0,0.00,0.00,0.0,0.00,32133.00,43.8
738,0.00,800.00,800.0,4.29,0.00,221.00,221.0,56.37,2,6.09,4318,0.62,4462,49,4,0.00,0.00,0.0,0.00,0.00,0.0,0.00,11706.00,37.2
739,0.00,364.00,364.0,2.28,2.00,166.00,168.0,56.37,2,6.09,4317,0.62,4459,49,4,2.00,0.00,2.0,0.00,0.00,0.0,1.00,7074.00,37.0
740,0.00,28.00,28.0,3.03,1.00,139.00,140.0,56.37,1,6.09,4314,0.62,4451,49,4,0.00,0.00,0.0,0.00,0.00,0.0,0.00,5914.00,36.8
741,0.00,7348.00,7348.0,2.41,4.00,123.00,127.0,56.37,2,6.09,4313,0.62,4448,49,4,2.00,2.00,4.0,0.00,0.00,0.0,0.00,5549.00,36.7
742,0.00,44.00,44.0,2.41,2.00,171.00,173.0,56.37,1,6.09,4311,0.62,4440,49,4,2.00,0.00,2.0,0.00,0.00,0.0,0.00,6505.00,36.5
743,0.00,24.00,24.0,2.53,2.00,151.00,153.0,56.37,1,5.6,4309,0.62,4430,49,4,2.00,0.00,2.0,0.00,0.00,0.0,0.00,5568.00,36.3
744,0.00,324.00,324.0,3.14,2.00,125.00,127.0,56.38,1,5.6,4306,0.62,4424,49,4,0.00,0.00,0.0,0.00,0.00,0.0,1.00,6029.00,36.3
745,0.00,52.00,52.0,7.09,2.00,475.00,477.0,56.38,3,5.6,4305,0.62,4416,49,4,4.00,0.00,4.0,0.00,0.00,0.0,3.00,26090.00,45.2
746,0.00,27876.00,27876.0,20.4,2.00,1000.00,1002.0,56.39,13,5.6,4309,0.62,4434,49,4,2.00,0.00,2.0,0.00,0.00,0.0,5.00,86247.00,57.2
747,0.00,56.00,56.0,22.35,4.00,768.00,772.0,56.4,3,5.6,4311,0.62,4449,49,4,0.00,0.00,0.0,4.00,4.00,8.0,2.00,140957.00,46.7
748,0.00,140.00,140.0,18.39,0.00,697.00,697.0,56.41,7,5.23,4316,0.62,4453,49,4,0.00,0.00,0.0,0.00,0.00,0.0,6.00,96015.00,53.0
749,0.00,924.00,924.0,23.51,1.00,1737.00,1738.0,56.42,7,5.23,4319,0.62,4451,49,4,0.00,0.00,0.0,0.00,0.00,0.0,4.00,93128.00,68.0
750,0.00,348.00,348.0,41.53,0.00,2000.00,2000.0,56.44,7,5.23,4319,0.62,4464,49,4,0.00,0.00,0.0,0.00,0.00,0.0,0.00,137159.00,60.7
751,0.00,7380.00,7380.0,38.62,1.00,1549.00,1550.0,56.45,14,5.23,4319,0.62,4468,49,4,0.00,1.00,1.0,0.00,0.00,0.0,1.00,211486.00,70.0
752,0.00,504.00,504.0,33.5,2.00,1524.00,1526.0,56.48,5,5.23,4318,0.62,4464,49,4,0.00,1.00,1.0,0.00,0.00,0.0,0.00,168971.00,69.7
753,0.00,1108.00,1108.0,42.53,0.00,2177.00,2177.0,56.48,5,5.45,4318,0.62,4464,49,4,0.00,0.00,0.0,0.00,0.00,0.0,2.00,177440.00,61.0
754,0.00,300.00,300.0,24.27,0.00,1447.00,1447.0,56.49,3,5.45,4318,0.62,4467,49,4,0.00,0.00,0.0,0.00,0.00,0.0,2.00,87912.00,60.4
755,0.00,492.00,492.0,9.46,2.00,924.00,926.0,56.46,1,5.45,4319,0.62,4471,49,4,0.00,1.00,1.0,0.00,0.00,0.0,1.00,40905.00,42.3
756,4.00,14072.00,14076.0,3.03,1.00,176.00,177.0,56.47,2,5.45,4318,0.62,4477,49,4,0.00,1.00,1.0,0.00,0.00,0.0,0.00,9351.00,35.5
757,0.00,40.00,40.0,2.93,13.00,236.00,249.0,56.47,2,5.45,4318,0.62,4473,49,4,6.00,3.00,9.0,4.00,4.00,8.0,0.00,7175.00,35.5
758,0.00,476.00,476.0,2.4,1.00,142.00,143.0,56.47,1,5.02,4317,0.62,4471,48,4,0.00,0.00,0.0,0.00,0.00,0.0,0.00,5490.00,35.5
759,0.00,96.00,96.0,2.66,2.00,148.00,150.0,56.47,1,5.02,4316,0.62,4469,48,4,2.00,0.00,2.0,0.00,0.00,0.0,1.00,6160.00,35.5
760,0.00,28.00,28.0,3.14,4.00,162.00,166.0,56.47,1,5.02,4312,0.62,4461,48,4,4.00,0.00,4.0,0.00,0.00,0.0,0.00,6124.00,35.6
761,0.00,12186.14,12186.14,2.8,0.00,160.00,160.0,56.47,1,5.02,4308,0.62,4443,48,4,0.00,0.00,0.0,0.00,0.00,0.0,0.00,5992.00,35.5
762,0.00,44.00,44.0,2.53,0.00,107.00,107.0,56.47,2,5.02,4307,0.62,4435,48,4,0.00,0.00,0.0,0.00,0.00,0.0,0.00,5509.00,35.5
763,0.00,436.00,436.0,6.1,2.00,586.00,588.0,56.48,2,4.69,4304,0.62,4418,48,4,2.00,0.00,2.0,0.00,0.00,0.0,2.00,29349.00,45.5
764,0.00,12.00,12.0,16.41,6.00,969.00,975.0,56.48,1,4.69,4309,0.62,4452,48,4,6.00,0.00,6.0,0.00,0.00,0.0,8.00,89471.00,45.5
765,0.00,484.00,484.0,19.69,0.00,727.00,727.0,56.49,10,4.69,4311,0.62,4482,48,4,0.00,0.00,0.0,0.00,0.00,0.0,2.00,123985.00,54.6
766,0.00,10824.00,10824.0,16.96,5.00,687.00,692.0,56.51,1,4.69,4314,0.62,4491,49,5,0.00,5.00,5.0,1.00,1.00,2.0,3.00,63662.00,48.4
767,0.00,1392.00,1392.0,15.35,9.00,1660.00,1669.0,56.53,1,4.69,4318,0.62,4493,49,5,6.00,2.00,8.0,0.00,0.00,0.0,4.00,70328.00,54.6
768,0.00,720.00,720.0,28.54,2.00,1754.00,1756.0,56.54,3,4.72,4319,0.62,4507,49,5,0.00,2.00,2.0,0.00,0.00,0.0,1.00,124748.00,54.3
769,0.00,880.00,880.0,28.14,0.00,1139.00,1139.0,56.56,16,4.72,4319,0.62,4508,49,5,0.00,0.00,0.0,0.00,0.00,0.0,1.00,158588.00,68.0
