0,0.00,84.00,84.0,,,,,,4,0.36,4266,0.72,,,,,,,,,,5.00,5699.00,35.4
1,0.00,316.00,316.0,1.4,0.00,3.00,3.0,67.71,11,0.36,4282,0.72,3942,49,4,0.00,0.00,0.0,0.00,0.00,0.0,20.00,5393.00,35.5
2,0.00,76.00,76.0,1.53,1.00,4.00,5.0,67.71,9,0.36,4282,0.72,3942,49,4,0.00,0.00,0.0,0.00,0.00,0.0,1.00,5037.00,35.4
3,0.00,108.00,108.0,1.9,0.00,0.00,0.0,67.71,9,0.33,4282,0.72,3942,49,4,0.00,0.00,0.0,0.00,0.00,0.0,2.00,5281.00,35.3
4,0.00,284.00,284.0,1.52,0.00,0.00,0.0,67.71,1,0.33,4282,0.72,3942,49,4,0.00,0.00,0.0,0.00,0.00,0.0,1.00,5497.00,35.2
5,0.00,288.00,288.0,1.4,1.00,1.00,2.0,67.71,5,0.33,4282,0.72,3942,49,4,0.00,0.00,0.0,0.00,0.00,0.0,1.00,5138.00,35.3
6,0.00,72.00,72.0,2.03,0.00,0.00,0.0,67.71,14,0.33,4282,0.72,3942,49,4,0.00,0.00,0.0,0.00,0.00,0.0,1.00,5001.00,35.2
7,0.00,76.00,76.0,1.77,4.00,12.00,16.0,67.71,13,0.33,4282,0.72,3942,49,4,0.00,0.00,0.0,4.00,4.00,8.0,1.00,5165.00,35.1
8,0.00,68.00,68.0,2.28,0.00,0.00,0.0,67.72,18,0.3,4282,0.72,3942,49,4,0.00,0.00,0.0,0.00,0.00,0.0,2.00,5494.00,35.0
9,0.00,96.00,96.0,12.8,0.00,5.00,5.0,67.74,25,0.3,4282,0.72,3944,49,4,0.00,0.00,0.0,0.00,0.00,0.0,1.00,6220.00,53.6
10,0.00,344.00,344.0,64.43,0.00,120.00,120.0,67.86,24,0.3,4292,0.72,3978,49,4,0.00,0.00,0.0,0.00,0.00,0.0,11.00,30025.00,85.0
11,0.00,296.00,296.0,89.04,0.00,123.00,123.0,68.01,21,0.3,4302,0.72,4018,49,4,0.00,0.00,0.0,0.00,0.00,0.0,11.00,23022.00,85.4
12,0.00,76.00,76.0,88.08,0.00,120.00,120.0,68.1,28,0.3,4319,0.72,4033,49,4,0.00,0.00,0.0,0.00,0.00,0.0,18.00,22808.00,85.5
13,0.00,80.00,80.0,89.21,0.00,270.00,270.0,68.16,25,1.08,4319,0.72,4066,49,4,0.00,0.00,0.0,0.00,0.00,0.0,2.00,34623.00,85.8
14,0.00,360.00,360.0,91.18,0.00,180.00,180.0,68.25,23,1.08,4328,0.72,4073,49,4,0.00,0.00,0.0,0.00,0.00,0.0,29.00,25924.00,86.4
15,0.00,624.00,624.0,84.62,0.00,233.00,233.0,68.29,26,1.08,4339,0.72,4094,49,4,0.00,0.00,0.0,0.00,0.00,0.0,12.00,19018.00,86.5
16,0.00,1832.00,1832.0,90.31,0.00,4.00,4.0,68.37,23,1.08,4340,0.72,4099,49,4,0.00,0.00,0.0,0.00,0.00,0.0,2.00,11003.00,86.9
17,0.00,708.00,708.0,88.83,4.00,427.00,431.0,68.38,32,1.08,4341,0.72,4129,49,4,0.00,0.00,0.0,4.00,4.00,8.0,2.00,38464.00,87.1
18,0.00,352.00,352.0,93.58,0.00,142.00,142.0,68.45,22,1.55,4351,0.72,4152,49,4,0.00,0.00,0.0,0.00,0.00,0.0,12.00,21059.00,87.3
19,0.00,280.00,280.0,92.07,0.00,130.00,130.0,68.48,20,1.55,4351,0.72,4190,49,4,0.00,0.00,0.0,0.00,0.00,0.0,1.00,20095.00,87.5
20,0.00,684.00,684.0,92.01,0.00,100.00,100.0,68.61,16,1.55,4363,0.72,4201,49,4,0.00,0.00,0.0,0.00,0.00,0.0,14.00,19245.00,87.5
21,0.00,644.00,644.0,90.81,0.00,0.00,0.0,68.64,21,1.55,4365,0.72,4225,49,4,0.00,0.00,0.0,0.00,0.00,0.0,3.00,47417.00,87.6
22,0.00,668.00,668.0,90.5,0.00,82.00,82.0,68.63,37,1.55,4366,0.72,4213,49,4,0.00,0.00,0.0,0.00,0.00,0.0,6.00,48425.00,87.7
23,0.00,76.00,76.0,95.11,0.00,119.00,119.0,68.73,26,2.23,4366,0.72,4237,49,4,0.00,0.00,0.0,0.00,0.00,0.0,2.00,14522.00,88.1
24,0.00,600.00,600.0,92.12,0.00,120.00,120.0,68.84,14,2.23,4372,0.72,4265,49,4,0.00,0.00,0.0,0.00,0.00,0.0,7.00,24309.00,88.3
25,0.00,480.00,480.0,92.12,0.00,253.00,253.0,68.91,25,2.23,4375,0.72,4267,49,4,0.00,0.00,0.0,0.00,0.00,0.0,4.00,26570.00,88.4
26,0.00,272.00,272.0,89.73,1.00,231.00,232.0,69.11,36,2.23,4379,0.72,4283,49,4,0.00,0.00,0.0,0.00,0.00,0.0,6.00,27048.00,88.7
27,0.00,432.00,432.0,91.25,5.00,408.00,413.0,69.06,22,2.23,4384,0.72,4289,49,4,1.00,1.00,2.0,4.00,4.00,8.0,6.00,32094.00,88.8
28,0.00,260.00,260.0,90.93,1.00,393.00,394.0,69.12,27,3.25,4391,0.72,4313,49,4,0.00,0.00,0.0,0.00,0.00,0.0,10.00,24002.00,88.5
29,0.00,708.00,708.0,59.8,0.00,60.00,60.0,69.05,13,3.25,4402,0.72,4343,49,4,0.00,0.00,0.0,0.00,0.00,0.0,12.00,22389.00,77.3
30,0.00,1724.00,1724.0,40.02,6.00,79.00,85.0,69.12,18,3.25,4402,0.72,4334,50,4,6.00,7.00,13.0,0.00,0.00,0.0,3.00,10740.00,77.3
31,0.00,16992.00,16992.0,77.69,4.00,86.00,90.0,69.12,28,3.25,4402,0.72,4325,50,4,3.00,4.00,7.0,0.00,0.00,0.0,3.00,15063.00,88.2
32,0.00,820.00,820.0,93.86,0.00,506.00,506.0,69.26,45,3.25,4401,0.72,4320,50,4,0.00,0.00,0.0,0.00,0.00,0.0,1.00,31892.00,88.1
33,0.00,360.00,360.0,93.5,3.00,538.00,541.0,69.29,29,4.91,4402,0.72,4340,49,4,3.00,3.00,6.0,0.00,0.00,0.0,5.00,33840.00,88.1
34,0.00,856.00,856.0,78.54,1.00,308.00,309.0,69.3,19,4.91,4409,0.72,4362,49,4,0.00,0.00,0.0,0.00,0.00,0.0,19.00,23706.00,88.1
35,0.00,1776.00,1776.0,79.62,0.00,120.00,120.0,69.3,25,4.91,4410,0.72,4368,49,4,0.00,0.00,0.0,0.00,0.00,0.0,2.00,20953.00,87.9
36,0.00,1304.00,1304.0,92.1,0.00,286.00,286.0,69.36,35,4.91,4413,0.72,4388,49,4,0.00,0.00,0.0,0.00,0.00,0.0,5.00,37334.00,87.8
37,0.00,304.00,304.0,91.36,5.00,236.00,241.0,69.55,22,4.91,4413,0.72,4398,50,5,0.00,5.00,5.0,1.00,1.00,2.0,1.00,21133.00,87.5
38,0.00,660.00,660.0,21.12,1.00,1.00,2.0,69.48,3,4.52,4413,0.72,4398,50,5,0.00,1.00,1.0,0.00,0.00,0.0,2.00,6203.00,51.0
39,0.00,200.00,200.0,1.9,2.00,2.00,4.0,69.46,5,4.52,4413,0.72,4398,50,5,0.00,0.00,0.0,0.00,0.00,0.0,1.00,5306.00,35.5
40,0.00,580.00,580.0,1.52,0.00,12.00,12.0,69.34,1,4.52,4413,0.72,4398,50,5,0.00,2.00,2.0,0.00,0.00,0.0,1.00,5278.00,35.4
41,0.00,2232.00,2232.0,1.14,2.00,12.00,14.0,69.34,0,4.52,4412,0.72,4395,50,5,0.00,2.00,2.0,0.00,0.00,0.0,1.00,5727.00,35.5
42,0.00,284.00,284.0,10.53,2.00,125.00,127.0,69.34,1,4.52,4412,0.72,4402,50,4,0.00,2.00,2.0,0.00,0.00,0.0,1.00,8765.00,43.5
43,0.00,224.00,224.0,16.04,4.00,224.00,228.0,69.35,5,4.24,4412,0.72,4402,50,4,2.00,2.00,4.0,0.00,0.00,0.0,2.00,9857.00,52.5
44,0.00,264.00,264.0,5.82,1.00,175.00,176.0,69.35,1,4.24,4411,0.72,4400,50,4,0.00,1.00,1.0,0.00,0.00,0.0,1.00,6165.00,37.0
45,0.00,288.00,288.0,3.66,2.00,107.00,109.0,69.35,1,4.24,4410,0.72,4396,50,4,0.00,2.00,2.0,0.00,0.00,0.0,1.00,6294.00,36.9
46,0.00,3868.00,3868.0,3.19,2.00,134.00,136.0,69.36,6,4.24,4411,0.72,4396,50,4,0.00,2.00,2.0,0.00,0.00,0.0,2.00,6807.00,37.0
47,0.00,412.00,412.0,9.32,8.00,235.00,243.0,69.36,4,4.24,4411,0.72,4396,50,4,4.00,0.00,4.0,4.00,4.00,8.0,1.00,7812.00,37.6
48,0.00,212.00,212.0,3.04,1.00,128.00,129.0,69.36,2,3.9,4411,0.72,4396,50,4,0.00,0.00,0.0,0.00,0.00,0.0,2.00,6029.00,37.5
49,0.00,416.00,416.0,2.8,4.00,148.00,152.0,69.37,3,3.9,4411,0.72,4396,50,4,0.00,4.00,4.0,0.00,0.00,0.0,1.00,5799.00,37.4
50,0.00,368.00,368.0,5.3,7.00,203.00,210.0,69.37,2,3.9,4411,0.72,4396,50,4,6.00,1.00,7.0,0.00,0.00,0.0,1.00,8852.00,37.7
51,0.00,2288.00,2288.0,3.54,1.00,124.00,125.0,69.37,1,3.9,4411,0.72,4395,49,4,0.00,0.00,0.0,0.00,0.00,0.0,1.00,5592.00,37.5
52,0.00,80.00,80.0,6.58,2.00,132.00,134.0,69.38,3,3.9,4411,0.72,4395,49,4,2.00,0.00,2.0,0.00,0.00,0.0,1.00,8497.00,49.0
53,0.00,436.00,436.0,48.87,5.00,491.00,496.0,69.41,19,4.31,4413,0.72,4401,49,4,4.00,0.00,4.0,0.00,0.00,0.0,4.00,28413.00,76.5
54,0.00,772.00,772.0,88.14,6.00,915.00,921.0,69.46,13,4.31,4413,0.72,4413,49,4,6.00,0.00,6.0,0.00,0.00,0.0,1.00,52093.00,88.2
55,0.00,260.00,260.0,91.22,0.00,735.00,735.0,69.53,35,4.31,4415,0.72,4438,49,4,0.00,0.00,0.0,0.00,0.00,0.0,3.00,43473.00,88.2
56,0.00,336.00,336.0,94.12,0.00,250.00,250.0,69.54,31,4.31,4419,0.72,4479,49,4,0.00,0.00,0.0,0.00,0.00,0.0,5.00,30521.00,88.3
57,0.00,2704.00,2704.0,93.11,5.00,268.00,273.0,69.61,31,4.31,4420,0.72,4482,49,4,0.00,0.00,0.0,4.00,4.00,8.0,2.00,32722.00,88.3
58,0.00,80.00,80.0,90.94,0.00,478.00,478.0,69.71,24,4.68,4421,0.72,4497,49,4,0.00,0.00,0.0,0.00,0.00,0.0,4.00,29015.00,88.3
59,0.00,1072.00,1072.0,86.33,0.00,71.00,71.0,69.79,20,4.68,4431,0.72,4562,49,4,0.00,0.00,0.0,0.00,0.00,0.0,12.00,30132.00,88.3
60,0.00,268.00,268.0,90.62,1.00,33.00,34.0,69.84,39,4.68,4442,0.72,4555,49,4,0.00,0.00,0.0,0.00,0.00,0.0,11.00,66778.00,88.2
61,0.00,900.00,900.0,89.5,0.00,234.00,234.0,69.89,44,4.68,4443,0.72,4545,49,4,0.00,0.00,0.0,0.00,0.00,0.0,9.00,59068.00,88.1
62,0.00,16308.00,16308.0,89.24,0.00,142.00,142.0,69.86,32,4.68,4443,0.72,4528,49,4,0.00,0.00,0.0,0.00,0.00,0.0,1.00,67712.00,88.0
63,0.00,1064.00,1064.0,94.88,1.00,362.00,363.0,69.9,27,5.03,4442,0.72,4518,49,4,0.00,0.00,0.0,0.00,0.00,0.0,2.00,25480.00,88.0
64,0.00,812.00,812.0,86.44,0.00,857.00,857.0,69.96,31,5.03,4447,0.72,4533,49,4,0.00,0.00,0.0,0.00,0.00,0.0,7.00,49481.00,88.0
65,0.00,344.00,344.0,91.08,0.00,783.00,783.0,69.99,37,5.03,4448,0.72,4532,49,4,0.00,0.00,0.0,0.00,0.00,0.0,2.00,41418.00,88.0
66,0.00,188.00,188.0,88.68,0.00,277.00,277.0,70.01,38,5.03,4449,0.72,4546,49,4,0.00,0.00,0.0,0.00,0.00,0.0,2.00,73050.00,87.8
67,0.00,1076.00,1076.0,87.8,4.00,280.00,284.0,70.05,46,5.03,4449,0.72,4585,49,4,0.00,0.00,0.0,4.00,4.00,8.0,1.00,54447.00,87.9
68,0.00,28.00,28.0,89.1,0.00,0.00,0.0,70.07,48,6.95,4449,0.72,4568,49,4,0.00,0.00,0.0,0.00,0.00,0.0,3.00,84382.00,87.9
69,0.00,1276.00,1276.0,88.25,0.00,43.00,43.0,70.09,39,6.95,4449,0.72,4584,49,4,0.00,0.00,0.0,0.00,0.00,0.0,1.00,90890.00,87.8
70,0.00,352.00,352.0,87.45,0.00,82.00,82.0,70.13,49,6.95,4450,0.72,4590,49,4,0.00,0.00,0.0,0.00,0.00,0.0,3.00,91916.00,87.7
71,0.00,844.00,844.0,90.77,0.00,60.00,60.0,70.15,48,6.95,4449,0.72,4564,49,4,0.00,0.00,0.0,0.00,0.00,0.0,1.00,72218.00,87.5
72,0.00,256.00,256.0,91.36,0.00,438.00,438.0,70.19,22,6.95,4449,0.72,4528,49,4,0.00,0.00,0.0,0.00,0.00,0.0,1.00,62794.00,87.6
73,0.00,348.00,348.0,89.75,0.00,321.00,321.0,70.24,32,7.83,4451,0.72,4559,49,4,0.00,0.00,0.0,0.00,0.00,0.0,4.00,72009.00,87.5
74,0.00,576.00,576.0,91.34,0.00,432.00,432.0,70.29,24,7.83,4452,0.72,4556,49,4,0.00,0.00,0.0,0.00,0.00,0.0,3.00,52443.00,87.6
75,0.00,480.00,480.0,92.13,0.00,442.00,442.0,70.33,39,7.83,4452,0.72,4558,49,4,0.00,0.00,0.0,0.00,0.00,0.0,18.00,39844.00,87.6
76,0.00,388.00,388.0,92.49,1.00,673.00,674.0,70.31,43,7.83,4455,0.72,4559,49,4,1.00,1.00,2.0,0.00,0.00,0.0,4.00,50912.00,87.8
77,0.00,1408.00,1408.0,92.75,4.00,545.00,549.0,70.31,53,7.83,4456,0.72,4574,49,4,0.00,0.00,0.0,4.00,4.00,8.0,2.00,56939.00,87.9
78,0.00,792.00,792.0,90.85,0.00,330.00,330.0,70.35,60,10.25,4456,0.72,4569,49,4,0.00,0.00,0.0,0.00,0.00,0.0,3.00,64028.00,88.0
79,0.00,988.00,988.0,90.62,0.00,407.00,407.0,70.35,66,10.25,4457,0.72,4565,49,4,0.00,0.00,0.0,0.00,0.00,0.0,2.00,57084.00,87.9
80,0.00,1036.00,1036.0,93.12,0.00,527.00,527.0,70.39,63,10.25,4454,0.72,4540,49,4,0.00,0.00,0.0,0.00,0.00,0.0,1.00,45286.00,88.0
81,0.00,784.00,784.0,92.52,5.00,647.00,652.0,70.45,58,10.25,4456,0.72,4544,50,5,0.00,5.00,5.0,1.00,1.00,2.0,3.00,44012.00,87.9
82,0.00,1076.00,1076.0,93.73,2.00,646.00,648.0,70.47,47,10.25,4457,0.72,4546,50,5,0.00,2.00,2.0,0.00,0.00,0.0,2.00,43642.00,88.1
83,0.00,484.00,484.0,93.51,0.00,691.00,691.0,70.47,40,10.25,4457,0.72,4550,50,5,0.00,0.00,0.0,0.00,0.00,0.0,2.00,45489.00,88.0
84,0.00,1232.00,1232.0,94.75,0.00,529.00,529.0,70.53,36,11.75,4455,0.72,4541,50,5,0.00,0.00,0.0,0.00,0.00,0.0,1.00,36066.00,88.0
85,0.00,268.00,268.0,78.35,0.00,269.00,269.0,70.53,5,11.75,4454,0.72,4543,50,4,0.00,0.00,0.0,0.00,0.00,0.0,1.00,22460.00,76.2
86,0.00,204.00,204.0,9.31,5.00,156.00,161.0,70.54,4,11.75,4452,0.72,4529,50,4,0.00,3.00,3.0,0.00,0.00,0.0,2.00,5475.00,42.0
87,0.00,9080.00,9080.0,1.53,8.00,87.00,95.0,70.54,2,11.75,4453,0.72,4530,51,4,4.00,4.00,8.0,4.00,4.00,8.0,3.00,5736.00,36.9
88,0.00,864.00,864.0,2.29,5.00,99.00,104.0,70.54,3,11.75,4452,0.72,4521,51,4,5.00,7.00,12.0,0.00,0.00,0.0,2.00,6224.00,36.8
89,0.00,428.00,428.0,20.48,2.00,311.00,313.0,70.53,2,10.89,4451,0.72,4509,51,4,0.00,2.00,2.0,0.00,0.00,0.0,1.00,10796.00,58.9
90,0.00,416.00,416.0,3.27,3.00,128.00,131.0,70.52,1,10.89,4451,0.72,4508,51,4,0.00,3.00,3.0,0.00,0.00,0.0,1.00,5814.00,36.2
91,0.00,328.00,328.0,2.29,3.00,92.00,95.0,70.52,1,10.89,4447,0.72,4501,50,4,3.00,2.00,5.0,0.00,0.00,0.0,1.00,5445.00,36.2
92,0.00,284.00,284.0,3.82,0.00,156.00,156.0,70.52,7,10.89,4446,0.72,4498,50,4,0.00,0.00,0.0,0.00,0.00,0.0,1.00,7642.00,36.7
93,0.00,34456.00,34456.0,5.7,2.00,205.00,207.0,70.52,2,10.89,4446,0.72,4499,50,4,0.00,1.00,1.0,0.00,0.00,0.0,2.00,7037.00,36.8
94,0.00,388.00,388.0,2.16,2.00,92.00,94.0,70.51,2,10.26,4446,0.72,4499,50,4,0.00,2.00,2.0,0.00,0.00,0.0,1.00,6091.00,36.7
95,0.00,108.00,108.0,2.93,2.00,159.00,161.0,70.52,0,10.26,4446,0.72,4499,50,4,2.00,0.00,2.0,0.00,0.00,0.0,1.00,6398.00,36.8
96,0.00,328.00,328.0,10.05,4.00,234.00,238.0,70.52,0,10.26,4446,0.72,4496,50,4,4.00,0.00,4.0,0.00,0.00,0.0,1.00,7621.00,46.1
97,0.00,196.00,196.0,1.9,6.00,143.00,149.0,70.52,4,10.26,4446,0.72,4495,50,4,0.00,2.00,2.0,4.00,4.00,8.0,1.00,5558.00,35.8
98,0.00,4028.00,4028.0,5.7,3.00,182.00,185.0,70.52,1,10.26,4447,0.72,4496,50,4,2.00,1.00,3.0,0.00,0.00,0.0,3.00,11349.00,46.0
99,0.00,452.00,452.0,57.99,16.00,1167.00,1183.0,70.54,18,9.44,4449,0.72,4493,50,4,12.00,0.00,12.0,0.00,0.00,0.0,3.00,57597.00,82.5
100,0.00,40.00,40.0,87.56,0.00,899.00,899.0,70.54,47,9.44,4455,0.72,4507,50,4,4.00,0.00,4.0,0.00,0.00,0.0,6.93,73506.93,87.6
101,0.00,576.00,576.0,88.99,1.00,688.00,689.0,70.57,55,9.44,4455,0.72,4507,50,4,0.00,1.00,1.0,0.00,0.00,0.0,1.00,71120.00,87.6
102,0.00,56.00,56.0,91.38,2.00,540.00,542.0,70.61,71,9.44,4455,0.72,4518,50,4,0.00,2.00,2.0,0.00,0.00,0.0,1.00,61350.00,87.5
103,0.00,84.00,84.0,90.5,0.00,433.00,433.0,70.64,65,9.44,4455,0.72,4536,50,4,0.00,0.00,0.0,0.00,0.00,0.0,2.00,64946.00,87.4
104,0.00,884.00,884.0,93.62,0.00,233.00,233.0,70.66,54,13.65,4455,0.72,4529,50,4,0.00,0.00,0.0,0.00,0.00,0.0,1.00,52559.00,87.4
105,0.00,56.00,56.0,90.52,2.00,318.00,320.0,70.71,50,13.65,4455,0.72,4530,49,4,0.00,1.00,1.0,0.00,0.00,0.0,2.00,76022.00,87.3
106,0.00,248.00,248.0,92.12,0.00,425.00,425.0,70.77,49,13.65,4456,0.72,4521,49,4,0.00,0.00,0.0,0.00,0.00,0.0,2.00,57634.00,87.1
107,0.00,84.00,84.0,88.49,4.00,555.00,559.0,70.8,53,13.65,4456,0.72,4538,49,4,0.00,0.00,0.0,4.00,4.00,8.0,1.00,85936.00,86.9
108,0.00,5856.00,5856.0,90.36,1.00,427.00,428.0,70.79,55,13.65,4455,0.72,4516,49,4,0.00,0.00,0.0,0.00,0.00,0.0,2.00,71864.00,86.9
109,0.00,464.00,464.0,86.25,0.00,268.00,268.0,70.74,52,15.76,4454,0.72,4521,49,4,0.00,0.00,0.0,0.00,0.00,0.0,2.00,103737.00,86.9
110,0.00,484.00,484.0,87.53,0.00,286.00,286.0,70.77,37,15.76,4454,0.72,4523,49,4,0.00,0.00,0.0,0.00,0.00,0.0,3.00,93802.00,86.9
111,0.00,182.18,182.18,87.11,0.00,268.00,268.0,70.8,49,15.76,4456,0.72,4542,49,4,0.00,0.00,0.0,0.00,0.00,0.0,3.00,94564.00,86.8
112,0.00,28.00,28.0,88.24,0.00,319.00,319.0,70.8,62,15.76,4456,0.72,4529,49,4,0.00,0.00,0.0,0.00,0.00,0.0,1.00,86784.00,86.7
113,0.00,2444.00,2444.0,90.23,0.00,452.00,452.0,70.82,59,15.76,4458,0.72,4525,49,4,0.00,0.00,0.0,0.00,0.00,0.0,4.00,73297.00,86.7
114,0.00,704.00,704.0,90.64,0.00,464.00,464.0,70.85,66,20.42,4458,0.72,4514,49,4,0.00,0.00,0.0,0.00,0.00,0.0,2.00,67169.00,86.8
115,0.00,864.00,864.0,90.01,1.00,620.00,621.0,70.88,60,20.42,4457,0.72,4509,49,4,0.00,0.00,0.0,0.00,0.00,0.0,3.00,73316.00,86.8
116,0.00,80.00,80.0,90.0,1.00,575.00,576.0,70.9,62,20.42,4457,0.72,4515,49,4,0.00,0.00,0.0,0.00,0.00,0.0,3.00,57580.00,86.8
117,0.00,656.00,656.0,90.61,6.00,731.00,737.0,70.93,48,20.42,4458,0.72,4509,50,5,0.00,2.00,2.0,5.00,5.00,10.0,2.00,65863.00,86.9
118,0.00,1244.00,1244.0,89.79,1.00,859.00,860.0,70.97,45,20.42,4457,0.72,4513,50,5,0.00,1.00,1.0,0.00,0.00,0.0,2.00,72465.00,87.1
119,0.00,780.00,780.0,90.85,3.00,671.00,674.0,71.0,54,23.11,4459,0.72,4525,50,5,0.00,2.00,2.0,0.00,0.00,0.0,3.00,66297.00,87.1
120,0.00,1532.00,1532.0,92.0,0.00,856.00,856.0,71.04,40,23.11,4458,0.72,4523,50,5,0.00,0.00,0.0,0.00,0.00,0.0,1.00,53986.00,87.2
121,0.00,560.00,560.0,94.12,1.00,629.00,630.0,71.07,28,23.11,4457,0.72,4524,50,4,0.00,0.00,0.0,0.00,1.00,1.0,4.00,37994.00,87.4
122,0.00,92.00,92.0,96.25,1.00,319.00,320.0,71.14,24,23.11,4457,0.72,4533,50,4,0.00,0.00,0.0,0.00,0.00,0.0,1.00,22579.00,87.2
123,0.00,392.00,392.0,32.96,0.00,80.00,80.0,71.17,2,23.11,4456,0.72,4533,50,4,0.00,0.00,0.0,0.00,0.00,0.0,2.00,5610.00,58.3
124,0.00,436.00,436.0,13.77,0.00,78.00,78.0,71.09,2,21.82,4455,0.72,4533,50,4,0.00,0.00,0.0,0.00,0.00,0.0,1.00,5970.00,57.8
125,0.00,248.00,248.0,27.88,0.00,212.00,212.0,71.1,2,21.82,4453,0.72,4513,50,4,0.00,0.00,0.0,0.00,0.00,0.0,1.00,8004.00,58.3
126,0.00,68.00,68.0,6.93,0.00,186.00,186.0,71.05,3,21.82,4451,0.72,4499,50,4,0.00,0.00,0.0,0.00,0.00,0.0,1.00,7919.00,39.9
127,0.00,52.00,52.0,2.41,4.00,108.00,112.0,71.01,0,21.82,4450,0.72,4497,50,4,0.00,0.00,0.0,4.00,4.00,8.0,1.00,5367.00,39.4
128,0.00,21072.00,21072.0,3.02,0.00,113.00,113.0,71.02,1,21.82,4450,0.72,4497,50,4,0.00,0.00,0.0,0.00,0.00,0.0,2.00,6331.00,39.1
129,0.00,332.00,332.0,3.44,0.00,185.15,185.15,71.01,2,20.31,4448,0.72,4491,50,4,0.00,1.00,1.0,0.00,0.00,0.0,1.00,7253.00,38.9
130,0.00,260.00,260.0,4.79,0.00,145.00,145.0,71.01,1,20.31,4446,0.72,4487,50,4,0.00,0.00,0.0,0.00,0.00,0.0,1.00,6979.00,38.7
131,0.00,192.00,192.0,1.66,0.00,90.00,90.0,71.02,2,20.31,4446,0.72,4487,50,4,0.00,0.00,0.0,0.00,0.00,0.0,1.00,5580.00,38.4
132,0.00,156.00,156.0,5.79,2.00,172.00,174.0,71.02,4,20.31,4446,0.72,4487,50,4,0.00,2.00,2.0,0.00,0.00,0.0,1.00,7576.00,38.6
133,0.00,176.00,176.0,2.94,0.00,143.00,143.0,71.02,4,20.31,4446,0.72,4486,50,4,0.00,0.00,0.0,0.00,0.00,0.0,2.00,6304.00,38.4
134,0.00,28348.00,28348.0,2.67,1.00,125.00,126.0,71.02,5,19.01,4446,0.72,4487,50,4,1.00,1.00,2.0,0.00,0.00,0.0,1.00,5778.00,38.1
135,0.00,196.00,196.0,11.74,1.00,462.00,463.0,71.03,10,19.01,4447,0.72,4484,50,4,0.00,1.00,1.0,0.00,0.00,0.0,19.00,24752.00,51.1
136,0.00,224.00,224.0,61.75,0.00,1034.00,1034.0,71.08,31,19.01,4449,0.72,4493,50,4,0.00,0.00,0.0,0.00,0.00,0.0,3.00,57337.00,82.9
137,0.00,56.00,56.0,87.88,0.00,903.00,903.0,71.11,41,19.01,4455,0.72,4511,50,4,0.00,0.00,0.0,0.00,0.00,0.0,7.00,87005.00,83.4
138,0.00,524.00,524.0,88.24,0.00,648.00,648.0,71.13,50,19.01,4455,0.72,4506,50,4,0.00,0.00,0.0,0.00,0.00,0.0,1.98,88450.50,84.0
139,0.00,2400.00,2400.0,89.38,0.00,698.00,698.0,71.13,54,21.41,4455,0.72,4511,50,4,0.00,0.00,0.0,0.00,0.00,0.0,1.00,69300.00,84.5
140,0.00,160.00,160.0,88.75,0.00,700.00,700.0,71.16,42,21.41,4455,0.72,4511,50,4,0.00,0.00,0.0,0.00,0.00,0.0,1.00,82899.00,84.8
141,0.00,1032.00,1032.0,88.12,1.00,510.00,511.0,71.2,44,21.41,4455,0.72,4506,50,4,0.00,0.00,0.0,0.00,0.00,0.0,6.00,79243.00,85.1
142,0.00,432.00,432.0,86.07,2.00,697.00,699.0,71.2,37,21.41,4455,0.72,4524,50,4,0.00,2.00,2.0,0.00,0.00,0.0,4.00,103773.00,85.2
143,0.00,700.99,700.99,84.25,1.00,333.00,334.0,71.22,38,21.41,4455,0.72,4549,50,4,0.00,1.00,1.0,0.00,0.00,0.0,2.00,132396.00,85.3
144,0.00,6332.00,6332.0,85.75,2.00,266.00,268.0,71.23,32,22.26,4456,0.72,4549,50,4,0.00,2.00,2.0,0.00,0.00,0.0,2.00,114047.00,85.5
145,0.00,548.00,548.0,88.22,2.00,400.00,402.0,71.26,23,22.26,4456,0.72,4542,50,4,0.00,1.00,1.0,0.00,0.00,0.0,2.00,89192.00,85.6
146,0.00,80.00,80.0,86.34,2.00,370.00,372.0,71.28,33,22.26,4457,0.72,4517,50,4,0.00,2.00,2.0,0.00,0.00,0.0,2.00,106008.00,85.7
147,0.00,124.00,124.0,87.47,4.00,885.00,889.0,71.31,39,22.26,4457,0.72,4526,50,4,0.00,0.00,0.0,4.00,4.00,8.0,4.00,89727.00,85.8
148,0.00,908.00,908.0,90.26,7.00,731.00,738.0,71.33,67,22.26,4463,0.72,4523,51,4,6.00,7.00,13.0,0.00,0.00,0.0,8.00,73655.00,86.1
149,0.00,3784.00,3784.0,89.0,5.00,722.00,727.0,71.33,63,24.32,4463,0.72,4541,51,4,3.00,6.00,9.0,0.00,0.00,0.0,1.00,72326.00,86.4
150,0.00,1164.00,1164.0,89.26,2.00,801.00,803.0,71.34,51,24.32,4463,0.72,4538,51,4,0.00,2.00,2.0,0.00,0.00,0.0,1.00,71336.00,86.6
151,0.00,680.00,680.0,89.99,4.00,808.00,812.0,71.36,43,24.32,4458,0.72,4523,50,4,3.00,3.00,6.0,0.00,0.00,0.0,1.00,69478.00,86.8
152,0.00,548.00,548.0,91.99,2.00,871.00,873.0,71.38,35,24.32,4457,0.72,4521,50,5,0.00,1.00,1.0,1.00,1.00,2.0,1.00,54885.00,87.0
153,0.00,316.00,316.0,92.88,0.00,767.00,767.0,71.39,32,24.32,4458,0.72,4517,50,5,0.00,0.00,0.0,0.00,0.00,0.0,3.96,42899.01,87.3
154,0.00,396.00,396.0,94.89,0.00,359.00,359.0,71.46,8,24.85,4458,0.72,4521,50,5,0.00,0.00,0.0,0.00,0.00,0.0,1.00,28137.00,87.3
155,0.00,40.00,40.0,32.08,2.00,2.00,4.0,71.47,0,24.85,4458,0.72,4515,50,5,0.00,2.00,2.0,0.00,0.00,0.0,1.00,5150.00,49.5
156,0.00,76.00,76.0,4.18,1.00,109.00,110.0,71.43,0,24.85,4458,0.72,4522,49,4,0.00,0.00,0.0,0.00,0.00,0.0,1.00,6168.00,39.4
157,0.00,452.00,452.0,1.9,4.00,93.00,97.0,71.42,0,24.85,4455,0.72,4518,49,4,0.00,0.00,0.0,4.00,4.00,8.0,1.00,5747.00,38.9
158,0.00,392.00,392.0,1.53,0.00,83.00,83.0,71.42,0,24.85,4452,0.72,4508,49,4,0.00,0.00,0.0,0.00,0.00,0.0,2.00,5836.00,38.6
159,0.00,5208.00,5208.0,3.69,0.00,224.00,224.0,71.41,0,23.02,4451,0.72,4498,49,4,0.00,0.00,0.0,0.00,0.00,0.0,1.00,9775.00,38.5
160,0.00,52.00,52.0,3.41,0.00,202.00,202.0,71.41,0,23.02,4450,0.72,4493,49,4,0.00,0.00,0.0,0.00,0.00,0.0,1.00,6081.00,38.1
161,0.00,500.00,500.0,1.4,0.00,78.00,78.0,71.41,0,23.02,4450,0.72,4493,49,4,0.00,0.00,0.0,0.00,0.00,0.0,1.00,5910.00,37.8
162,0.00,80.00,80.0,2.17,0.00,57.00,57.0,71.41,0,23.02,4448,0.72,4483,49,4,0.00,0.00,0.0,0.00,0.00,0.0,1.00,6243.00,37.7
163,0.00,40.00,40.0,2.29,1.00,101.00,102.0,71.41,1,23.02,4446,0.72,4479,49,4,1.00,1.00,2.0,0.00,0.00,0.0,2.00,5826.00,37.6
164,0.00,11296.00,11296.0,6.54,0.00,218.00,218.0,71.41,1,21.34,4446,0.72,4479,49,4,0.00,0.00,0.0,0.00,0.00,0.0,1.00,7832.00,37.8
165,0.00,44.00,44.0,2.17,0.00,98.00,98.0,71.41,0,21.34,4446,0.72,4479,49,4,0.00,0.00,0.0,0.00,0.00,0.0,1.00,5392.00,37.5
166,0.00,80.00,80.0,3.05,0.00,126.00,126.0,71.41,0,21.34,4446,0.72,4479,49,4,0.00,0.00,0.0,0.00,0.00,0.0,1.00,5756.00,37.3
167,0.00,44.00,44.0,4.97,12.00,281.00,293.0,71.42,0,21.34,4447,0.72,4480,49,4,8.00,0.00,8.0,4.00,4.00,8.0,2.00,14521.00,37.5
168,0.00,84.00,84.0,19.01,1.00,369.00,370.0,71.43,3,21.34,4455,0.72,4508,49,4,0.00,0.00,0.0,0.00,0.00,0.0,10.00,40954.00,54.6
169,0.00,35452.00,35452.0,27.22,4.00,537.00,541.0,71.44,3,19.79,4456,0.72,4512,49,4,4.00,0.00,4.0,0.00,0.00,0.0,2.00,50433.00,63.0
170,0.00,68.00,68.0,70.51,6.00,858.00,864.0,71.46,20,19.79,4457,0.72,4501,49,4,5.00,1.00,6.0,0.00,1.00,1.0,2.00,88926.00,85.0
171,0.00,672.00,672.0,79.17,2.00,1628.00,1630.0,71.49,35,19.79,4459,0.72,4502,49,4,2.00,0.00,2.0,0.00,0.00,0.0,4.00,109939.00,85.2
172,0.00,68.00,68.0,84.89,0.00,964.00,964.0,71.53,34,19.79,4461,0.72,4518,49,4,0.00,0.00,0.0,0.00,0.00,0.0,2.00,113582.00,85.4
173,0.00,372.00,372.0,85.34,0.00,796.00,796.0,71.54,39,19.79,4461,0.72,4512,49,4,0.00,0.00,0.0,0.00,0.00,0.0,6.00,115162.00,85.5
174,0.00,236.00,236.0,85.86,1.00,748.00,749.0,71.58,31,21.89,4460,0.72,4509,49,4,0.00,0.00,0.0,0.00,0.00,0.0,1.00,98964.00,85.6
175,0.00,3804.00,3804.0,86.14,0.00,745.00,745.0,71.59,23,21.89,4461,0.72,4520,49,4,0.00,0.00,0.0,0.00,0.00,0.0,3.00,107116.00,85.8
176,0.00,92.00,92.0,83.33,0.00,422.00,422.0,71.64,22,21.89,4461,0.72,4535,49,4,0.00,0.00,0.0,0.00,0.00,0.0,2.00,134144.00,85.9
177,0.00,592.00,592.0,84.64,5.00,392.00,397.0,71.67,26,21.89,4462,0.72,4538,49,4,0.00,0.00,0.0,4.00,4.00,8.0,4.00,115504.00,86.0
178,0.00,108.00,108.0,88.46,3.00,568.00,571.0,71.66,41,21.89,4462,0.72,4523,49,4,1.98,0.00,1.98,0.00,0.00,0.0,3.00,96355.00,86.1
179,0.00,452.00,452.0,89.26,0.00,772.00,772.0,71.67,37,23.66,4462,0.72,4513,49,4,0.00,0.00,0.0,0.00,0.00,0.0,1.00,83281.00,86.2
180,0.00,8044.00,8044.0,88.25,1.00,730.00,731.0,71.67,27,23.66,4461,0.72,4501,49,4,0.00,0.00,0.0,0.00,0.00,0.0,1.00,76404.00,86.3
181,0.00,780.00,780.0,88.74,0.00,927.00,927.0,71.76,38,23.66,4461,0.72,4512,49,4,0.00,0.00,0.0,0.00,0.00,0.0,4.00,76191.00,86.5
182,0.00,1180.00,1180.0,89.1,0.00,897.00,897.0,71.88,28,23.66,4461,0.72,4511,49,4,0.00,0.00,0.0,0.00,0.00,0.0,4.00,78244.00,86.5
183,0.00,400.00,400.0,91.27,0.00,908.00,908.0,71.91,30,23.66,4460,0.72,4502,49,4,0.00,0.00,0.0,0.00,0.00,0.0,2.00,52100.00,86.6
184,0.00,548.00,548.0,78.59,0.00,733.00,733.0,72.08,2,23.29,4459,0.72,4511,49,4,0.00,0.00,0.0,0.00,0.00,0.0,1.00,39835.00,79.1
185,0.00,2120.00,2120.0,10.08,0.00,175.00,175.0,72.03,1,23.29,4458,0.72,4510,49,4,0.00,0.00,0.0,0.00,0.00,0.0,1.00,7729.00,41.6
186,0.00,196.00,196.0,2.65,1.00,95.00,96.0,71.93,0,23.29,4457,0.72,4509,50,5,0.00,1.00,1.0,1.00,1.00,2.0,1.00,5967.00,36.2
187,0.00,64.00,64.0,2.28,6.00,136.00,142.0,71.93,1,23.29,4455,0.72,4503,50,5,0.00,2.00,2.0,4.00,4.00,8.0,1.00,6588.00,36.2
188,0.00,44.00,44.0,4.19,2.00,165.00,167.0,71.9,0,23.29,4451,0.72,4487,50,5,2.00,0.00,2.0,0.00,0.00,0.0,2.00,8657.00,36.6
189,0.00,72.00,72.0,12.45,1.00,223.00,224.0,71.9,0,21.42,4454,0.72,4494,50,5,1.00,1.00,2.0,0.00,0.00,0.0,4.00,21465.00,48.4
190,0.00,4996.00,4996.0,16.65,0.00,356.00,356.0,71.91,0,21.42,4459,0.72,4519,50,4,0.00,0.00,0.0,0.00,0.00,0.0,6.00,36455.00,48.2
191,0.00,356.00,356.0,23.29,0.00,241.00,241.0,71.92,1,21.42,4459,0.72,4519,50,4,0.00,0.00,0.0,0.00,0.00,0.0,2.00,69365.00,56.3
192,0.00,396.00,396.0,9.72,0.00,242.00,242.0,71.92,0,21.42,4460,0.72,4525,50,4,0.00,0.00,0.0,0.00,0.00,0.0,4.00,28488.00,45.2
193,0.00,324.00,324.0,26.35,2.00,486.00,488.0,72.04,3,21.42,4462,0.72,4531,50,4,2.00,0.00,2.0,0.00,0.00,0.0,4.00,25087.00,65.3
194,0.00,144.00,144.0,14.81,0.00,223.00,223.0,72.1,0,19.95,4462,0.72,4533,50,4,0.00,0.00,0.0,0.00,0.00,0.0,1.00,10570.00,35.9
195,0.00,10020.00,10020.0,3.32,1.00,88.00,89.0,72.04,0,19.95,4462,0.72,4531,50,4,0.00,0.00,0.0,0.00,0.00,0.0,18.00,10500.00,36.1
196,0.00,52.00,52.0,3.82,0.00,188.00,188.0,72.01,6,19.95,4462,0.72,4529,50,4,0.00,0.00,0.0,0.00,0.00,0.0,1.00,12384.00,42.3
197,0.00,72.00,72.0,21.36,6.00,693.00,699.0,72.02,5,19.95,4463,0.72,4530,50,4,2.00,1.00,3.0,4.00,4.00,8.0,2.00,50244.00,61.5
198,0.00,588.00,588.0,30.79,0.00,579.00,579.0,72.02,8,19.95,4462,0.72,4528,50,4,0.00,0.00,0.0,0.00,0.00,0.0,2.00,54736.00,61.3
199,0.00,236.00,236.0,36.98,0.00,372.00,372.0,72.04,2,18.35,4463,0.72,4540,50,4,0.00,0.00,0.0,0.00,0.00,0.0,2.00,110059.00,66.7
200,0.00,39256.00,39256.0,34.69,6.00,1132.00,1138.0,72.05,19,18.35,4463,0.72,4524,50,4,6.00,0.00,6.0,0.00,0.00,0.0,1.00,72637.00,66.9
201,0.00,1684.00,1684.0,78.59,0.00,1428.00,1428.0,72.07,26,18.35,4463,0.72,4506,50,4,0.00,0.00,0.0,0.00,0.00,0.0,1.00,108914.00,86.7
202,0.00,436.00,436.0,86.73,0.00,1160.00,1160.0,72.09,38,18.35,4463,0.72,4519,50,4,0.00,0.00,0.0,0.00,0.00,0.0,2.00,105616.00,86.7
203,0.00,868.00,868.0,84.31,1.00,849.00,850.0,72.05,13,18.35,4463,0.72,4503,50,4,0.00,0.00,0.0,0.00,0.00,0.0,3.00,113196.00,86.7
204,0.00,12.00,12.0,75.13,2.00,919.00,921.0,72.08,11,18.88,4463,0.72,4535,50,4,0.00,2.00,2.0,0.00,0.00,0.0,1.00,165945.00,86.5
205,0.00,5860.00,5860.0,81.74,2.00,525.00,527.0,72.15,35,18.88,4463,0.72,4520,50,4,0.00,2.00,2.0,0.00,0.00,0.0,2.00,140463.00,86.5
206,0.00,536.00,536.0,87.5,4.00,811.00,815.0,72.17,26,18.88,4464,0.72,4515,50,4,2.00,2.00,4.0,0.00,0.00,0.0,2.00,94679.00,86.6
207,0.00,140.00,140.0,87.59,13.00,1209.00,1222.0,72.19,33,18.88,4467,0.72,4516,51,4,7.00,7.00,14.0,4.00,4.00,8.0,5.00,85347.00,86.6
208,0.00,900.00,900.0,88.61,2.00,1321.00,1323.0,72.19,26,18.88,4467,0.72,4520,51,4,2.00,4.00,6.0,0.00,0.00,0.0,3.00,93129.00,86.7
209,0.00,1252.00,1252.0,86.09,6.00,1178.00,1184.0,72.25,18,19.93,4465,0.72,4524,51,4,3.00,4.00,7.0,0.00,0.00,0.0,2.00,71379.00,86.5
210,0.00,7644.00,7644.0,52.78,3.00,437.00,440.0,72.31,2,19.93,4465,0.72,4541,50,4,2.00,2.00,4.0,0.00,0.00,0.0,2.00,70246.00,64.4
211,0.00,3300.00,3300.0,6.44,2.00,185.00,187.0,72.31,0,19.93,4464,0.72,4543,50,4,0.00,2.00,2.0,0.00,0.00,0.0,1.00,22086.00,41.3
212,0.00,460.00,460.0,11.46,2.00,379.00,381.0,72.32,0,19.93,4464,0.72,4539,50,4,2.00,0.00,2.0,0.00,0.00,0.0,1.00,32962.00,47.0
213,0.00,104.00,104.0,12.83,2.00,493.00,495.0,72.26,0,19.93,4463,0.72,4534,50,4,2.00,0.00,2.0,0.00,0.00,0.0,2.00,22659.00,46.6
214,0.00,0.00,0.0,2.28,4.00,127.00,131.0,72.26,3,18.34,4460,0.72,4530,50,4,2.00,2.00,4.0,0.00,0.00,0.0,1.00,5715.00,35.6
215,0.00,48.00,48.0,3.71,7.00,197.00,204.0,72.26,0,18.34,4462,0.72,4533,51,5,4.00,3.00,7.0,2.00,2.00,4.0,3.00,10333.00,35.9
216,0.00,792.00,792.0,12.23,2.00,384.00,386.0,72.26,7,18.34,4462,0.72,4531,51,5,2.00,0.00,2.0,0.00,0.00,0.0,3.00,39300.00,47.0
217,0.00,560.00,560.0,16.69,2.00,520.00,522.0,72.27,1,18.34,4460,0.72,4521,51,5,0.00,2.00,2.0,0.00,0.00,0.0,1.00,36028.00,56.3
218,0.00,772.00,772.0,54.25,3.00,532.00,535.0,72.4,3,18.34,4461,0.72,4523,51,5,2.00,1.00,3.0,0.00,0.00,0.0,3.00,84047.00,79.3
219,0.00,400.00,400.0,37.48,6.00,472.00,478.0,72.42,3,17.43,4464,0.72,4528,50,5,4.00,0.00,4.0,0.00,1.00,1.0,6.00,79467.00,63.3
220,0.00,504.00,504.0,20.81,8.00,606.00,614.0,72.43,4,17.43,4463,0.72,4534,51,5,4.00,2.00,6.0,3.00,3.00,6.0,1.00,43017.00,53.0
221,0.00,5328.00,5328.0,20.88,0.00,428.00,428.0,72.44,1,17.43,4465,0.72,4523,51,5,0.00,0.00,0.0,0.00,0.00,0.0,3.00,35757.00,62.2
222,0.00,460.00,460.0,37.42,0.00,640.00,640.0,72.48,9,17.43,4465,0.72,4526,51,5,0.00,0.00,0.0,0.00,0.00,0.0,1.00,41272.00,72.7
223,0.00,88.00,88.0,39.48,3.00,1216.00,1219.0,72.44,8,17.43,4465,0.72,4520,51,5,0.00,3.00,3.0,0.00,0.00,0.0,1.00,91566.00,72.5
224,0.00,608.00,608.0,69.58,0.00,1231.00,1231.0,72.47,11,16.83,4463,0.72,4530,51,4,0.00,0.00,0.0,0.00,0.00,0.0,2.00,157270.00,85.0
225,0.00,252.00,252.0,73.35,0.00,1232.00,1232.0,72.48,16,16.83,4463,0.72,4518,51,4,0.00,0.00,0.0,0.00,0.00,0.0,3.00,137145.00,85.0
226,0.00,11112.00,11112.0,78.91,2.00,755.00,757.0,72.49,8,16.83,4462,0.72,4532,51,4,0.00,2.00,2.0,0.00,0.00,0.0,3.00,150087.00,85.1
227,0.00,132.00,132.0,79.27,7.00,928.00,935.0,72.51,26,16.83,4463,0.72,4518,51,4,1.00,3.00,4.0,4.00,4.00,8.0,4.00,132757.00,85.3
228,0.00,508.00,508.0,81.64,5.00,1065.00,1070.0,72.55,21,16.83,4463,0.72,4521,50,4,5.00,4.00,9.0,0.00,0.00,0.0,2.00,83383.00,85.5
229,0.00,164.00,164.0,74.72,0.00,1171.00,1171.0,72.6,10,16.77,4463,0.72,4517,50,4,0.00,0.00,0.0,0.00,0.00,0.0,2.00,93707.00,85.3
230,0.00,568.00,568.0,44.5,1.00,1043.00,1044.0,72.66,1,16.77,4461,0.72,4521,51,4,0.00,2.00,2.0,0.00,0.00,0.0,1.00,54664.00,60.1
231,0.00,49728.00,49728.0,6.08,4.00,283.00,287.0,72.66,7,16.77,4461,0.72,4524,51,4,2.00,2.00,4.0,0.00,0.00,0.0,3.00,14910.00,39.9
232,0.00,84.00,84.0,15.22,3.00,458.00,461.0,72.67,0,16.77,4463,0.72,4536,51,4,2.00,1.00,3.0,0.00,0.00,0.0,3.00,39470.00,48.7
233,0.00,76.00,76.0,17.6,0.00,308.00,308.0,72.64,8,16.77,4463,0.72,4534,51,4,0.00,0.00,0.0,0.00,0.00,0.0,2.00,63690.00,58.4
234,0.00,16.00,16.0,21.16,4.00,334.00,338.0,72.63,3,15.5,4462,0.72,4529,50,4,1.00,2.00,3.0,0.00,0.00,0.0,4.00,27708.00,58.3
235,0.00,960.00,960.0,18.22,0.00,417.00,417.0,72.64,2,15.5,4465,0.72,4533,50,4,0.00,0.00,0.0,0.00,0.00,0.0,3.00,32761.00,49.9
236,0.00,7588.00,7588.0,7.72,0.00,279.00,279.0,72.64,1,15.5,4463,0.72,4531,50,4,0.00,0.00,0.0,0.00,0.00,0.0,1.00,13084.00,39.9
237,0.00,364.00,364.0,3.05,5.00,156.00,161.0,72.64,0,15.5,4461,0.72,4529,50,4,0.00,0.00,0.0,4.00,4.00,8.0,1.00,6705.00,39.6
238,0.00,84.00,84.0,5.73,1.00,331.00,332.0,72.62,1,15.5,4461,0.72,4530,50,4,0.00,0.00,0.0,0.00,0.00,0.0,2.00,21884.00,47.0
239,0.00,592.00,592.0,27.85,3.00,596.00,599.0,72.63,0,14.34,4462,0.72,4531,51,4,0.00,3.00,3.0,0.00,0.00,0.0,3.00,44626.00,58.1
240,0.00,888.00,888.0,34.14,1.00,571.00,572.0,72.79,3,14.34,4462,0.72,4533,51,4,0.00,1.00,1.0,0.00,0.00,0.0,1.00,99390.00,67.0
241,0.00,2996.00,2996.0,23.86,0.00,451.00,451.0,72.78,1,14.34,4463,0.72,4536,51,4,0.00,0.00,0.0,0.00,0.00,0.0,5.00,77431.00,57.5
242,0.00,484.00,484.0,24.84,2.00,845.00,847.0,72.79,13,14.34,4463,0.72,4525,50,4,0.00,1.00,1.0,0.00,0.00,0.0,2.00,59438.00,58.1
243,0.00,604.00,604.0,63.9,0.00,1040.00,1040.0,72.82,0,14.34,4464,0.72,4519,50,4,0.00,0.00,0.0,0.00,0.00,0.0,2.00,88182.00,73.8
244,0.00,540.00,540.0,41.69,0.00,940.00,940.0,72.84,8,13.83,4464,0.72,4530,50,4,0.00,0.00,0.0,0.00,0.00,0.0,2.00,125279.00,74.0
245,0.00,252.00,252.0,47.12,0.00,1338.00,1338.0,72.83,12,13.83,4464,0.72,4532,50,4,0.00,0.00,0.0,0.00,0.00,0.0,2.00,132683.00,73.8
246,0.00,728.00,728.0,65.22,0.00,1429.00,1429.0,72.85,20,13.83,4465,0.72,4525,50,4,0.00,0.00,0.0,0.00,0.00,0.0,2.00,154969.00,83.2
247,0.00,7821.78,7821.78,83.44,4.00,1174.00,1178.0,72.87,19,13.83,4465,0.72,4527,51,4,0.00,5.00,5.0,0.00,0.00,0.0,2.00,124189.00,83.8
248,0.00,580.00,580.0,78.84,1.00,750.00,751.0,72.89,6,13.83,4465,0.72,4517,50,4,0.00,0.00,0.0,0.00,0.00,0.0,2.00,133607.00,83.9
249,0.00,456.00,456.0,56.14,0.00,882.00,882.0,72.92,1,14.65,4465,0.72,4523,50,4,0.00,0.00,0.0,0.00,0.00,0.0,2.00,84506.00,71.7
250,0.00,112.00,112.0,59.64,1.98,1010.89,1012.87,73.09,8,14.65,4465,0.72,4525,50,4,0.00,2.00,2.0,0.00,0.00,0.0,1.00,79088.00,79.7
251,0.00,352.00,352.0,36.84,1.00,1090.00,1091.0,73.1,0,14.65,4464,0.72,4523,50,4,0.00,1.00,1.0,0.00,0.00,0.0,1.00,48626.00,62.5
252,0.00,5312.00,5312.0,14.11,0.00,441.00,441.0,73.1,0,14.65,4464,0.72,4532,50,4,0.00,0.00,0.0,0.00,0.00,0.0,1.00,41989.00,44.8
253,0.00,92.00,92.0,16.71,0.00,275.00,275.0,73.09,0,14.65,4464,0.72,4533,50,4,0.00,0.00,0.0,0.00,0.00,0.0,1.00,68395.00,50.4
254,0.00,280.00,280.0,8.58,4.00,281.00,285.0,73.04,6,13.55,4464,0.72,4533,50,5,0.00,3.00,3.0,1.00,1.00,2.0,2.00,28207.00,42.3
255,0.00,416.00,416.0,21.39,0.00,482.00,482.0,73.07,0,13.55,4464,0.72,4523,50,5,0.00,0.00,0.0,0.00,0.00,0.0,18.00,26240.00,57.2
256,0.00,92.00,92.0,6.82,0.00,110.00,110.0,73.07,1,13.55,4462,0.72,4524,50,5,0.00,0.00,0.0,0.00,0.00,0.0,1.00,11308.00,39.6
257,0.00,16164.00,16164.0,2.16,6.00,58.00,64.0,73.07,0,13.55,4462,0.72,4520,50,5,0.00,2.00,2.0,4.00,4.00,8.0,1.00,6325.00,39.2
258,0.00,492.00,492.0,1.27,0.00,30.00,30.0,73.07,0,13.55,4460,0.72,4519,50,4,0.00,0.00,0.0,0.00,0.00,0.0,1.00,5687.00,38.8
259,0.00,104.00,104.0,2.18,0.00,127.00,127.0,73.02,0,12.47,4458,0.72,4513,50,4,0.00,0.00,0.0,0.00,0.00,0.0,2.00,5384.00,38.4
260,0.00,52.00,52.0,2.41,0.00,77.00,77.0,73.02,0,12.47,4452,0.72,4493,50,4,0.00,0.00,0.0,0.00,0.00,0.0,5.00,5931.00,38.1
261,0.00,500.00,500.0,1.9,1.00,96.00,97.0,73.02,0,12.47,4452,0.72,4493,50,4,0.00,0.00,0.0,0.00,0.00,0.0,1.00,5556.00,37.9
262,0.00,30032.00,30032.0,8.96,1.00,592.00,593.0,73.02,1,12.47,4450,0.72,4482,50,4,0.00,0.00,0.0,0.00,0.00,0.0,3.00,27975.00,52.7
263,0.00,1388.00,1388.0,42.82,0.00,922.00,922.0,73.04,3,12.47,4455,0.72,4502,50,4,0.00,0.00,0.0,0.00,0.00,0.0,7.00,96635.00,71.4
264,0.00,12.00,12.0,40.23,5.00,638.00,643.0,73.05,16,11.79,4458,0.72,4515,51,4,5.00,5.00,10.0,0.00,0.00,0.0,5.00,127013.00,72.0
265,0.00,1212.00,1212.0,43.51,11.00,760.00,771.0,73.07,9,11.79,4461,0.72,4513,52,4,8.00,9.00,17.0,0.00,0.00,0.0,4.00,90197.00,72.1
266,0.00,680.00,680.0,77.58,3.00,1177.00,1180.0,73.16,23,11.79,4464,0.72,4517,51,4,2.00,0.00,2.0,0.00,0.00,0.0,4.00,95183.00,85.8
267,0.00,2112.00,2112.0,83.38,7.00,1308.00,1315.0,73.17,5,11.79,4462,0.72,4499,50,4,3.00,3.00,6.0,4.00,4.00,8.0,4.00,94767.00,85.7
268,0.00,792.00,792.0,68.33,1.00,867.00,868.0,73.19,8,11.79,4463,0.72,4514,50,4,0.00,1.00,1.0,0.00,0.00,0.0,1.98,124908.91,85.2
269,0.00,304.00,304.0,76.79,1.00,876.00,877.0,73.28,15,11.01,4464,0.72,4498,50,4,0.00,0.00,0.0,0.00,0.00,0.0,4.00,105808.00,85.4
270,0.00,100.00,100.0,76.61,0.00,1168.00,1168.0,73.41,6,11.01,4464,0.72,4507,50,4,0.00,0.00,0.0,0.00,0.00,0.0,2.00,113185.00,85.0
271,0.00,1288.00,1288.0,59.85,4.00,1467.00,1471.0,73.33,3,11.01,4465,0.72,4520,50,4,2.00,2.00,4.0,0.00,0.00,0.0,3.00,141511.00,84.4
272,0.00,10848.00,10848.0,38.73,4.00,1087.00,1091.0,73.35,5,11.01,4466,0.72,4530,50,4,4.00,0.00,4.0,0.00,0.00,0.0,2.00,132234.00,63.9
273,0.00,136.00,136.0,65.53,0.00,897.00,897.0,73.36,13,11.01,4466,0.72,4526,50,4,0.00,0.00,0.0,0.00,0.00,0.0,1.00,83963.00,81.7
274,0.00,72.00,72.0,36.49,1.00,1063.00,1064.0,73.3,8,10.37,4466,0.72,4532,50,4,0.00,1.00,1.0,0.00,0.00,0.0,2.00,96176.00,64.2
275,0.00,468.00,468.0,15.39,4.00,476.00,480.0,73.3,2,10.37,4466,0.72,4526,50,4,4.00,0.00,4.0,0.00,0.00,0.0,1.00,33758.00,42.5
276,0.00,120.00,120.0,9.38,0.00,414.00,414.0,73.31,2,10.37,4466,0.72,4526,50,4,0.00,0.00,0.0,0.00,0.00,0.0,2.00,31112.00,42.4
277,0.00,10568.00,10568.0,5.33,4.00,268.00,272.0,73.31,0,10.37,4465,0.72,4528,50,4,0.00,0.00,0.0,4.00,4.00,8.0,1.00,13375.00,42.0
278,0.00,92.00,92.0,3.68,2.00,226.00,228.0,73.31,0,10.37,4464,0.72,4523,50,4,2.00,0.00,2.0,0.00,0.00,0.0,1.00,7926.00,41.5
279,0.00,804.00,804.0,1.9,2.00,142.00,144.0,73.32,0,9.78,4464,0.72,4523,50,4,2.00,0.00,2.0,0.00,0.00,0.0,2.00,6272.00,40.9
280,0.00,56.00,56.0,2.03,2.00,120.00,122.0,73.32,1,9.78,4462,0.72,4520,50,4,2.00,0.00,2.0,0.00,0.00,0.0,1.00,7889.00,40.8
281,0.00,28.00,28.0,15.12,4.00,591.00,595.0,73.32,1,9.78,4461,0.72,4515,50,4,4.00,0.00,4.0,0.00,0.00,0.0,3.00,33948.00,54.2
282,0.00,944.00,944.0,26.5,0.00,879.00,879.0,73.33,4,9.78,4461,0.72,4513,50,4,0.00,0.00,0.0,0.00,0.00,0.0,1.00,98532.00,61.9
283,0.00,5996.00,5996.0,28.9,0.00,680.00,680.0,73.34,6,9.78,4461,0.72,4517,50,4,0.00,0.00,0.0,0.00,0.00,0.0,2.00,123737.00,62.1
284,0.00,616.00,616.0,25.48,4.00,626.00,630.0,73.36,3,9.31,4462,0.72,4518,50,4,4.00,1.00,5.0,0.00,0.00,0.0,3.00,99976.00,56.6
285,0.00,300.00,300.0,52.55,0.00,1407.00,1407.0,73.37,5,9.31,4465,0.72,4520,50,4,0.00,0.00,0.0,0.00,0.00,0.0,4.00,87075.00,80.6
286,0.00,428.00,428.0,65.31,0.00,1363.00,1363.0,73.4,22,9.31,4466,0.72,4525,50,4,0.00,0.00,0.0,0.00,0.00,0.0,2.00,103985.00,80.8
287,0.00,100.00,100.0,70.08,5.00,634.00,639.0,73.48,9,9.31,4466,0.72,4529,49,5,0.00,0.00,0.0,5.00,4.00,9.0,1.00,106788.00,81.3
288,0.00,9852.00,9852.0,53.33,1.00,1169.00,1170.0,73.43,3,9.31,4466,0.72,4533,49,5,0.00,0.00,0.0,0.00,0.00,0.0,3.00,118792.00,75.9
289,0.00,164.00,164.0,60.1,2.00,1482.00,1484.0,73.45,1,9.37,4465,0.72,4527,49,6,0.00,0.00,0.0,1.00,2.00,3.0,3.00,132907.00,76.0
290,0.00,120.00,120.0,62.15,0.00,1301.00,1301.0,73.47,13,9.37,4465,0.72,4527,49,6,0.00,0.00,0.0,0.00,0.00,0.0,1.00,163949.00,81.7
291,0.00,876.00,876.0,50.19,2.00,840.00,842.0,73.49,4,9.37,4463,0.72,4525,49,6,1.00,1.00,2.0,0.00,0.00,0.0,1.00,85352.00,68.2
292,0.00,444.00,444.0,36.38,0.00,975.00,975.0,73.5,13,9.37,4465,0.72,4530,50,5,0.00,1.00,1.0,0.00,0.00,0.0,3.00,109909.00,68.6
293,0.00,57144.00,57144.0,35.46,1.00,930.00,931.0,73.52,0,9.37,4465,0.72,4535,50,4,0.00,0.00,0.0,0.00,0.00,0.0,2.00,67482.00,56.8
294,0.00,1692.00,1692.0,13.76,1.00,396.00,397.0,73.53,2,8.7,4466,0.72,4533,50,4,0.00,0.00,0.0,0.00,0.00,0.0,3.00,32147.00,51.6
295,0.00,612.00,612.0,18.87,1.00,362.00,363.0,73.53,1,8.7,4466,0.72,4533,49,5,0.00,0.00,0.0,1.00,0.00,1.0,1.00,17570.00,57.7
296,0.00,232.00,232.0,7.18,0.00,190.00,190.0,73.54,1,8.7,4464,0.72,4528,49,5,0.00,0.00,0.0,0.00,0.00,0.0,1.00,7757.00,39.9
297,0.00,980.00,980.0,4.18,9.00,255.00,264.0,73.54,1,8.7,4461,0.72,4519,49,5,4.00,0.00,4.0,4.00,4.00,8.0,1.00,6765.00,39.5
298,0.00,4288.00,4288.0,2.29,0.00,128.00,128.0,73.54,0,8.7,4457,0.72,4500,49,5,0.00,0.00,0.0,0.00,0.00,0.0,1.00,5906.00,39.1
299,0.00,268.00,268.0,2.15,0.00,137.00,137.0,73.55,0,8.0,4456,0.72,4496,49,5,0.00,0.00,0.0,0.00,0.00,0.0,2.00,6295.00,38.9
300,0.00,192.00,192.0,11.78,0.00,231.00,231.0,73.55,1,8.0,4452,0.72,4486,50,4,0.00,1.00,1.0,0.00,0.00,0.0,1.00,7110.00,56.8
301,0.00,440.00,440.0,5.06,1.00,76.00,77.0,73.57,0,8.0,4452,0.72,4486,49,5,0.00,0.00,0.0,1.00,0.00,1.0,4.00,5792.00,36.1
302,0.00,336.00,336.0,3.16,0.00,103.00,103.0,73.57,0,8.0,4451,0.72,4484,49,5,0.00,0.00,0.0,0.00,0.00,0.0,1.00,5645.00,36.2
303,0.00,5104.00,5104.0,10.75,1.00,571.00,572.0,73.58,0,8.0,4450,0.72,4475,49,5,0.00,0.00,0.0,0.00,1.00,1.0,3.00,29400.00,49.8
304,0.00,588.00,588.0,32.52,0.00,956.00,956.0,73.57,4,7.36,4456,0.72,4502,49,5,0.00,0.00,0.0,0.00,0.00,0.0,8.00,96611.00,65.4
305,0.00,68.00,68.0,47.72,0.00,609.00,609.0,73.59,7,7.36,4457,0.72,4500,49,5,0.00,0.00,0.0,0.00,0.00,0.0,2.00,123533.00,76.4
306,0.00,508.00,508.0,27.64,0.00,742.00,742.0,73.6,2,7.36,4460,0.72,4518,49,5,0.00,0.00,0.0,0.00,0.00,0.0,4.00,89515.00,56.6
307,0.00,160.00,160.0,49.24,0.00,1849.00,1849.0,73.63,20,7.36,4464,0.72,4508,50,4,0.00,1.00,1.0,0.00,0.00,0.0,6.00,131069.00,76.7
308,0.00,2720.00,2720.0,61.64,0.00,1974.00,1974.0,73.69,19,7.36,4466,0.72,4515,50,4,0.00,0.00,0.0,0.00,0.00,0.0,2.00,137130.00,83.1
309,0.00,140.00,140.0,69.8,2.00,1147.00,1149.0,73.71,13,7.89,4466,0.72,4510,50,4,2.00,0.00,2.0,0.00,0.00,0.0,3.00,179116.00,83.1
310,0.00,532.00,532.0,70.41,1.00,1026.00,1027.0,73.73,27,7.89,4466,0.72,4506,50,4,0.00,1.00,1.0,0.00,0.00,0.0,1.00,171659.00,83.5
311,0.00,484.00,484.0,83.08,2.00,1230.00,1232.0,73.76,25,7.89,4466,0.72,4508,50,4,0.00,2.00,2.0,0.00,0.00,0.0,1.00,111099.00,83.9
312,0.00,960.00,960.0,82.15,0.00,1355.00,1355.0,73.93,9,7.89,4466,0.72,4500,50,4,0.00,0.00,0.0,0.00,0.00,0.0,1.00,115407.00,83.9
313,0.00,2368.00,2368.0,43.46,0.00,1235.00,1235.0,73.97,0,7.89,4465,0.72,4512,50,4,0.00,0.00,0.0,0.00,0.00,0.0,2.00,64338.00,61.3
314,0.00,388.00,388.0,15.9,2.00,537.00,539.0,73.93,0,7.26,4464,0.72,4513,50,4,0.00,2.00,2.0,0.00,0.00,0.0,2.00,38941.00,44.8
315,0.00,388.00,388.0,6.61,1.00,315.00,316.0,73.88,1,7.26,4463,0.72,4517,50,4,0.00,1.00,1.0,0.00,0.00,0.0,18.00,19507.00,39.3
316,0.00,100.00,100.0,2.67,4.00,179.00,183.0,73.88,2,7.26,4462,0.72,4513,50,4,4.00,0.00,4.0,0.00,0.00,0.0,1.00,7265.00,39.0
317,0.00,92.00,92.0,2.67,4.00,172.00,176.0,73.88,0,7.26,4462,0.72,4511,50,4,0.00,0.00,0.0,4.00,4.00,8.0,1.00,6571.00,38.6
318,0.00,20688.00,20688.0,2.53,3.00,129.00,132.0,73.88,0,7.26,4460,0.72,4509,50,4,2.00,1.00,3.0,0.00,0.00,0.0,1.00,6098.00,38.4
319,0.00,588.00,588.0,2.78,6.00,161.00,167.0,73.85,0,7.08,4456,0.72,4496,50,4,5.00,2.00,7.0,0.00,0.00,0.0,2.00,6997.00,38.3
320,0.00,784.00,784.0,3.16,15.00,159.00,174.0,73.85,0,7.08,4458,0.72,4499,51,4,14.00,7.00,21.0,0.00,0.00,0.0,3.00,6966.00,38.1
321,0.00,28.00,28.0,5.34,2.00,450.00,452.0,73.85,3,7.08,4458,0.72,4494,51,4,2.00,3.00,5.0,0.00,0.00,0.0,3.00,24091.00,47.3
322,0.00,1160.00,1160.0,36.49,2.00,813.00,815.0,73.86,1,7.08,4459,0.72,4505,51,4,0.00,2.00,2.0,0.00,0.00,0.0,6.00,72505.00,65.4
323,0.00,892.00,892.0,34.84,7.00,819.00,826.0,73.87,6,7.08,4457,0.72,4511,50,5,5.00,3.00,8.0,1.00,1.00,2.0,2.00,136601.00,75.2
324,0.00,30020.00,30020.0,42.84,0.00,560.00,560.0,73.92,2,7.07,4460,0.72,4517,50,5,0.00,0.00,0.0,0.00,0.00,0.0,6.00,92531.00,74.6
325,0.00,736.00,736.0,21.87,1.00,959.00,960.0,73.93,2,7.07,4464,0.72,4524,49,5,0.00,0.00,0.0,0.00,0.00,0.0,4.00,75171.00,53.0
326,0.00,160.00,160.0,34.6,7.00,1261.00,1268.0,73.95,0,7.07,4465,0.72,4521,49,5,6.00,0.00,6.0,0.00,0.00,0.0,2.00,88255.00,65.9
327,0.00,444.00,444.0,40.66,1.00,1153.00,1154.0,73.95,11,7.07,4465,0.72,4521,49,4,0.00,0.00,0.0,0.00,0.00,0.0,1.00,116200.00,74.4
328,0.00,528.00,528.0,37.22,0.00,842.00,842.0,73.98,20,7.07,4465,0.72,4517,49,4,0.00,0.00,0.0,0.00,0.00,0.0,1.00,163439.00,74.0
329,0.00,15240.00,15240.0,37.5,0.00,769.00,769.0,74.0,4,6.75,4465,0.72,4520,49,4,0.00,0.00,0.0,0.00,0.00,0.0,3.00,98938.00,59.7
330,0.00,416.00,416.0,26.28,2.00,1212.00,1214.0,74.01,5,6.75,4465,0.72,4518,49,4,2.00,0.00,2.0,0.00,0.00,0.0,1.00,91093.00,59.7
331,0.00,1108.00,1108.0,28.3,0.00,1579.00,1579.0,74.02,3,6.75,4465,0.72,4520,49,4,0.00,0.00,0.0,0.00,0.00,0.0,1.00,79107.00,60.2
332,0.00,524.00,524.0,31.29,0.00,870.00,870.0,74.01,4,6.75,4464,0.72,4522,49,4,0.00,0.00,0.0,0.00,0.00,0.0,1.00,90110.00,65.3
333,0.00,108.00,108.0,42.41,0.00,570.00,570.0,74.03,0,6.75,4464,0.72,4532,49,4,0.00,0.00,0.0,0.00,0.00,0.0,1.00,149454.00,64.9
334,0.00,7292.00,7292.0,20.97,2.00,682.00,684.0,74.04,0,6.29,4463,0.72,4530,49,4,2.00,0.00,2.0,0.00,0.00,0.0,2.00,65417.00,56.2
335,0.00,284.00,284.0,19.0,0.00,1173.00,1173.0,74.05,2,6.29,4463,0.72,4526,49,4,0.00,0.00,0.0,0.00,0.00,0.0,3.00,52820.00,55.7
336,0.00,268.00,268.0,7.8,0.00,274.00,274.0,74.05,0,6.29,4461,0.72,4528,49,4,0.00,0.00,0.0,0.00,0.00,0.0,1.00,16323.00,37.8
337,0.00,480.00,480.0,1.91,6.00,150.00,156.0,74.05,0,6.29,4461,0.72,4528,49,4,2.00,0.00,2.0,4.00,4.00,8.0,1.00,6949.00,37.7
338,0.00,104.00,104.0,3.79,0.00,161.00,161.0,74.05,0,6.29,4460,0.72,4520,49,4,0.00,0.00,0.0,0.00,0.00,0.0,1.00,5996.00,37.7
339,0.00,12832.00,12832.0,3.28,2.00,173.00,175.0,74.05,0,5.78,4458,0.72,4505,49,4,2.00,0.00,2.0,0.00,0.00,0.0,2.00,7211.00,37.8
340,0.00,68.00,68.0,6.32,0.00,447.00,447.0,74.05,1,5.78,4457,0.72,4501,49,4,0.00,0.00,0.0,0.00,0.00,0.0,3.00,26463.00,46.4
341,0.00,276.00,276.0,23.34,0.00,920.00,920.0,74.07,0,5.78,4457,0.72,4494,49,4,0.00,0.00,0.0,0.00,0.00,0.0,2.00,80353.00,60.4
342,0.00,880.00,880.0,26.01,0.00,788.00,788.0,74.06,2,5.78,4458,0.72,4502,49,4,0.00,0.00,0.0,0.00,0.00,0.0,2.00,138395.00,60.5
343,0.00,132.00,132.0,26.68,0.00,603.00,603.0,74.08,0,5.78,4462,0.72,4506,49,4,0.00,0.00,0.0,0.00,0.00,0.0,5.00,104976.00,60.3
344,0.00,2628.00,2628.0,39.33,6.00,1421.00,1427.0,74.09,10,5.32,4465,0.72,4508,49,4,6.00,0.00,6.0,0.00,0.00,0.0,5.00,91168.00,77.3
345,0.00,644.00,644.0,77.81,2.00,1487.00,1489.0,74.1,27,5.32,4464,0.72,4504,49,4,2.00,0.00,2.0,0.00,0.00,0.0,1.00,112237.00,82.5
346,0.00,444.00,444.0,38.55,2.00,1077.00,1079.0,74.14,14,5.32,4464,0.72,4519,49,4,2.00,0.00,2.0,0.00,0.00,0.0,2.00,130362.00,71.1
347,0.00,496.00,496.0,51.88,4.00,700.00,704.0,74.15,4,5.32,4464,0.72,4509,49,4,0.00,0.00,0.0,4.00,4.00,8.0,3.00,148306.00,66.0
348,0.00,604.00,604.0,41.01,1.00,992.00,993.0,74.17,24,5.32,4465,0.72,4513,49,4,0.00,0.00,0.0,0.00,0.00,0.0,3.00,78867.00,76.7
349,0.00,6388.00,6388.0,44.08,0.00,1771.00,1771.0,74.19,17,5.05,4465,0.72,4510,49,4,0.00,0.00,0.0,0.00,0.00,0.0,5.00,87995.00,69.5
350,0.00,420.00,420.0,33.16,1.00,1182.00,1183.0,74.2,1,5.05,4466,0.72,4522,49,4,0.00,0.00,0.0,0.00,0.00,0.0,1.00,100910.00,58.6
351,0.00,580.00,580.0,35.95,0.00,614.00,614.0,74.21,2,5.05,4466,0.72,4524,49,4,0.00,0.00,0.0,0.00,0.00,0.0,1.00,161635.00,59.2
352,0.00,424.00,424.0,16.49,0.00,684.00,684.0,74.22,4,5.05,4466,0.72,4521,49,4,0.00,0.00,0.0,0.00,0.00,0.0,1.00,63777.00,53.6
353,0.00,1120.00,1120.0,23.96,4.00,1162.00,1166.0,74.23,8,5.05,4464,0.72,4519,49,4,2.00,0.00,2.0,0.00,0.00,0.0,1.00,56611.00,53.6
354,0.00,38656.00,38656.0,7.87,2.00,363.00,365.0,74.24,1,4.65,4463,0.72,4524,49,4,2.00,0.00,2.0,0.00,0.00,0.0,2.00,17982.00,38.4
355,0.00,612.00,612.0,2.04,1.00,121.00,122.0,74.24,1,4.65,4461,0.72,4520,49,4,0.00,0.00,0.0,0.00,0.00,0.0,1.00,6034.00,38.2
356,0.00,116.00,116.0,2.54,0.00,155.00,155.0,74.24,1,4.65,4461,0.72,4520,49,4,0.00,0.00,0.0,0.00,0.00,0.0,1.00,6249.00,37.9
357,0.00,68.00,68.0,3.06,7.00,194.00,201.0,74.24,2,4.65,4457,0.72,4498,50,5,0.00,3.00,3.0,5.00,5.00,10.0,1.00,9122.00,38.1
358,0.00,412.00,412.0,8.58,2.00,419.00,421.0,74.25,5,4.65,4457,0.72,4492,50,5,0.00,2.00,2.0,0.00,0.00,0.0,6.00,31522.00,48.4
359,0.00,25524.00,25524.0,17.32,2.00,716.00,718.0,74.25,6,4.27,4457,0.72,4495,50,5,0.00,2.00,2.0,0.00,0.00,0.0,2.00,74628.00,54.3
360,0.00,84.00,84.0,43.93,2.00,757.00,759.0,74.27,5,4.27,4459,0.72,4496,50,5,0.00,2.00,2.0,0.00,0.00,0.0,3.00,115933.00,74.0
361,0.00,1152.00,1152.0,36.83,2.00,599.00,601.0,74.28,5,4.27,4462,0.72,4507,50,4,0.00,2.00,2.0,0.00,0.00,0.0,9.00,106823.00,73.5
362,0.00,720.00,720.0,32.54,1.00,906.00,907.0,74.29,5,4.27,4465,0.72,4515,50,4,0.00,1.00,1.0,0.00,0.00,0.0,4.00,63949.00,65.7
363,0.00,388.00,388.0,28.73,2.00,660.00,662.0,74.3,1,4.27,4466,0.72,4523,50,4,0.00,2.00,2.0,0.00,0.00,0.0,2.00,47477.00,58.1
364,0.00,7332.00,7332.0,6.22,2.00,270.00,272.0,74.3,1,4.01,4466,0.72,4525,50,4,0.00,2.00,2.0,0.00,0.00,0.0,2.00,13616.00,37.8
365,0.00,36.00,36.0,8.7,2.00,618.00,620.0,74.3,6,4.01,4466,0.72,4521,50,4,0.00,2.00,2.0,0.00,0.00,0.0,1.00,32505.00,50.8
366,0.00,476.00,476.0,52.11,2.00,1138.00,1140.0,74.34,2,4.01,4466,0.72,4520,50,4,0.00,2.00,2.0,0.00,0.00,0.0,1.00,110288.00,77.3
367,0.00,72.00,72.0,41.1,6.00,912.00,918.0,74.4,18,4.01,4465,0.72,4525,50,4,0.00,2.00,2.0,2.00,2.00,4.0,1.00,152763.00,77.2
368,0.00,392.00,392.0,43.15,2.00,797.00,799.0,74.42,4,4.01,4465,0.72,4517,50,4,0.00,0.00,0.0,2.00,2.00,4.0,1.00,101151.00,62.1
369,0.00,368.00,368.0,38.96,0.00,1542.00,1542.0,74.4,10,4.09,4466,0.72,4511,50,4,0.00,2.00,2.0,0.00,0.00,0.0,4.00,130372.00,72.4
370,0.00,3264.00,3264.0,31.45,1.00,1624.00,1625.0,74.42,3,4.09,4465,0.72,4521,49,4,0.00,0.00,0.0,0.00,0.00,0.0,1.00,100950.00,57.4
371,0.00,48.00,48.0,20.64,0.00,461.00,461.0,74.41,2,4.09,4465,0.72,4525,49,4,0.00,0.00,0.0,0.00,0.00,0.0,2.00,105523.00,56.9
372,0.00,544.00,544.0,16.58,0.00,587.00,587.0,74.41,6,4.09,4466,0.72,4520,49,4,0.00,0.00,0.0,0.00,0.00,0.0,2.00,55216.00,51.1
373,0.00,620.00,620.0,19.9,0.00,1039.00,1039.0,74.42,1,4.09,4466,0.72,4519,49,4,0.00,0.00,0.0,0.00,0.00,0.0,1.00,68057.00,51.3
374,0.00,8.00,8.0,12.16,0.00,476.00,476.0,74.43,2,4.0,4465,0.72,4518,49,4,0.00,0.00,0.0,0.00,0.00,0.0,2.00,60758.00,44.0
375,0.00,19816.00,19816.0,7.97,0.00,285.00,285.0,74.43,1,4.0,4465,0.72,4508,49,4,0.00,0.00,0.0,0.00,0.00,0.0,1.00,32386.00,43.8
376,0.00,632.00,632.0,10.46,3.00,369.00,372.0,74.44,1,4.0,4465,0.72,4511,50,4,2.00,2.00,4.0,0.00,1.00,1.0,18.00,33928.00,44.0
377,0.00,968.00,968.0,10.38,7.00,697.00,704.0,74.45,4,4.0,4464,0.72,4511,50,4,7.00,9.00,16.0,0.00,0.00,0.0,2.00,35950.00,51.0
378,0.00,132.00,132.0,24.81,4.00,811.00,815.0,74.49,3,4.0,4464,0.72,4511,50,4,3.00,1.00,4.0,0.00,0.00,0.0,1.00,72506.00,58.1
379,0.00,648.00,648.0,26.91,3.00,742.00,745.0,74.5,2,3.68,4462,0.72,4499,49,4,3.00,3.00,6.0,0.00,0.00,0.0,6.00,136422.00,58.4
380,0.00,6300.00,6300.0,33.59,0.00,684.00,684.0,74.49,10,3.68,4463,0.72,4501,49,4,0.00,0.00,0.0,0.00,0.00,0.0,2.00,80347.00,71.8
381,0.00,408.00,408.0,30.27,1.00,1018.00,1019.0,74.49,3,3.68,4465,0.72,4511,49,4,0.00,0.00,0.0,0.00,0.00,0.0,3.00,74482.00,57.8
382,0.00,916.00,916.0,22.8,0.00,592.00,592.0,74.5,1,3.68,4465,0.72,4512,49,4,0.00,0.00,0.0,0.00,0.00,0.0,2.00,43878.00,57.4
383,0.00,532.00,532.0,5.7,0.00,353.00,353.0,74.5,1,3.68,4466,0.72,4516,49,4,0.00,0.00,0.0,0.00,0.00,0.0,1.00,16504.00,39.9
384,0.00,308.00,308.0,13.2,1.00,760.00,761.0,74.51,7,3.63,4466,0.72,4514,49,4,0.00,0.00,0.0,0.00,0.00,0.0,2.00,37655.00,58.9
385,0.00,5040.00,5040.0,34.96,0.00,1271.00,1271.0,74.52,1,3.63,4465,0.72,4505,49,4,0.00,0.00,0.0,0.00,0.00,0.0,2.00,119681.00,59.2
386,0.00,108.00,108.0,37.11,4.00,903.00,907.0,74.54,9,3.63,4463,0.72,4505,49,4,4.00,0.00,4.0,0.00,0.00,0.0,1.00,181180.00,72.0
387,0.00,392.00,392.0,33.25,3.00,1068.00,1071.0,74.55,1,3.63,4466,0.72,4510,49,5,0.00,0.00,0.0,0.00,0.00,0.0,4.00,117766.00,62.2
388,0.00,1156.00,1156.0,41.12,3.00,1749.00,1752.0,74.57,11,3.63,4465,0.72,4506,49,4,1.00,1.00,2.0,4.00,4.00,8.0,1.00,136148.00,75.6
389,0.00,432.00,432.0,30.66,2.00,1175.00,1177.0,74.59,3,3.5,4466,0.72,4512,49,4,2.00,0.00,2.0,0.00,0.00,0.0,3.00,84762.00,54.3
390,0.00,44240.00,44240.0,19.33,0.00,623.00,623.0,74.6,5,3.5,4466,0.72,4514,49,4,0.00,0.00,0.0,0.00,0.00,0.0,1.00,92383.00,53.9
391,0.00,848.00,848.0,19.9,6.00,868.00,874.0,74.6,6,3.5,4466,0.72,4510,50,5,2.00,4.00,6.0,1.00,1.00,2.0,1.00,69939.00,53.8
392,0.00,664.00,664.0,15.41,2.00,660.00,662.0,74.61,4,3.5,4464,0.72,4505,50,5,0.00,2.00,2.0,0.00,0.00,0.0,1.00,58296.00,53.7
393,0.00,92.00,92.0,11.25,2.00,241.00,243.0,74.61,1,3.5,4463,0.72,4505,50,5,0.00,2.00,2.0,0.00,0.00,0.0,1.00,42989.00,40.0
394,0.00,288.00,288.0,6.0,2.00,263.00,265.0,74.62,3,3.22,4464,0.72,4505,50,5,0.00,2.00,2.0,0.00,0.00,0.0,3.00,32797.00,40.1
395,0.00,14104.00,14104.0,6.43,2.00,303.00,305.0,74.63,2,3.22,4464,0.72,4514,50,4,0.00,2.00,2.0,0.00,0.00,0.0,1.00,18105.00,40.1
396,0.00,100.00,100.0,3.18,2.00,149.00,151.0,74.63,1,3.22,4464,0.72,4513,50,4,0.00,2.00,2.0,0.00,0.00,0.0,1.00,5202.00,39.6
397,0.00,640.00,640.0,2.04,2.00,86.00,88.0,74.63,1,3.22,4464,0.72,4513,50,4,0.00,2.00,2.0,0.00,0.00,0.0,1.00,5541.00,39.2
398,0.00,220.00,220.0,2.15,0.00,108.00,108.0,74.63,1,3.22,4462,0.72,4509,50,4,0.00,0.00,0.0,0.00,0.00,0.0,1.00,6128.00,39.3
399,0.00,572.00,572.0,15.16,2.00,796.00,798.0,74.63,15,2.96,4461,0.72,4493,50,4,2.00,0.00,2.0,0.00,0.00,0.0,5.00,39629.00,57.7
400,0.00,10968.00,10968.0,33.16,2.00,938.00,940.0,74.64,1,2.96,4462,0.72,4503,50,4,0.00,0.00,0.0,0.00,0.00,0.0,4.00,92889.00,57.4
401,0.00,44.00,44.0,30.85,0.00,631.00,631.0,74.65,1,2.96,4461,0.72,4505,50,4,0.00,2.00,2.0,0.00,0.00,0.0,3.00,161126.00,58.0
402,0.00,432.00,432.0,16.67,8.00,719.00,727.0,74.65,14,2.96,4463,0.72,4508,50,4,6.00,2.00,8.0,0.00,0.00,0.0,5.00,66749.00,57.6
403,0.00,968.00,968.0,23.14,2.00,1037.00,1039.0,74.67,10,2.96,4465,0.72,4513,50,4,0.00,2.00,2.0,0.00,0.00,0.0,4.00,57346.00,50.2
404,0.00,196.00,196.0,20.1,0.00,438.00,438.0,74.67,1,2.72,4466,0.72,4519,50,4,0.00,0.00,0.0,0.00,0.00,0.0,3.00,22354.00,50.2
405,0.00,6368.00,6368.0,8.58,0.00,497.00,497.0,74.68,2,2.72,4466,0.72,4516,50,4,0.00,0.00,0.0,0.00,0.00,0.0,1.00,29503.00,50.7
406,0.00,72.00,72.0,39.04,2.00,1141.00,1143.0,74.69,7,2.72,4465,0.72,4511,50,4,0.00,2.00,2.0,0.00,0.00,0.0,1.00,98738.00,65.6
407,0.00,112.00,112.0,34.24,0.00,1009.00,1009.0,74.7,3,2.72,4466,0.72,4516,50,4,0.00,0.00,0.0,0.00,0.00,0.0,2.00,161323.00,74.9
408,0.00,568.00,568.0,46.23,8.00,851.00,859.0,74.79,4,2.72,4465,0.72,4513,50,4,2.00,0.00,2.0,4.00,4.00,8.0,1.00,143316.00,68.5
409,0.00,1076.00,1076.0,58.91,0.00,1369.00,1369.0,74.77,23,2.5,4465,0.72,4498,50,4,0.00,0.00,0.0,0.00,0.00,0.0,2.00,101372.00,84.9
410,0.00,896.00,896.0,64.34,4.00,1555.00,1559.0,74.83,10,2.5,4464,0.72,4502,50,4,4.00,0.00,4.0,0.00,0.00,0.0,2.00,88605.00,73.3
411,0.00,17120.00,17120.0,26.52,1.00,665.00,666.0,74.84,5,2.5,4464,0.72,4516,50,4,0.00,0.00,0.0,0.00,0.00,0.0,1.00,121220.00,55.7
412,0.00,88.00,88.0,14.52,1.00,489.00,490.0,74.8,12,2.5,4462,0.72,4511,50,4,0.00,0.00,0.0,0.00,0.00,0.0,1.00,47183.00,55.1
413,0.00,412.00,412.0,19.39,1.00,847.00,848.0,74.81,1,2.5,4463,0.72,4512,50,4,0.00,0.00,0.0,0.00,0.00,0.0,3.00,43157.00,48.4
414,0.00,16.00,16.0,8.13,2.00,549.00,551.0,74.81,2,2.38,4464,0.72,4518,50,4,2.00,0.00,2.0,0.00,0.00,0.0,3.00,35483.00,42.5
415,0.00,24.00,24.0,7.95,0.00,363.00,363.0,74.82,3,2.38,4464,0.72,4515,50,4,0.00,0.00,0.0,0.00,0.00,0.0,1.00,36569.00,42.5
416,0.00,4952.00,4952.0,10.05,2.00,302.00,304.0,74.82,3,2.38,4464,0.72,4511,49,4,2.00,0.00,2.0,0.00,0.00,0.0,1.00,59386.00,43.0
417,0.00,384.00,384.0,24.43,2.00,1076.00,1078.0,74.83,3,2.38,4465,0.72,4510,49,4,2.00,0.00,2.0,0.00,0.00,0.0,2.00,77357.00,63.2
418,0.00,624.00,624.0,31.49,0.00,1173.00,1173.0,74.88,10,2.38,4464,0.72,4511,49,4,0.00,0.00,0.0,0.00,0.00,0.0,1.00,96206.00,62.6
419,0.00,380.00,380.0,32.22,0.00,622.00,622.0,74.9,2,2.99,4464,0.72,4519,49,4,0.00,0.00,0.0,0.00,0.00,0.0,3.00,144993.00,62.4
420,0.00,280.00,280.0,18.86,0.00,680.00,680.0,74.91,13,2.99,4464,0.72,4517,49,4,0.00,0.00,0.0,0.00,0.00,0.0,1.00,68635.00,54.0
421,4.00,31784.00,31788.0,21.13,2.00,1116.00,1118.0,74.92,2,2.99,4465,0.72,4517,49,4,0.00,0.00,0.0,2.00,2.00,4.0,5.00,55430.00,53.4
422,0.00,480.00,480.0,5.6,0.00,350.00,350.0,74.89,1,2.99,4465,0.72,4522,49,4,0.00,0.00,0.0,0.00,0.00,0.0,1.00,15657.00,37.9
423,0.00,104.00,104.0,4.08,0.00,264.00,264.0,74.89,1,2.99,4465,0.72,4520,49,4,0.00,0.00,0.0,0.00,0.00,0.0,2.00,15941.00,38.2
424,0.00,188.00,188.0,32.02,0.00,731.00,731.0,75.01,5,2.91,4466,0.72,4522,49,4,0.00,0.00,0.0,0.00,0.00,0.0,2.00,60682.00,71.2
425,0.00,436.00,436.0,29.8,0.00,1080.00,1080.0,75.03,11,2.91,4466,0.72,4515,49,4,0.00,0.00,0.0,0.00,0.00,0.0,1.00,127479.00,65.0
426,0.00,7860.00,7860.0,29.86,5.00,917.00,922.0,75.04,7,2.91,4465,0.72,4513,50,5,2.00,3.00,5.0,1.00,1.00,2.0,1.00,139263.00,59.1
427,0.00,112.00,112.0,33.03,2.00,1149.00,1151.0,75.06,3,2.91,4464,0.72,4508,50,5,0.00,2.00,2.0,0.00,0.00,0.0,1.00,131949.00,68.0
428,0.00,188.00,188.0,40.89,4.00,1405.00,1409.0,74.98,5,2.91,4465,0.72,4508,50,5,0.00,0.00,0.0,4.00,4.00,8.0,3.00,106486.00,68.2
429,0.00,740.00,740.0,33.12,0.00,1170.00,1170.0,74.99,2,3.0,4464,0.72,4509,50,5,0.00,0.00,0.0,0.00,0.00,0.0,2.00,111854.00,67.9
430,0.00,64.00,64.0,32.51,0.00,501.00,501.0,75.0,4,3.0,4464,0.72,4513,50,4,0.00,0.00,0.0,0.00,0.00,0.0,1.00,88161.00,67.8
431,0.00,11596.00,11596.0,25.51,0.00,665.00,665.0,75.0,4,3.0,4465,0.72,4518,50,4,0.00,0.00,0.0,0.00,0.00,0.0,2.00,51504.00,61.3
432,0.00,504.00,504.0,19.87,5.00,539.00,544.0,75.01,4,3.0,4467,0.72,4523,51,4,5.00,5.00,10.0,0.00,0.00,0.0,3.00,26113.00,60.8
433,0.00,268.00,268.0,15.16,5.00,292.00,297.0,75.01,2,3.0,4467,0.72,4522,51,4,5.00,6.00,11.0,0.00,0.00,0.0,1.00,8148.00,54.6
434,0.00,588.00,588.0,10.41,1.00,103.00,104.0,75.02,2,2.84,4464,0.72,4514,51,4,1.00,2.00,3.0,0.00,0.00,0.0,2.00,5725.00,42.2
435,0.00,40.00,40.0,1.78,0.00,121.00,121.0,75.02,1,2.84,4464,0.72,4512,51,4,0.00,1.00,1.0,0.00,0.00,0.0,0.99,5592.08,36.7
436,0.00,17888.00,17888.0,7.32,5.00,357.00,362.0,75.02,1,2.84,4461,0.72,4504,50,4,5.00,2.00,7.0,0.00,0.00,0.0,18.00,19682.00,43.4
437,0.00,68.00,68.0,19.04,5.00,653.00,658.0,75.02,1,2.84,4461,0.72,4502,50,4,2.00,3.00,5.0,0.00,0.00,0.0,5.00,66529.00,55.9
438,0.00,64.00,64.0,17.24,5.00,548.00,553.0,75.03,7,2.84,4459,0.72,4500,50,4,0.00,1.00,1.0,4.00,4.00,8.0,2.00,82356.00,56.5
439,0.00,1104.00,1104.0,26.7,3.00,506.00,509.0,75.05,1,2.85,4457,0.72,4493,50,4,2.00,1.00,3.0,0.00,0.00,0.0,2.00,64255.00,49.2
440,0.00,336.00,336.0,23.92,3.00,1152.00,1155.0,75.06,7,2.85,4463,0.72,4507,50,4,0.00,2.00,2.0,0.00,0.00,0.0,7.00,86420.00,62.7
441,0.00,312.00,312.0,27.53,0.00,1160.00,1160.0,75.08,2,2.85,4465,0.72,4510,50,4,0.00,0.00,0.0,0.00,0.00,0.0,3.00,86293.00,62.3
442,0.00,15868.00,15868.0,27.13,2.00,479.00,481.0,75.09,1,2.85,4466,0.72,4515,50,4,2.00,0.00,2.0,0.00,0.00,0.0,2.00,103536.00,53.1
443,0.00,596.00,596.0,17.64,5.00,1212.00,1217.0,75.11,5,2.85,4466,0.72,4520,50,4,2.00,2.00,4.0,0.00,0.00,0.0,1.00,95438.00,59.8
444,0.00,1028.00,1028.0,33.55,0.00,1908.00,1908.0,75.12,5,3.03,4466,0.72,4514,50,4,0.00,0.00,0.0,0.00,0.00,0.0,2.00,136504.00,66.2
445,0.00,480.00,480.0,55.4,0.00,1150.00,1150.0,75.13,18,3.03,4466,0.72,4521,50,4,0.00,0.00,0.0,0.00,0.00,0.0,2.00,165856.00,83.5
446,0.00,460.00,460.0,49.94,2.00,1147.00,1149.0,75.15,1,3.03,4465,0.72,4512,50,4,0.00,2.00,2.0,0.00,0.00,0.0,1.00,129809.00,69.1
447,0.00,8308.00,8308.0,56.27,1.00,1397.00,1398.0,75.18,19,3.03,4464,0.72,4503,50,4,0.00,0.00,0.0,0.00,0.00,0.0,1.00,151987.00,83.1
448,0.00,304.00,304.0,50.19,4.00,1423.00,1427.0,75.25,9,3.03,4464,0.72,4500,50,4,4.00,0.00,4.0,0.00,0.00,0.0,2.00,88033.00,62.2
449,0.00,1244.00,1244.0,15.45,0.00,785.00,785.0,75.26,3,2.78,4464,0.72,4508,50,4,0.00,0.00,0.0,0.00,0.00,0.0,2.00,55116.00,46.0
450,0.00,224.00,224.0,8.71,0.00,522.00,522.0,75.22,1,2.78,4462,0.72,4512,50,4,0.00,0.00,0.0,0.00,0.00,0.0,1.00,25544.00,40.2
451,0.00,156.00,156.0,2.79,4.00,179.00,183.0,75.22,2,2.78,4461,0.72,4509,50,4,4.00,0.00,4.0,0.00,0.00,0.0,1.00,6763.00,39.9
452,0.00,32600.00,32600.0,2.02,2.00,172.00,174.0,75.22,2,2.78,4458,0.72,4500,50,4,2.00,0.00,2.0,0.00,0.00,0.0,1.00,7592.00,39.6
453,0.00,288.00,288.0,2.66,1.00,132.00,133.0,75.23,2,2.78,4457,0.72,4499,50,4,0.00,1.00,1.0,0.00,0.00,0.0,1.00,5732.00,39.1
454,0.00,96.00,96.0,4.68,0.00,322.77,322.77,75.23,3,2.56,4459,0.72,4494,50,4,0.00,0.00,0.0,0.00,0.00,0.0,4.00,20264.00,39.3
455,0.00,104.00,104.0,18.11,2.00,736.00,738.0,75.24,1,2.56,4459,0.72,4498,50,4,2.00,0.00,2.0,0.00,0.00,0.0,6.00,69150.00,49.9
456,0.00,412.00,412.0,20.63,3.00,526.00,529.0,75.25,7,2.56,4459,0.72,4500,50,4,2.00,1.00,3.0,0.00,0.00,0.0,2.00,84981.00,63.0
457,0.00,7280.00,7280.0,21.22,0.00,574.00,574.0,75.25,1,2.56,4460,0.72,4498,50,4,0.00,0.00,0.0,0.00,0.00,0.0,3.00,74831.00,46.6
458,0.00,704.00,704.0,25.93,4.00,1273.00,1277.0,75.27,3,2.56,4464,0.72,4504,50,4,0.00,0.00,0.0,4.00,4.00,8.0,6.00,106926.00,60.4
459,0.00,908.00,908.0,19.79,4.00,1017.00,1021.0,75.28,1,2.35,4465,0.72,4512,50,4,2.00,2.00,4.0,0.00,0.00,0.0,3.00,98362.00,60.3
460,0.00,1136.00,1136.0,28.04,0.00,413.00,413.0,75.29,2,2.35,4466,0.72,4504,50,4,0.00,0.00,0.0,0.00,0.00,0.0,2.00,71756.00,60.4
461,0.00,47.52,47.52,25.6,5.00,967.00,972.0,75.3,6,2.35,4466,0.72,4507,50,5,4.00,0.00,4.0,1.00,1.00,2.0,1.00,70235.00,60.4
462,0.00,9301.01,9301.01,28.61,3.00,1510.00,1513.0,75.32,3,2.35,4466,0.72,4506,50,5,2.00,1.00,3.0,0.00,0.00,0.0,1.00,103084.00,67.7
463,0.00,1536.63,1536.63,43.73,1.00,1183.00,1184.0,75.35,14,2.35,4464,0.72,4512,50,5,0.00,1.00,1.0,0.00,0.00,0.0,1.00,166531.00,78.2
464,0.00,48.00,48.0,50.19,0.00,1022.00,1022.0,75.36,17,2.49,4464,0.72,4504,50,5,0.00,0.00,0.0,0.00,0.00,0.0,2.00,131237.00,78.3
465,0.00,944.00,944.0,55.56,0.00,1171.00,1171.0,75.39,6,2.49,4465,0.72,4505,50,4,0.00,0.00,0.0,0.00,0.00,0.0,2.00,149150.00,71.1
466,0.00,1348.00,1348.0,30.99,3.00,1204.00,1207.0,75.4,2,2.49,4465,0.72,4501,50,4,0.00,2.00,2.0,0.00,0.00,0.0,1.00,78669.00,63.0
467,0.00,2424.00,2424.0,23.93,1.00,919.00,920.0,75.41,1,2.49,4465,0.72,4505,49,4,0.00,0.00,0.0,0.00,0.00,0.0,1.00,43099.00,54.0
468,0.00,96.00,96.0,9.18,1.00,524.00,525.0,75.41,4,2.49,4465,0.72,4513,49,4,0.00,0.00,0.0,0.00,0.00,0.0,1.00,41558.00,42.2
469,0.00,100.00,100.0,7.62,2.00,347.00,349.0,75.42,1,2.45,4465,0.72,4509,49,4,2.00,0.00,2.0,0.00,0.00,0.0,2.00,29664.00,42.3
470,0.00,80.00,80.0,11.91,1.00,272.00,273.0,75.4,1,2.45,4464,0.72,4508,49,4,0.00,0.00,0.0,0.00,0.00,0.0,2.00,56559.00,42.3
471,0.00,632.00,632.0,7.85,6.00,428.00,434.0,75.41,1,2.45,4464,0.72,4506,49,4,6.00,0.00,6.0,0.00,0.00,0.0,1.00,31511.00,42.2
472,0.00,29784.00,29784.0,6.38,2.00,434.00,436.0,75.42,3,2.45,4464,0.72,4507,49,4,2.00,0.00,2.0,0.00,0.00,0.0,1.00,20464.00,41.9
473,0.00,124.00,124.0,2.66,1.00,153.00,154.0,75.42,1,2.45,4464,0.72,4508,49,4,0.00,0.00,0.0,0.00,0.00,0.0,1.00,5974.00,36.5
474,0.00,12.00,12.0,5.83,0.00,428.00,428.0,75.42,1,2.25,4464,0.72,4506,49,4,0.00,0.00,0.0,0.00,0.00,0.0,2.00,22527.00,42.5
475,0.00,92.00,92.0,14.23,2.00,706.00,708.0,75.43,1,2.25,4463,0.72,4506,49,4,2.00,0.00,2.0,0.00,0.00,0.0,1.00,69273.00,48.4
476,0.00,900.00,900.0,19.03,2.00,527.00,529.0,75.44,2,2.25,4463,0.72,4511,49,4,2.00,0.00,2.0,0.00,0.00,0.0,2.00,116384.00,53.9
477,0.00,11208.00,11208.0,14.52,1.00,583.00,584.0,75.45,9,2.25,4464,0.72,4506,49,4,0.00,0.00,0.0,0.00,0.00,0.0,2.00,51864.00,53.6
478,0.00,716.00,716.0,21.88,4.00,1149.00,1153.0,75.47,6,2.25,4466,0.72,4514,49,4,0.00,0.00,0.0,4.00,4.00,8.0,2.00,77275.00,53.8
479,0.00,464.00,464.0,33.5,2.00,883.00,885.0,75.48,9,2.23,4466,0.72,4514,49,4,2.00,0.00,2.0,0.00,0.00,0.0,2.00,91641.00,67.9
480,0.00,452.00,452.0,36.4,0.00,1220.00,1220.0,75.49,10,2.23,4466,0.72,4494,49,4,0.00,0.00,0.0,0.00,0.00,0.0,1.00,105555.00,68.3
481,0.00,508.00,508.0,51.74,0.00,1703.00,1703.0,75.51,2,2.23,4466,0.72,4522,49,4,0.00,0.00,0.0,0.00,0.00,0.0,4.00,185550.00,75.8
482,0.00,856.00,856.0,41.65,0.00,1620.00,1620.0,75.53,15,2.23,4466,0.72,4509,49,4,0.00,0.00,0.0,0.00,0.00,0.0,0.00,209389.00,75.4
483,0.00,13536.00,13536.0,35.35,0.00,1335.00,1335.0,75.55,4,2.23,4466,0.72,4514,49,4,0.00,0.00,0.0,0.00,0.00,0.0,1.00,155334.00,62.1
484,0.00,488.00,488.0,32.12,1.00,1601.00,1602.0,75.57,4,2.37,4466,0.72,4521,49,4,1.00,1.00,2.0,0.00,0.00,0.0,2.00,100780.00,62.2
485,0.00,776.00,776.0,22.04,0.00,992.00,992.0,75.58,2,2.37,4466,0.72,4530,49,4,0.00,0.00,0.0,0.00,0.00,0.0,1.00,42267.00,61.8
486,0.00,332.00,332.0,16.75,0.00,309.00,309.0,75.59,2,2.37,4466,0.72,4528,49,4,0.00,0.00,0.0,0.00,0.00,0.0,1.00,16445.00,53.4
487,0.00,76.00,76.0,8.97,1.00,430.00,431.0,75.59,1,2.37,4466,0.72,4529,49,4,1.00,1.00,2.0,0.00,0.00,0.0,1.00,38716.00,43.4
488,0.00,38548.00,38548.0,32.13,5.00,341.00,346.0,75.6,2,2.37,4466,0.72,4527,49,4,1.00,1.00,2.0,4.00,4.00,8.0,1.00,61112.00,65.9
489,0.00,92.00,92.0,18.59,6.00,366.00,372.0,75.6,2,2.34,4468,0.72,4515,50,4,6.00,7.00,13.0,0.00,0.00,0.0,4.00,31391.00,60.0
490,0.00,1220.00,1220.0,19.85,5.00,521.00,526.0,75.61,1,2.34,4468,0.72,4510,50,4,4.00,3.00,7.0,0.00,0.00,0.0,1.00,22697.00,48.3
491,0.00,56.00,56.0,4.04,0.00,182.00,182.0,75.61,1,2.34,4468,0.72,4514,50,4,0.00,0.00,0.0,0.00,0.00,0.0,1.00,10402.00,36.2
492,0.00,424.00,424.0,2.78,5.00,241.00,246.0,75.61,2,2.34,4465,0.72,4509,50,4,5.00,4.00,9.0,0.00,0.00,0.0,1.00,11283.00,36.5
493,0.00,5944.00,5944.0,9.52,3.00,541.00,544.0,75.62,1,2.34,4464,0.72,4510,49,4,3.00,0.00,3.0,0.00,0.00,0.0,1.00,44890.00,45.8
494,0.00,16.00,16.0,13.76,0.00,657.00,657.0,75.62,3,2.15,4464,0.72,4509,49,4,0.00,0.00,0.0,0.00,0.00,0.0,2.00,70800.00,46.2
495,0.00,396.00,396.0,19.65,5.00,486.00,491.0,75.64,1,2.15,4464,0.72,4508,50,5,2.00,3.00,5.0,1.00,1.00,2.0,1.00,102575.00,51.6
496,0.00,468.00,468.0,15.47,2.00,751.00,753.0,75.65,2,2.15,4466,0.72,4510,50,5,0.00,1.00,1.0,0.00,0.00,0.0,19.00,69241.00,51.8
497,0.00,476.00,476.0,18.19,1.00,1069.00,1070.0,75.66,4,2.15,4466,0.72,4504,50,5,0.00,1.00,1.0,0.00,0.00,0.0,1.00,75701.00,51.8
498,0.00,4432.00,4432.0,19.14,4.00,741.00,745.0,75.66,4,2.15,4465,0.72,4504,50,5,2.00,2.00,4.0,0.00,0.00,0.0,1.00,101126.00,51.6
499,0.00,648.00,648.0,21.79,3.00,847.00,850.0,75.68,1,2.3,4465,0.72,4511,50,4,0.00,2.00,2.0,0.00,0.00,0.0,6.00,109337.00,57.1
500,0.00,236.00,236.0,18.66,0.00,760.00,760.0,75.69,13,2.3,4465,0.72,4519,50,4,0.00,0.00,0.0,0.00,0.00,0.0,1.00,94921.00,50.4
501,0.00,288.00,288.0,13.15,0.00,617.00,617.0,75.7,1,2.3,4465,0.72,4515,50,4,0.00,0.00,0.0,0.00,0.00,0.0,3.00,53394.00,50.2
502,0.00,444.00,444.0,17.15,3.00,1163.00,1166.0,75.71,1,2.3,4465,0.72,4515,50,4,2.00,0.00,2.0,0.00,0.00,0.0,1.00,56394.00,50.5
503,0.00,1936.00,1936.0,31.59,1.00,1296.00,1297.0,75.72,1,2.3,4465,0.72,4517,50,4,1.00,1.00,2.0,0.00,0.00,0.0,1.00,117172.00,61.9
504,0.00,636.00,636.0,30.64,0.00,874.00,874.0,75.73,14,2.84,4465,0.72,4520,50,4,0.00,0.00,0.0,0.00,0.00,0.0,2.00,161524.00,71.4
505,0.00,428.00,428.0,25.63,0.00,832.00,832.0,75.75,1,2.84,4464,0.72,4508,50,4,0.00,0.00,0.0,0.00,0.00,0.0,1.00,92345.00,54.9
506,0.00,424.00,424.0,38.42,7.00,1622.00,1629.0,75.76,14,2.84,4464,0.72,4507,50,4,6.00,1.00,7.0,0.00,0.00,0.0,3.00,116598.00,66.7
507,0.00,444.00,444.0,29.8,2.00,1156.00,1158.0,75.78,2,2.84,4464,0.72,4509,50,4,0.00,2.00,2.0,0.00,0.00,0.0,1.00,61166.00,66.7
508,0.00,38256.00,38256.0,20.33,5.00,275.00,280.0,75.79,1,2.84,4463,0.72,4511,50,4,0.00,0.00,0.0,4.00,4.00,8.0,1.00,54243.00,45.1
509,0.00,760.00,760.0,9.12,2.00,396.00,398.0,75.8,1,3.09,4465,0.72,4515,50,4,2.00,0.00,2.0,0.00,0.00,0.0,4.00,31394.00,44.9
510,0.00,320.00,320.0,7.46,7.00,506.00,513.0,75.8,1,3.09,4465,0.72,4513,50,4,2.00,3.00,5.0,0.00,0.00,0.0,1.00,22074.00,39.4
511,0.00,20.00,20.0,1.78,4.00,122.00,126.0,75.8,1,3.09,4464,0.72,4513,50,4,4.00,2.00,6.0,0.00,0.00,0.0,1.00,5283.00,38.9
512,0.00,484.00,484.0,3.7,6.00,327.00,333.0,75.8,2,3.09,4464,0.72,4511,50,4,4.00,2.00,6.0,0.00,0.00,0.0,1.00,18966.00,39.3
513,0.00,10316.00,10316.0,15.99,4.00,803.00,807.0,75.81,2,3.09,4464,0.72,4512,50,4,2.00,2.00,4.0,0.00,0.00,0.0,1.00,74416.00,50.4
514,0.00,312.00,312.0,21.12,10.00,806.00,816.0,75.83,12,2.84,4464,0.72,4517,50,4,8.00,2.00,10.0,0.00,0.00,0.0,2.00,131617.00,57.8
515,0.00,76.00,76.0,23.59,4.00,814.00,818.0,75.84,7,2.84,4466,0.72,4514,50,5,2.00,0.00,2.0,2.00,2.00,4.0,3.00,82330.00,65.1
516,0.00,404.00,404.0,38.54,0.00,1280.00,1280.0,75.88,3,2.84,4466,0.72,4508,50,5,0.00,0.00,0.0,0.00,0.00,0.0,1.00,115600.00,65.5
517,0.00,488.00,488.0,34.16,7.00,1221.00,1228.0,75.89,3,2.84,4466,0.72,4522,50,5,4.00,3.00,7.0,0.00,0.00,0.0,1.00,114588.00,65.3
518,0.00,29804.00,29804.0,21.27,5.00,769.00,774.0,75.93,1,2.84,4467,0.72,4529,51,5,0.00,2.00,2.0,4.00,4.00,8.0,2.00,84943.00,54.8
519,0.00,488.00,488.0,11.14,2.00,696.00,698.0,75.93,1,3.34,4467,0.72,4523,51,5,0.00,2.00,2.0,0.00,0.00,0.0,2.00,57545.00,48.1
520,0.00,996.00,996.0,24.36,6.00,1258.00,1264.0,75.94,5,3.34,4466,0.72,4512,51,4,2.00,2.00,4.0,2.00,2.00,4.0,1.00,98177.00,61.6
521,0.00,308.00,308.0,29.67,2.00,1434.00,1436.0,75.95,25,3.34,4466,0.72,4506,51,4,0.00,2.00,2.0,0.00,0.00,0.0,1.00,114292.00,66.7
522,0.00,880.00,880.0,37.5,2.00,855.00,857.0,75.97,1,3.34,4466,0.72,4513,51,4,0.00,2.00,2.0,0.00,0.00,0.0,1.00,164614.00,66.4
523,0.00,16324.00,16324.0,23.99,0.00,918.00,918.0,75.97,1,3.34,4465,0.72,4510,51,4,0.00,0.00,0.0,0.00,0.00,0.0,1.00,119955.00,56.3
524,0.00,1056.00,1056.0,33.5,0.00,1524.00,1524.0,75.98,2,3.79,4466,0.72,4506,51,4,0.00,0.00,0.0,0.00,0.00,0.0,3.00,82057.00,61.5
525,0.00,404.00,404.0,13.42,4.00,895.00,899.0,75.99,1,3.79,4466,0.72,4512,51,4,0.00,3.00,3.0,0.00,0.00,0.0,1.00,57187.00,44.0
526,0.00,84.00,84.0,8.37,1.00,292.00,293.0,75.99,4,3.79,4466,0.72,4512,51,4,0.00,1.00,1.0,0.00,0.00,0.0,1.00,65885.00,43.9
527,0.00,92.00,92.0,6.33,2.00,315.00,317.0,76.0,4,3.79,4465,0.72,4515,51,4,2.00,1.00,3.0,0.00,0.00,0.0,1.00,25679.00,43.8
528,0.00,108.00,108.0,10.01,4.00,571.00,575.0,76.0,1,3.79,4465,0.72,4511,51,4,1.00,2.00,3.0,0.00,0.00,0.0,1.00,25640.00,43.5
529,0.00,7892.00,7892.0,5.96,13.00,220.00,233.0,76.01,2,3.57,4461,0.72,4507,50,5,12.00,2.00,14.0,1.00,1.00,2.0,2.00,11879.00,43.0
530,0.00,460.00,460.0,4.77,4.00,352.00,356.0,76.01,2,3.57,4461,0.72,4507,50,5,4.00,0.00,4.0,0.00,0.00,0.0,3.00,22760.00,43.0
531,0.00,336.00,336.0,16.83,4.00,659.00,663.0,76.02,1,3.57,4461,0.72,4504,50,5,4.00,0.00,4.0,0.00,0.00,0.0,1.00,69666.00,49.0
532,0.00,88.00,88.0,23.34,3.00,720.00,723.0,76.03,8,3.57,4461,0.72,4507,50,5,2.00,0.00,2.0,0.00,0.00,0.0,1.00,137566.00,59.2
533,0.00,304.00,304.0,15.21,3.00,710.00,713.0,76.04,1,3.57,4461,0.72,4508,51,4,0.00,4.00,4.0,0.00,0.00,0.0,3.00,70302.00,58.7
534,0.00,2808.00,2808.0,22.51,1.00,976.00,977.0,76.05,4,4.08,4462,0.72,4508,51,4,0.00,1.00,1.0,0.00,0.00,0.0,4.00,96424.00,49.2
535,0.00,216.00,216.0,8.68,1.00,578.00,579.0,76.06,1,4.08,4464,0.72,4510,51,4,0.00,0.00,0.0,0.00,0.00,0.0,3.00,41494.00,42.6
536,0.00,668.00,668.0,9.14,10.00,780.00,790.0,76.06,1,4.08,4464,0.72,4507,51,4,8.00,2.00,10.0,0.00,0.00,0.0,1.00,34552.00,48.1
537,0.00,88.00,88.0,24.19,1.00,717.00,718.0,76.07,3,4.08,4464,0.72,4513,51,4,0.00,1.00,1.0,0.00,0.00,0.0,1.00,66571.00,61.9
538,0.00,528.00,528.0,27.85,9.00,533.00,542.0,76.08,7,4.08,4462,0.72,4517,51,4,2.00,1.00,3.0,4.00,4.00,8.0,1.00,104438.00,62.4
539,0.00,14780.00,14780.0,23.25,0.00,741.00,741.0,76.09,8,4.16,4463,0.72,4520,51,4,2.00,0.00,2.0,0.00,0.00,0.0,4.00,58632.00,67.6
540,0.00,564.00,564.0,51.98,0.00,1659.00,1659.0,76.11,4,4.16,4464,0.72,4509,51,4,0.00,0.00,0.0,0.00,0.00,0.0,2.00,111194.00,79.0
541,0.00,44.00,44.0,48.42,1.00,953.00,954.0,76.12,2,4.16,4465,0.72,4516,50,4,0.00,0.00,0.0,0.00,0.00,0.0,5.00,121689.00,73.0
542,0.00,1320.00,1320.0,32.24,0.00,610.00,610.0,76.13,4,4.16,4465,0.72,4524,50,4,0.00,0.00,0.0,0.00,0.00,0.0,1.00,105493.00,65.7
543,0.00,296.00,296.0,23.99,1.00,1111.00,1112.0,76.14,1,4.16,4466,0.72,4524,51,4,0.00,2.00,2.0,0.00,0.00,0.0,2.00,85332.00,54.2
544,0.00,27420.00,27420.0,18.21,1.00,1117.00,1118.0,76.15,1,4.22,4466,0.72,4525,51,4,0.00,1.00,1.0,0.00,0.00,0.0,2.00,66552.00,48.4
545,0.00,484.00,484.0,10.46,0.00,363.00,363.0,76.16,1,4.22,4464,0.72,4522,51,4,0.00,0.00,0.0,0.00,0.00,0.0,1.00,60705.00,47.7
546,0.00,412.00,412.0,7.65,2.00,442.00,444.0,76.17,1,4.22,4464,0.72,4515,51,4,0.00,2.00,2.0,0.00,0.00,0.0,1.00,35209.00,47.4
547,0.00,364.00,364.0,12.9,4.00,799.00,803.0,76.18,1,4.22,4466,0.72,4520,52,4,4.00,4.00,8.0,0.00,0.00,0.0,3.00,62880.00,47.2
548,0.00,960.00,960.0,17.33,9.00,561.00,570.0,76.19,1,4.22,4466,0.72,4520,52,4,5.00,6.00,11.0,4.00,4.00,8.0,1.00,78155.00,47.6
549,0.00,30080.00,30080.0,23.69,2.00,646.00,648.0,76.2,7,4.05,4467,0.72,4516,52,4,2.00,1.00,3.0,0.00,0.00,0.0,4.00,57733.00,70.3
550,0.00,88.00,88.0,31.23,0.00,995.00,995.0,76.21,2,4.05,4467,0.72,4517,52,4,0.00,1.00,1.0,0.00,0.00,0.0,1.00,91228.00,56.3
551,0.00,44.00,44.0,22.39,7.00,793.00,800.0,76.21,1,4.05,4465,0.72,4512,51,4,5.00,4.00,9.0,0.00,0.00,0.0,1.00,101049.00,56.5
552,0.00,928.00,928.0,20.0,5.00,898.00,903.0,76.22,1,4.05,4465,0.72,4511,50,4,4.00,0.00,4.0,0.00,0.00,0.0,1.00,75571.00,56.2
553,0.00,492.00,492.0,27.75,3.00,851.00,854.0,76.23,6,4.05,4465,0.72,4516,51,4,0.00,4.00,4.0,0.00,0.00,0.0,1.00,100446.00,56.7
554,0.00,9748.00,9748.0,16.65,6.00,500.00,506.0,76.24,2,3.72,4463,0.72,4516,51,4,4.00,2.00,6.0,0.00,0.00,0.0,2.00,40879.00,49.5
555,0.00,96.00,96.0,15.99,9.00,1049.00,1058.0,76.25,1,3.72,4463,0.72,4510,50,4,6.00,1.00,7.0,0.00,0.00,0.0,1.00,50057.00,49.6
556,0.00,596.00,596.0,13.4,4.00,678.00,682.0,76.26,5,3.72,4462,0.72,4521,50,4,2.00,2.00,4.0,0.00,0.00,0.0,17.00,75009.00,49.6
557,0.00,88.00,88.0,18.39,10.00,681.00,691.0,76.27,6,3.72,4463,0.72,4532,50,4,8.00,2.00,10.0,0.00,0.00,0.0,2.00,89516.00,49.6
558,0.00,372.00,372.0,29.92,6.00,1129.00,1135.0,76.31,4,3.72,4465,0.72,4550,50,4,4.00,1.00,5.0,0.00,0.00,0.0,3.00,85270.00,60.6
559,0.00,132.00,132.0,38.44,4.00,1354.00,1358.0,76.32,15,3.42,4465,0.72,4538,50,4,2.00,2.00,4.0,0.00,0.00,0.0,2.00,104185.00,72.1
560,0.00,6152.00,6152.0,25.7,4.00,770.00,774.0,76.34,6,3.42,4464,0.72,4534,50,4,2.00,2.00,4.0,0.00,0.00,0.0,1.00,90386.00,49.0
561,0.00,268.00,268.0,21.2,7.00,1110.00,1117.0,76.35,1,3.42,4465,0.72,4545,50,4,6.00,0.00,6.0,0.00,0.00,0.0,3.00,111533.00,58.1
562,0.00,328.00,328.0,21.25,1.00,1112.00,1113.0,76.35,5,3.42,4466,0.72,4548,50,4,0.00,0.00,0.0,0.00,0.00,0.0,2.00,75090.00,52.7
563,0.00,1536.00,1536.0,18.29,7.00,745.00,752.0,76.36,1,3.42,4465,0.72,4541,50,5,4.00,2.00,6.0,1.00,1.00,2.0,1.00,84819.00,52.6
564,0.00,512.00,512.0,8.63,5.00,402.00,407.0,76.37,1,3.15,4465,0.72,4536,49,5,4.00,0.00,4.0,0.00,0.00,0.0,2.00,37128.00,45.4
565,0.00,9148.00,9148.0,13.61,0.00,751.00,751.0,76.37,2,3.15,4465,0.72,4528,49,5,0.00,0.00,0.0,0.00,0.00,0.0,3.00,55450.00,45.6
566,0.00,108.00,108.0,12.67,4.00,271.00,275.0,76.38,1,3.15,4464,0.72,4524,49,5,4.00,0.00,4.0,0.00,0.00,0.0,1.00,64336.00,45.2
567,0.00,96.00,96.0,5.46,0.00,284.00,284.0,76.39,2,3.15,4463,0.72,4523,49,4,0.00,0.00,0.0,0.00,0.00,0.0,1.00,25393.00,44.7
568,0.00,124.00,124.0,7.38,4.00,511.00,515.0,76.39,1,3.15,4463,0.72,4527,49,4,0.00,0.00,0.0,4.00,4.00,8.0,1.00,29230.00,44.2
569,0.00,624.00,624.0,3.18,0.00,178.00,178.0,76.4,2,2.9,4463,0.72,4529,49,4,0.00,0.00,0.0,0.00,0.00,0.0,2.00,11127.00,36.9
570,0.00,15916.00,15916.0,7.36,10.00,544.00,554.0,76.4,2,2.9,4463,0.72,4522,49,4,10.00,0.00,10.0,0.00,0.00,0.0,2.00,27119.00,53.7
571,0.00,456.00,456.0,36.33,0.00,960.00,960.0,76.41,7,2.9,4463,0.72,4520,49,4,0.00,0.00,0.0,0.00,0.00,0.0,1.00,92753.00,59.2
572,0.00,96.00,96.0,22.29,0.00,690.00,690.0,76.42,4,2.9,4463,0.72,4527,49,4,0.00,0.00,0.0,0.00,0.00,0.0,1.00,146125.00,59.1
573,0.00,1108.00,1108.0,14.14,0.00,610.00,610.0,76.43,3,2.9,4464,0.72,4525,49,4,0.00,0.00,0.0,0.00,0.00,0.0,2.00,75976.00,58.5
574,0.00,64.00,64.0,21.66,0.00,1131.00,1131.0,76.44,5,3.15,4466,0.72,4523,49,4,0.00,0.00,0.0,0.00,0.00,0.0,6.00,71737.00,58.5
575,0.00,16308.00,16308.0,21.6,4.00,617.00,621.0,76.47,2,3.15,4466,0.72,4529,49,4,4.00,0.00,4.0,0.00,0.00,0.0,1.00,26271.00,51.0
576,0.00,92.00,92.0,2.29,0.00,115.00,115.0,76.46,2,3.15,4465,0.72,4527,49,4,0.00,0.00,0.0,0.00,0.00,0.0,1.00,5442.00,36.1
577,0.00,84.00,84.0,2.28,0.00,94.00,94.0,76.46,1,3.15,4465,0.72,4527,49,4,0.00,0.00,0.0,0.00,0.00,0.0,1.00,5400.00,36.0
578,0.00,636.00,636.0,5.71,8.00,513.00,521.0,76.47,5,3.15,4465,0.72,4521,49,4,4.00,0.00,4.0,4.00,4.00,8.0,2.00,28232.00,48.0
579,0.00,136.00,136.0,30.43,2.00,1265.00,1267.0,76.48,5,2.89,4464,0.72,4526,49,4,2.00,0.00,2.0,0.00,0.00,0.0,3.00,120102.00,64.7
580,0.00,38896.00,38896.0,29.73,0.00,952.00,952.0,76.5,3,2.89,4463,0.72,4538,49,4,0.00,0.00,0.0,0.00,0.00,0.0,1.00,148296.00,64.9
581,0.00,848.00,848.0,25.95,4.00,985.00,989.0,76.51,3,2.89,4463,0.72,4526,49,4,4.00,0.00,4.0,0.00,0.00,0.0,1.00,110279.00,64.5
582,0.00,604.00,604.0,38.94,2.00,1918.00,1920.0,76.53,2,2.89,4465,0.72,4526,49,4,2.00,0.00,2.0,0.00,0.00,0.0,4.00,139410.00,65.0
583,0.00,396.00,396.0,34.54,0.00,1738.00,1738.0,76.55,11,2.89,4465,0.72,4532,49,4,0.00,0.00,0.0,0.00,0.00,0.0,2.00,149683.00,64.6
584,0.00,648.00,648.0,16.99,2.00,673.00,675.0,76.56,3,2.66,4466,0.72,4545,49,4,2.00,0.00,2.0,0.00,0.00,0.0,3.00,86922.00,50.8
585,0.00,10040.00,10040.0,15.49,1.00,1009.00,1010.0,76.57,2,2.66,4466,0.72,4537,49,4,0.00,0.00,0.0,0.00,0.00,0.0,1.00,67324.00,50.4
586,0.00,140.00,140.0,13.51,0.00,877.00,877.0,76.59,1,2.66,4466,0.72,4536,49,4,0.00,0.00,0.0,0.00,0.00,0.0,1.00,50254.00,45.1
587,0.00,92.00,92.0,4.83,3.00,379.00,382.0,76.59,2,2.66,4465,0.72,4533,49,4,2.00,0.00,2.0,0.00,0.00,0.0,1.00,16255.00,38.4
588,0.00,440.00,440.0,10.1,2.00,682.00,684.0,76.59,3,2.66,4465,0.72,4552,49,4,0.00,0.00,0.0,0.00,0.00,0.0,1.00,52634.00,46.7
589,0.00,124.00,124.0,27.42,3.00,876.00,879.0,76.6,8,2.45,4463,0.72,4544,49,4,2.00,0.00,2.0,0.00,0.00,0.0,2.00,70331.00,70.5
590,0.00,68.00,68.0,28.93,6.00,686.00,692.0,76.62,4,2.45,4464,0.72,4553,49,4,6.00,0.00,6.0,0.00,0.00,0.0,2.00,121784.00,53.9
591,0.00,5120.00,5120.0,37.8,0.00,769.00,769.0,76.65,1,2.45,4465,0.72,4547,49,4,0.00,0.00,0.0,0.00,0.00,0.0,2.00,69585.00,63.0
592,0.00,420.00,420.0,18.18,3.00,1116.00,1119.0,76.66,5,2.45,4466,0.72,4558,49,4,2.00,0.00,2.0,0.00,0.00,0.0,3.00,51889.00,49.9
593,0.00,116.00,116.0,7.77,0.00,455.00,455.0,76.67,1,2.45,4466,0.72,4561,49,4,0.00,0.00,0.0,0.00,0.00,0.0,1.00,18580.00,39.3
594,0.00,0.00,0.0,2.28,0.00,115.00,115.0,76.67,1,2.33,4466,0.72,4559,49,4,0.00,0.00,0.0,0.00,0.00,0.0,2.00,6082.00,38.8
595,0.00,60.00,60.0,2.15,0.00,103.00,103.0,76.66,1,2.33,4464,0.72,4543,49,4,0.00,0.00,0.0,0.00,0.00,0.0,1.00,5294.00,44.0
596,0.00,6996.00,6996.0,16.14,2.00,785.00,787.0,76.66,1,2.33,4464,0.72,4537,49,4,2.00,0.00,2.0,0.00,0.00,0.0,3.00,42418.00,51.8
597,0.00,116.00,116.0,26.55,0.00,1232.00,1232.0,76.67,7,2.33,4462,0.72,4520,49,4,0.00,0.00,0.0,0.00,0.00,0.0,1.00,127033.00,61.8
598,0.00,492.00,492.0,34.31,4.00,856.00,860.0,76.68,8,2.33,4463,0.72,4527,49,4,0.00,0.00,0.0,4.00,4.00,8.0,2.00,181550.00,61.8
599,0.00,360.00,360.0,32.99,1.00,1271.00,1272.0,76.7,9,2.14,4465,0.72,4538,50,5,0.00,1.00,1.0,1.00,1.00,2.0,5.00,115669.00,73.0
600,0.00,404.00,404.0,70.19,0.00,1762.00,1762.0,76.74,18,2.14,4466,0.72,4519,50,5,0.00,0.00,0.0,0.00,0.00,0.0,3.00,116853.00,83.1
601,0.00,11444.00,11444.0,64.24,0.00,1453.00,1453.0,76.78,14,2.14,4466,0.72,4518,50,5,0.00,0.00,0.0,0.00,0.00,0.0,4.00,139217.00,74.4
602,0.00,1056.00,1056.0,25.71,1.00,618.00,619.0,76.79,1,2.14,4466,0.72,4525,50,5,0.00,1.00,1.0,0.00,0.00,0.0,2.00,103536.00,57.2
603,0.00,420.00,420.0,15.62,0.00,959.00,959.0,76.8,6,2.14,4466,0.72,4520,50,4,0.00,0.00,0.0,0.00,0.00,0.0,1.00,66987.00,56.8
604,0.00,56.00,56.0,15.22,0.00,743.00,743.0,76.81,1,2.45,4465,0.72,4522,50,4,0.00,0.00,0.0,0.00,0.00,0.0,2.00,42124.00,43.7
605,0.00,540.00,540.0,9.84,2.00,212.00,214.0,76.81,2,2.45,4464,0.72,4524,50,4,0.00,2.00,2.0,0.00,0.00,0.0,1.00,11955.00,53.0
606,0.00,10336.00,10336.0,7.54,6.00,167.00,173.0,76.81,3,2.45,4465,0.72,4521,51,4,6.00,7.00,13.0,0.00,0.00,0.0,3.00,7157.00,38.1
607,0.00,740.00,740.0,3.43,3.00,204.00,207.0,76.82,1,2.45,4463,0.72,4521,51,4,3.00,4.00,7.0,0.00,0.00,0.0,1.00,6284.00,37.9
608,0.00,104.00,104.0,2.28,5.00,157.00,162.0,76.82,1,2.45,4461,0.72,4512,51,4,0.00,2.00,2.0,4.00,4.00,8.0,1.00,6569.00,37.8
609,0.00,120.00,120.0,3.72,6.00,260.00,266.0,76.81,4,2.26,4456,0.72,4493,50,4,6.00,3.00,9.0,0.00,0.00,0.0,3.00,15213.00,38.0
610,0.00,72.00,72.0,14.56,6.00,886.00,892.0,76.82,3,2.26,4458,0.72,4500,50,4,6.00,0.00,6.0,0.00,0.00,0.0,6.00,78779.00,54.0
611,0.00,45216.00,45216.0,30.94,3.00,884.00,887.0,76.83,6,2.26,4459,0.72,4504,50,4,3.00,1.00,4.0,0.00,0.00,0.0,2.00,107359.00,75.8
612,0.00,764.00,764.0,49.81,2.00,583.00,585.0,76.85,5,2.26,4461,0.72,4516,50,4,2.00,0.00,2.0,0.00,0.00,0.0,4.00,117902.00,69.5
613,0.00,376.00,376.0,23.14,2.00,976.00,978.0,76.86,2,2.26,4464,0.72,4522,50,4,2.00,0.00,2.0,0.00,0.00,0.0,5.00,74777.00,53.3
614,0.00,300.00,300.0,16.88,1.00,934.00,935.0,76.88,3,2.32,4465,0.72,4522,50,4,1.00,1.00,2.0,0.00,0.00,0.0,3.00,43010.00,44.6
615,0.00,76.00,76.0,4.05,1.00,253.00,254.0,76.88,1,2.32,4465,0.72,4526,50,4,0.00,0.00,0.0,0.00,0.00,0.0,1.00,10561.00,36.7
616,0.00,24260.00,24260.0,21.22,2.00,463.00,465.0,76.89,12,2.32,4464,0.72,4519,50,4,2.00,0.00,2.0,0.00,0.00,0.0,20.00,27812.00,70.3
617,0.00,468.00,468.0,54.92,0.00,1119.00,1119.0,76.9,14,2.32,4464,0.72,4517,50,4,0.00,0.00,0.0,0.00,0.00,0.0,2.00,96446.00,70.6
618,0.00,124.00,124.0,50.83,11.00,1584.00,1595.0,76.93,11,2.32,4462,0.72,4507,50,4,6.00,1.00,7.0,4.00,4.00,8.0,5.00,154414.00,81.4
619,0.00,464.00,464.0,79.09,0.00,1001.00,1001.0,76.96,13,4.53,4463,0.72,4521,50,4,0.00,0.00,0.0,0.00,0.00,0.0,3.00,165317.00,81.6
620,0.00,520.00,520.0,61.98,0.00,1357.00,1357.0,76.99,17,4.53,4464,0.72,4529,50,4,0.00,0.00,0.0,0.00,0.00,0.0,5.00,147908.00,81.8
621,0.00,1092.00,1092.0,49.3,3.00,1718.00,1721.0,77.01,4,4.53,4465,0.72,4513,50,4,2.00,0.00,2.0,0.00,0.00,0.0,2.00,140070.00,65.6
622,4.00,324.00,328.0,28.08,0.00,1535.00,1535.0,77.03,0,4.53,4465,0.72,4526,50,4,0.00,0.00,0.0,0.00,0.00,0.0,1.00,96740.00,65.2
623,0.00,948.00,948.0,19.45,2.00,1063.00,1065.0,77.04,0,4.53,4465,0.72,4534,50,6,0.00,0.00,0.0,2.00,2.00,4.0,1.00,42995.00,42.3
624,0.00,552.00,552.0,3.18,6.00,166.00,172.0,77.04,0,4.25,4463,0.72,4531,50,6,6.00,0.00,6.0,0.00,0.00,0.0,1.98,7054.46,36.7
625,0.00,256.00,256.0,2.04,4.00,156.00,160.0,77.04,0,4.25,4461,0.72,4527,50,6,4.00,0.00,4.0,0.00,0.00,0.0,1.00,6527.00,36.7
626,0.00,4144.00,4144.0,2.03,3.00,136.00,139.0,77.04,0,4.25,4459,0.72,4523,50,6,2.00,0.00,2.0,0.00,0.00,0.0,1.00,5937.00,36.7
627,0.00,96.00,96.0,6.2,6.00,488.00,494.0,77.04,0,4.25,4458,0.72,4512,50,6,6.00,0.00,6.0,0.00,0.00,0.0,3.00,24844.00,44.3
628,343.00,528.00,871.0,17.99,70.00,1041.00,1111.0,77.05,0,4.25,4458,0.72,4506,51,5,56.00,32.00,88.0,11.00,8.00,19.0,3.00,100365.00,55.9
629,452.00,3828.00,4280.0,31.03,25.00,723.00,748.0,77.09,4,4.15,4458,0.72,4515,51,5,25.00,12.00,37.0,0.00,0.00,0.0,4.00,145057.00,65.4
630,0.00,96.00,96.0,17.13,6.00,667.00,673.0,77.1,6,4.15,4460,0.72,4520,51,5,6.00,0.00,6.0,0.00,0.00,0.0,4.00,78354.00,49.6
631,0.00,16552.00,16552.0,17.58,2.00,1164.00,1166.0,77.11,0,4.15,4465,0.72,4526,51,5,2.00,0.00,2.0,0.00,0.00,0.0,5.00,67499.00,49.6
632,0.00,612.00,612.0,10.79,4.00,669.00,673.0,77.12,0,4.15,4466,0.72,4534,51,5,4.00,0.00,4.0,0.00,0.00,0.0,2.00,31911.00,41.0
633,0.00,664.00,664.0,3.02,14.00,152.00,166.0,77.13,0,4.15,4466,0.72,4532,49,6,13.00,6.00,19.0,1.00,1.00,2.0,1.00,6670.00,40.4
634,0.00,0.00,0.0,3.93,1.00,231.00,232.0,77.13,0,3.82,4466,0.72,4530,49,6,0.00,1.00,1.0,0.99,0.00,0.99,2.00,16086.00,45.8
635,0.00,304.00,304.0,31.63,6.00,949.00,955.0,77.15,1,3.82,4466,0.72,4520,49,6,6.00,0.00,6.0,0.00,0.00,0.0,2.00,74299.00,67.0
636,0.00,132.00,132.0,33.63,2.00,1321.00,1323.0,77.16,11,3.82,4464,0.72,4522,49,6,2.00,0.00,2.0,0.00,0.00,0.0,1.00,139916.00,72.4
637,0.00,4808.00,4808.0,40.35,0.00,1049.00,1049.0,77.18,1,3.82,4464,0.72,4518,49,5,0.00,0.00,0.0,0.00,0.00,0.0,1.00,180717.00,62.2
638,0.00,1444.00,1444.0,29.61,4.00,1217.00,1221.0,77.2,7,3.82,4465,0.72,4526,49,5,0.00,0.00,0.0,4.00,4.00,8.0,2.00,139488.00,62.4
639,0.00,860.00,860.0,27.66,0.00,1589.00,1589.0,77.22,1,3.91,4466,0.72,4532,50,4,0.00,1.00,1.0,0.00,0.00,0.0,3.00,95203.00,57.2
640,0.00,648.00,648.0,15.29,4.00,915.00,919.0,77.22,1,3.91,4466,0.72,4532,50,4,4.00,0.00,4.0,0.00,0.00,0.0,1.00,40481.00,44.2
641,0.00,556.00,556.0,15.65,0.00,704.00,704.0,77.23,2,3.91,4466,0.72,4536,50,4,0.00,0.00,0.0,0.00,0.00,0.0,1.00,67359.00,51.6
642,0.00,46920.00,46920.0,17.5,0.00,506.00,506.0,77.24,7,3.91,4466,0.72,4545,50,4,0.00,0.00,0.0,0.00,0.00,0.0,1.00,98387.00,51.4
643,0.00,512.00,512.0,10.73,0.00,535.00,535.0,77.25,4,3.91,4466,0.72,4550,50,4,0.00,0.00,0.0,0.00,0.00,0.0,1.00,33777.00,43.5
644,0.00,592.00,592.0,16.52,3.00,916.00,919.0,77.26,1,3.6,4466,0.72,4557,50,4,2.00,0.00,2.0,0.00,0.00,0.0,3.00,41706.00,50.4
645,0.00,416.00,416.0,12.16,0.00,1121.00,1121.0,77.28,1,3.6,4466,0.72,4564,50,4,0.00,0.00,0.0,0.00,0.00,0.0,1.00,56128.00,50.5
646,0.00,124.00,124.0,16.79,5.00,1082.00,1087.0,77.29,0,3.6,4465,0.72,4557,49,5,4.00,0.00,4.0,1.00,0.00,1.0,1.00,95145.00,50.8
647,0.00,23324.00,23324.0,33.04,1.00,909.00,910.0,77.31,2,3.6,4466,0.72,4542,49,5,0.00,0.00,0.0,0.00,0.00,0.0,2.00,172680.00,63.9
648,0.00,492.00,492.0,38.82,14.00,1845.00,1859.0,77.32,6,3.6,4467,0.72,4539,49,5,8.00,0.00,8.0,4.00,4.00,8.0,2.00,138349.00,74.4
649,0.00,484.00,484.0,43.62,0.00,2436.00,2436.0,77.36,11,3.39,4467,0.72,4539,49,5,0.00,0.00,0.0,0.00,0.00,0.0,2.00,203653.00,74.1
650,0.00,316.00,316.0,40.96,2.00,1363.00,1365.0,77.39,10,3.39,4467,0.72,4534,49,5,2.00,0.00,2.0,0.00,0.00,0.0,5.00,201257.00,65.3
651,0.00,112.00,112.0,37.27,1.00,1886.00,1887.0,77.41,11,3.39,4467,0.72,4525,50,4,0.00,1.00,1.0,0.00,0.00,0.0,2.00,145554.00,75.5
652,0.00,16780.00,16780.0,43.5,2.00,2055.00,2057.0,77.44,6,3.39,4467,0.72,4520,50,4,0.00,2.00,2.0,0.00,0.00,0.0,1.00,141626.00,69.7
653,0.00,144.00,144.0,18.28,0.00,838.00,838.0,77.45,3,3.39,4465,0.72,4522,50,4,0.00,0.00,0.0,0.00,0.00,0.0,1.00,81817.00,47.6
654,0.00,452.00,452.0,15.81,0.00,801.00,801.0,77.46,1,3.28,4465,0.72,4513,50,4,0.00,0.00,0.0,0.00,0.00,0.0,3.00,61182.00,47.4
655,0.00,244.00,244.0,9.33,0.00,798.00,798.0,77.48,3,3.28,4465,0.72,4515,50,4,0.00,0.00,0.0,0.00,0.00,0.0,2.00,38057.00,46.8
656,0.00,696.00,696.0,16.81,1.00,991.00,992.0,77.48,5,3.28,4465,0.72,4566,50,4,1.00,1.00,2.0,0.00,0.00,0.0,2.00,66843.00,60.1
657,0.00,1548.00,1548.0,28.41,2.00,856.00,858.0,77.5,0,3.28,4465,0.72,4558,50,4,2.00,2.00,4.0,0.00,0.00,0.0,1.00,56285.00,71.4
658,0.00,492.00,492.0,51.95,3.00,889.00,892.0,77.52,2,3.28,4466,0.72,4549,50,4,2.00,2.00,4.0,0.00,0.00,0.0,2.00,128799.00,71.8
659,0.00,368.00,368.0,47.07,6.00,1781.00,1787.0,77.55,0,3.26,4466,0.72,4547,50,4,4.00,4.00,8.0,0.00,0.00,0.0,3.00,146336.00,72.0
660,0.00,416.00,416.0,53.14,4.00,2405.00,2409.0,77.56,5,3.26,4467,0.72,4552,50,4,2.00,4.00,6.0,0.00,0.00,0.0,2.00,187546.00,80.5
661,0.00,380.00,380.0,68.02,4.00,1203.00,1207.0,77.59,22,3.26,4467,0.72,4545,50,4,2.00,4.00,6.0,0.00,0.00,0.0,5.00,157484.00,80.7
662,0.00,13488.00,13488.0,55.37,4.00,1844.00,1848.0,77.61,2,3.26,4467,0.72,4528,50,4,2.00,4.00,6.0,0.00,0.00,0.0,1.00,148072.00,73.3
663,0.00,1244.00,1244.0,41.6,6.00,1927.00,1933.0,77.64,3,3.26,4469,0.72,4534,50,4,4.00,5.00,9.0,0.00,0.00,0.0,4.00,142653.00,72.8
664,0.00,1136.00,1136.0,30.61,8.00,1016.00,1024.0,77.65,2,3.0,4470,0.72,4544,50,4,8.00,10.00,18.0,0.00,0.00,0.0,3.00,95659.00,63.3
665,0.00,424.00,424.0,25.77,3.00,841.00,844.0,77.67,1,3.0,4470,0.72,4539,50,4,3.00,3.00,6.0,0.00,0.00,0.0,1.00,49893.00,63.3
666,0.00,528.00,528.0,17.36,1.00,660.00,661.0,77.68,0,3.0,4470,0.72,4541,50,4,1.00,2.00,3.0,0.00,0.00,0.0,1.00,27092.00,43.7
667,0.00,14424.00,14424.0,2.53,6.00,158.00,164.0,77.67,0,3.0,4466,0.72,4534,50,5,3.00,5.00,8.0,1.00,1.00,2.0,1.00,5997.00,37.8
668,0.00,124.00,124.0,8.33,6.00,533.00,539.0,77.68,0,3.0,4467,0.72,4529,50,5,0.00,2.00,2.0,4.00,4.00,8.0,4.00,32005.00,45.7
669,0.00,120.00,120.0,18.45,2.00,838.00,840.0,77.69,3,2.75,4467,0.72,4529,50,5,0.00,2.00,2.0,0.00,0.00,0.0,2.00,101599.00,53.4
670,0.00,508.00,508.0,19.15,2.00,625.00,627.0,77.69,6,2.75,4466,0.72,4533,50,5,0.00,2.00,2.0,0.00,0.00,0.0,2.00,135001.00,53.3
671,0.00,64.00,64.0,15.64,2.00,644.00,646.0,77.71,0,2.75,4467,0.72,4532,50,4,0.00,2.00,2.0,0.00,0.00,0.0,3.00,83030.00,53.2
672,0.00,48664.00,48664.0,32.48,2.00,1088.00,1090.0,77.73,4,2.75,4467,0.72,4534,50,4,0.00,2.00,2.0,0.00,0.00,0.0,2.00,61444.00,69.2
673,0.00,264.00,264.0,23.65,2.00,1072.00,1074.0,77.77,3,2.75,4466,0.72,4532,50,4,0.00,2.00,2.0,0.00,0.00,0.0,2.00,46656.00,56.8
674,0.00,12.00,12.0,27.0,5.00,802.00,807.0,77.77,0,2.61,4465,0.72,4530,50,4,2.00,2.00,4.0,0.00,0.00,0.0,2.00,72385.00,65.1
675,0.00,264.00,264.0,26.14,4.00,1279.00,1283.0,77.78,7,2.61,4465,0.72,4527,50,4,2.00,2.00,4.0,0.00,0.00,0.0,1.00,163541.00,64.8
676,0.00,120.00,120.0,38.25,2.00,1614.00,1616.0,77.8,18,2.61,4467,0.72,4523,50,4,0.00,2.00,2.0,0.00,0.00,0.0,3.00,122369.00,75.6
677,0.00,632.00,632.0,67.05,3.00,1595.00,1598.0,77.83,16,2.61,4468,0.72,4524,50,4,0.00,2.00,2.0,0.00,0.00,0.0,21.00,166490.00,75.1
678,0.00,26456.00,26456.0,31.8,2.00,1382.00,1384.0,77.85,6,2.61,4467,0.72,4534,49,4,2.00,0.00,2.0,0.00,0.00,0.0,2.00,172688.00,65.9
679,0.00,488.00,488.0,42.69,8.00,2184.00,2192.0,77.87,3,2.4,4468,0.72,4522,49,4,6.00,1.00,7.0,0.00,0.00,0.0,2.00,122659.00,75.3
680,0.00,1068.00,1068.0,43.29,1.00,1926.00,1927.0,77.89,1,2.4,4468,0.72,4524,49,4,0.00,0.00,0.0,0.00,0.00,0.0,1.00,133663.00,67.7
681,0.00,64.00,64.0,41.33,7.00,963.00,970.0,77.91,8,2.4,4468,0.72,4528,49,4,6.00,0.00,6.0,0.00,0.00,0.0,1.00,157192.00,67.7
682,0.00,100.00,100.0,21.05,0.00,858.00,858.0,77.92,3,2.4,4467,0.72,4531,49,4,0.00,0.00,0.0,0.00,0.00,0.0,1.00,67096.00,52.7
683,0.00,44704.00,44704.0,21.92,4.00,1469.00,1473.0,77.94,1,2.4,4468,0.72,4529,49,4,4.00,0.00,4.0,0.00,0.00,0.0,2.00,68837.00,58.6
