0,0.00,48.00,48.0,2.92,8.00,8.00,16.0,48.15,1,0.76,4250,0.60,3936,49,4,12.00,15.00,27.0,0.00,0.00,0.0,5.00,11965.00,36.5
1,0.00,152.00,152.0,2.78,4.00,12.00,16.0,48.15,1,0.7,4250,0.60,3936,49,4,0.00,0.00,0.0,4.00,4.00,8.0,0.00,11163.00,36.5
2,0.00,0.00,0.0,3.81,0.00,0.00,0.0,48.15,1,0.7,4250,0.60,3936,49,4,0.00,0.00,0.0,0.00,0.00,0.0,0.00,12809.00,36.5
3,0.00,48.00,48.0,2.04,1.00,1.00,2.0,48.15,1,0.7,4250,0.60,3936,49,4,0.00,0.00,0.0,0.00,0.00,0.0,1.00,11948.00,36.4
4,0.00,428.00,428.0,2.79,0.00,0.00,0.0,48.15,1,0.7,4250,0.60,3936,49,4,0.00,0.00,0.0,0.00,0.00,0.0,0.00,11533.00,36.4
5,0.00,80.00,80.0,2.66,0.00,0.00,0.0,48.15,1,0.7,4250,0.60,3936,49,4,0.00,0.00,0.0,0.00,0.00,0.0,0.00,12237.00,36.4
6,0.00,104.00,104.0,2.04,0.00,0.00,0.0,48.16,1,0.64,4250,0.60,3936,49,4,0.00,0.00,0.0,0.00,0.00,0.0,0.00,11657.00,36.4
7,0.00,5444.00,5444.0,4.41,0.00,0.00,0.0,48.16,1,0.64,4250,0.60,3936,49,4,0.00,0.00,0.0,0.00,0.00,0.0,0.00,12104.00,36.5
8,0.00,340.00,340.0,2.78,0.00,0.00,0.0,48.16,1,0.64,4251,0.60,3936,49,4,0.00,0.00,0.0,0.00,0.00,0.0,2.00,11894.00,36.6
9,0.00,292.00,292.0,10.42,0.00,5.00,5.0,48.19,5,0.64,4251,0.60,3938,49,4,0.00,0.00,0.0,0.00,0.00,0.0,0.00,11742.00,36.6
10,0.00,52.00,52.0,76.14,1.00,111.00,112.0,48.43,18,0.64,4271,0.60,4000,49,4,0.00,0.00,0.0,0.00,0.00,0.0,20.00,27658.00,74.6
11,0.00,160.00,160.0,91.01,0.00,120.00,120.0,48.58,14,1.47,4311,0.60,4057,49,4,0.00,0.00,0.0,0.00,0.00,0.0,39.60,26909.90,88.7
12,0.00,4.00,4.0,87.25,0.00,248.00,248.0,48.7,14,1.47,4340,0.60,4106,49,4,0.00,0.00,0.0,0.00,0.00,0.0,29.00,39965.00,88.4
13,0.00,52.00,52.0,83.73,1.00,381.00,382.0,48.71,8,1.47,4360,0.60,4135,49,4,0.00,0.00,0.0,0.00,0.00,0.0,21.00,51507.00,88.3
14,0.00,432.00,432.0,90.81,0.00,407.00,407.0,48.6,20,1.47,4370,0.60,4146,49,4,0.00,0.00,0.0,0.00,0.00,0.0,10.00,51238.00,88.1
15,0.00,464.00,464.0,89.39,0.00,368.00,368.0,48.74,12,1.47,4407,0.60,4163,49,4,0.00,0.00,0.0,0.00,0.00,0.0,37.00,38214.00,88.0
16,0.00,632.00,632.0,83.35,1.00,437.00,438.0,48.83,5,3.36,4428,0.60,4203,49,4,0.00,0.00,0.0,0.00,0.00,0.0,21.00,37127.00,88.0
17,0.00,1096.00,1096.0,22.03,2.00,2.00,4.0,48.75,1,3.36,4429,0.60,4204,50,4,2.00,2.00,4.0,0.00,0.00,0.0,1.00,12035.00,75.8
18,0.00,1184.00,1184.0,45.66,4.00,17.00,21.0,48.82,10,3.36,4430,0.60,4211,50,4,4.00,5.00,9.0,0.00,0.00,0.0,2.00,13583.00,48.1
19,0.00,1376.00,1376.0,94.98,3.00,57.00,60.0,48.87,15,3.36,4431,0.60,4216,50,4,3.00,4.00,7.0,0.00,0.00,0.0,1.00,17630.00,87.0
20,0.00,1452.00,1452.0,90.64,0.00,493.00,493.0,48.93,25,3.36,4444,0.60,4264,50,4,0.00,0.00,0.0,0.00,0.00,0.0,14.00,47182.00,87.1
21,0.00,128.00,128.0,93.75,7.00,476.00,483.0,48.98,14,5.49,4462,0.60,4306,50,4,3.00,3.00,6.0,4.00,4.00,8.0,20.00,46839.00,87.2
22,0.00,176.00,176.0,92.86,3.00,400.00,403.0,49.11,15,5.49,4485,0.60,4291,49,4,2.00,1.00,3.0,0.00,0.00,0.0,23.00,35941.00,87.1
23,0.00,48.00,48.0,90.58,0.00,188.00,188.0,49.23,17,5.49,4508,0.60,4316,49,4,0.00,0.00,0.0,0.00,0.00,0.0,24.00,30726.00,87.6
24,0.00,48.00,48.0,89.42,0.00,12.00,12.0,49.33,20,5.49,4536,0.60,4423,49,4,0.00,0.00,0.0,0.00,0.00,0.0,28.00,46734.00,87.6
25,4.00,384.00,388.0,90.35,1.00,1.00,2.0,49.37,28,5.49,4537,0.60,4441,49,4,0.00,0.00,0.0,0.00,0.00,0.0,20.00,66460.00,87.5
26,0.00,332.00,332.0,90.15,0.00,16.00,16.0,49.37,13,6.49,4537,0.60,4424,49,4,0.00,0.00,0.0,0.00,0.00,0.0,0.00,69124.00,87.4
27,0.00,56.00,56.0,88.47,0.00,387.00,387.0,49.39,13,6.49,4557,0.60,4463,49,4,0.00,0.00,0.0,0.00,0.00,0.0,20.00,41914.00,87.4
28,0.00,24.00,24.0,80.98,0.00,240.00,240.0,49.52,26,6.49,4579,0.60,4525,49,4,0.00,0.00,0.0,0.00,0.00,0.0,23.00,48284.00,87.2
29,0.00,312.00,312.0,92.1,0.00,496.00,496.0,49.6,21,6.49,4593,0.60,4474,49,4,0.00,0.00,0.0,0.00,0.00,0.0,15.00,36833.00,87.0
30,0.00,24.00,24.0,91.41,0.00,441.00,441.0,49.71,15,6.49,4604,0.60,4485,49,4,0.00,0.00,0.0,0.00,0.00,0.0,11.00,41756.00,87.3
31,0.00,732.67,732.67,85.32,4.00,160.00,164.0,49.8,29,7.17,4627,0.60,4522,49,4,0.00,0.00,0.0,4.00,4.00,8.0,24.00,54467.00,87.3
32,0.00,668.00,668.0,92.48,0.00,745.00,745.0,49.81,20,7.17,4628,0.60,4533,49,4,0.00,0.00,0.0,0.00,0.00,0.0,1.00,38503.00,87.2
33,0.00,352.00,352.0,89.62,0.00,692.08,692.08,49.85,8,7.17,4654,0.60,4561,49,4,0.00,0.00,0.0,0.00,0.00,0.0,28.00,39580.00,87.1
34,0.00,640.00,640.0,73.67,0.00,120.00,120.0,49.96,5,7.17,4674,0.60,4595,49,4,0.00,0.00,0.0,0.00,0.00,0.0,21.00,33932.00,87.1
35,0.00,1096.00,1096.0,12.08,0.00,0.00,0.0,49.93,1,7.17,4672,0.60,4565,49,4,0.00,0.00,0.0,0.00,0.00,0.0,0.00,11523.00,65.9
36,0.00,1412.00,1412.0,48.24,1.00,82.00,83.0,49.95,10,7.24,4673,0.60,4570,49,4,0.00,0.00,0.0,0.00,0.00,0.0,1.00,19125.00,56.5
37,0.00,1304.00,1304.0,90.69,2.00,80.00,82.0,50.0,19,7.24,4674,0.60,4573,50,4,2.00,2.00,4.0,0.00,0.00,0.0,1.00,18319.00,90.1
38,0.00,16688.00,16688.0,92.73,9.00,539.00,548.0,50.06,33,7.24,4675,0.60,4574,50,4,9.00,9.00,18.0,0.00,0.00,0.0,3.00,39631.00,90.0
39,0.00,384.00,384.0,94.12,0.00,990.00,990.0,50.12,27,7.24,4676,0.60,4603,50,4,0.00,0.00,0.0,0.00,0.00,0.0,2.00,52489.00,89.8
40,0.00,460.00,460.0,92.49,4.00,671.00,675.0,50.19,33,7.24,4678,0.60,4654,49,4,3.00,3.00,6.0,0.00,0.00,0.0,4.00,59810.00,89.6
41,0.00,368.00,368.0,92.88,0.00,665.00,665.0,50.21,38,8.34,4686,0.60,4660,49,4,0.00,0.00,0.0,0.00,0.00,0.0,9.00,48775.00,89.3
42,0.00,528.00,528.0,92.22,1.00,675.00,676.0,50.22,19,8.34,4695,0.60,4682,49,4,1.00,1.00,2.0,0.00,0.00,0.0,9.00,66052.00,88.8
43,0.00,4620.00,4620.0,91.97,2.00,371.00,373.0,50.24,9,8.34,4721,0.60,4752,49,4,0.00,0.00,0.0,0.00,0.00,0.0,27.00,45015.00,88.6
44,0.00,368.00,368.0,85.93,2.00,276.00,278.0,50.37,3,8.34,4731,0.60,4740,50,5,0.00,2.00,2.0,1.00,1.00,2.0,11.00,36740.00,88.4
45,0.00,56.00,56.0,4.73,0.00,40.00,40.0,50.38,2,8.34,4731,0.60,4740,50,5,0.00,0.00,0.0,0.00,0.00,0.0,0.00,16364.00,55.2
46,0.00,100.00,100.0,3.79,1.00,1.00,2.0,50.37,1,7.67,4730,0.60,4734,50,5,0.00,0.00,0.0,0.00,0.00,0.0,0.00,11687.00,37.3
47,0.00,28.00,28.0,2.16,1.00,1.00,2.0,50.33,1,7.67,4730,0.60,4734,50,5,0.00,1.00,1.0,0.00,0.00,0.0,0.00,11579.00,37.1
48,0.00,4048.00,4048.0,2.66,0.00,22.00,22.0,50.29,1,7.67,4730,0.60,4752,50,4,0.00,0.00,0.0,0.00,0.00,0.0,1.00,13269.00,37.0
49,0.00,352.00,352.0,14.7,0.00,309.00,309.0,50.29,1,7.67,4730,0.60,4752,50,4,0.00,0.00,0.0,0.00,0.00,0.0,0.00,13843.00,45.2
50,0.00,40.00,40.0,4.85,4.00,191.00,195.0,50.29,1,7.67,4731,0.60,4751,51,4,4.00,4.00,8.0,0.00,0.00,0.0,2.00,12019.00,37.6
51,0.00,132.00,132.0,10.08,9.00,271.00,280.0,50.3,1,7.06,4731,0.60,4752,51,4,5.00,7.00,12.0,4.00,4.00,8.0,0.00,15541.00,37.7
52,0.00,0.00,0.0,19.97,26.00,582.00,608.0,50.32,3,7.06,4731,0.60,4752,51,4,26.00,0.00,26.0,0.00,0.00,0.0,0.00,19573.00,53.6
53,0.00,5072.00,5072.0,7.71,3.00,257.00,260.0,50.33,1,7.06,4728,0.60,4736,50,4,3.00,3.00,6.0,0.00,0.00,0.0,1.00,11913.00,53.1
54,0.00,56.00,56.0,6.68,8.00,283.00,291.0,50.33,1,7.06,4728,0.60,4735,50,4,8.00,0.00,8.0,0.00,0.00,0.0,0.00,14159.00,38.8
55,8.00,412.00,420.0,14.36,25.00,491.00,516.0,50.35,1,7.06,4728,0.60,4736,50,4,24.00,1.00,25.0,0.00,0.00,0.0,17.00,18824.00,39.3
56,0.00,100.00,100.0,3.82,0.00,223.00,223.0,50.35,2,6.49,4728,0.60,4736,50,4,0.00,0.00,0.0,0.00,0.00,0.0,0.00,13013.00,39.7
57,0.00,428.00,428.0,8.07,10.00,361.00,371.0,50.35,1,6.49,4728,0.60,4736,50,4,10.00,0.00,10.0,0.00,0.00,0.0,0.00,15037.00,39.8
58,0.00,2100.00,2100.0,10.28,21.00,437.00,458.0,50.35,2,6.49,4728,0.60,4736,50,4,18.00,2.00,20.0,0.00,0.00,0.0,1.00,15036.00,47.8
59,0.00,268.00,268.0,2.78,1.00,308.00,309.0,50.35,2,6.49,4728,0.60,4736,50,4,0.00,1.00,1.0,0.00,0.00,0.0,0.00,10827.00,38.2
60,0.00,220.00,220.0,59.52,15.00,995.00,1010.0,50.39,22,6.49,4731,0.60,4744,51,4,14.00,5.00,19.0,0.00,0.00,0.0,3.00,50675.00,56.6
61,0.00,844.00,844.0,88.29,32.00,1661.00,1693.0,50.43,22,7.42,4732,0.60,4759,51,4,26.00,8.00,34.0,4.00,4.00,8.0,1.00,86801.00,87.2
62,0.00,396.00,396.0,91.49,3.00,1125.00,1128.0,50.46,28,7.42,4735,0.60,4789,51,4,1.00,3.00,4.0,0.00,0.00,0.0,3.00,59890.00,87.2
63,0.00,3592.00,3592.0,91.19,2.00,860.00,862.0,50.5,16,7.42,4745,0.60,4826,51,4,0.00,2.00,2.0,0.00,0.00,0.0,11.00,51779.00,87.2
64,0.00,56.00,56.0,93.11,4.00,226.00,230.0,50.56,42,7.42,4752,0.60,4857,50,4,3.00,4.00,7.0,0.00,0.00,0.0,10.00,42775.00,87.5
65,0.00,608.00,608.0,96.5,2.00,36.00,38.0,50.66,14,7.42,4756,0.60,4859,50,4,0.00,2.00,2.0,0.00,0.00,0.0,3.00,20342.00,87.7
66,0.00,76.00,76.0,90.98,2.00,541.00,543.0,50.69,29,8.82,4757,0.60,4869,50,4,0.00,2.00,2.0,0.00,0.00,0.0,1.00,56850.00,87.8
67,0.00,496.00,496.0,91.58,0.00,726.00,726.0,50.79,26,8.82,4769,0.60,4900,50,4,0.00,0.00,0.0,0.00,0.00,0.0,12.00,45272.00,87.8
68,0.00,272.00,272.0,93.34,0.00,192.00,192.0,50.9,18,8.82,4789,0.60,4972,50,4,0.00,0.00,0.0,0.00,0.00,0.0,21.00,28060.00,88.3
69,0.00,18420.00,18420.0,91.38,4.00,38.00,42.0,50.99,35,8.82,4805,0.60,4983,50,4,1.00,4.00,5.0,0.00,0.00,0.0,16.00,64345.00,88.5
70,0.00,272.00,272.0,88.11,1.00,133.00,134.0,51.03,44,8.82,4812,0.60,4975,50,4,0.00,0.00,0.0,0.00,0.00,0.0,8.00,95961.00,88.4
71,0.00,156.00,156.0,90.39,4.00,271.00,275.0,51.06,44,10.52,4811,0.60,4966,50,4,0.00,0.00,0.0,4.00,4.00,8.0,0.00,67815.00,88.3
72,0.00,0.00,0.0,89.5,0.00,280.00,280.0,51.11,49,10.52,4813,0.60,5003,50,4,0.00,0.00,0.0,0.00,0.00,0.0,2.00,87746.00,88.2
73,0.00,56.00,56.0,90.64,1.00,91.00,92.0,51.13,44,10.52,4815,0.60,4961,50,4,0.00,0.00,0.0,0.00,0.00,0.0,3.00,79689.00,88.0
74,0.00,2256.00,2256.0,92.22,1.00,838.00,839.0,51.12,11,10.52,4816,0.60,4912,50,4,1.00,1.00,2.0,0.00,0.00,0.0,5.00,52812.00,87.9
75,0.00,680.00,680.0,87.72,0.00,814.00,814.0,51.24,23,10.52,4831,0.60,4906,50,4,0.00,0.00,0.0,0.00,0.00,0.0,16.00,45989.00,87.9
76,0.00,544.00,544.0,91.67,2.00,941.00,943.0,51.26,33,10.88,4839,0.60,4921,50,4,1.00,1.00,2.0,0.00,0.00,0.0,7.00,61784.00,88.0
77,0.00,40.00,40.0,91.25,2.00,1073.00,1075.0,51.28,17,10.88,4839,0.60,4922,51,4,2.00,1.00,3.0,0.00,0.00,0.0,1.00,69300.00,88.0
78,0.00,28.00,28.0,91.98,0.00,695.00,695.0,51.32,43,10.88,4839,0.60,4932,51,4,0.00,0.00,0.0,0.00,0.00,0.0,1.00,63257.00,87.9
79,0.00,784.00,784.0,89.38,1.00,322.00,323.0,51.37,49,10.88,4838,0.60,4900,51,4,1.00,2.00,3.0,0.00,0.00,0.0,1.00,85664.00,87.7
80,0.00,424.00,424.0,88.12,0.00,236.00,236.0,51.41,36,10.88,4838,0.60,4890,51,4,0.00,0.00,0.0,0.00,0.00,0.0,0.00,87130.00,87.5
81,0.00,276.00,276.0,87.75,0.00,300.00,300.0,51.45,47,13.29,4849,0.60,4977,51,4,0.00,0.00,0.0,0.00,0.00,0.0,12.00,101607.00,87.4
82,0.00,0.00,0.0,86.48,2.00,2.00,4.0,51.48,37,13.29,4841,0.60,4985,51,4,0.00,1.00,1.0,0.00,0.00,0.0,0.00,106053.00,87.3
83,0.00,56.00,56.0,86.14,0.00,18.00,18.0,51.45,48,13.29,4841,0.60,4956,51,4,0.00,0.00,0.0,0.00,0.00,0.0,1.00,114550.00,87.1
84,0.00,228.00,228.0,86.52,1.00,79.00,80.0,51.47,29,13.29,4842,0.60,5003,51,4,1.00,1.00,2.0,0.00,0.00,0.0,1.00,114293.00,87.0
85,4.00,76.00,80.0,89.36,1.00,75.00,76.0,51.5,39,13.29,4845,0.60,4988,50,4,0.00,0.00,0.0,0.00,0.00,0.0,5.00,94583.00,87.0
86,0.00,824.00,824.0,87.23,1.00,79.00,80.0,51.54,45,15.43,4846,0.60,4996,50,4,0.00,0.00,0.0,0.00,0.00,0.0,21.00,110993.00,87.0
87,0.00,44.00,44.0,87.14,1.00,452.00,453.0,51.57,42,15.43,4845,0.60,4916,50,4,1.00,1.00,2.0,0.00,0.00,0.0,0.00,104706.00,86.9
88,0.00,229.70,229.7,91.59,11.00,812.00,823.0,51.61,25,15.43,4849,0.60,4915,52,4,11.00,10.00,21.0,0.00,0.00,0.0,4.95,76923.76,87.1
89,0.00,128.00,128.0,86.61,8.00,381.00,389.0,51.63,39,15.43,4827,0.60,4941,52,4,8.00,11.00,19.0,0.00,0.00,0.0,1.00,104812.00,87.0
90,0.00,48.00,48.0,89.11,0.00,679.00,679.0,51.64,32,15.43,4827,0.60,4937,52,4,0.00,0.00,0.0,0.00,0.00,0.0,0.00,83212.00,87.0
91,0.00,1316.00,1316.0,92.0,7.00,717.00,724.0,51.66,52,17.16,4825,0.60,4927,51,4,3.00,4.00,7.0,4.00,4.00,8.0,2.00,62935.00,87.1
92,0.00,1156.00,1156.0,90.55,3.00,615.00,618.0,51.64,52,17.16,4824,0.60,4942,51,4,3.00,2.00,5.0,0.00,0.00,0.0,1.00,62586.00,87.3
93,0.00,832.00,832.0,90.24,1.00,664.00,665.0,51.67,51,17.16,4825,0.60,4922,50,4,0.99,0.00,0.99,0.00,0.00,0.0,2.00,65899.00,87.5
94,0.00,12844.00,12844.0,92.25,0.00,612.00,612.0,51.71,59,17.16,4825,0.60,4894,50,4,0.00,0.00,0.0,0.00,0.00,0.0,1.00,54688.00,87.6
95,0.00,112.00,112.0,90.76,0.00,722.00,722.0,51.73,84,17.16,4826,0.60,4908,50,4,0.00,0.00,0.0,0.00,0.00,0.0,2.00,71134.00,87.7
96,0.00,792.00,792.0,91.74,1.00,631.00,632.0,51.75,69,20.83,4827,0.60,4910,50,4,0.00,0.00,0.0,0.00,0.00,0.0,2.00,69535.00,87.6
97,0.00,544.00,544.0,90.5,0.00,813.00,813.0,51.77,75,20.83,4827,0.60,4913,50,4,0.00,0.00,0.0,0.00,0.00,0.0,2.00,73766.00,87.5
98,0.00,748.00,748.0,91.75,0.00,826.00,826.0,51.79,75,20.83,4827,0.60,4915,50,4,0.00,0.00,0.0,0.00,0.00,0.0,2.00,71003.00,87.4
99,0.00,33156.00,33156.0,90.39,1.00,747.00,748.0,51.82,96,20.83,4826,0.60,4922,50,4,0.00,0.00,0.0,0.00,0.00,0.0,0.00,70168.00,87.4
100,0.00,848.00,848.0,91.61,2.00,589.00,591.0,51.87,97,20.83,4827,0.60,4917,51,5,0.00,2.00,2.0,1.00,1.00,2.0,2.00,70419.00,87.3
101,0.00,184.00,184.0,92.24,6.00,572.00,578.0,51.89,71,26.77,4826,0.60,4905,51,5,0.00,0.00,0.0,4.00,4.00,8.0,0.00,57289.00,87.2
102,0.00,868.00,868.0,92.88,1.00,847.00,848.0,51.95,79,26.77,4827,0.60,4899,51,5,0.00,2.00,2.0,0.00,0.00,0.0,1.00,57128.00,87.1
103,0.00,229.70,229.7,92.74,1.00,888.00,889.0,52.04,62,26.77,4827,0.60,4897,51,5,0.00,0.00,0.0,0.00,0.00,0.0,2.00,61593.00,87.0
104,0.00,27068.00,27068.0,91.52,0.00,978.00,978.0,52.01,51,26.77,4828,0.60,4904,51,4,0.00,0.00,0.0,0.00,0.00,0.0,1.00,56724.00,86.9
105,0.00,428.00,428.0,92.86,3.00,1048.00,1051.0,52.04,37,26.77,4829,0.60,4915,51,4,0.00,2.00,2.0,0.00,0.00,0.0,2.00,60022.00,86.9
106,0.00,332.00,332.0,92.12,0.00,991.00,991.0,52.03,21,26.95,4828,0.60,4916,51,4,0.00,0.00,0.0,0.00,0.00,0.0,0.00,57625.00,86.9
107,0.00,216.00,216.0,66.67,0.00,615.00,615.0,51.97,6,26.95,4827,0.60,4924,51,4,0.00,0.00,0.0,0.00,0.00,0.0,0.00,29160.00,87.0
108,0.00,28.00,28.0,10.77,6.00,336.00,342.0,51.91,2,26.95,4827,0.60,4919,51,4,6.00,0.00,6.0,0.00,0.00,0.0,1.00,13619.00,58.7
109,0.00,52.00,52.0,6.84,7.00,362.00,369.0,51.91,4,26.95,4827,0.60,4913,51,4,7.00,1.00,8.0,0.00,0.00,0.0,0.00,13818.00,38.2
110,0.00,4632.00,4632.0,8.93,21.00,447.00,468.0,51.91,2,26.95,4827,0.60,4895,52,4,21.00,9.00,30.0,0.00,0.00,0.0,2.00,15893.00,38.7
111,0.00,408.00,408.0,5.67,19.00,366.00,385.0,51.91,2,24.87,4826,0.60,4888,52,4,15.00,1.00,16.0,4.00,4.00,8.0,1.00,13263.00,39.0
112,0.00,0.00,0.0,6.29,12.00,303.00,315.0,51.91,4,24.87,4826,0.60,4888,52,4,10.00,0.00,10.0,0.00,0.00,0.0,0.00,13248.00,38.9
113,0.00,420.00,420.0,6.62,21.00,400.00,421.0,51.91,2,24.87,4823,0.60,4882,51,4,23.00,4.00,27.0,0.00,0.00,0.0,1.00,15937.00,39.0
114,0.00,64.00,64.0,4.28,8.00,287.00,295.0,51.91,2,24.87,4823,0.60,4882,51,4,8.00,0.00,8.0,0.00,0.00,0.0,0.00,11623.00,39.1
115,0.00,120.00,120.0,5.45,2.00,278.00,280.0,51.91,5,24.87,4823,0.60,4882,51,4,2.00,1.00,3.0,0.00,0.00,0.0,0.00,13329.00,38.8
116,0.00,320.00,320.0,20.84,16.00,748.00,764.0,51.92,5,23.04,4823,0.60,4877,51,4,16.00,0.00,16.0,0.00,0.00,0.0,18.00,31722.00,39.0
117,0.00,468.00,468.0,70.25,13.00,1288.00,1301.0,51.94,41,23.04,4826,0.60,4881,52,4,12.00,7.00,19.0,0.00,0.00,0.0,4.00,64346.00,76.4
118,0.00,396.00,396.0,89.12,10.00,979.00,989.0,51.98,70,23.04,4832,0.60,4912,52,4,9.00,1.00,10.0,0.00,0.00,0.0,7.00,90390.00,86.9
119,0.00,64.00,64.0,90.38,11.00,857.00,868.0,52.04,51,23.04,4832,0.60,4905,52,4,10.00,1.00,11.0,0.00,0.00,0.0,0.00,83649.50,86.9
120,0.00,3552.00,3552.0,88.39,2.00,810.00,812.0,52.07,55,23.04,4832,0.60,4889,52,4,0.00,2.00,2.0,0.00,0.00,0.0,0.00,87820.00,86.9
121,0.00,380.00,380.0,91.11,0.00,1081.19,1081.19,52.09,56,26.0,4832,0.60,4882,52,4,0.00,0.00,0.0,0.00,0.00,0.0,1.00,81431.00,87.0
122,0.00,16.00,16.0,87.75,0.00,1069.00,1069.0,52.1,72,26.0,4833,0.60,4889,52,4,0.00,0.00,0.0,0.00,0.00,0.0,0.00,87750.00,86.9
123,0.00,76.00,76.0,88.86,3.00,917.00,920.0,52.11,56,26.0,4833,0.60,4907,52,4,3.00,3.00,6.0,0.00,0.00,0.0,3.00,96199.00,86.8
124,0.00,52.00,52.0,86.77,2.00,845.00,847.0,52.12,73,26.0,4834,0.60,4921,52,5,0.00,0.00,0.0,2.00,2.00,4.0,1.00,110568.00,86.8
125,0.00,16000.00,16000.0,86.12,0.00,502.00,502.0,52.15,71,26.0,4834,0.60,4927,52,5,0.00,0.00,0.0,0.00,0.00,0.0,0.00,103943.00,86.7
126,0.00,108.00,108.0,89.64,0.00,434.00,434.0,52.18,58,28.72,4832,0.60,4929,52,5,0.00,0.00,0.0,0.00,0.00,0.0,1.00,92486.00,86.8
127,0.00,620.00,620.0,88.11,5.00,311.00,316.0,52.17,47,28.72,4833,0.60,4938,54,5,2.00,6.00,8.0,0.00,0.00,0.0,1.00,100485.00,86.8
128,0.00,832.00,832.0,87.48,9.00,585.00,594.0,52.22,26,28.72,4834,0.60,4942,54,5,7.00,6.00,13.0,0.00,0.00,0.0,4.00,110404.00,86.7
129,0.00,68.00,68.0,87.45,5.00,673.00,678.0,52.25,40,28.72,4834,0.60,4942,54,4,3.00,5.00,8.0,2.00,2.00,4.0,1.00,106974.00,86.7
130,0.00,16932.00,16932.0,87.77,0.00,749.00,749.0,52.27,50,28.72,4834,0.60,4925,54,4,0.00,0.00,0.0,0.00,0.00,0.0,1.00,101995.00,86.7
131,0.00,152.00,152.0,87.12,10.00,959.00,969.0,52.29,61,31.23,4833,0.60,4916,52,4,4.00,4.00,8.0,4.00,4.00,8.0,0.00,106646.00,86.7
132,0.00,12.00,12.0,86.62,3.00,578.00,581.0,52.3,44,31.23,4832,0.60,4925,51,4,3.00,2.00,5.0,0.00,0.00,0.0,2.00,114884.00,86.6
133,0.00,72.00,72.0,85.61,0.00,513.00,513.0,52.32,55,31.23,4832,0.60,4922,51,4,0.00,0.00,0.0,0.00,0.00,0.0,3.00,106792.00,86.5
134,0.00,16.00,16.0,87.75,2.00,621.00,623.0,52.37,69,31.23,4833,0.60,4943,52,4,0.00,2.00,2.0,0.00,0.00,0.0,1.00,105808.00,86.4
135,0.00,17708.00,17708.0,88.89,0.00,629.00,629.0,52.42,76,31.23,4835,0.60,4920,52,4,0.00,0.00,0.0,0.00,0.00,0.0,2.00,100285.00,86.5
136,0.00,1020.00,1020.0,89.24,6.00,631.00,637.0,52.45,67,33.53,4835,0.60,4929,52,4,6.00,7.00,13.0,0.00,0.00,0.0,0.00,95477.00,86.6
137,0.00,416.00,416.0,90.38,0.00,543.00,543.0,52.42,62,33.53,4835,0.60,4938,52,4,0.00,0.00,0.0,0.00,0.00,0.0,3.00,75424.00,86.6
138,0.00,52.00,52.0,88.14,2.97,412.87,415.84000000000003,52.39,59,33.53,4836,0.60,4941,53,5,2.00,2.00,4.0,1.00,1.00,2.0,5.00,95965.00,86.6
139,0.00,808.00,808.0,88.85,9.00,622.00,631.0,52.42,55,33.53,4838,0.60,4950,53,5,9.00,9.00,18.0,0.00,0.00,0.0,2.00,94139.00,86.7
140,0.00,1348.00,1348.0,87.0,0.00,480.00,480.0,52.44,51,33.53,4837,0.60,4948,53,5,0.00,0.00,0.0,0.00,0.00,0.0,0.00,107318.00,86.7
141,0.00,624.00,624.0,88.38,7.00,745.00,752.0,52.46,61,36.45,4837,0.60,4916,53,5,0.00,2.00,2.0,4.00,4.00,8.0,0.00,92801.00,86.7
142,0.00,380.00,380.0,89.24,6.00,1032.00,1038.0,52.48,40,36.45,4836,0.60,4903,53,4,5.00,6.00,11.0,0.00,0.00,0.0,3.00,79485.00,86.7
143,0.00,60.00,60.0,88.9,6.00,847.00,853.0,52.5,50,36.45,4836,0.60,4904,51,4,5.00,3.00,8.0,0.00,0.00,0.0,3.00,82090.00,86.8
144,0.00,60.00,60.0,87.72,0.00,897.00,897.0,52.52,55,36.45,4836,0.60,4918,51,4,0.00,0.00,0.0,0.00,0.00,0.0,0.00,92485.00,86.9
145,0.00,380.00,380.0,91.0,7.00,1066.00,1073.0,52.54,50,36.45,4835,0.60,4914,51,4,6.00,0.00,6.0,0.00,0.00,0.0,0.00,70042.00,86.8
146,0.00,1048.00,1048.0,90.88,3.00,938.00,941.0,52.56,36,37.46,4836,0.60,4912,51,4,2.00,0.00,2.0,0.00,0.00,0.0,20.00,71501.00,86.9
147,0.00,236.00,236.0,89.75,0.00,1005.00,1005.0,52.57,43,37.46,4835,0.60,4922,51,4,0.00,0.00,0.0,0.00,0.00,0.0,1.00,79263.00,87.0
148,0.00,352.00,352.0,88.6,10.00,1078.00,1088.0,52.62,50,37.46,4834,0.60,4907,52,4,8.00,3.00,11.0,0.00,0.00,0.0,1.00,91109.00,87.0
149,0.00,328.00,328.0,91.89,12.00,1323.00,1335.0,52.69,50,37.46,4833,0.60,4900,52,4,10.00,0.00,10.0,0.00,0.00,0.0,0.00,65744.00,87.1
150,0.00,23600.00,23600.0,92.63,4.00,1100.00,1104.0,52.68,37,37.46,4833,0.60,4907,52,4,4.00,2.00,6.0,0.00,0.00,0.0,0.00,56746.00,87.3
151,0.00,1228.00,1228.0,70.28,15.00,737.00,752.0,52.72,1,35.74,4832,0.60,4921,52,4,14.00,1.00,15.0,0.00,0.00,0.0,0.00,36930.00,87.3
152,0.00,120.00,120.0,6.31,9.00,347.00,356.0,52.73,0,35.74,4832,0.60,4919,51,4,6.00,0.00,6.0,0.00,0.00,0.0,0.00,12754.00,55.6
153,0.00,468.00,468.0,6.96,6.00,375.00,381.0,52.69,1,35.74,4832,0.60,4917,51,4,8.00,0.00,8.0,0.00,0.00,0.0,2.00,17604.00,39.6
154,0.00,428.00,428.0,29.06,22.00,1166.00,1188.0,52.7,12,35.74,4836,0.60,4917,51,4,22.00,0.00,22.0,0.00,0.00,0.0,6.00,61854.00,50.8
155,0.00,92.00,92.0,82.26,6.00,935.00,941.0,52.71,10,35.74,4836,0.60,4922,51,4,6.00,0.00,6.0,0.00,0.00,0.0,0.00,91326.00,80.5
156,0.00,10736.00,10736.0,69.86,2.00,894.00,896.0,52.73,17,33.6,4836,0.60,4915,51,4,0.00,0.00,0.0,0.00,0.00,0.0,1.00,97527.00,80.9
157,0.00,60.00,60.0,82.19,5.00,1018.00,1023.0,52.79,27,33.6,4836,0.60,4914,52,4,0.00,5.00,5.0,0.00,0.00,0.0,2.00,135613.00,81.5
158,0.00,36.00,36.0,86.36,5.00,1129.00,1134.0,52.81,37,33.6,4840,0.60,4918,52,4,4.00,4.00,8.0,0.00,0.00,0.0,6.93,113463.37,86.7
159,0.00,468.00,468.0,86.62,3.00,1255.00,1258.0,52.81,43,33.6,4837,0.60,4902,52,4,2.00,3.00,5.0,0.00,0.00,0.0,1.00,103585.00,86.7
160,0.00,1036.00,1036.0,87.86,5.00,1235.00,1240.0,52.84,40,33.6,4843,0.60,4920,52,4,3.00,6.00,9.0,0.00,0.00,0.0,6.00,103721.00,86.8
161,0.00,30080.00,30080.0,88.49,6.00,946.00,952.0,52.87,44,33.95,4845,0.60,4925,53,4,0.00,3.00,3.0,4.00,4.00,8.0,2.00,101727.00,86.8
162,0.00,664.00,664.0,90.38,0.00,1062.00,1062.0,52.91,55,33.95,4845,0.60,4920,53,4,0.00,0.00,0.0,0.00,0.00,0.0,0.00,86886.00,86.9
163,0.00,376.00,376.0,89.1,5.00,911.00,916.0,52.98,32,33.95,4841,0.60,4908,53,4,3.00,3.00,6.0,0.00,0.00,0.0,2.00,94569.00,86.9
164,0.00,60.00,60.0,84.88,1.00,744.00,745.0,53.07,42,33.95,4840,0.60,4924,51,4,1.00,0.00,1.0,0.00,0.00,0.0,0.00,118136.00,86.9
165,0.00,68.00,68.0,86.12,0.00,1003.00,1003.0,53.23,37,33.95,4839,0.60,4920,51,4,0.00,0.00,0.0,0.00,0.00,0.0,4.00,125005.00,86.8
166,0.00,23960.00,23960.0,85.59,5.00,1221.00,1226.0,53.23,52,33.71,4841,0.60,4923,52,4,4.00,4.00,8.0,0.00,0.00,0.0,3.00,123376.00,86.9
167,0.00,472.00,472.0,84.48,4.00,1102.00,1106.0,53.11,60,33.71,4841,0.60,4929,52,4,5.00,7.00,12.0,0.00,0.00,0.0,0.00,133282.00,86.8
168,0.00,40.00,40.0,84.11,3.00,809.00,812.0,53.15,47,33.71,4840,0.60,4936,52,4,0.00,3.00,3.0,0.00,0.00,0.0,1.00,120874.00,86.8
169,0.00,72.00,72.0,84.0,3.96,884.16,888.12,53.17,43,33.71,4840,0.60,4922,51,4,3.00,4.00,7.0,0.00,0.00,0.0,3.00,130407.00,86.8
170,0.00,120.00,120.0,86.73,0.00,1077.00,1077.0,53.22,34,33.71,4838,0.60,4926,51,4,0.00,0.00,0.0,0.00,0.00,0.0,0.00,100282.00,86.8
171,0.00,5156.00,5156.0,85.41,4.00,1058.00,1062.0,53.24,30,34.62,4839,0.60,4916,51,4,0.00,0.00,0.0,4.00,4.00,8.0,3.00,109309.00,86.8
172,0.00,488.00,488.0,85.46,1.00,1173.00,1174.0,53.19,33,34.62,4840,0.60,4917,51,5,0.00,0.00,0.0,1.00,1.00,2.0,1.00,128177.00,86.7
173,0.00,764.00,764.0,85.23,0.00,1002.00,1002.0,53.29,46,34.62,4840,0.60,4934,51,5,0.00,0.00,0.0,0.00,0.00,0.0,1.00,131487.00,86.6
174,0.00,116.00,116.0,83.38,0.00,907.00,907.0,53.35,29,34.62,4838,0.60,4918,51,5,0.00,0.00,0.0,0.00,0.00,0.0,0.00,133383.00,86.6
175,0.00,316.00,316.0,83.81,0.00,706.00,706.0,53.35,28,34.62,4838,0.60,4921,51,5,0.00,0.00,0.0,0.00,0.00,0.0,1.00,129598.00,86.6
176,0.00,1376.00,1376.0,84.44,3.00,1120.00,1123.0,53.34,27,34.33,4838,0.60,4907,51,4,0.00,3.00,3.0,0.00,0.00,0.0,19.00,110657.00,86.6
177,0.00,724.00,724.0,87.84,1.00,1205.00,1206.0,53.35,20,34.33,4838,0.60,4909,51,4,0.00,0.00,0.0,0.00,0.00,0.0,0.00,98346.00,86.7
178,0.00,692.00,692.0,86.38,0.00,1291.00,1291.0,53.36,38,34.33,4838,0.60,4912,51,4,0.00,0.00,0.0,0.00,0.00,0.0,2.00,105849.00,86.8
179,0.00,352.00,352.0,87.45,10.00,1707.00,1717.0,53.39,24,34.33,4838,0.60,4902,52,4,8.00,3.00,11.0,0.00,0.00,0.0,2.00,80558.00,86.8
180,0.00,604.00,604.0,83.84,1.00,1416.00,1417.0,53.41,18,34.33,4840,0.60,4924,51,4,0.00,0.00,0.0,0.00,0.00,0.0,2.00,75379.00,86.8
181,0.00,208.00,208.0,62.16,4.00,723.00,727.0,53.4,2,32.54,4840,0.60,4927,51,4,0.00,0.00,0.0,4.00,4.00,8.0,1.00,60898.00,86.4
182,0.00,8.00,8.0,39.62,12.00,1003.00,1015.0,53.46,12,32.54,4841,0.60,4931,51,4,12.00,0.00,12.0,0.00,0.00,0.0,1.00,120873.00,70.6
183,0.00,424.00,424.0,46.73,4.00,1089.00,1093.0,53.47,11,32.54,4841,0.60,4927,51,4,4.00,0.00,4.0,0.00,0.00,0.0,1.00,92075.00,71.1
184,0.00,328.71,328.71,55.75,4.00,1005.00,1009.0,53.46,15,32.54,4843,0.60,4935,51,4,4.00,0.00,4.0,0.00,0.00,0.0,2.00,139666.00,71.3
185,0.00,480.00,480.0,53.92,10.00,1092.00,1102.0,53.48,13,32.54,4842,0.60,4928,51,4,10.00,0.00,10.0,0.00,0.00,0.0,0.00,68484.00,78.5
186,0.00,45072.00,45072.0,25.82,5.00,858.00,863.0,53.49,1,29.93,4842,0.60,4921,52,4,4.00,2.00,6.0,0.00,0.00,0.0,1.00,60655.00,65.6
187,0.00,868.00,868.0,14.56,5.00,612.00,617.0,53.49,0,29.93,4843,0.60,4926,53,4,4.00,2.00,6.0,0.00,0.00,0.0,1.00,33488.00,54.0
188,0.00,280.00,280.0,11.01,7.00,816.00,823.0,53.5,1,29.93,4844,0.60,4928,53,4,5.00,5.00,10.0,0.00,0.00,0.0,2.00,38552.00,43.7
189,0.00,276.00,276.0,71.81,17.00,1547.00,1564.0,53.52,19,29.93,4845,0.60,4922,53,4,16.00,7.00,23.0,0.00,0.00,0.0,19.00,109219.00,68.9
190,0.00,440.00,440.0,81.31,1.00,1211.00,1212.0,53.57,18,29.93,4845,0.60,4920,53,4,0.00,0.00,0.0,0.00,0.00,0.0,0.00,133274.00,85.5
191,0.00,27732.00,27732.0,79.42,7.00,900.00,907.0,53.6,15,28.74,4843,0.60,4910,52,4,3.00,3.00,6.0,4.00,4.00,8.0,1.00,148005.00,85.6
192,0.00,16.00,16.0,78.96,2.00,847.00,849.0,53.63,22,28.74,4843,0.60,4918,51,4,0.00,1.00,1.0,0.00,0.00,0.0,1.00,161754.00,85.7
193,0.00,420.00,420.0,80.3,9.00,1646.00,1655.0,53.6,8,28.74,4844,0.60,4899,51,4,8.00,0.00,8.0,0.00,0.00,0.0,3.00,135248.00,85.8
194,0.00,376.00,376.0,84.0,0.00,1664.00,1664.0,53.62,41,28.74,4843,0.60,4898,51,4,0.00,0.00,0.0,0.00,0.00,0.0,1.00,125493.00,85.9
195,0.00,1376.00,1376.0,85.48,10.00,1497.00,1507.0,53.68,51,28.74,4847,0.60,4897,52,4,10.00,4.00,14.0,0.00,0.00,0.0,5.00,113364.00,85.9
196,0.00,1188.00,1188.0,84.23,9.00,1951.00,1960.0,53.7,36,29.16,4846,0.60,4877,52,4,9.00,7.00,16.0,0.00,0.00,0.0,1.00,121732.00,86.1
197,0.00,23736.00,23736.0,84.46,2.00,1312.00,1314.0,53.69,27,29.16,4845,0.60,4898,52,4,0.00,3.00,3.0,0.00,0.00,0.0,1.00,134593.00,86.1
198,0.00,264.00,264.0,81.57,4.95,921.78,926.73,53.7,31,29.16,4843,0.60,4915,51,4,3.00,5.00,8.0,0.00,0.00,0.0,1.00,157407.00,86.1
199,0.00,456.00,456.0,84.46,0.00,1411.00,1411.0,53.72,27,29.16,4840,0.60,4903,51,4,0.00,0.00,0.0,0.00,0.00,0.0,1.00,130510.00,86.3
200,0.00,76.00,76.0,85.84,0.00,1251.00,1251.0,53.75,40,29.16,4837,0.60,4889,51,4,0.00,0.00,0.0,0.00,0.00,0.0,1.00,119465.00,86.5
201,0.00,1136.00,1136.0,84.5,9.00,838.00,847.0,53.8,45,30.11,4840,0.60,4915,51,5,0.00,3.00,3.0,2.00,2.00,4.0,4.00,130903.00,86.4
202,0.00,17386.14,17386.14,87.0,3.00,1076.00,1079.0,53.88,32,30.11,4840,0.60,4912,51,4,2.00,2.00,4.0,2.00,2.00,4.0,1.00,126980.00,86.6
203,0.00,300.00,300.0,83.9,7.00,1419.00,1426.0,53.89,37,30.11,4841,0.60,4880,51,4,6.00,1.00,7.0,0.00,0.00,0.0,1.00,123314.00,86.5
204,0.00,384.00,384.0,83.5,3.00,1336.00,1339.0,53.9,27,30.11,4843,0.60,4902,51,4,2.00,0.00,2.0,0.00,0.00,0.0,3.00,151294.00,86.5
205,0.00,344.00,344.0,84.23,4.00,1448.00,1452.0,54.01,24,30.11,4843,0.60,4907,51,4,2.00,0.00,2.0,0.00,0.00,0.0,0.00,128124.00,86.4
206,4.00,740.00,744.0,84.59,7.00,1249.00,1256.0,53.99,39,29.78,4851,0.60,4897,51,5,6.00,0.00,6.0,1.00,1.00,2.0,11.88,130887.13,86.5
207,0.00,12892.00,12892.0,86.7,2.00,1451.00,1453.0,54.02,14,29.78,4843,0.60,4896,51,5,2.00,0.00,2.0,0.00,0.00,0.0,9.00,118282.00,86.5
208,0.00,296.00,296.0,87.64,4.00,1328.00,1332.0,54.08,10,29.78,4844,0.60,4886,51,5,4.00,0.00,4.0,0.00,0.00,0.0,1.00,88550.00,86.6
209,0.00,108.00,108.0,72.31,0.00,1230.00,1230.0,54.02,22,29.78,4844,0.60,4893,51,5,0.00,0.00,0.0,0.00,0.00,0.0,2.00,87006.00,86.3
210,0.00,332.00,332.0,70.63,0.00,961.00,961.0,54.04,1,29.78,4844,0.60,4904,51,4,0.00,0.00,0.0,0.00,0.00,0.0,1.00,67780.00,86.1
211,0.00,892.00,892.0,39.82,0.00,572.00,572.0,54.04,2,28.67,4842,0.60,4918,51,4,0.00,0.00,0.0,0.00,0.00,0.0,0.00,124907.00,77.4
212,0.00,576.00,576.0,23.12,0.00,515.00,515.0,54.04,7,28.67,4842,0.60,4918,51,4,0.00,0.00,0.0,0.00,0.00,0.0,1.00,46932.00,54.2
213,0.00,1032.00,1032.0,54.65,21.00,1885.00,1906.0,54.11,14,28.67,4843,0.60,4908,51,4,20.00,2.00,22.0,0.00,0.00,0.0,2.00,84363.00,77.3
214,0.00,624.00,624.0,73.03,2.00,1422.00,1424.0,54.09,9,28.67,4843,0.60,4916,51,4,2.00,0.00,2.0,0.00,0.00,0.0,1.00,130186.00,84.4
215,0.00,92.00,92.0,46.3,0.00,1090.00,1090.0,54.1,13,28.67,4843,0.60,4942,51,4,0.00,0.00,0.0,0.00,0.00,0.0,0.00,133202.00,70.6
216,0.00,608.00,608.0,61.86,4.00,1056.00,1060.0,54.1,8,27.34,4844,0.60,4921,51,4,0.00,2.00,2.0,0.00,0.00,0.0,1.00,152949.00,84.0
217,0.00,404.00,404.0,55.05,3.00,1193.00,1196.0,54.13,14,27.34,4843,0.60,4908,50,4,0.00,1.00,1.0,0.00,0.00,0.0,1.00,92877.00,67.9
218,0.00,10320.00,10320.0,63.81,0.00,1788.00,1788.0,54.18,5,27.34,4844,0.60,4900,50,4,0.00,0.00,0.0,0.00,0.00,0.0,1.00,97741.00,84.7
219,0.00,508.00,508.0,48.54,1.00,1134.00,1135.0,54.18,8,27.34,4844,0.60,4912,50,4,0.00,0.00,0.0,0.00,0.00,0.0,1.00,102381.00,75.9
220,0.00,832.00,832.0,39.95,0.00,1016.00,1016.0,54.19,0,27.34,4844,0.60,4923,50,4,0.00,0.00,0.0,0.00,0.00,0.0,0.00,84504.00,69.2
221,0.00,444.00,444.0,30.38,4.00,1226.00,1230.0,54.19,6,25.23,4844,0.60,4924,50,4,0.00,0.00,0.0,0.00,0.00,0.0,0.00,121460.00,68.8
222,0.00,152.00,152.0,39.95,2.00,920.00,922.0,54.18,2,25.23,4844,0.60,4916,50,4,0.00,0.00,0.0,4.00,4.00,8.0,0.00,125690.00,69.2
223,0.00,75884.00,75884.0,51.92,6.00,1935.00,1941.0,54.21,10,25.23,4846,0.60,4907,51,4,6.00,7.00,13.0,0.00,0.00,0.0,2.00,128255.00,68.9
224,0.00,700.00,700.0,72.56,7.00,2537.00,2544.0,54.24,13,25.23,4846,0.60,4902,51,4,7.00,4.00,11.0,0.00,0.00,0.0,3.00,164598.00,84.0
225,0.00,352.00,352.0,83.69,0.00,1493.00,1493.0,54.29,37,25.23,4846,0.60,4922,51,4,0.00,0.00,0.0,0.00,0.00,0.0,0.00,124445.00,84.1
226,0.00,376.00,376.0,81.35,7.00,975.00,982.0,54.39,13,24.81,4842,0.60,4903,50,4,7.00,3.00,10.0,0.00,0.00,0.0,1.00,151224.00,84.4
227,0.00,84.00,84.0,76.35,2.00,1429.00,1431.0,54.43,26,24.81,4842,0.60,4907,50,4,2.00,0.00,2.0,0.00,0.00,0.0,1.00,181560.00,84.6
228,0.00,16004.00,16004.0,80.23,1.98,1217.82,1219.8,54.4,33,24.81,4841,0.60,4906,50,4,2.00,0.00,2.0,0.00,0.00,0.0,1.00,165569.00,84.7
229,0.00,440.00,440.0,82.31,12.00,1438.00,1450.0,54.41,5,24.81,4845,0.60,4895,51,4,12.00,4.00,16.0,0.00,0.00,0.0,6.00,136741.00,84.9
230,0.00,400.00,400.0,76.91,2.00,2252.00,2254.0,54.43,28,24.81,4845,0.60,4893,51,4,1.00,1.00,2.0,0.00,0.00,0.0,1.00,131721.00,84.9
231,0.00,540.00,540.0,75.35,11.00,1769.00,1780.0,54.43,15,24.1,4844,0.60,4904,51,4,6.00,6.00,12.0,0.00,0.00,0.0,1.00,159748.00,85.0
232,0.00,508.00,508.0,77.37,4.00,2035.00,2039.0,54.45,15,24.1,4844,0.60,4893,51,4,6.00,0.00,6.0,4.00,4.00,8.0,0.00,100364.00,85.1
233,0.00,29356.00,29356.0,71.77,2.00,1442.00,1444.0,54.47,0,24.1,4844,0.60,4914,51,4,2.00,0.00,2.0,0.00,0.00,0.0,1.00,133515.00,85.3
234,0.00,728.00,728.0,56.83,11.00,1839.00,1850.0,54.48,10,24.1,4843,0.60,4919,51,4,9.00,3.00,12.0,0.00,0.00,0.0,2.00,128717.00,76.7
235,0.00,116.00,116.0,65.5,5.00,1088.00,1093.0,54.49,15,24.1,4843,0.60,4917,50,4,7.00,0.00,7.0,0.00,0.00,0.0,2.00,185318.00,84.1
236,0.00,388.00,388.0,59.09,0.00,1328.00,1328.0,54.52,15,22.73,4844,0.60,4908,50,4,0.00,0.00,0.0,0.00,0.00,0.0,1.00,108353.00,83.7
237,0.00,464.00,464.0,75.03,8.00,1587.00,1595.0,54.55,11,22.73,4844,0.60,4904,50,4,8.00,0.00,8.0,0.00,0.00,0.0,19.00,116499.00,83.6
238,0.00,10880.00,10880.0,50.89,3.00,1939.00,1942.0,54.6,4,22.73,4843,0.60,4909,50,4,2.00,0.00,2.0,0.00,0.00,0.0,0.00,106545.00,77.9
239,0.00,440.00,440.0,31.77,2.00,1290.00,1292.0,54.62,14,22.73,4840,0.60,4905,50,4,2.00,0.00,2.0,0.00,0.00,0.0,1.00,115342.00,68.9
240,0.00,692.00,692.0,33.72,11.00,1045.00,1056.0,54.63,0,22.73,4842,0.60,4903,51,5,7.00,3.00,10.0,1.00,1.00,2.0,2.00,123393.00,68.7
241,0.00,424.00,424.0,26.97,8.00,823.00,831.0,54.61,18,21.07,4843,0.60,4906,51,5,5.94,1.98,7.92,0.00,0.00,0.0,1.00,113925.00,54.2
242,0.00,316.00,316.0,28.64,6.00,955.00,961.0,54.62,0,21.07,4844,0.60,4897,51,5,2.00,0.00,2.0,4.00,4.00,8.0,1.00,62073.00,62.9
243,0.00,3736.00,3736.0,25.16,0.00,1157.00,1157.0,54.62,0,21.07,4844,0.60,4892,51,5,2.00,0.00,2.0,0.00,0.00,0.0,0.00,63310.00,56.9
244,0.00,88.00,88.0,61.73,1.00,1286.00,1287.0,54.69,3,21.07,4844,0.60,4919,51,4,0.00,1.00,1.0,0.00,0.00,0.0,1.00,106225.00,75.6
245,0.00,556.00,556.0,52.79,1.00,802.00,803.0,54.76,13,21.07,4844,0.60,4923,51,4,0.00,0.00,0.0,0.00,0.00,0.0,0.00,156977.00,76.1
246,0.00,132.00,132.0,24.49,0.00,849.00,849.0,54.78,6,20.11,4844,0.60,4916,51,4,0.00,0.00,0.0,0.00,0.00,0.0,0.00,88312.00,65.1
247,0.00,572.00,572.0,54.35,18.00,2002.00,2020.0,54.77,10,20.11,4843,0.60,4908,51,4,18.00,0.00,18.0,0.00,0.00,0.0,0.00,102597.00,64.6
248,0.00,18224.00,18224.0,81.95,16.00,2093.00,2109.0,54.81,18,20.11,4846,0.60,4916,53,4,14.00,14.00,28.0,0.00,0.00,0.0,4.95,86901.98,83.8
249,0.00,80.00,80.0,67.68,6.00,1262.00,1268.0,54.86,15,20.11,4846,0.60,4918,53,4,7.00,7.00,14.0,0.00,0.00,0.0,1.00,129778.00,83.7
250,0.00,483.17,483.17,74.56,11.00,1132.00,1143.0,54.88,14,20.11,4846,0.60,4915,53,4,9.00,1.00,10.0,0.00,0.00,0.0,0.00,174492.00,83.9
251,0.00,504.00,504.0,62.56,5.00,1634.00,1639.0,54.88,12,19.62,4846,0.60,4902,52,4,7.00,4.00,11.0,0.00,0.00,0.0,2.00,134287.00,83.8
252,0.00,284.00,284.0,62.28,6.00,1838.00,1844.0,54.9,18,19.62,4844,0.60,4902,51,4,5.00,2.00,7.0,0.00,0.00,0.0,1.00,143729.00,83.4
253,0.00,53640.00,53640.0,73.32,2.00,1672.00,1674.0,54.92,16,19.62,4844,0.60,4903,51,4,2.00,0.00,2.0,0.00,0.00,0.0,1.00,120415.00,83.4
254,0.00,116.00,116.0,52.66,11.00,1879.00,1890.0,54.93,13,19.62,4843,0.60,4891,51,4,6.00,4.00,10.0,0.00,0.00,0.0,1.00,121825.00,76.4
255,0.00,784.00,784.0,61.36,2.00,1781.00,1783.0,54.96,2,19.62,4843,0.60,4900,51,4,4.00,0.00,4.0,0.00,0.00,0.0,3.00,163973.00,82.8
256,0.00,1128.00,1128.0,66.33,8.00,1264.00,1272.0,54.98,18,19.41,4841,0.60,4904,51,4,8.00,0.00,8.0,0.00,0.00,0.0,0.00,167588.00,82.2
257,0.00,324.00,324.0,59.51,4.00,1936.00,1940.0,55.0,12,19.41,4842,0.60,4890,51,4,4.00,0.00,4.0,0.00,0.00,0.0,1.00,178165.00,82.3
258,0.00,34680.00,34680.0,67.13,4.00,2147.00,2151.0,55.01,10,19.41,4842,0.60,4894,51,4,4.00,0.00,4.0,0.00,0.00,0.0,1.00,164917.00,82.1
259,0.00,1132.00,1132.0,67.95,2.00,1941.00,1943.0,55.04,18,19.41,4844,0.60,4905,51,4,2.00,0.00,2.0,0.00,0.00,0.0,3.00,168866.00,82.5
260,0.00,112.00,112.0,44.53,6.00,1637.00,1643.0,55.05,8,19.41,4843,0.60,4906,51,4,6.00,0.00,6.0,0.00,0.00,0.0,0.00,122741.00,75.5
261,0.00,1044.00,1044.0,58.74,6.00,2293.00,2299.0,55.08,11,19.21,4844,0.60,4902,51,4,2.00,2.00,4.0,0.00,0.00,0.0,2.00,145833.00,80.9
262,0.00,296.00,296.0,67.13,14.85,1441.58,1456.4299999999998,55.1,10,19.21,4844,0.60,4902,51,4,10.00,0.00,10.0,4.00,4.00,8.0,0.00,149393.00,80.6
263,0.00,84.00,84.0,40.78,4.00,1008.00,1012.0,55.11,5,19.21,4844,0.60,4905,51,4,6.00,0.00,6.0,0.00,0.00,0.0,1.00,132785.00,80.1
264,0.00,24168.00,24168.0,31.64,3.00,1255.00,1258.0,55.13,3,19.21,4843,0.60,4902,51,4,0.00,1.00,1.0,0.00,0.00,0.0,1.00,98686.00,65.4
265,0.00,576.00,576.0,33.76,14.00,1910.00,1924.0,55.13,1,19.21,4844,0.60,4911,51,4,12.00,2.00,14.0,0.00,0.00,0.0,2.00,107384.00,64.7
266,0.00,584.00,584.0,27.33,6.00,1242.00,1248.0,55.14,3,17.68,4843,0.60,4911,51,4,6.00,0.00,6.0,0.00,0.00,0.0,0.00,92728.00,64.4
267,4.00,432.00,436.0,58.23,8.00,1434.00,1442.0,55.16,2,17.68,4843,0.60,4904,51,4,8.00,0.00,8.0,0.00,0.00,0.0,18.00,152495.00,76.7
268,0.00,60.00,60.0,65.06,12.00,1618.00,1630.0,55.18,14,17.68,4844,0.60,4912,51,4,8.00,2.00,10.0,0.00,0.00,0.0,0.99,143541.58,77.1
269,0.00,31724.00,31724.0,72.23,8.00,1578.00,1586.0,55.2,0,17.68,4844,0.60,4893,51,4,8.00,2.00,10.0,0.00,0.00,0.0,1.00,151796.00,86.1
270,0.00,432.00,432.0,43.63,2.00,1466.00,1468.0,55.22,11,17.68,4843,0.60,4905,51,4,2.00,0.00,2.0,0.00,0.00,0.0,0.00,175929.00,76.7
271,0.00,752.00,752.0,54.72,8.00,2111.00,2119.0,55.24,9,16.26,4844,0.60,4895,51,4,8.00,0.00,8.0,0.00,0.00,0.0,1.00,116954.00,71.2
272,0.00,1456.00,1456.0,78.28,6.00,1975.00,1981.0,55.34,27,16.26,4844,0.60,4897,51,4,2.00,0.00,2.0,4.00,4.00,8.0,0.00,126157.00,82.5
273,0.00,1132.00,1132.0,75.76,6.00,1676.00,1682.0,55.49,5,16.26,4843,0.60,4904,51,4,5.94,0.00,5.94,0.00,0.00,0.0,0.00,134557.00,82.9
274,0.00,7824.00,7824.0,61.09,13.00,1600.00,1613.0,55.51,5,16.26,4841,0.60,4904,51,5,12.00,0.00,12.0,1.00,1.00,2.0,1.00,186389.00,83.0
275,0.00,468.00,468.0,55.99,5.00,1886.00,1891.0,55.54,13,16.26,4841,0.60,4893,51,5,4.00,0.00,4.0,0.00,0.00,0.0,2.00,187685.00,76.5
276,0.00,864.00,864.0,67.89,1.00,2260.00,2261.0,55.56,15,15.44,4842,0.60,4883,51,5,0.00,0.00,0.0,0.00,0.00,0.0,0.00,149766.00,83.2
277,0.00,576.00,576.0,76.36,3.00,1311.00,1314.0,55.47,13,15.44,4843,0.60,4885,51,5,0.00,3.00,3.0,0.00,0.00,0.0,1.00,156684.00,83.4
278,0.00,88.00,88.0,55.84,4.00,1333.00,1337.0,55.5,2,15.44,4844,0.60,4918,51,4,1.00,3.00,4.0,0.00,0.00,0.0,1.00,102351.00,83.6
279,0.00,12104.00,12104.0,41.86,7.00,1439.00,1446.0,55.51,12,15.44,4846,0.60,4919,52,4,7.00,7.00,14.0,0.00,0.00,0.0,3.00,124786.00,64.4
280,0.00,664.00,664.0,21.07,3.00,744.00,747.0,55.53,0,15.44,4845,0.60,4925,52,4,2.00,4.00,6.0,0.00,0.00,0.0,0.00,51015.00,64.7
281,0.00,316.00,316.0,11.36,3.00,528.00,531.0,55.53,0,14.28,4845,0.60,4921,51,4,0.00,1.00,1.0,0.00,0.00,0.0,1.00,37726.00,46.6
282,0.00,16.00,16.0,16.96,6.00,1151.00,1157.0,55.53,4,14.28,4845,0.60,4912,51,4,0.00,1.00,1.0,4.00,4.00,8.0,0.00,50829.00,46.4
283,0.00,596.00,596.0,32.45,4.00,1070.00,1074.0,55.57,9,14.28,4844,0.60,4910,51,4,6.00,4.00,10.0,0.00,0.00,0.0,1.00,98344.00,67.7
284,0.00,56676.00,56676.0,33.21,0.00,720.00,720.0,55.59,1,14.28,4844,0.60,4913,51,4,0.00,0.00,0.0,0.00,0.00,0.0,1.00,159358.00,58.9
285,0.00,128.00,128.0,21.72,4.00,1008.00,1012.0,55.61,3,14.28,4845,0.60,4913,51,4,3.00,3.00,6.0,0.00,0.00,0.0,1.00,76014.00,58.8
286,0.00,908.00,908.0,37.9,1.00,1952.00,1953.0,55.62,10,13.54,4846,0.60,4915,51,4,2.00,3.00,5.0,0.00,0.00,0.0,2.00,130886.00,66.5
287,0.00,264.00,264.0,27.23,2.00,912.00,914.0,55.61,3,13.54,4846,0.60,4918,51,4,2.00,0.00,2.0,0.00,0.00,0.0,0.00,104939.00,66.1
288,0.00,52.00,52.0,30.7,0.00,640.00,640.0,55.61,0,13.54,4846,0.60,4906,51,4,0.00,0.00,0.0,0.00,0.00,0.0,0.00,68922.00,66.0
289,0.00,22452.00,22452.0,35.6,0.00,1816.00,1816.0,55.62,2,13.54,4846,0.60,4898,51,4,0.00,0.00,0.0,0.00,0.00,0.0,1.00,120225.00,54.5
290,0.00,364.00,364.0,53.11,0.00,2015.00,2015.0,55.65,4,13.54,4846,0.60,4904,51,4,0.00,0.00,0.0,0.00,0.00,0.0,0.00,147960.00,76.8
291,0.00,232.00,232.0,54.49,0.00,1067.00,1067.0,55.67,13,12.77,4845,0.60,4901,51,4,0.00,0.00,0.0,0.00,0.00,0.0,0.00,193554.00,76.7
292,0.00,320.00,320.0,76.02,0.00,1488.00,1488.0,55.67,8,12.77,4845,0.60,4899,51,4,0.00,0.00,0.0,0.00,0.00,0.0,0.00,132863.00,82.9
293,0.00,680.00,680.0,66.02,0.00,2839.00,2839.0,55.7,19,12.77,4846,0.60,4892,51,4,0.00,0.00,0.0,0.00,0.00,0.0,2.00,164492.00,82.7
294,0.00,1132.00,1132.0,79.57,4.00,2488.00,2492.0,55.73,29,12.77,4846,0.60,4890,51,4,4.00,0.00,4.0,0.00,0.00,0.0,1.00,167988.00,83.2
295,0.00,38384.00,38384.0,77.54,0.00,1678.00,1678.0,55.75,19,12.77,4845,0.60,4893,51,4,0.00,0.00,0.0,0.00,0.00,0.0,0.00,174360.00,83.5
296,0.00,468.00,468.0,78.84,5.00,1459.00,1464.0,55.79,22,13.83,4843,0.60,4896,51,4,5.00,3.00,8.0,0.00,0.00,0.0,1.00,177098.00,83.8
297,4.00,500.00,504.0,81.35,4.00,1347.00,1351.0,55.81,36,13.83,4844,0.60,4903,51,4,4.00,0.00,4.0,0.00,0.00,0.0,20.00,135919.00,84.1
298,0.00,888.00,888.0,75.16,1.00,1813.00,1814.0,55.84,19,13.83,4844,0.60,4890,51,4,1.00,1.00,2.0,0.00,0.00,0.0,3.00,149429.00,84.4
299,0.00,824.00,824.0,68.23,10.00,2170.00,2180.0,55.87,11,13.83,4848,0.60,4900,52,4,10.00,10.00,20.0,0.00,0.00,0.0,4.00,131699.00,84.2
300,0.00,25456.00,25456.0,62.58,1.00,2491.00,2492.0,55.9,18,13.83,4848,0.60,4904,52,4,1.00,1.00,2.0,0.00,0.00,0.0,0.00,110793.00,84.0
301,0.00,788.00,788.0,56.8,12.00,1586.00,1598.0,55.91,2,14.01,4846,0.60,4907,52,4,12.00,5.00,17.0,0.00,0.00,0.0,1.00,108876.00,83.8
302,0.00,8.00,8.0,55.64,13.00,724.00,737.0,55.92,6,14.01,4845,0.60,4904,51,4,8.00,6.00,14.0,4.00,4.00,8.0,1.00,145952.00,71.5
303,0.00,88.00,88.0,45.35,4.00,911.00,915.0,55.94,2,14.01,4846,0.60,4907,51,4,4.00,6.00,10.0,0.00,0.00,0.0,3.00,71960.00,80.3
304,0.00,140.00,140.0,38.37,19.00,1825.00,1844.0,55.96,2,14.01,4845,0.60,4897,51,4,16.00,0.00,16.0,0.00,0.00,0.0,2.00,111510.00,71.8
305,0.00,10096.00,10096.0,40.2,2.00,1217.00,1219.0,55.98,1,14.01,4845,0.60,4906,51,4,4.00,1.00,5.0,0.00,0.00,0.0,1.00,116328.00,65.7
306,0.00,156.00,156.0,21.56,6.00,748.00,754.0,55.99,8,13.13,4843,0.60,4902,50,4,6.00,2.00,8.0,0.00,0.00,0.0,1.00,94276.00,65.1
307,0.00,1024.00,1024.0,36.86,3.00,1770.00,1773.0,56.0,8,13.13,4844,0.60,4897,50,4,2.00,0.00,2.0,0.00,0.00,0.0,1.00,112242.00,58.6
308,0.00,856.00,856.0,42.97,4.00,2089.00,2093.0,56.02,5,13.13,4844,0.60,4896,51,5,2.00,2.00,4.0,1.00,1.00,2.0,1.00,168602.00,76.4
309,0.00,292.00,292.0,43.01,2.00,1151.00,1153.0,56.04,9,13.13,4843,0.60,4907,51,5,1.00,2.00,3.0,0.00,0.00,0.0,1.00,222759.00,70.0
310,0.00,7296.00,7296.0,25.32,11.00,1271.00,1282.0,56.05,8,13.13,4845,0.60,4909,52,5,8.00,4.00,12.0,0.00,0.00,0.0,2.00,115183.00,69.4
311,0.00,672.00,672.0,42.51,6.00,2246.00,2252.0,56.07,8,14.32,4846,0.60,4898,52,5,8.00,6.00,14.0,0.00,0.00,0.0,1.00,129940.00,69.0
312,0.00,28.00,28.0,32.12,4.00,988.00,992.0,56.09,4,14.32,4846,0.60,4923,52,4,1.00,4.00,5.0,0.00,0.00,0.0,1.00,101706.00,68.7
313,0.00,84.00,84.0,37.52,3.00,608.00,611.0,56.1,9,14.32,4845,0.60,4915,52,4,1.00,3.00,4.0,0.00,0.00,0.0,0.00,87990.00,68.9
314,0.00,116.00,116.0,18.88,3.00,688.00,691.0,56.1,1,14.32,4844,0.60,4913,51,4,3.00,3.00,6.0,0.00,0.00,0.0,2.00,61553.00,60.9
315,0.00,432.00,432.0,15.44,0.00,962.00,962.0,56.11,10,14.32,4844,0.60,4908,51,4,0.00,0.00,0.0,0.00,0.00,0.0,0.00,45143.00,49.2
316,0.00,51680.00,51680.0,22.59,0.00,1961.00,1961.0,56.12,15,15.81,4845,0.60,4897,51,4,0.00,0.00,0.0,0.00,0.00,0.0,1.00,108707.00,49.6
317,0.00,812.00,812.0,56.98,0.00,2188.00,2188.0,56.16,1,15.81,4844,0.60,4899,51,4,0.00,0.00,0.0,0.00,0.00,0.0,0.00,182024.00,76.4
318,0.00,52.00,52.0,60.26,0.00,1525.00,1525.0,56.19,18,15.81,4845,0.60,4915,51,4,0.00,0.00,0.0,0.00,0.00,0.0,1.00,231422.00,76.5
319,0.00,648.00,648.0,63.57,2.00,2137.00,2139.0,56.21,2,15.81,4845,0.60,4894,51,4,2.00,0.00,2.0,0.00,0.00,0.0,2.00,185357.00,84.4
320,0.00,508.00,508.0,72.04,0.00,2583.00,2583.0,56.25,22,15.81,4845,0.60,4886,51,4,0.00,0.00,0.0,0.00,0.00,0.0,0.00,174710.00,84.1
321,0.00,43220.00,43220.0,72.38,2.00,2504.00,2506.0,56.28,22,16.07,4845,0.60,4888,51,4,2.00,0.00,2.0,0.00,0.00,0.0,1.00,162792.00,84.3
322,0.00,168.00,168.0,46.26,9.00,1472.00,1481.0,56.3,1,16.07,4845,0.60,4910,51,4,4.00,0.00,4.0,4.00,4.00,8.0,1.00,113587.00,84.1
323,0.00,304.00,304.0,31.35,0.00,1361.00,1361.0,56.31,0,16.07,4845,0.60,4909,51,4,0.00,0.00,0.0,0.00,0.00,0.0,0.00,108856.00,61.2
324,0.00,448.00,448.0,31.97,6.00,1524.00,1530.0,56.32,0,16.07,4845,0.60,4912,51,4,4.00,1.00,5.0,0.00,0.00,0.0,1.00,111232.00,61.6
325,0.00,148.00,148.0,33.21,15.00,1912.00,1927.0,56.33,3,16.07,4845,0.60,4909,50,5,14.00,0.00,14.0,1.00,0.00,1.0,0.00,143309.00,61.0
326,0.00,25536.00,25536.0,50.19,0.00,1809.00,1809.0,56.37,17,15.66,4844,0.60,4908,50,5,0.00,0.00,0.0,0.00,0.00,0.0,0.00,165269.00,70.1
327,0.00,412.00,412.0,70.57,6.00,1336.00,1342.0,56.43,21,15.66,4852,0.60,4907,50,5,4.00,0.00,4.0,0.00,0.00,0.0,18.00,180114.00,85.5
328,0.00,184.00,184.0,48.34,6.00,1725.00,1731.0,56.44,5,15.66,4844,0.60,4910,50,5,8.00,0.00,8.0,0.00,0.00,0.0,0.00,161684.00,79.4
329,0.00,568.00,568.0,60.45,0.00,2468.00,2468.0,56.45,20,15.66,4845,0.60,4900,50,5,0.00,0.00,0.0,0.00,0.00,0.0,2.00,142274.00,78.9
330,0.00,344.00,344.0,45.98,14.00,1544.00,1558.0,56.49,0,15.66,4845,0.60,4906,50,5,12.00,1.00,13.0,1.00,0.00,1.0,0.00,87885.00,79.1
331,0.00,31308.00,31308.0,22.86,4.00,750.00,754.0,56.5,3,15.37,4845,0.60,4906,50,5,4.00,0.00,4.0,0.00,0.00,0.0,0.00,91183.00,62.5
332,0.00,1228.00,1228.0,10.52,6.00,773.00,779.0,56.5,6,15.37,4845,0.60,4899,50,5,2.00,0.00,2.0,4.00,4.00,8.0,0.00,50075.00,45.4
333,0.00,1000.00,1000.0,20.03,15.00,1476.00,1491.0,56.51,0,15.37,4846,0.60,4895,51,5,14.00,4.00,18.0,0.00,0.00,0.0,2.00,57944.00,45.8
334,0.00,832.00,832.0,53.47,15.00,2177.00,2192.0,56.53,6,15.37,4844,0.60,4892,51,5,15.00,7.00,22.0,0.00,0.00,0.0,1.00,156593.00,69.2
335,0.00,252.00,252.0,61.14,0.00,1864.00,1864.0,56.56,17,15.37,4844,0.60,4897,52,4,0.00,1.00,1.0,0.00,0.00,0.0,0.00,207984.00,81.6
336,0.00,10740.00,10740.0,62.14,4.00,1701.00,1705.0,56.59,10,15.02,4845,0.60,4889,51,5,0.00,0.00,0.0,1.00,0.00,1.0,1.00,218349.00,81.7
337,0.00,756.00,756.0,68.39,4.00,2190.00,2194.0,56.62,35,15.02,4844,0.60,4878,50,5,3.00,3.00,6.0,0.00,0.00,0.0,2.00,164784.00,81.8
338,0.00,304.00,304.0,65.58,0.00,2994.00,2994.0,56.66,31,15.02,4844,0.60,4886,50,5,0.00,0.00,0.0,0.00,0.00,0.0,1.00,165062.00,81.7
339,0.00,876.00,876.0,73.44,1.00,1892.00,1893.0,56.71,26,15.02,4844,0.60,4895,50,5,0.00,0.00,0.0,0.00,0.00,0.0,1.00,168519.00,82.1
340,0.00,356.00,356.0,33.29,0.00,1071.00,1071.0,56.75,3,15.02,4845,0.60,4899,50,5,0.00,0.00,0.0,0.00,0.00,0.0,1.00,94460.00,73.3
341,0.00,21816.00,21816.0,44.33,1.00,1281.00,1282.0,56.77,0,14.7,4843,0.60,4897,51,4,0.00,2.00,2.0,0.00,0.00,0.0,0.00,111639.00,66.8
342,0.00,212.00,212.0,29.8,3.00,1213.00,1216.0,56.76,1,14.7,4845,0.60,4897,51,5,0.00,2.00,2.0,1.00,1.00,2.0,2.00,62506.00,66.1
343,0.00,568.00,568.0,66.5,0.00,1766.00,1766.0,56.79,19,14.7,4845,0.60,4895,51,5,0.00,0.00,0.0,0.00,0.00,0.0,0.00,94134.00,78.1
344,0.00,292.00,292.0,32.79,0.00,1773.00,1773.0,56.81,14,14.7,4845,0.60,4906,51,5,0.00,0.00,0.0,0.00,0.00,0.0,1.00,133045.00,77.5
345,0.00,104.00,104.0,60.44,4.00,1244.00,1248.0,56.83,5,14.7,4845,0.60,4900,51,5,0.00,4.00,4.0,0.00,0.00,0.0,0.00,211198.00,71.8
346,0.00,18852.00,18852.0,39.16,0.00,1442.00,1442.0,56.85,11,13.68,4845,0.60,4905,51,4,0.00,0.00,0.0,0.00,0.00,0.0,0.00,166568.00,71.8
347,0.00,652.00,652.0,44.81,0.00,2415.00,2415.0,56.86,6,13.68,4845,0.60,4901,51,4,0.00,0.00,0.0,0.00,0.00,0.0,1.00,148492.00,72.0
348,0.00,468.00,468.0,22.91,0.00,1247.00,1247.0,56.88,3,13.68,4845,0.60,4911,51,4,0.00,0.00,0.0,0.00,0.00,0.0,1.00,76289.00,62.9
349,0.00,100.00,100.0,10.31,6.00,688.00,694.0,56.89,3,13.68,4847,0.60,4921,52,4,6.00,5.00,11.0,0.00,0.00,0.0,3.00,29774.00,46.6
350,0.00,56.00,56.0,6.11,7.00,558.00,565.0,56.89,2,13.68,4846,0.60,4923,52,4,7.00,6.00,13.0,0.00,0.00,0.0,0.00,22642.00,40.7
351,0.00,61400.00,61400.0,9.99,0.00,580.00,580.0,56.9,1,12.74,4846,0.60,4920,52,4,0.00,0.00,0.0,0.00,0.00,0.0,0.00,45255.00,40.9
352,0.00,8.00,8.0,12.01,9.00,346.00,355.0,56.9,0,12.74,4844,0.60,4910,51,4,3.00,5.00,8.0,4.00,4.00,8.0,0.00,73532.00,41.4
353,0.00,480.00,480.0,11.22,5.00,779.00,784.0,56.91,0,12.74,4843,0.60,4894,51,4,2.00,0.00,2.0,0.00,0.00,0.0,0.00,47475.00,41.6
354,0.00,596.00,596.0,29.77,2.00,1291.00,1293.0,56.92,1,12.74,4845,0.60,4895,50,4,4.00,0.00,4.0,0.00,0.00,0.0,3.00,85467.00,58.6
355,0.00,100.00,100.0,29.28,0.00,717.00,717.0,56.93,3,12.74,4845,0.60,4903,50,4,0.00,0.00,0.0,0.00,0.00,0.0,0.00,117412.00,67.6
356,0.00,368.00,368.0,26.61,8.00,1866.00,1874.0,56.97,5,11.72,4845,0.60,4897,50,4,8.00,0.00,8.0,0.00,0.00,0.0,0.00,111058.00,61.9
357,0.00,30172.00,30172.0,69.79,6.00,2564.00,2570.0,56.99,28,11.72,4845,0.60,4897,50,4,6.00,0.00,6.0,0.00,0.00,0.0,1.00,172434.00,76.4
358,8.00,1016.00,1024.0,67.14,2.00,2400.00,2402.0,57.02,14,11.72,4844,0.60,4907,50,4,2.00,0.00,2.0,0.00,0.00,0.0,22.00,183466.00,83.4
359,0.00,376.00,376.0,59.82,2.00,1669.00,1671.0,57.06,4,11.72,4843,0.60,4910,50,4,2.00,0.00,2.0,0.00,0.00,0.0,1.00,237992.00,83.4
360,0.00,480.00,480.0,61.15,4.00,2451.00,2455.0,57.09,39,11.72,4844,0.60,4910,50,4,4.00,0.00,4.0,0.00,0.00,0.0,1.00,165266.00,83.0
361,0.00,920.00,920.0,79.25,4.00,2529.00,2533.0,57.11,25,12.71,4844,0.60,4869,50,4,4.00,0.00,4.0,0.00,0.00,0.0,0.99,170619.80,83.1
362,0.00,30904.00,30904.0,79.55,5.00,3050.00,3055.0,57.15,27,12.71,4840,0.60,4871,50,4,0.00,0.00,0.0,4.00,4.00,8.0,2.00,157150.00,83.5
363,0.00,320.00,320.0,79.8,2.00,1645.00,1647.0,57.18,21,12.71,4842,0.60,4895,50,4,1.00,1.00,2.0,0.00,0.00,0.0,3.00,168563.00,83.7
364,0.00,224.00,224.0,58.1,0.00,1547.00,1547.0,57.2,3,12.71,4843,0.60,4903,50,4,0.00,0.00,0.0,0.00,0.00,0.0,3.00,151692.00,83.8
365,0.00,940.00,940.0,54.72,3.00,1889.00,1892.0,57.22,12,12.71,4844,0.60,4906,50,4,2.00,0.00,2.0,0.00,0.00,0.0,1.00,185676.00,78.2
366,0.00,548.00,548.0,38.3,0.00,2194.00,2194.0,57.24,5,12.49,4844,0.60,4906,50,4,0.00,0.00,0.0,0.00,0.00,0.0,1.00,120263.00,69.7
367,0.00,22840.00,22840.0,38.9,0.00,1480.00,1480.0,57.26,3,12.49,4844,0.60,4897,50,4,0.00,0.00,0.0,0.00,0.00,0.0,0.00,74036.00,69.2
368,0.00,768.00,768.0,61.78,5.00,792.00,797.0,57.26,4,12.49,4844,0.60,4895,50,4,4.00,0.00,4.0,0.00,0.00,0.0,1.00,82423.00,78.5
369,0.00,48.00,48.0,51.77,12.00,799.00,811.0,57.31,3,12.49,4845,0.60,4899,51,4,12.00,2.00,14.0,0.00,0.00,0.0,2.00,81733.00,78.4
370,0.00,484.00,484.0,29.9,11.00,1012.00,1023.0,57.31,0,12.49,4845,0.60,4899,51,4,11.00,6.00,17.0,0.00,0.00,0.0,1.00,55794.00,77.8
371,0.00,244.00,244.0,17.34,10.00,1074.00,1084.0,57.33,1,11.65,4847,0.60,4900,51,4,10.00,3.00,13.0,0.00,0.00,0.0,2.00,73285.00,55.6
372,0.00,21512.00,21512.0,22.79,4.00,980.00,984.0,57.34,0,11.65,4847,0.60,4897,51,4,4.00,0.00,4.0,0.00,0.00,0.0,0.00,104747.00,55.9
373,0.00,87.13,87.13,15.41,4.00,642.00,646.0,57.32,0,11.65,4847,0.60,4900,51,4,2.00,1.00,3.0,0.00,0.00,0.0,0.00,86733.00,44.6
374,0.00,391.92,391.92,18.73,7.00,1258.00,1265.0,57.33,1,11.65,4844,0.60,4886,50,4,9.00,2.00,11.0,0.00,0.00,0.0,2.00,66902.00,54.6
375,0.00,376.00,376.0,74.27,0.00,1930.00,1930.0,57.36,16,11.65,4844,0.60,4867,50,4,0.00,0.00,0.0,0.00,0.00,0.0,0.00,111244.00,69.4
376,0.00,712.87,712.87,76.54,4.00,2107.00,2111.0,57.38,29,12.32,4842,0.60,4876,50,4,0.00,0.00,0.0,0.00,0.00,0.0,1.00,168925.00,85.4
377,0.00,21272.00,21272.0,76.07,2.00,1526.00,1528.0,57.42,28,12.32,4841,0.60,4882,51,5,0.00,4.00,4.0,1.00,1.00,2.0,0.00,179161.00,85.4
378,0.00,64.00,64.0,79.09,1.98,1159.41,1161.39,57.44,28,12.32,4841,0.60,4880,51,5,2.00,2.00,4.0,0.00,0.00,0.0,2.00,175240.00,85.5
379,0.00,436.00,436.0,75.91,0.00,1782.00,1782.0,57.48,28,12.32,4842,0.60,4868,51,5,0.00,0.00,0.0,0.00,0.00,0.0,4.00,185285.00,85.5
380,0.00,912.00,912.0,75.47,0.00,2446.00,2446.0,57.51,14,12.32,4844,0.60,4871,51,5,0.00,0.00,0.0,0.00,0.00,0.0,1.98,178122.77,85.5
381,0.00,884.00,884.0,80.51,0.00,2251.00,2251.0,57.56,32,13.41,4845,0.60,4894,51,4,0.00,0.00,0.0,0.00,0.00,0.0,1.00,146030.00,85.5
382,0.00,55248.00,55248.0,75.6,5.00,1927.00,1932.0,57.61,16,13.41,4845,0.60,4901,51,4,0.00,0.00,0.0,4.00,4.00,8.0,0.00,166264.00,85.6
383,0.00,384.00,384.0,38.03,0.00,1356.00,1356.0,57.62,0,13.41,4845,0.60,4910,51,4,0.00,0.00,0.0,0.00,0.00,0.0,0.00,99950.00,78.7
384,0.00,400.00,400.0,52.58,11.00,2090.00,2101.0,57.63,17,13.41,4845,0.60,4898,51,4,10.00,0.00,10.0,0.00,0.00,0.0,2.00,111278.00,67.0
385,0.00,340.00,340.0,46.14,4.00,1601.00,1605.0,57.64,1,13.41,4845,0.60,4905,51,4,2.00,1.00,3.0,0.00,0.00,0.0,0.00,97288.00,78.5
386,0.00,488.00,488.0,37.37,6.00,652.00,658.0,57.63,1,13.22,4844,0.60,4897,51,4,4.00,0.00,4.0,0.00,0.00,0.0,0.00,121332.00,71.4
387,0.00,18320.00,18320.0,30.34,6.00,1279.00,1285.0,57.64,5,13.22,4844,0.60,4894,51,4,8.00,0.00,8.0,0.00,0.00,0.0,2.00,87918.00,65.3
388,4.00,656.00,660.0,41.08,12.00,1884.00,1896.0,57.66,8,13.22,4847,0.60,4890,52,4,11.00,9.00,20.0,0.00,0.00,0.0,18.00,123890.00,72.9
389,0.00,80.00,80.0,41.14,4.00,1072.00,1076.0,57.67,3,13.22,4846,0.60,4903,52,4,4.00,3.00,7.0,0.00,0.00,0.0,1.00,166287.00,73.0
390,0.00,548.00,548.0,31.29,0.00,1397.00,1397.0,57.69,3,13.22,4846,0.60,4910,52,4,0.00,0.00,0.0,0.00,0.00,0.0,1.00,102149.00,63.6
391,0.00,512.00,512.0,33.25,7.00,1749.00,1756.0,57.72,1,12.32,4845,0.60,4899,51,4,5.00,4.00,9.0,0.00,0.00,0.0,1.00,135402.00,64.1
392,0.00,31168.00,31168.0,20.13,10.00,911.00,921.0,57.73,0,12.32,4844,0.60,4904,51,4,6.00,0.00,6.0,4.00,4.00,8.0,0.00,92033.00,63.6
393,0.00,9680.00,9680.0,16.45,0.00,976.00,976.0,57.74,10,12.32,4844,0.60,4893,51,4,0.00,0.00,0.0,0.00,0.00,0.0,0.00,67195.00,53.0
394,0.00,1416.00,1416.0,37.73,2.00,2001.00,2003.0,57.76,1,12.32,4844,0.60,4885,50,4,2.00,0.00,2.0,0.00,0.00,0.0,2.00,133086.00,67.7
395,0.00,608.00,608.0,47.07,9.00,2110.00,2119.0,57.78,17,12.32,4844,0.60,4899,50,4,8.00,0.00,8.0,0.00,0.00,0.0,0.00,188115.00,67.6
396,0.00,404.00,404.0,37.97,1.00,2079.00,2080.0,57.81,13,11.33,4843,0.60,4899,50,4,0.00,0.00,0.0,0.00,0.00,0.0,0.00,191720.00,73.2
397,0.00,752.00,752.0,66.42,0.00,2145.00,2145.0,57.85,8,11.33,4845,0.60,4884,50,4,0.00,0.00,0.0,0.00,0.00,0.0,2.00,199732.00,73.7
398,0.00,22892.00,22892.0,67.62,1.00,2644.00,2645.0,57.88,22,11.33,4845,0.60,4886,50,4,0.00,0.00,0.0,0.00,0.00,0.0,0.00,182841.00,81.7
399,0.00,840.00,840.0,54.1,0.00,2715.00,2715.0,57.91,1,11.33,4845,0.60,4892,50,4,0.00,0.00,0.0,0.00,0.00,0.0,2.00,165862.00,81.9
400,0.00,472.00,472.0,65.82,0.00,1767.00,1767.0,57.94,10,11.33,4845,0.60,4899,50,4,0.00,0.00,0.0,0.00,0.00,0.0,0.00,197385.00,75.5
401,0.00,1032.00,1032.0,64.1,13.00,1663.00,1676.0,58.0,6,10.91,4847,0.60,4908,50,5,10.00,11.00,21.0,1.00,0.00,1.0,2.00,101683.00,82.8
402,0.00,320.00,320.0,33.08,0.00,2218.00,2218.0,58.01,13,10.91,4846,0.60,4914,50,5,1.00,1.00,2.0,0.00,0.00,0.0,1.00,143329.00,70.3
403,0.00,25448.00,25448.0,36.25,0.00,1488.00,1488.0,58.03,1,10.91,4847,0.60,4922,50,5,0.00,0.00,0.0,0.00,0.00,0.0,1.00,120252.00,70.1
404,0.00,256.00,256.0,19.36,3.00,638.00,641.0,58.03,2,10.91,4845,0.60,4908,49,5,3.00,3.00,6.0,0.00,0.00,0.0,1.00,91635.00,55.9
405,0.00,160.00,160.0,16.6,0.00,1024.00,1024.0,58.04,8,10.91,4844,0.60,4899,49,5,0.00,0.00,0.0,0.00,0.00,0.0,0.00,66579.00,49.9
406,0.00,172.00,172.0,59.38,2.00,1533.00,1535.0,58.09,1,11.0,4845,0.60,4892,49,5,0.00,1.00,1.0,1.00,0.00,1.0,1.00,90735.00,69.4
407,0.00,64.00,64.0,22.49,0.00,1059.00,1059.0,58.11,4,11.0,4844,0.60,4913,49,5,0.00,0.00,0.0,0.00,0.00,0.0,0.00,120133.00,63.5
408,0.00,19852.00,19852.0,33.03,2.00,904.00,906.0,58.12,8,11.0,4844,0.60,4896,49,5,2.00,0.00,2.0,0.00,0.00,0.0,1.00,113185.00,63.1
409,0.00,852.00,852.0,35.18,0.00,1661.00,1661.0,58.14,5,11.0,4845,0.60,4887,49,5,0.00,0.00,0.0,0.00,0.00,0.0,3.00,117839.00,71.5
410,0.00,628.00,628.0,31.3,6.00,1565.00,1571.0,58.15,11,11.0,4845,0.60,4902,49,5,6.00,0.00,6.0,0.00,0.00,0.0,1.00,123248.00,62.9
411,0.00,456.00,456.0,34.5,3.00,844.00,847.0,58.17,0,10.27,4845,0.60,4898,49,6,2.00,0.00,2.0,1.00,1.00,2.0,0.00,85293.00,70.6
412,0.00,48.00,48.0,18.57,6.00,1401.00,1407.0,58.18,0,10.27,4845,0.60,4886,49,6,0.00,1.00,1.0,5.00,4.00,9.0,0.00,106119.00,49.6
413,0.00,51140.00,51140.0,29.81,2.00,2013.00,2015.0,58.2,3,10.27,4844,0.60,4884,49,6,2.00,0.00,2.0,0.00,0.00,0.0,0.00,151965.00,61.2
414,0.00,836.00,836.0,50.19,4.00,1516.00,1520.0,58.24,8,10.27,4843,0.60,4887,49,6,4.00,0.00,4.0,0.00,0.00,0.0,2.00,180645.00,68.6
415,0.00,360.00,360.0,69.39,0.00,1451.00,1451.0,58.27,11,10.27,4843,0.60,4882,49,5,0.00,0.00,0.0,0.00,0.00,0.0,1.00,141019.00,80.8
416,0.00,752.00,752.0,64.09,0.00,1610.00,1610.0,58.29,2,9.85,4845,0.60,4889,49,5,0.00,0.00,0.0,0.00,0.00,0.0,2.00,171644.00,81.3
417,0.00,488.00,488.0,33.8,1.00,1629.00,1630.0,58.31,6,9.85,4844,0.60,4892,50,4,0.00,2.00,2.0,0.00,0.00,0.0,0.00,105760.00,67.9
418,4.00,15244.00,15248.0,42.73,7.92,2439.60,2447.52,58.34,17,9.85,4844,0.60,4887,50,4,8.00,0.00,8.0,0.00,0.00,0.0,19.00,107119.00,62.7
419,0.00,876.00,876.0,65.32,0.00,2160.00,2160.0,58.36,3,9.85,4845,0.60,4903,50,4,0.00,0.00,0.0,0.00,0.00,0.0,2.00,158986.00,82.8
420,0.00,76.00,76.0,45.61,5.00,1347.00,1352.0,58.39,17,9.85,4845,0.60,4921,50,4,2.00,2.00,4.0,0.00,0.00,0.0,0.00,171600.00,68.3
421,0.00,668.00,668.0,59.02,13.00,1304.00,1317.0,58.4,6,9.86,4843,0.60,4900,50,4,10.00,0.00,10.0,2.00,2.00,4.0,0.00,148602.00,84.1
422,0.00,320.00,320.0,58.87,6.00,2137.00,2143.0,58.43,14,9.86,4843,0.60,4897,50,4,2.00,0.00,2.0,4.00,4.00,8.0,1.00,146898.00,74.4
423,0.00,17476.00,17476.0,67.95,6.00,2631.00,2637.0,58.46,2,9.86,4846,0.60,4905,50,4,2.00,3.00,5.0,0.00,0.00,0.0,3.00,124929.00,82.9
424,0.00,12156.00,12156.0,28.76,8.00,1216.00,1224.0,58.48,2,9.86,4847,0.60,4914,50,5,4.00,1.00,5.0,2.00,2.00,4.0,2.00,122200.00,74.7
425,0.00,596.00,596.0,25.1,2.00,1247.00,1249.0,58.49,5,9.86,4846,0.60,4912,50,5,2.00,0.00,2.0,0.00,0.00,0.0,1.00,115561.00,53.9
426,0.00,412.00,412.0,31.05,8.00,1439.00,1447.0,58.52,0,9.47,4846,0.60,4915,50,5,8.00,0.00,8.0,0.00,0.00,0.0,0.00,143861.00,62.7
427,0.00,84.00,84.0,17.97,9.00,1432.00,1441.0,58.53,0,9.47,4847,0.60,4909,50,5,8.00,0.00,8.0,0.00,0.00,0.0,1.00,89048.00,62.3
428,0.00,1360.00,1360.0,29.22,2.00,1844.00,1846.0,58.55,0,9.47,4847,0.60,4910,50,5,2.00,0.00,2.0,0.00,0.00,0.0,0.00,127994.00,62.1
429,0.00,43360.00,43360.0,46.09,12.00,1609.00,1621.0,58.57,9,9.47,4846,0.60,4905,50,4,10.00,0.00,10.0,2.00,2.00,4.0,1.00,172641.00,62.2
430,0.00,668.00,668.0,43.7,10.00,1826.00,1836.0,58.6,5,9.47,4846,0.60,4906,50,4,10.00,0.00,10.0,0.00,0.00,0.0,0.00,135653.00,77.8
431,0.00,480.00,480.0,64.92,4.00,2104.00,2108.0,58.65,17,9.36,4846,0.60,4885,51,4,2.00,3.00,5.0,0.00,0.00,0.0,2.00,179271.00,77.4
432,0.00,444.00,444.0,62.87,11.00,2169.00,2180.0,58.7,4,9.36,4845,0.60,4895,50,4,10.00,0.00,10.0,0.00,0.00,0.0,0.00,157962.00,83.7
433,0.00,384.00,384.0,42.41,6.00,2093.00,2099.0,58.72,15,9.36,4845,0.60,4912,50,4,6.00,0.00,6.0,0.00,0.00,0.0,2.00,205846.00,74.3
434,0.00,21928.00,21928.0,37.85,2.00,1593.00,1595.0,58.72,8,9.36,4845,0.60,4899,50,4,2.00,0.00,2.0,0.00,0.00,0.0,1.00,132084.00,73.9
435,0.00,672.00,672.0,29.06,2.00,2237.00,2239.0,58.74,4,9.36,4846,0.60,4903,50,4,2.00,0.00,2.0,0.00,0.00,0.0,1.00,109756.00,61.2
436,0.00,732.00,732.0,49.49,1.00,2209.00,2210.0,58.74,11,9.33,4845,0.60,4896,51,4,1.00,3.00,4.0,0.00,0.00,0.0,0.00,133620.00,66.5
437,0.00,1240.00,1240.0,33.12,10.00,1675.00,1685.0,58.77,4,9.33,4847,0.60,4917,52,4,9.00,7.00,16.0,0.00,0.00,0.0,2.00,182646.00,73.8
438,0.00,260.00,260.0,53.02,6.00,1400.00,1406.0,58.79,4,9.33,4846,0.60,4913,51,4,5.00,2.00,7.0,0.00,0.00,0.0,2.00,188008.00,73.4
439,0.00,25300.00,25300.0,36.68,3.00,2451.00,2454.0,58.82,12,9.33,4848,0.60,4933,51,4,3.00,3.00,6.0,0.00,0.00,0.0,3.00,154204.00,73.4
440,0.00,1072.00,1072.0,46.16,6.00,2637.00,2643.0,58.86,4,9.33,4848,0.60,4909,51,4,6.00,4.00,10.0,0.00,0.00,0.0,0.00,152641.00,73.1
441,0.00,192.00,192.0,27.49,5.00,1358.00,1363.0,58.87,0,8.82,4847,0.60,4927,52,4,2.00,3.00,5.0,0.00,0.00,0.0,0.00,130308.00,67.6
442,0.00,1036.00,1036.0,35.1,16.00,1464.00,1480.0,58.88,6,8.82,4848,0.60,4927,52,4,10.00,10.00,20.0,4.00,4.00,8.0,3.00,129020.00,57.7
443,0.00,268.00,268.0,23.78,9.00,1140.00,1149.0,58.9,1,8.82,4848,0.60,4924,51,4,10.00,4.00,14.0,0.00,0.00,0.0,0.00,103145.00,64.5
444,0.00,63280.00,63280.0,31.03,13.00,1281.00,1294.0,58.92,1,8.82,4847,0.60,4912,52,4,10.00,4.00,14.0,0.00,0.00,0.0,2.00,73779.00,64.0
445,0.00,288.00,288.0,24.33,11.00,1630.00,1641.0,58.92,0,8.82,4845,0.60,4916,51,5,9.00,4.00,13.0,1.00,1.00,2.0,0.00,119566.00,64.3
446,0.00,600.00,600.0,30.99,11.00,1185.00,1196.0,58.93,7,8.11,4846,0.60,4906,50,5,8.00,0.00,8.0,0.00,0.00,0.0,1.00,140043.00,53.7
447,0.00,88.00,88.0,44.89,10.00,1548.00,1558.0,58.95,0,8.11,4846,0.60,4900,50,5,10.00,0.00,10.0,0.00,0.00,0.0,1.00,136506.00,78.4
448,4.00,472.00,476.0,53.9,4.00,1992.00,1996.0,58.98,16,8.11,4847,0.60,4886,50,5,4.00,0.00,4.0,0.00,0.00,0.0,19.00,166686.00,67.4
449,0.00,14392.00,14392.0,52.2,0.00,1872.00,1872.0,59.0,4,8.11,4846,0.60,4909,50,4,0.00,0.00,0.0,0.00,0.00,0.0,2.00,173044.00,83.2
450,0.00,152.00,152.0,33.33,1.00,1576.00,1577.0,59.02,4,8.11,4847,0.60,4911,50,4,0.00,0.00,0.0,0.00,0.00,0.0,2.00,153270.00,67.4
451,0.00,568.00,568.0,23.18,3.00,1486.00,1489.0,59.04,0,7.7,4847,0.60,4905,50,4,0.00,0.00,0.0,0.00,0.00,0.0,0.00,87664.00,61.5
452,0.00,368.00,368.0,21.28,22.00,1437.00,1459.0,59.08,2,7.7,4847,0.60,4905,51,4,18.00,4.00,22.0,4.00,4.00,8.0,0.00,59359.00,54.9
453,0.00,572.00,572.0,20.0,11.00,970.00,981.0,59.09,0,7.7,4848,0.60,4905,52,4,8.00,2.00,10.0,0.00,0.00,0.0,2.00,77012.00,64.7
454,0.00,22716.00,22716.0,16.79,11.00,675.00,686.0,59.1,1,7.7,4849,0.60,4910,52,4,13.00,9.00,22.0,0.00,0.00,0.0,1.00,117834.00,49.2
455,0.00,720.00,720.0,18.11,11.00,1620.00,1631.0,59.11,5,7.7,4849,0.60,4909,52,4,8.00,3.00,11.0,0.00,0.00,0.0,1.00,82308.00,49.6
456,0.00,344.00,344.0,48.92,5.00,2650.00,2655.0,59.13,4,7.25,4847,0.60,4937,51,4,3.00,4.00,7.0,0.00,0.00,0.0,3.00,176433.00,68.6
457,0.00,480.00,480.0,45.4,4.00,1477.00,1481.0,59.16,4,7.25,4847,0.60,4935,51,4,2.00,1.00,3.0,0.00,0.00,0.0,0.00,179280.00,68.6
458,0.00,32.00,32.0,31.74,3.00,1298.00,1301.0,59.17,0,7.25,4847,0.60,4937,51,4,0.00,2.00,2.0,0.00,0.00,0.0,0.00,133110.00,75.6
459,0.00,23100.00,23100.0,37.33,1.00,2873.00,2874.0,59.21,4,7.25,4847,0.60,4938,50,4,0.00,0.00,0.0,0.00,0.00,0.0,2.00,150578.00,61.8
460,0.00,696.00,696.0,36.39,0.00,2000.00,2000.0,59.23,2,7.25,4846,0.60,4939,50,4,0.00,0.00,0.0,0.00,0.00,0.0,0.00,102930.00,71.4
461,0.00,828.00,828.0,24.24,0.00,823.00,823.0,59.24,3,6.67,4846,0.60,4959,50,4,0.00,0.00,0.0,0.00,0.00,0.0,0.00,123431.00,58.6
462,0.00,20.00,20.0,19.59,5.00,1071.00,1076.0,59.25,5,6.67,4847,0.60,4963,50,4,1.00,1.00,2.0,4.00,4.00,8.0,1.00,71546.00,50.2
463,0.00,576.00,576.0,28.09,0.00,1891.00,1891.0,59.27,7,6.67,4847,0.60,4937,50,4,0.00,0.00,0.0,0.00,0.00,0.0,0.00,132839.00,60.7
464,0.00,428.00,428.0,37.01,0.00,1999.00,1999.0,59.29,1,6.67,4846,0.60,4932,50,4,0.00,0.00,0.0,0.00,0.00,0.0,1.00,167123.00,61.0
465,0.00,41516.00,41516.0,51.86,0.00,1915.00,1915.0,59.31,12,6.67,4847,0.60,4922,50,4,0.00,0.00,0.0,0.00,0.00,0.0,1.00,175257.00,70.6
466,0.00,124.00,124.0,49.41,0.00,1805.00,1805.0,59.34,1,6.21,4847,0.60,4912,50,4,0.00,0.00,0.0,0.00,0.00,0.0,0.00,179848.00,81.7
467,0.00,588.00,588.0,50.06,0.00,2257.00,2257.0,59.37,8,6.21,4846,0.60,4914,50,4,0.00,0.00,0.0,0.00,0.00,0.0,0.00,180850.00,72.1
468,0.00,260.00,260.0,45.89,8.00,1982.00,1990.0,59.42,3,6.21,4846,0.60,4915,50,4,0.00,5.00,5.0,2.00,0.00,2.0,0.00,127850.00,72.6
469,0.00,444.00,444.0,20.62,0.00,1334.00,1334.0,59.43,0,6.21,4847,0.60,4917,50,4,0.00,0.00,0.0,0.00,0.00,0.0,2.00,77097.00,60.6
470,0.00,30300.00,30300.0,12.98,2.00,955.00,957.0,59.44,1,6.21,4847,0.60,4914,50,4,2.00,0.00,2.0,0.00,0.00,0.0,0.00,50870.00,53.3
471,0.00,152.00,152.0,13.74,10.00,1026.00,1036.0,59.45,1,6.04,4847,0.60,4909,50,4,8.00,2.00,10.0,0.00,0.00,0.0,0.00,63372.00,46.7
472,0.00,296.00,296.0,19.15,2.00,1070.00,1072.0,59.46,1,6.04,4847,0.60,4913,50,4,2.00,0.00,2.0,0.00,0.00,0.0,0.00,120342.00,46.9
473,0.00,244.00,244.0,22.76,9.00,1305.00,1314.0,59.45,4,6.04,4846,0.60,4912,50,4,8.00,0.00,8.0,0.00,0.00,0.0,0.00,148163.00,54.8
474,0.00,656.00,656.0,44.71,13.00,2490.00,2503.0,59.47,4,6.04,4847,0.60,4898,50,4,10.00,3.00,13.0,0.00,0.00,0.0,3.00,166051.00,63.0
475,0.00,32914.85,32914.85,49.02,7.00,2589.00,2596.0,59.5,8,6.04,4846,0.60,4906,50,4,4.00,1.00,5.0,0.00,0.00,0.0,1.00,213482.00,78.4
476,0.00,520.00,520.0,70.74,3.00,1688.00,1691.0,59.53,12,6.51,4847,0.60,4920,49,4,4.00,0.00,4.0,0.00,0.00,0.0,0.00,180964.00,78.6
477,0.00,532.00,532.0,44.42,7.00,2277.00,2284.0,59.57,12,6.51,4847,0.60,4918,49,4,6.00,0.00,6.0,0.00,0.00,0.0,0.00,153393.00,78.8
478,4.00,976.00,980.0,41.66,9.00,2792.00,2801.0,59.56,9,6.51,4858,0.60,4916,50,4,9.00,5.00,14.0,0.00,0.00,0.0,18.00,162312.00,71.8
479,0.00,756.00,756.0,38.48,10.00,1388.00,1398.0,59.57,1,6.51,4849,0.60,4922,51,5,8.00,6.00,14.0,1.00,1.00,2.0,2.00,125939.00,71.9
480,0.00,35452.00,35452.0,31.48,12.00,1907.00,1919.0,59.59,8,6.51,4849,0.60,4929,51,5,9.00,2.00,11.0,0.00,0.00,0.0,0.00,145126.00,60.3
481,0.00,644.00,644.0,46.39,8.00,2173.00,2181.0,59.58,20,6.95,4849,0.60,4923,51,5,6.00,0.00,6.0,0.00,0.00,0.0,1.00,156475.00,70.1
482,0.00,408.00,408.0,52.93,7.00,1876.00,1883.0,59.62,9,6.95,4849,0.60,4913,51,5,5.00,1.00,6.0,4.00,4.00,8.0,0.00,198317.00,80.2
483,0.00,340.00,340.0,44.99,4.00,1735.00,1739.0,59.64,12,6.95,4849,0.60,4923,51,4,0.00,0.00,0.0,0.00,0.00,0.0,0.00,206086.00,74.6
484,0.00,776.00,776.0,34.83,1.00,2234.00,2235.0,59.67,2,6.95,4849,0.60,4913,51,4,1.00,4.00,5.0,0.00,0.00,0.0,2.00,158317.00,67.4
485,0.00,25144.00,25144.0,27.02,4.00,1841.00,1845.0,59.69,5,6.95,4847,0.60,4924,51,4,3.00,3.00,6.0,0.00,0.00,0.0,0.00,86129.00,67.0
486,0.00,720.00,720.0,11.07,11.00,949.00,960.0,59.69,4,6.48,4847,0.60,4922,50,4,9.00,0.00,9.0,0.00,0.00,0.0,0.00,49380.00,53.6
487,0.00,72.00,72.0,12.97,7.00,760.00,767.0,59.7,0,6.48,4847,0.60,4921,50,4,5.94,2.97,8.91,0.00,0.00,0.0,0.00,49886.00,46.0
488,0.00,508.00,508.0,9.76,5.00,511.00,516.0,59.7,6,6.48,4847,0.60,4919,50,4,4.00,1.00,5.0,0.00,0.00,0.0,0.00,66585.00,45.4
489,0.00,232.00,232.0,11.91,6.00,675.00,681.0,59.71,4,6.48,4846,0.60,4906,50,4,2.00,0.00,2.0,0.00,0.00,0.0,1.00,41064.00,45.9
490,0.00,27988.00,27988.0,21.85,6.00,1281.00,1287.0,59.72,0,6.48,4847,0.60,4905,50,4,10.00,0.00,10.0,0.00,0.00,0.0,1.00,92512.00,45.9
491,0.00,288.00,288.0,20.74,2.00,867.00,869.0,59.73,4,6.68,4845,0.60,4915,50,4,2.00,0.00,2.0,0.00,0.00,0.0,0.00,104189.00,55.7
492,0.00,24.00,24.0,21.59,10.00,1248.00,1258.0,59.74,5,6.68,4845,0.60,4908,50,4,2.00,0.00,2.0,4.00,4.00,8.0,0.00,84378.00,56.2
493,0.00,528.00,528.0,50.0,6.00,2730.00,2736.0,59.78,11,6.68,4845,0.60,4901,50,4,8.00,0.00,8.0,0.00,0.00,0.0,2.00,172792.00,65.6
494,0.00,396.00,396.0,47.85,6.00,2247.00,2253.0,59.8,9,6.68,4845,0.60,4925,50,4,8.00,0.00,8.0,0.00,0.00,0.0,2.00,208959.00,74.6
495,0.00,34184.00,34184.0,49.23,4.00,1491.00,1495.0,59.83,1,6.68,4843,0.60,4909,50,4,2.00,2.00,4.0,0.00,0.00,0.0,0.00,194493.00,80.0
496,0.00,808.00,808.0,50.72,4.00,2730.00,2734.0,59.85,17,6.46,4846,0.60,4912,50,4,4.00,0.00,4.0,0.00,0.00,0.0,3.00,172467.00,71.5
497,0.00,1568.00,1568.0,64.4,12.00,3833.00,3845.0,59.9,25,6.46,4847,0.60,4918,51,4,12.00,4.00,16.0,0.00,0.00,0.0,2.00,133754.00,80.5
498,0.00,736.00,736.0,62.83,7.00,2335.00,2342.0,59.93,5,6.46,4846,0.60,4916,51,4,7.00,7.00,14.0,0.00,0.00,0.0,0.00,201497.00,81.0
499,0.00,340.00,340.0,59.32,2.00,2107.00,2109.0,59.96,19,6.46,4845,0.60,4912,51,4,2.00,0.00,2.0,0.00,0.00,0.0,1.00,232828.00,81.1
500,0.00,31988.00,31988.0,50.65,7.00,2559.00,2566.0,59.97,20,6.46,4844,0.60,4910,51,4,6.00,3.00,9.0,0.00,0.00,0.0,2.00,199666.00,81.0
501,0.00,572.00,572.0,56.57,10.00,2887.00,2897.0,60.0,11,7.55,4844,0.60,4900,50,4,11.00,0.00,11.0,0.00,0.00,0.0,3.00,194731.00,80.4
502,0.00,820.00,820.0,61.83,7.00,2033.00,2040.0,60.03,4,7.55,4844,0.60,4900,50,4,0.00,2.00,2.0,4.00,4.00,8.0,0.00,86223.00,80.5
503,0.00,268.00,268.0,44.77,9.00,1387.00,1396.0,60.05,3,7.55,4844,0.60,4907,50,4,6.00,2.00,8.0,0.00,0.00,0.0,1.00,60586.00,80.2
504,0.00,72.00,72.0,25.97,29.00,841.00,870.0,60.07,1,7.55,4848,0.60,4918,52,4,30.00,12.00,42.0,0.00,0.00,0.0,5.00,49785.00,67.9
505,4.00,10248.00,10252.0,22.46,13.00,603.00,616.0,60.07,1,7.55,4849,0.60,4913,52,4,13.00,6.00,19.0,0.00,0.00,0.0,1.00,74903.00,61.9
506,0.00,32296.00,32296.0,20.72,12.00,890.00,902.0,60.08,0,7.1,4846,0.60,4910,52,4,10.00,6.00,16.0,0.00,0.00,0.0,1.00,70917.00,61.9
507,0.00,232.00,232.0,16.96,17.00,1169.00,1186.0,60.09,0,7.1,4847,0.60,4905,51,4,18.00,1.00,19.0,0.00,0.00,0.0,1.00,89240.00,48.4
508,0.00,44.00,44.0,10.41,5.00,780.00,785.0,60.1,0,7.1,4847,0.60,4905,51,4,4.00,0.00,4.0,0.00,0.00,0.0,0.00,62203.00,48.6
509,4.00,468.00,472.0,18.49,14.00,1302.00,1316.0,60.11,7,7.1,4845,0.60,4897,51,4,11.00,4.00,15.0,0.00,0.00,0.0,18.00,111143.00,48.6
510,0.00,356.00,356.0,38.24,15.00,2209.00,2224.0,60.12,10,7.1,4844,0.60,4898,50,4,15.00,0.00,15.0,0.00,0.00,0.0,0.00,157546.00,58.0
511,4.00,40188.00,40192.0,42.08,8.00,2251.00,2259.0,60.15,8,7.26,4842,0.60,4913,50,4,10.00,0.00,10.0,0.00,0.00,0.0,0.00,201131.00,72.7
512,0.00,188.00,188.0,60.89,9.00,1509.00,1518.0,60.18,7,7.26,4843,0.60,4900,50,4,4.00,1.00,5.0,4.00,4.00,8.0,2.00,203714.00,78.8
513,0.00,364.00,364.0,48.4,12.00,2532.00,2544.0,60.21,13,7.26,4844,0.60,4891,50,4,10.00,0.00,10.0,0.00,0.00,0.0,4.00,161864.00,78.1
514,0.00,2284.00,2284.0,53.82,7.00,3855.00,3862.0,60.25,23,7.26,4845,0.60,4896,50,5,8.00,0.00,8.0,1.00,1.00,2.0,2.00,185758.00,78.0
515,0.00,1464.00,1464.0,56.59,4.00,2926.00,2930.0,60.29,3,7.26,4845,0.60,4915,49,6,2.00,0.00,2.0,1.00,0.00,1.0,0.00,207540.00,78.5
516,0.00,25716.00,25716.0,54.52,1.00,1991.00,1992.0,60.32,1,8.36,4845,0.60,4895,49,6,0.00,0.00,0.0,0.00,0.00,0.0,3.00,236216.00,78.6
517,0.00,708.00,708.0,49.68,0.00,2399.00,2399.0,60.36,12,8.36,4845,0.60,4896,49,6,0.00,0.00,0.0,0.00,0.00,0.0,0.00,209829.00,78.7
518,0.00,940.00,940.0,66.67,0.00,2714.00,2714.0,60.37,3,8.36,4845,0.60,4902,49,5,0.00,0.00,0.0,0.00,0.00,0.0,1.00,164594.00,78.8
519,0.00,804.00,804.0,44.92,0.00,2043.00,2043.0,60.38,6,8.36,4845,0.60,4907,49,5,0.00,0.00,0.0,0.00,0.00,0.0,1.00,109883.00,78.8
520,0.00,112.00,112.0,14.18,0.00,1141.00,1141.0,60.39,0,8.36,4845,0.60,4905,50,4,0.00,1.00,1.0,0.00,0.00,0.0,0.00,49692.00,59.8
521,0.00,19096.00,19096.0,6.6,0.00,307.00,307.0,60.4,0,7.69,4844,0.60,4906,50,4,0.00,0.00,0.0,0.00,0.00,0.0,0.00,18006.00,45.1
522,0.00,108.00,108.0,4.97,5.00,620.00,625.0,60.4,0,7.69,4843,0.60,4895,50,4,0.00,0.00,0.0,4.00,4.00,8.0,0.00,23021.00,38.7
523,0.00,412.00,412.0,9.36,2.00,615.00,617.0,60.4,1,7.69,4842,0.60,4897,49,5,0.00,0.00,0.0,1.00,0.00,1.0,0.00,46268.00,39.0
524,0.00,192.00,192.0,9.74,0.00,444.00,444.0,60.39,4,7.69,4842,0.60,4899,49,5,0.00,0.00,0.0,0.00,0.00,0.0,1.00,70101.00,39.3
525,0.00,252.00,252.0,21.37,0.00,772.00,772.0,60.4,7,7.69,4842,0.60,4896,49,5,0.00,0.00,0.0,0.00,0.00,0.0,1.00,44677.00,49.6
526,0.00,27728.00,27728.0,24.46,4.00,1026.00,1030.0,60.43,1,7.55,4844,0.60,4896,49,5,4.00,0.00,4.0,0.00,0.00,0.0,2.00,58990.00,66.3
527,0.00,76.00,76.0,25.09,0.00,488.00,488.0,60.44,4,7.55,4845,0.60,4900,49,5,0.00,0.00,0.0,0.00,0.00,0.0,2.00,71266.00,66.0
528,0.00,44.00,44.0,14.83,8.00,676.00,684.0,60.43,4,7.55,4845,0.60,4903,49,5,8.00,0.00,8.0,0.00,0.00,0.0,0.00,41330.00,58.7
529,0.00,84.00,84.0,12.77,9.00,1017.00,1026.0,60.43,3,7.55,4845,0.60,4899,50,4,9.00,2.00,11.0,0.00,0.00,0.0,1.00,57002.00,45.5
530,0.00,316.00,316.0,6.79,2.00,491.00,493.0,60.44,1,7.55,4844,0.60,4896,50,4,2.00,0.00,2.0,0.00,0.00,0.0,0.00,53170.00,45.2
531,0.00,56604.00,56604.0,14.6,2.00,1332.00,1334.0,60.45,2,7.19,4842,0.60,4885,50,4,2.00,0.00,2.0,0.00,0.00,0.0,0.00,79499.00,45.3
532,0.00,432.00,432.0,49.49,16.00,3489.00,3505.0,60.48,14,7.19,4842,0.60,4891,49,5,8.00,0.00,8.0,5.00,4.00,9.0,2.00,190325.00,59.5
533,0.00,104.00,104.0,67.89,0.00,3740.00,3740.0,60.51,34,7.19,4841,0.60,4900,49,5,2.00,0.00,2.0,0.00,0.00,0.0,1.00,206560.00,83.5
534,0.00,684.00,684.0,74.43,0.00,2341.58,2341.58,60.56,25,7.19,4843,0.60,4918,49,5,0.00,0.00,0.0,0.00,0.00,0.0,3.00,157421.00,83.6
535,0.00,780.20,780.2,72.3,2.00,2662.00,2664.0,60.61,8,7.19,4844,0.60,4906,49,5,2.00,0.00,2.0,0.00,0.00,0.0,1.00,161410.00,83.8
536,0.00,44932.00,44932.0,67.47,0.00,3757.00,3757.0,60.66,31,8.93,4845,0.60,4893,49,5,0.00,0.00,0.0,0.00,0.00,0.0,1.00,183876.00,83.9
537,0.00,1088.00,1088.0,75.38,4.00,3750.00,3754.0,60.7,23,8.93,4845,0.60,4892,50,4,2.00,2.00,4.0,1.00,1.00,2.0,0.99,160476.24,84.1
538,4.00,1064.00,1068.0,78.18,2.00,3723.00,3725.0,60.76,3,8.93,4845,0.60,4902,50,4,0.00,2.00,2.0,0.00,0.00,0.0,1.00,124299.00,84.4
539,0.00,820.00,820.0,30.7,3.00,1358.00,1361.0,60.75,3,8.93,4845,0.60,4921,50,4,2.00,0.00,2.0,0.00,0.00,0.0,20.00,64535.00,78.1
540,0.00,156.00,156.0,11.31,6.00,596.00,602.0,60.75,0,8.93,4844,0.60,4918,50,4,4.00,0.00,4.0,0.00,0.00,0.0,0.00,44991.00,46.9
541,0.00,31412.00,31412.0,12.33,13.00,610.00,623.0,60.75,2,8.46,4844,0.60,4910,49,4,12.00,0.00,12.0,0.00,0.00,0.0,0.00,77648.00,46.3
542,0.00,20.00,20.0,11.28,18.00,896.00,914.0,60.76,2,8.46,4843,0.60,4903,49,4,12.00,0.00,12.0,4.00,4.00,8.0,0.00,62927.00,46.2
543,0.00,84.00,84.0,11.28,2.00,916.00,918.0,60.77,5,8.46,4845,0.60,4902,49,4,4.00,0.00,4.0,0.00,0.00,0.0,3.00,62105.00,46.2
544,0.00,80.00,80.0,11.58,13.00,583.00,596.0,60.78,0,8.46,4844,0.60,4902,49,4,12.00,0.00,12.0,0.00,0.00,0.0,1.00,53110.00,46.5
545,0.00,124.00,124.0,8.16,9.00,749.00,758.0,60.78,0,8.46,4844,0.60,4895,49,4,8.00,0.00,8.0,0.00,0.00,0.0,0.00,44653.00,45.9
546,0.00,11344.00,11344.0,12.24,4.00,886.00,890.0,60.79,1,7.86,4844,0.60,4901,49,4,4.00,0.00,4.0,0.00,0.00,0.0,0.00,60743.00,45.9
547,0.00,276.00,276.0,11.99,14.00,516.00,530.0,60.8,5,7.86,4843,0.60,4900,49,4,14.00,0.00,14.0,0.00,0.00,0.0,0.00,71639.00,45.6
548,0.00,560.00,560.0,6.62,9.00,487.00,496.0,60.8,1,7.86,4843,0.60,4907,50,5,6.00,1.00,7.0,1.00,1.00,2.0,2.00,33113.00,45.3
549,0.00,320.00,320.0,10.64,4.00,1013.00,1017.0,60.81,4,7.86,4845,0.60,4894,50,5,6.00,0.00,6.0,0.00,0.00,0.0,3.00,44787.00,45.2
550,0.00,296.00,296.0,28.9,14.00,2413.00,2427.0,60.82,16,7.86,4845,0.60,4890,50,5,14.00,0.00,14.0,0.00,0.00,0.0,0.00,146422.00,53.4
551,0.00,972.00,972.0,53.65,9.00,3241.00,3250.0,60.85,19,8.51,4845,0.60,4886,50,5,6.00,3.00,9.0,0.00,0.00,0.0,0.00,230957.00,75.2
552,0.00,25636.00,25636.0,71.45,1.00,1695.00,1696.0,60.89,16,8.51,4845,0.60,4910,50,4,0.00,0.00,0.0,0.00,0.00,0.0,0.00,222215.00,80.6
553,0.00,112.00,112.0,66.24,0.00,2265.00,2265.0,60.92,11,8.51,4845,0.60,4902,50,4,0.00,0.00,0.0,0.00,0.00,0.0,0.00,219338.00,81.1
554,0.00,584.00,584.0,67.18,1.00,2865.00,2866.0,60.97,28,8.51,4844,0.60,4885,50,4,0.00,1.00,1.0,0.00,0.00,0.0,2.00,214882.00,81.4
555,0.00,996.00,996.0,66.88,12.00,4194.00,4206.0,61.02,18,8.51,4843,0.60,4884,50,4,8.00,2.00,10.0,0.00,0.00,0.0,0.00,177544.00,81.7
556,0.00,732.00,732.0,76.66,0.00,3517.00,3517.0,61.06,30,9.51,4844,0.60,4881,50,4,2.00,0.00,2.0,0.00,0.00,0.0,1.00,149932.00,82.1
557,0.00,20956.00,20956.0,56.84,0.00,1688.00,1688.0,61.09,1,9.51,4844,0.60,4911,50,4,0.00,0.00,0.0,0.00,0.00,0.0,0.00,121884.00,82.6
558,0.00,872.00,872.0,17.35,19.00,1014.00,1033.0,61.11,0,9.51,4845,0.60,4908,51,4,19.00,8.00,27.0,0.00,0.00,0.0,3.00,97126.00,59.8
559,0.00,332.00,332.0,33.25,6.00,1516.00,1522.0,61.11,7,9.51,4848,0.60,4912,52,4,6.00,5.00,11.0,0.00,0.00,0.0,4.00,110791.00,59.4
560,0.00,572.00,572.0,26.45,31.00,1402.00,1433.0,61.13,2,9.51,4849,0.60,4907,52,4,31.00,9.00,40.0,0.00,0.00,0.0,1.00,139465.00,59.4
561,0.00,232.00,232.0,15.52,10.00,903.00,913.0,61.14,9,8.83,4847,0.60,4908,51,4,9.00,3.00,12.0,0.00,0.00,0.0,0.00,62073.00,53.3
562,4.00,49468.00,49472.0,25.8,12.00,1471.00,1483.0,61.13,6,8.83,4847,0.60,4902,51,4,6.00,0.00,6.0,4.00,4.00,8.0,0.00,75978.00,53.8
563,0.00,280.00,280.0,15.27,16.00,730.00,746.0,61.12,2,8.83,4842,0.60,4898,50,4,15.00,4.00,19.0,0.00,0.00,0.0,0.00,83112.00,60.0
564,0.00,316.00,316.0,9.75,8.00,735.00,743.0,61.13,1,8.83,4842,0.60,4893,50,4,8.00,0.00,8.0,0.00,0.00,0.0,3.00,46196.00,41.0
565,0.00,356.00,356.0,14.72,13.00,966.00,979.0,61.14,0,8.83,4843,0.60,4897,50,4,12.00,0.00,12.0,0.00,0.00,0.0,1.00,58339.00,50.1
566,0.00,132.00,132.0,13.05,18.00,719.00,737.0,61.14,0,8.28,4844,0.60,4900,50,4,20.00,0.00,20.0,0.00,0.00,0.0,1.00,76759.00,49.6
567,0.00,53916.00,53916.0,12.18,4.00,1112.00,1116.0,61.15,0,8.28,4844,0.60,4890,50,4,4.00,0.00,4.0,0.00,0.00,0.0,0.00,80692.00,44.3
568,0.00,416.00,416.0,39.84,16.00,2566.00,2582.0,61.18,4,8.28,4846,0.60,4885,51,4,16.00,2.00,18.0,0.00,0.00,0.0,2.00,163266.00,59.8
569,3.96,942.57,946.5300000000001,65.73,21.00,2979.00,3000.0,61.18,9,8.28,4846,0.60,4907,51,4,20.00,3.00,23.0,0.00,0.00,0.0,22.00,174489.00,78.8
570,0.00,408.00,408.0,65.27,7.00,2907.00,2914.0,61.18,23,8.28,4847,0.60,4906,51,4,5.00,7.00,12.0,0.00,0.00,0.0,1.00,216973.00,79.3
571,0.00,440.00,440.0,75.67,2.00,2434.00,2436.0,61.23,25,10.58,4846,0.60,4924,51,4,0.00,1.00,1.0,0.00,0.00,0.0,0.00,138222.00,84.6
572,0.00,35304.00,35304.0,76.74,11.00,3012.00,3023.0,61.29,15,10.58,4847,0.60,4914,51,4,12.00,0.00,12.0,0.00,0.00,0.0,2.00,151036.00,84.7
573,0.00,684.00,684.0,71.16,5.00,3611.00,3616.0,61.32,3,10.58,4845,0.60,4913,50,4,3.00,5.00,8.0,0.00,0.00,0.0,0.00,183048.00,84.7
574,0.00,1332.00,1332.0,61.39,6.00,4045.00,4051.0,61.36,10,10.58,4845,0.60,4920,50,4,6.00,0.00,6.0,0.00,0.00,0.0,1.00,179355.00,84.5
575,0.00,2240.00,2240.0,32.44,5.00,1740.00,1745.0,61.36,0,10.58,4844,0.60,4921,50,4,4.00,1.00,5.0,0.00,0.00,0.0,0.00,133757.00,74.6
576,0.00,168.00,168.0,20.92,3.00,1457.00,1460.0,61.37,17,9.9,4845,0.60,4927,50,4,2.00,0.00,2.0,0.00,0.00,0.0,4.00,135438.00,55.7
577,4.00,12080.00,12084.0,22.52,0.00,1320.00,1320.0,61.4,1,9.9,4845,0.60,4919,50,4,0.00,0.00,0.0,0.00,0.00,0.0,0.00,89641.00,56.0
578,0.00,80.00,80.0,17.83,0.00,1356.00,1356.0,61.41,0,9.9,4844,0.60,4912,50,4,0.00,0.00,0.0,0.00,0.00,0.0,1.00,92319.00,55.6
579,0.00,528.00,528.0,16.35,0.00,952.00,952.0,61.42,1,9.9,4844,0.60,4920,50,4,0.00,0.00,0.0,0.00,0.00,0.0,1.00,88197.00,49.6
580,0.00,72.00,72.0,7.22,3.00,411.00,414.0,61.39,1,9.9,4844,0.60,4914,50,4,2.00,0.00,2.0,0.00,0.00,0.0,0.00,33999.00,49.1
581,0.00,524.00,524.0,10.39,0.00,982.00,982.0,61.4,0,9.18,4843,0.60,4907,50,4,0.00,0.00,0.0,0.00,0.00,0.0,0.00,40338.00,43.5
582,0.00,24412.00,24412.0,13.11,5.00,653.00,658.0,61.41,0,9.18,4843,0.60,4909,50,5,0.00,0.00,0.0,5.00,5.00,10.0,0.00,48558.00,44.1
583,0.00,432.00,432.0,11.14,2.00,403.00,405.0,61.41,1,9.18,4843,0.60,4898,50,5,0.00,3.00,3.0,0.00,0.00,0.0,0.00,70984.00,44.4
584,0.00,284.00,284.0,7.59,0.00,511.00,511.0,61.42,1,9.18,4843,0.60,4893,50,5,0.00,0.00,0.0,0.00,0.00,0.0,1.00,39947.00,44.1
585,0.00,144.00,144.0,12.48,0.00,975.00,975.0,61.43,0,9.18,4843,0.60,4883,50,5,0.00,0.00,0.0,0.00,0.00,0.0,0.00,66119.00,44.1
586,0.00,144.00,144.0,15.4,3.00,682.00,685.0,61.44,10,8.69,4843,0.60,4905,50,4,0.00,3.00,3.0,0.00,0.00,0.0,0.00,89176.00,44.5
587,0.00,26936.00,26936.0,12.93,0.00,621.00,621.0,61.45,0,8.69,4844,0.60,4904,50,4,0.00,0.00,0.0,0.00,0.00,0.0,1.00,81927.00,44.9
588,0.00,76.00,76.0,11.68,0.00,786.00,786.0,61.46,0,8.69,4844,0.60,4900,50,4,0.00,0.00,0.0,0.00,0.00,0.0,0.00,56973.00,45.4
589,0.00,488.00,488.0,8.86,2.00,802.00,804.0,61.47,1,8.69,4843,0.60,4903,50,4,0.00,2.00,2.0,0.00,0.00,0.0,3.00,45168.00,45.3
590,0.00,80.00,80.0,20.63,0.00,2316.00,2316.0,61.48,0,8.69,4843,0.60,4891,50,4,0.00,0.00,0.0,0.00,0.00,0.0,0.00,96377.00,45.4
591,0.00,488.00,488.0,59.72,0.00,3229.00,3229.0,61.51,1,9.19,4843,0.60,4913,50,4,0.00,0.00,0.0,0.00,0.00,0.0,0.00,221988.00,71.5
592,0.00,136.00,136.0,52.36,4.00,2156.00,2160.0,61.55,12,9.19,4842,0.60,4930,50,4,0.00,0.00,0.0,4.00,4.00,8.0,1.00,219385.00,72.0
593,0.00,36520.00,36520.0,70.05,8.00,2429.00,2437.0,61.6,8,9.19,4843,0.60,4918,50,4,8.00,0.00,8.0,0.00,0.00,0.0,1.00,170496.00,85.0
594,0.00,716.00,716.0,63.32,0.00,3655.00,3655.0,61.64,29,9.19,4843,0.60,4906,50,4,0.00,0.00,0.0,0.00,0.00,0.0,2.00,204455.00,84.6
595,0.00,1112.00,1112.0,70.77,2.00,4597.00,4599.0,61.7,19,9.19,4844,0.60,4898,50,4,1.98,0.00,1.98,0.00,0.00,0.0,1.00,175683.00,84.6
596,0.00,568.00,568.0,49.56,6.00,2335.00,2341.0,61.73,0,8.62,4844,0.60,4903,50,4,6.00,0.00,6.0,0.00,0.00,0.0,0.00,124205.00,84.7
597,0.00,468.00,468.0,31.27,0.00,1681.00,1681.0,61.74,1,8.62,4844,0.60,4921,50,4,0.00,0.00,0.0,0.00,0.00,0.0,1.00,131844.00,62.7
598,4.00,60712.00,60716.0,35.14,6.00,1448.00,1454.0,61.77,2,8.62,4844,0.60,4923,50,4,4.00,0.00,4.0,0.00,0.00,0.0,0.00,174008.00,62.7
599,8.00,676.00,684.0,17.77,20.00,1186.00,1206.0,61.78,0,8.62,4845,0.60,4916,50,4,16.00,3.00,19.0,0.00,0.00,0.0,23.00,83037.00,57.2
600,0.00,140.00,140.0,22.8,0.00,1886.00,1886.0,61.76,4,8.62,4845,0.60,4915,50,4,2.00,0.00,2.0,0.00,0.00,0.0,0.00,94840.00,57.0
601,0.00,740.00,740.0,24.46,9.00,955.00,964.0,61.78,0,8.17,4845,0.60,4913,50,4,8.00,0.00,8.0,0.00,0.00,0.0,0.00,85461.00,62.7
602,0.00,24.00,24.0,16.75,18.00,1132.00,1150.0,61.78,3,8.17,4845,0.60,4915,50,4,14.00,0.00,14.0,4.00,4.00,8.0,0.00,89163.00,48.9
603,0.00,42100.00,42100.0,20.94,3.00,1157.00,1160.0,61.8,2,8.17,4844,0.60,4911,50,4,2.00,0.00,2.0,0.00,0.00,0.0,0.00,117373.00,55.4
604,0.00,104.00,104.0,24.07,13.00,822.00,835.0,61.81,0,8.17,4844,0.60,4905,50,4,12.00,0.00,12.0,0.00,0.00,0.0,2.00,86971.00,55.8
605,0.00,724.00,724.0,12.55,10.00,1119.00,1129.0,61.83,0,8.17,4843,0.60,4907,50,4,10.00,0.00,10.0,0.00,0.00,0.0,0.00,53666.00,45.7
606,0.00,572.00,572.0,8.09,2.00,674.00,676.0,61.84,0,7.75,4845,0.60,4915,50,4,2.00,0.00,2.0,0.00,0.00,0.0,2.00,26583.00,45.8
607,0.00,80.00,80.0,14.52,8.00,1152.00,1160.0,61.85,1,7.75,4846,0.60,4909,50,4,8.00,0.00,8.0,0.00,0.00,0.0,1.00,53018.00,45.5
608,0.00,16504.00,16504.0,40.13,12.00,2782.00,2794.0,61.9,0,7.75,4846,0.60,4900,50,4,12.00,0.00,12.0,0.00,0.00,0.0,0.00,175134.00,66.3
609,0.00,804.00,804.0,63.84,3.00,2526.00,2529.0,61.93,9,7.75,4846,0.60,4899,50,4,0.00,0.00,0.0,0.00,0.00,0.0,2.00,226494.00,75.8
610,0.00,116.00,116.0,60.38,4.00,2635.00,2639.0,61.91,24,7.75,4846,0.60,4909,49,4,6.00,1.00,7.0,0.00,0.00,0.0,0.00,235135.00,83.2
611,0.00,772.00,772.0,70.72,0.00,2640.00,2640.0,61.92,2,8.57,4844,0.60,4902,49,4,0.00,0.00,0.0,0.00,0.00,0.0,0.00,164736.00,83.2
612,0.00,852.00,852.0,65.44,17.00,4018.00,4035.0,61.95,33,8.57,4848,0.60,4902,50,4,13.00,7.00,20.0,4.00,4.00,8.0,4.00,162561.00,82.9
613,0.00,29852.00,29852.0,79.88,7.00,3642.00,3649.0,62.01,23,8.57,4847,0.60,4889,50,4,7.00,5.00,12.0,0.00,0.00,0.0,0.00,135199.00,83.2
614,0.00,352.00,352.0,79.45,4.00,2623.00,2627.0,62.04,17,8.57,4844,0.60,4891,50,4,2.00,3.00,5.0,0.00,0.00,0.0,2.00,140660.00,83.7
615,0.00,428.00,428.0,64.67,5.00,1872.00,1877.0,62.07,4,8.57,4846,0.60,4915,49,4,7.00,0.00,7.0,0.00,0.00,0.0,2.00,175410.00,83.8
616,0.00,440.00,440.0,33.75,7.00,1367.00,1374.0,62.04,6,7.97,4846,0.60,4914,50,5,4.00,3.00,7.0,1.00,1.00,2.0,0.00,100980.00,73.8
617,0.00,1140.00,1140.0,25.51,8.00,1880.00,1888.0,62.07,10,7.97,4845,0.60,4903,50,5,8.00,0.00,8.0,0.00,0.00,0.0,0.00,118729.00,59.8
618,0.00,6532.00,6532.0,21.15,8.00,963.00,971.0,62.09,4,7.97,4847,0.60,4902,51,5,8.00,7.00,15.0,0.00,0.00,0.0,2.00,67208.00,60.1
619,0.00,20916.00,20916.0,14.51,7.00,996.00,1003.0,62.08,5,7.97,4847,0.60,4895,51,5,7.00,4.00,11.0,0.00,0.00,0.0,1.00,97029.00,48.7
620,0.00,584.00,584.0,19.52,2.00,752.00,754.0,62.09,0,7.97,4848,0.60,4908,51,4,2.00,0.00,2.0,0.00,0.00,0.0,1.00,123725.00,49.0
621,0.00,376.00,376.0,13.96,3.00,756.00,759.0,62.1,1,7.41,4845,0.60,4906,50,4,3.00,3.00,6.0,0.00,0.00,0.0,0.00,54946.00,49.0
622,0.00,376.00,376.0,13.5,1.00,1066.00,1067.0,62.11,4,7.41,4844,0.60,4906,50,4,0.00,0.00,0.0,0.00,0.00,0.0,0.00,43506.00,49.1
623,0.00,380.00,380.0,7.92,18.00,455.00,473.0,62.11,0,7.41,4844,0.60,4909,50,4,14.00,0.00,14.0,0.00,0.00,0.0,0.00,20576.00,48.6
624,0.00,39436.00,39436.0,4.56,13.00,390.00,403.0,62.11,0,7.41,4844,0.60,4906,50,4,16.00,1.00,17.0,0.00,0.00,0.0,1.00,12785.00,38.5
625,0.00,116.00,116.0,3.17,2.00,240.00,242.0,62.11,0,7.41,4840,0.60,4891,50,4,2.00,0.00,2.0,0.00,0.00,0.0,0.00,12056.00,38.3
626,0.00,108.00,108.0,7.67,19.00,842.00,861.0,62.11,0,6.82,4841,0.60,4889,50,4,16.00,0.00,16.0,0.00,0.00,0.0,2.00,38963.00,38.5
627,0.00,900.00,900.0,18.04,20.00,1443.00,1463.0,62.12,2,6.82,4844,0.60,4914,50,4,18.00,3.00,21.0,0.00,0.00,0.0,4.00,111985.00,48.6
628,0.00,44.00,44.0,40.66,5.00,1203.00,1208.0,62.14,7,6.82,4844,0.60,4914,50,4,4.00,1.00,5.0,0.00,0.00,0.0,2.00,177636.00,61.0
629,4.00,41780.00,41784.0,48.99,18.00,2251.00,2269.0,62.17,10,6.82,4854,0.60,4890,50,4,14.00,2.00,16.0,0.00,0.00,0.0,23.00,168607.00,75.0
630,0.00,796.00,796.0,65.56,8.00,3670.00,3678.0,62.2,27,6.82,4846,0.60,4907,50,4,10.00,0.00,10.0,0.00,0.00,0.0,2.00,195078.00,80.3
631,0.00,464.00,464.0,66.28,3.00,3069.00,3072.0,62.21,20,7.23,4846,0.60,4900,50,4,2.00,0.00,2.0,0.00,0.00,0.0,1.00,230011.00,80.8
632,0.00,492.00,492.0,63.29,14.00,2302.00,2316.0,62.25,20,7.23,4845,0.60,4902,50,4,8.00,0.00,8.0,4.00,4.00,8.0,0.00,236291.00,81.0
633,0.00,576.00,576.0,60.15,0.00,3428.00,3428.0,62.32,6,7.23,4846,0.60,4901,50,4,2.00,0.00,2.0,0.00,0.00,0.0,1.00,223413.00,81.3
634,0.00,49112.87,49112.87,67.87,9.00,4051.00,4060.0,62.36,18,7.23,4845,0.60,4907,50,4,6.00,0.00,6.0,0.00,0.00,0.0,2.00,188641.00,81.2
635,0.00,2716.00,2716.0,75.09,2.00,2972.00,2974.0,62.36,8,7.23,4844,0.60,4894,50,4,4.00,0.00,4.0,0.00,0.00,0.0,1.00,175324.00,81.8
636,0.00,1360.00,1360.0,42.45,2.00,1875.00,1877.0,62.35,10,7.21,4845,0.60,4912,50,4,0.00,0.00,0.0,0.00,0.00,0.0,4.00,160138.00,81.7
637,0.00,736.00,736.0,51.6,1.00,2198.00,2199.0,62.41,8,7.21,4846,0.60,4906,50,4,0.00,0.00,0.0,0.00,0.00,0.0,3.00,126842.00,72.6
638,0.00,384.00,384.0,39.07,3.00,1658.00,1661.0,62.43,2,7.21,4847,0.60,4912,51,4,4.00,4.00,8.0,0.00,0.00,0.0,2.00,86512.00,73.1
639,0.00,9100.00,9100.0,18.41,4.00,931.00,935.0,62.44,3,7.21,4847,0.60,4909,50,5,2.00,2.00,4.0,1.00,0.00,1.0,1.00,38885.00,50.7
640,0.00,36.00,36.0,7.23,4.00,298.00,302.0,62.44,0,7.21,4846,0.60,4911,50,5,3.00,3.00,6.0,0.00,0.00,0.0,0.00,13413.00,51.0
641,0.00,168.00,168.0,3.85,4.00,281.00,285.0,62.45,1,6.63,4845,0.60,4907,51,5,5.00,5.00,10.0,0.00,0.00,0.0,1.00,13920.00,37.8
642,0.00,412.00,412.0,4.17,8.00,320.00,328.0,62.43,1,6.63,4843,0.60,4899,51,5,4.00,5.00,9.0,4.00,4.00,8.0,1.00,13770.00,37.8
643,0.00,264.00,264.0,3.78,1.00,337.00,338.0,62.44,0,6.63,4841,0.60,4882,51,5,1.00,1.00,2.0,0.00,0.00,0.0,0.00,13324.00,37.8
644,0.00,34580.00,34580.0,4.85,4.00,517.00,521.0,62.44,0,6.63,4838,0.60,4873,50,5,3.00,3.00,6.0,1.00,0.00,1.0,3.00,26997.00,37.8
645,0.00,100.00,100.0,20.57,2.00,1191.00,1193.0,62.44,1,6.63,4841,0.60,4885,50,5,2.00,0.00,2.0,0.00,0.00,0.0,4.00,87581.00,48.1
646,0.00,144.00,144.0,34.82,2.00,1289.00,1291.0,62.46,5,6.26,4841,0.60,4899,50,5,2.00,0.00,2.0,0.00,0.00,0.0,2.00,158544.00,57.1
647,0.00,76.00,76.0,44.96,0.00,1045.00,1045.0,62.48,3,6.26,4843,0.60,4900,50,5,0.00,0.00,0.0,0.00,0.00,0.0,3.00,130330.00,73.0
648,0.00,520.00,520.0,42.62,0.00,2324.00,2324.0,62.52,9,6.26,4846,0.60,4893,50,5,0.00,0.00,0.0,0.00,0.00,0.0,4.00,139077.00,72.4
649,4.00,16012.00,16016.0,36.71,6.00,2883.00,2889.0,62.52,5,6.26,4848,0.60,4905,51,4,4.00,1.00,5.0,0.00,0.00,0.0,2.00,167007.00,72.5
650,0.00,19620.00,19620.0,56.18,4.00,2434.00,2438.0,62.55,22,6.26,4848,0.60,4901,50,5,4.00,0.00,4.0,1.00,0.00,1.0,0.00,200059.41,72.3
651,0.00,240.00,240.0,73.86,1.00,2367.00,2368.0,62.61,18,8.08,4848,0.60,4898,50,6,0.00,0.00,0.0,1.00,1.00,2.0,0.00,193492.00,84.7
652,0.00,376.00,376.0,68.59,8.00,2907.00,2915.0,62.63,26,8.08,4847,0.60,4893,50,6,8.00,0.00,8.0,0.00,0.00,0.0,0.00,220838.00,84.6
653,0.00,604.00,604.0,70.37,2.00,3369.00,3371.0,62.67,14,8.08,4848,0.60,4902,50,6,2.00,0.00,2.0,0.00,0.00,0.0,3.00,177747.00,84.5
654,0.00,828.00,828.0,64.17,0.00,3259.00,3259.0,62.71,29,8.08,4848,0.60,4906,50,6,0.00,0.00,0.0,0.00,0.00,0.0,1.00,216374.00,84.3
655,0.00,3388.00,3388.0,61.54,0.00,3499.00,3499.0,62.73,6,8.08,4848,0.60,4904,50,5,0.00,0.00,0.0,0.00,0.00,0.0,1.00,182863.00,84.3
656,0.00,244.00,244.0,37.85,0.00,2351.00,2351.0,62.76,14,7.76,4848,0.60,4912,51,4,0.00,1.00,1.0,0.00,0.00,0.0,0.00,128481.00,74.9
657,0.00,640.00,640.0,21.93,3.00,1801.00,1804.0,62.78,6,7.76,4848,0.60,4914,51,4,0.00,2.00,2.0,0.00,0.00,0.0,0.00,72503.00,62.2
658,0.00,204.00,204.0,12.08,13.00,521.00,534.0,62.78,1,7.76,4846,0.60,4912,51,4,10.00,2.00,12.0,0.00,0.00,0.0,0.00,20595.00,51.9
659,0.00,420.00,420.0,6.04,12.00,369.00,381.0,62.77,1,7.76,4843,0.60,4902,51,4,10.00,2.00,12.0,0.00,0.00,0.0,1.00,13398.00,41.9
660,8.00,89184.00,89192.0,3.3,5.00,308.00,313.0,62.78,1,7.76,4841,0.60,4893,50,4,2.00,1.00,3.0,0.00,0.00,0.0,17.00,16147.00,41.5
661,0.00,728.00,728.0,5.6,8.00,412.00,420.0,62.78,1,7.38,4839,0.60,4880,50,4,8.00,0.00,8.0,0.00,0.00,0.0,0.00,13446.00,41.2
662,0.00,0.00,0.0,3.55,10.00,328.00,338.0,62.78,0,7.38,4836,0.60,4870,50,4,6.00,0.00,6.0,4.00,4.00,8.0,0.00,13010.00,40.8
663,0.00,72.00,72.0,5.2,10.00,545.00,555.0,62.78,1,7.38,4833,0.60,4860,50,4,8.00,0.00,8.0,0.00,0.00,0.0,1.00,26206.00,40.5
664,0.00,312.00,312.0,17.11,20.00,1195.00,1215.0,62.79,3,7.38,4838,0.60,4880,50,4,18.00,0.00,18.0,0.00,0.00,0.0,7.00,99043.00,40.8
665,0.00,39724.00,39724.0,19.69,4.00,934.00,938.0,62.8,9,7.38,4839,0.60,4889,50,4,6.00,0.00,6.0,0.00,0.00,0.0,1.00,135404.00,50.5
666,0.00,924.00,924.0,22.39,10.00,1202.00,1212.0,62.82,18,7.1,4842,0.60,4899,50,4,10.00,4.00,14.0,0.00,0.00,0.0,3.00,112703.00,56.8
667,0.00,108.00,108.0,36.2,12.00,2927.00,2939.0,62.84,13,7.1,4848,0.60,4900,51,4,8.00,2.00,10.0,0.00,0.00,0.0,7.00,154153.00,56.6
668,0.00,348.00,348.0,65.45,23.00,3444.00,3467.0,62.88,13,7.1,4847,0.60,4907,50,4,26.00,12.00,38.0,0.00,0.00,0.0,1.00,188344.00,78.8
669,0.00,1404.00,1404.0,65.27,0.00,2843.00,2843.0,62.9,18,7.1,4848,0.60,4908,50,4,0.00,0.00,0.0,0.00,0.00,0.0,3.00,232782.00,79.2
670,0.00,24004.00,24004.0,67.63,5.00,2901.00,2906.0,62.95,31,7.1,4846,0.60,4915,49,4,5.00,3.00,8.0,0.00,0.00,0.0,2.00,193734.00,79.7
671,0.00,1316.00,1316.0,70.62,2.00,3520.00,3522.0,62.97,17,9.5,4845,0.60,4892,49,4,2.00,0.00,2.0,0.00,0.00,0.0,1.00,159275.00,80.3
672,0.00,576.00,576.0,70.81,6.00,3469.00,3475.0,63.02,17,9.5,4845,0.60,4897,49,4,2.00,0.00,2.0,4.00,4.00,8.0,1.00,210383.00,80.9
673,0.00,588.00,588.0,72.55,0.00,3923.00,3923.0,63.06,2,9.5,4845,0.60,4873,49,4,0.00,0.00,0.0,0.00,0.00,0.0,1.00,177463.00,81.5
674,0.00,536.00,536.0,54.94,2.00,3022.00,3024.0,63.09,14,9.5,4845,0.60,4902,49,4,2.00,0.00,2.0,0.00,0.00,0.0,1.00,134077.00,81.7
675,0.00,22976.00,22976.0,26.98,4.00,1673.00,1677.0,63.11,3,9.5,4845,0.60,4910,49,4,4.00,0.00,4.0,0.00,0.00,0.0,0.00,62920.00,66.2
676,0.00,108.00,108.0,10.34,8.00,449.00,457.0,63.12,3,8.82,4847,0.60,4916,50,4,8.00,4.00,12.0,0.00,0.00,0.0,2.00,18719.00,53.9
677,0.00,488.00,488.0,4.54,21.00,407.00,428.0,63.12,0,8.82,4847,0.60,4909,50,4,21.00,7.00,28.0,0.00,0.00,0.0,0.00,14937.00,38.4
678,0.00,36.00,36.0,4.65,10.00,331.00,341.0,63.13,1,8.82,4846,0.60,4907,50,4,8.00,0.00,8.0,0.00,0.00,0.0,0.00,12912.00,38.4
679,0.00,616.00,616.0,3.3,11.00,325.00,336.0,63.13,0,8.82,4840,0.60,4890,49,4,13.00,3.00,16.0,0.00,0.00,0.0,1.00,14737.00,38.4
680,4.00,28320.00,28324.0,5.09,14.00,679.00,693.0,63.13,6,8.82,4840,0.60,4889,49,4,14.00,0.00,14.0,0.00,0.00,0.0,7.00,40860.00,38.5
681,0.00,172.00,172.0,14.34,4.00,1110.00,1114.0,63.14,2,8.35,4842,0.60,4894,49,4,4.00,0.00,4.0,0.00,0.00,0.0,0.00,86270.00,45.4
682,0.00,12.00,12.0,18.85,5.00,932.00,937.0,63.15,5,8.35,4838,0.60,4890,49,4,4.00,0.00,4.0,0.00,0.00,0.0,1.00,137857.00,51.4
683,0.00,928.00,928.0,19.92,14.00,1006.00,1020.0,63.16,5,8.35,4842,0.60,4894,49,4,14.00,0.00,14.0,0.00,0.00,0.0,4.00,103405.00,51.7
684,0.00,396.00,396.0,21.0,6.00,1917.00,1923.0,63.18,1,8.35,4845,0.60,4898,49,4,4.00,0.00,4.0,0.00,0.00,0.0,5.00,114776.00,51.8
685,0.00,31004.00,31004.0,27.45,5.00,2001.00,2006.0,63.2,0,8.35,4845,0.60,4904,50,5,4.00,3.00,7.0,1.00,1.00,2.0,0.00,123979.00,59.8
686,0.00,468.00,468.0,40.31,6.00,2820.00,2826.0,63.22,10,8.96,4846,0.60,4891,50,5,4.00,0.00,4.0,0.00,0.00,0.0,1.00,224339.00,67.7
687,0.00,732.00,732.0,65.12,7.92,3182.18,3190.1,63.26,28,8.96,4846,0.60,4894,50,5,6.00,0.00,6.0,0.00,0.00,0.0,0.00,221269.00,76.8
688,0.00,132.00,132.0,72.23,2.00,3059.00,3061.0,63.24,26,8.96,4846,0.60,4910,50,5,4.00,0.00,4.0,0.00,0.00,0.0,1.00,165069.00,84.3
689,0.00,776.00,776.0,66.71,2.00,2995.00,2997.0,63.23,10,8.96,4845,0.60,4890,50,4,2.00,1.00,3.0,0.00,0.00,0.0,2.00,175122.00,84.3
690,4.00,928.00,932.0,71.09,1.00,3176.00,3177.0,63.25,21,8.96,4844,0.60,4893,50,4,0.00,0.00,0.0,0.00,0.00,0.0,18.00,171199.00,84.1
691,0.00,1440.00,1440.0,65.35,0.00,4263.00,4263.0,63.28,13,9.29,4843,0.60,4906,50,4,0.00,0.00,0.0,0.00,0.00,0.0,0.00,150069.31,84.0
692,0.00,320.00,320.0,69.79,10.00,2677.00,2687.0,63.33,15,9.29,4844,0.60,4900,50,4,6.00,0.00,6.0,4.00,4.00,8.0,1.00,105164.00,84.0
693,0.00,392.00,392.0,33.76,5.00,1202.00,1207.0,63.34,0,9.29,4844,0.60,4919,50,4,4.00,0.00,4.0,0.00,0.00,0.0,2.00,72199.00,75.8
694,0.00,88.00,88.0,10.7,0.00,469.00,469.0,63.34,3,9.29,4844,0.60,4919,50,4,0.00,0.00,0.0,0.00,0.00,0.0,1.00,63995.00,54.2
695,0.00,708.00,708.0,6.24,7.00,593.00,600.0,63.35,0,9.29,4844,0.60,4910,50,4,4.00,2.00,6.0,0.00,0.00,0.0,0.00,33156.00,44.0
696,4.00,104224.00,104228.0,10.19,1.00,760.00,761.0,63.38,1,9.1,4846,0.60,4900,50,4,2.00,0.00,2.0,0.00,0.00,0.0,5.00,37159.00,43.8
697,0.00,1144.00,1144.0,8.81,0.00,516.00,516.0,63.38,0,9.1,4846,0.60,4897,50,4,0.00,0.00,0.0,0.00,0.00,0.0,0.00,28211.00,49.6
698,0.00,44.00,44.0,7.54,2.00,534.00,536.0,63.38,1,9.1,4845,0.60,4895,50,4,0.00,2.00,2.0,0.00,0.00,0.0,0.00,43738.00,42.8
699,0.00,312.00,312.0,16.81,2.00,571.00,573.0,63.39,3,9.1,4843,0.60,4899,50,4,0.00,2.00,2.0,0.00,0.00,0.0,1.00,61352.00,48.7
700,0.00,244.00,244.0,8.73,0.00,430.00,430.0,63.4,1,9.1,4842,0.60,4895,50,4,0.00,0.00,0.0,0.00,0.00,0.0,0.00,34485.00,49.3
701,0.00,34256.00,34256.0,9.24,0.00,840.00,840.0,63.4,4,8.45,4843,0.60,4889,50,4,0.00,0.00,0.0,0.00,0.00,0.0,1.00,45453.00,41.7
702,0.00,956.00,956.0,15.05,4.00,1254.00,1258.0,63.38,0,8.45,4844,0.60,4890,50,4,0.00,0.00,0.0,4.00,4.00,8.0,1.00,73920.00,42.3
703,0.00,108.00,108.0,24.2,0.00,1509.00,1509.0,63.39,3,8.45,4844,0.60,4893,50,4,0.00,0.00,0.0,0.00,0.00,0.0,1.00,158660.00,51.1
704,0.00,452.00,452.0,30.63,1.00,1907.00,1908.0,63.41,9,8.45,4844,0.60,4910,50,4,0.00,0.00,0.0,0.00,0.00,0.0,1.00,194529.00,62.1
705,0.00,716.00,716.0,49.04,0.00,3002.00,3002.0,63.44,10,8.45,4845,0.60,4897,50,4,0.00,0.00,0.0,0.00,0.00,0.0,1.00,214883.00,70.1
706,0.00,32404.00,32404.0,61.75,6.00,3655.00,3661.0,63.48,25,9.46,4846,0.60,4902,50,4,4.00,0.00,4.0,0.00,0.00,0.0,3.00,197487.00,78.4
707,0.00,864.00,864.0,76.01,4.00,3684.00,3688.0,63.53,16,9.46,4845,0.60,4903,50,4,2.00,2.00,4.0,0.00,0.00,0.0,0.00,149676.00,83.8
708,0.00,120.00,120.0,72.11,0.00,2454.00,2454.0,63.56,21,9.46,4846,0.60,4895,50,4,0.00,2.00,2.0,0.00,0.00,0.0,1.00,192154.00,83.9
709,0.00,348.00,348.0,72.96,2.00,2304.00,2306.0,63.61,31,9.46,4846,0.60,4903,50,4,0.00,1.98,1.98,0.00,0.00,0.0,2.00,202347.00,84.1
710,0.00,796.00,796.0,76.76,4.00,3106.00,3110.0,63.66,15,9.46,4846,0.60,4890,50,4,2.00,2.00,4.0,0.00,0.00,0.0,0.00,164733.00,84.3
711,0.00,17032.00,17032.0,80.61,8.00,3224.00,3232.0,63.71,3,10.62,4849,0.60,4906,51,4,6.00,6.00,12.0,0.00,0.00,0.0,6.00,135049.00,84.6
712,0.00,664.00,664.0,64.56,12.00,3180.00,3192.0,63.73,10,10.62,4849,0.60,4901,51,4,6.00,6.00,12.0,4.00,4.00,8.0,0.00,126787.00,84.6
713,0.00,292.00,292.0,31.17,9.00,880.00,889.0,63.72,1,10.62,4848,0.60,4902,51,4,6.00,2.00,8.0,0.00,0.00,0.0,0.00,55619.00,77.1
714,0.00,336.00,336.0,19.52,7.00,885.00,892.0,63.73,1,10.62,4848,0.60,4894,51,4,7.00,4.00,11.0,0.00,0.00,0.0,1.00,36119.00,57.8
715,0.00,512.00,512.0,16.67,6.00,774.00,780.0,63.73,1,10.62,4848,0.60,4899,50,4,5.00,1.00,6.0,0.00,0.00,0.0,1.00,51721.00,58.2
716,0.00,29712.00,29712.0,9.96,7.00,523.00,530.0,63.74,0,9.93,4845,0.60,4894,50,4,6.00,1.00,7.0,0.00,0.00,0.0,0.00,65643.00,42.5
717,0.00,684.00,684.0,6.44,11.00,505.00,516.0,63.74,0,9.93,4843,0.60,4891,49,4,7.00,2.00,9.0,0.00,0.00,0.0,1.00,31906.00,42.6
718,4.00,336.00,340.0,10.43,13.00,948.00,961.0,63.75,3,9.93,4845,0.60,4885,49,4,16.00,0.00,16.0,0.00,0.00,0.0,2.00,43615.00,42.9
719,0.00,680.00,680.0,11.89,10.00,834.00,844.0,63.75,1,9.93,4845,0.60,4890,49,4,9.00,1.00,10.0,0.00,0.00,0.0,1.00,56061.00,43.2
720,0.00,596.00,596.0,18.77,23.00,1066.00,1089.0,63.77,0,9.93,4847,0.60,4893,51,5,20.00,13.00,33.0,1.00,1.00,2.0,20.00,108201.00,43.5
721,4.00,48724.00,48728.0,22.86,15.00,1485.00,1500.0,63.77,1,9.62,4847,0.60,4900,51,5,12.00,1.00,13.0,0.00,0.00,0.0,0.00,152919.00,55.6
722,0.00,252.00,252.0,38.06,18.00,1788.00,1806.0,63.81,11,9.62,4847,0.60,4881,50,5,15.00,3.00,18.0,4.00,4.00,8.0,2.00,167453.00,56.0
723,0.00,168.00,168.0,60.48,0.00,1716.00,1716.0,63.85,12,9.62,4847,0.60,4881,50,5,0.00,0.00,0.0,0.00,0.00,0.0,1.00,147247.00,79.7
724,0.00,102.97,102.97,70.61,4.00,1570.00,1574.0,63.86,9,9.62,4848,0.60,4904,51,5,0.00,2.00,2.0,2.00,2.00,4.0,3.00,140527.00,80.1
725,0.00,776.00,776.0,32.12,1.00,1704.00,1705.0,63.88,5,9.62,4848,0.60,4899,51,5,0.00,1.00,1.0,0.00,0.00,0.0,0.00,86847.00,79.5
726,0.00,33488.00,33488.0,10.82,1.00,1113.00,1114.0,63.89,4,9.33,4848,0.60,4898,50,5,0.00,0.00,0.0,0.00,0.00,0.0,0.00,56439.00,53.3
727,0.00,72.00,72.0,17.66,24.00,2038.00,2062.0,63.89,3,9.33,4845,0.60,4887,50,5,22.00,0.00,22.0,0.00,0.00,0.0,0.00,89700.00,52.7
728,0.00,484.00,484.0,55.7,6.00,3098.00,3104.0,63.92,8,9.33,4844,0.60,4899,50,5,8.00,0.00,8.0,0.00,0.00,0.0,0.00,217276.00,68.2
729,0.00,728.00,728.0,51.73,4.00,2229.00,2233.0,63.95,36,9.33,4843,0.60,4904,50,4,2.00,0.00,2.0,2.00,2.00,4.0,1.00,229845.00,74.3
730,0.00,116.00,116.0,56.24,10.00,2275.00,2285.0,63.97,9,9.33,4843,0.60,4906,50,4,10.00,0.00,10.0,0.00,0.00,0.0,1.00,194095.00,83.7
731,0.00,1080.00,1080.0,56.2,8.00,3622.00,3630.0,64.01,9,10.26,4845,0.60,4902,51,4,4.00,3.00,7.0,0.00,0.00,0.0,3.00,202541.00,75.2
732,4.00,64252.00,64256.0,71.65,5.00,4573.00,4578.0,64.04,12,10.26,4845,0.60,4895,51,4,2.00,1.00,3.0,4.00,4.00,8.0,2.00,151193.00,84.3
733,0.00,212.00,212.0,34.6,7.00,1566.00,1573.0,64.06,4,10.26,4845,0.60,4920,51,4,6.00,1.00,7.0,0.00,0.00,0.0,0.00,112177.00,83.9
734,0.00,272.00,272.0,11.0,15.00,982.00,997.0,64.08,3,10.26,4848,0.60,4920,52,4,13.00,10.00,23.0,0.00,0.00,0.0,4.00,62506.00,48.1
735,0.00,224.00,224.0,13.79,6.00,528.00,534.0,64.09,3,10.26,4848,0.60,4916,52,4,4.00,5.00,9.0,0.00,0.00,0.0,0.00,52990.00,48.2
736,0.00,176.00,176.0,10.73,23.00,1157.00,1180.0,64.1,2,9.44,4847,0.60,4894,51,4,22.00,8.00,30.0,0.00,0.00,0.0,1.00,57246.00,42.8
737,0.00,33752.00,33752.0,31.19,5.00,1893.00,1898.0,64.11,3,9.44,4844,0.60,4886,50,4,5.00,2.00,7.0,0.00,0.00,0.0,0.00,122047.00,56.0
738,0.00,292.00,292.0,39.12,2.00,1413.00,1415.0,64.13,1,9.44,4844,0.60,4893,50,4,2.00,0.00,2.0,0.00,0.00,0.0,0.00,186705.00,71.5
739,0.00,936.00,936.0,32.34,24.00,1575.00,1599.0,64.13,2,9.44,4843,0.60,4891,50,4,24.00,0.00,24.0,0.00,0.00,0.0,1.00,189513.00,70.9
740,0.00,1464.00,1464.0,35.07,2.00,2555.00,2557.0,64.17,3,9.44,4845,0.60,4894,50,4,2.00,0.00,2.0,0.00,0.00,0.0,2.00,147956.00,62.9
741,0.00,236.00,236.0,35.71,6.00,2228.00,2234.0,64.19,3,8.92,4846,0.60,4895,50,4,6.00,0.00,6.0,0.00,0.00,0.0,1.00,155725.00,68.6
742,0.00,12912.00,12912.0,15.24,13.00,940.00,953.0,64.21,1,8.92,4846,0.60,4896,50,4,12.00,0.00,12.0,0.00,0.00,0.0,0.00,60601.00,58.1
743,0.00,572.00,572.0,11.0,4.00,1196.00,1200.0,64.19,2,8.92,4845,0.60,4895,51,4,2.00,3.00,5.0,0.00,0.00,0.0,0.00,55691.00,45.7
744,0.00,36.00,36.0,12.82,22.00,1347.00,1369.0,64.2,2,8.92,4846,0.60,4889,51,4,18.00,2.00,20.0,0.00,0.00,0.0,2.00,62570.00,45.9
745,0.00,324.00,324.0,37.26,16.00,2989.00,3005.0,64.21,4,8.92,4843,0.60,4891,51,4,16.00,1.00,17.0,0.00,0.00,0.0,0.00,198226.00,52.8
746,0.00,388.00,388.0,51.1,6.00,2676.00,2682.0,64.24,23,8.61,4842,0.60,4908,50,4,4.00,1.00,5.0,0.00,0.00,0.0,1.00,247428.00,74.4
747,0.00,35296.00,35296.0,59.1,12.00,2200.00,2212.0,64.26,15,8.61,4844,0.60,4906,50,4,12.00,0.00,12.0,0.00,0.00,0.0,1.00,245303.00,81.6
748,0.00,232.00,232.0,51.63,3.00,3127.00,3130.0,64.31,29,8.61,4846,0.60,4916,50,4,2.00,0.00,2.0,0.00,0.00,0.0,2.00,184176.00,81.0
749,0.00,760.00,760.0,72.68,8.00,4474.00,4482.0,64.36,9,8.61,4846,0.60,4887,50,4,6.00,0.00,6.0,0.00,0.00,0.0,1.00,155655.00,81.4
750,0.00,912.00,912.0,49.18,6.00,2606.00,2612.0,64.39,2,8.61,4846,0.60,4914,50,4,8.00,0.00,8.0,0.00,0.00,0.0,17.00,144955.00,81.6
751,0.00,456.00,456.0,17.37,3.00,894.00,897.0,64.39,3,7.92,4846,0.60,4912,50,4,2.00,0.00,2.0,0.00,0.00,0.0,0.00,83148.00,56.9
752,0.00,28324.00,28324.0,19.22,12.00,929.00,941.0,64.4,3,7.92,4845,0.60,4908,50,4,8.00,0.00,8.0,4.00,4.00,8.0,1.00,52622.00,56.5
753,0.00,344.00,344.0,28.13,24.00,2210.00,2234.0,64.42,2,7.92,4844,0.60,4896,50,4,24.00,0.00,24.0,0.00,0.00,0.0,2.00,138350.00,63.0
754,0.00,280.00,280.0,29.45,7.00,1411.00,1418.0,64.43,4,7.92,4845,0.60,4905,50,5,2.00,1.00,3.0,3.00,1.00,4.0,1.00,195143.00,62.8
755,0.00,748.00,748.0,29.03,1.00,1433.00,1434.0,64.46,6,7.92,4846,0.60,4898,51,5,0.00,2.00,2.0,0.00,0.00,0.0,2.00,178836.00,62.9
756,0.00,560.00,560.0,31.81,2.00,2550.00,2552.0,64.47,12,7.37,4846,0.60,4882,51,5,0.00,1.00,1.0,0.00,0.00,0.0,2.00,150044.00,63.2
757,0.00,39180.00,39180.0,49.16,1.00,1921.00,1922.0,64.49,5,7.37,4846,0.60,4881,51,5,0.00,0.00,0.0,0.00,0.00,0.0,1.00,127535.00,72.0
758,0.00,1532.00,1532.0,30.69,1.00,724.00,725.0,64.5,3,7.37,4845,0.60,4897,51,4,0.00,1.00,1.0,0.00,0.00,0.0,0.00,89198.00,72.3
759,0.00,476.00,476.0,12.79,1.00,1074.00,1075.0,64.51,1,7.37,4845,0.60,4892,50,4,0.00,0.00,0.0,0.00,0.00,0.0,2.00,52467.00,53.0
760,0.00,316.00,316.0,8.78,0.00,599.00,599.0,64.52,1,7.37,4844,0.60,4892,50,4,0.00,0.00,0.0,0.00,0.00,0.0,0.00,28548.00,46.3
761,0.00,176.00,176.0,3.3,0.00,177.00,177.0,64.52,1,6.78,4844,0.60,4892,50,4,0.00,0.00,0.0,0.00,0.00,0.0,0.00,12551.00,39.9
762,4.00,83552.00,83556.0,5.16,4.00,440.00,444.0,64.52,3,6.78,4843,0.60,4887,50,4,0.00,0.00,0.0,4.00,4.00,8.0,0.00,15371.00,39.5
763,0.00,372.00,372.0,3.52,0.00,293.00,293.0,64.52,1,6.78,4841,0.60,4884,50,4,0.00,0.00,0.0,0.00,0.00,0.0,0.00,13631.00,39.5
764,0.00,212.00,212.0,2.41,0.00,197.00,197.0,64.52,1,6.78,4839,0.60,4875,50,4,0.00,0.00,0.0,0.00,0.00,0.0,1.00,12821.00,39.4
765,0.00,48.00,48.0,6.12,0.00,791.00,791.0,64.53,1,6.78,4839,0.60,4869,50,4,0.00,0.00,0.0,0.00,0.00,0.0,1.00,37102.00,39.1
766,0.00,312.00,312.0,31.69,4.00,2911.00,2915.0,64.54,7,7.11,4839,0.60,4885,50,4,0.00,3.00,3.0,1.00,0.00,1.0,6.00,176429.00,50.1
767,0.00,24172.00,24172.0,54.97,1.00,2679.00,2680.0,64.54,17,7.11,4839,0.60,4903,50,4,0.00,1.00,1.0,0.00,0.00,0.0,1.00,227901.00,74.7
768,0.00,52.00,52.0,66.58,0.00,1700.00,1700.0,64.57,7,7.11,4839,0.60,4889,50,4,0.00,0.00,0.0,0.00,0.00,0.0,1.00,255327.00,83.4
769,0.00,616.00,616.0,43.35,2.00,2127.00,2129.0,64.6,2,7.11,4844,0.60,4892,50,4,2.00,0.00,2.0,0.00,0.00,0.0,7.00,173528.00,76.7
