0,,,,,,,,,,,,,,,,,,,,,,,,36.4
1,0.00,332.00,332.0,2.29,0.00,0.00,0.0,55.26,1,0.55,4225,0.62,3940,49,4,0.00,0.00,0.0,0.00,0.00,0.0,0.00,11812.00,36.5
2,0.00,48.00,48.0,3.66,0.00,0.00,0.0,55.26,1,0.55,4225,0.62,3940,49,4,0.00,0.00,0.0,0.00,0.00,0.0,0.00,11706.00,36.5
3,0.00,236.00,236.0,2.27,0.00,0.00,0.0,55.26,0,0.55,4225,0.62,3940,49,4,0.00,0.00,0.0,0.00,0.00,0.0,0.00,11352.00,36.4
4,0.00,24.00,24.0,2.68,1.00,1.00,2.0,55.26,0,0.55,4225,0.62,3940,49,4,0.00,0.00,0.0,0.00,0.00,0.0,1.00,12448.00,36.4
5,0.00,4640.00,4640.0,1.78,0.00,0.00,0.0,55.27,2,0.5,4225,0.62,3940,49,4,0.00,0.00,0.0,0.00,0.00,0.0,0.00,12071.00,36.5
6,0.00,148.00,148.0,2.41,4.00,12.00,16.0,55.27,0,0.5,4225,0.62,3940,49,4,0.00,0.00,0.0,4.00,4.00,8.0,0.00,10694.00,36.6
7,0.00,328.00,328.0,2.15,1.00,1.00,2.0,55.27,0,0.5,4225,0.62,3940,49,4,0.00,0.00,0.0,0.00,0.00,0.0,0.00,12186.00,36.7
8,0.00,336.00,336.0,3.68,0.00,0.00,0.0,55.27,1,0.5,4225,0.62,3940,49,4,0.00,0.00,0.0,0.00,0.00,0.0,0.00,12429.00,36.7
9,0.00,52.00,52.0,14.52,0.00,5.00,5.0,55.29,7,0.5,4225,0.62,3942,49,4,0.00,0.00,0.0,0.00,0.00,0.0,1.00,11867.00,69.5
10,0.00,76.00,76.0,71.32,2.00,112.00,114.0,55.46,21,1.02,4260,0.62,4034,49,4,1.00,1.00,2.0,0.00,0.00,0.0,35.00,33261.00,88.1
11,0.00,27.72,27.72,87.77,0.00,247.00,247.0,55.59,18,1.02,4285,0.62,4061,49,4,0.00,0.00,0.0,0.00,0.00,0.0,25.00,37853.00,87.9
12,0.00,56.00,56.0,92.07,0.00,300.00,300.0,55.66,18,1.02,4318,0.62,4109,49,4,0.00,0.00,0.0,0.00,0.00,0.0,33.00,35188.00,88.0
13,0.00,292.00,292.0,90.69,0.00,261.00,261.0,55.75,20,1.02,4335,0.62,4116,49,4,0.00,0.00,0.0,0.00,0.00,0.0,17.00,42462.00,88.0
14,0.00,272.00,272.0,90.08,1.00,354.00,355.0,55.8,11,1.02,4350,0.62,4158,49,4,1.00,1.00,2.0,0.00,0.00,0.0,16.00,49616.00,87.7
15,0.00,132.00,132.0,80.73,0.00,370.00,370.0,55.91,11,2.46,4393,0.62,4177,49,4,0.00,0.00,0.0,0.00,0.00,0.0,43.00,51720.00,87.4
16,0.00,1084.00,1084.0,51.38,4.00,448.00,452.0,55.93,2,2.46,4413,0.62,4217,49,4,0.00,0.00,0.0,4.00,4.00,8.0,20.00,31331.00,58.0
17,0.00,1132.00,1132.0,3.91,0.00,0.00,0.0,55.92,0,2.46,4413,0.62,4217,49,4,0.00,0.00,0.0,0.00,0.00,0.0,0.00,11956.00,39.6
18,0.00,1260.00,1260.0,31.48,0.00,13.00,13.0,55.96,7,2.46,4413,0.62,4219,49,4,0.00,0.00,0.0,0.00,0.00,0.0,0.00,12711.00,84.0
19,0.00,1196.00,1196.0,92.35,0.00,6.00,6.0,56.0,12,2.46,4414,0.62,4223,49,4,0.00,0.00,0.0,0.00,0.00,0.0,2.00,19104.00,90.8
20,0.00,1140.00,1140.0,93.48,0.00,383.00,383.0,56.11,32,4.03,4427,0.62,4267,49,4,0.00,0.00,0.0,0.00,0.00,0.0,13.00,41007.00,90.4
21,0.00,368.00,368.0,93.38,0.00,446.00,446.0,56.22,29,4.03,4436,0.62,4266,49,4,0.00,0.00,0.0,0.00,0.00,0.0,10.00,47066.00,90.1
22,0.00,52.00,52.0,95.48,0.00,262.00,262.0,56.36,18,4.03,4453,0.62,4274,49,4,0.00,0.00,0.0,0.00,0.00,0.0,17.00,28397.00,89.9
23,0.00,224.00,224.0,91.57,0.00,298.00,298.0,56.47,14,4.03,4473,0.62,4334,49,4,0.00,0.00,0.0,0.00,0.00,0.0,20.00,35400.00,89.6
24,8.00,572.00,580.0,88.78,1.00,201.00,202.0,56.6,24,4.03,4499,0.62,4367,49,4,0.00,0.00,0.0,0.00,0.00,0.0,43.00,33969.00,89.4
25,0.00,0.00,0.0,85.75,0.00,0.00,0.0,56.61,16,5.15,4512,0.62,4423,49,4,0.00,0.00,0.0,0.00,0.00,0.0,13.00,71202.00,89.1
26,0.00,580.00,580.0,91.36,0.00,0.00,0.0,56.66,34,5.15,4513,0.62,4436,49,4,0.00,0.00,0.0,0.00,0.00,0.0,1.00,55217.00,88.8
27,0.00,104.00,104.0,89.81,0.00,250.00,250.0,56.58,24,5.15,4515,0.62,4404,49,4,0.00,0.00,0.0,0.00,0.00,0.0,1.98,65030.69,88.6
28,0.00,100.00,100.0,92.09,0.00,156.00,156.0,56.62,11,5.15,4533,0.62,4443,49,4,0.00,0.00,0.0,0.00,0.00,0.0,22.00,27830.00,88.7
29,0.00,424.00,424.0,88.73,1.00,241.00,242.0,56.72,27,5.15,4560,0.62,4497,49,4,0.00,0.00,0.0,0.00,0.00,0.0,25.00,42601.00,88.5
30,0.00,340.00,340.0,92.2,0.00,499.00,499.0,56.85,25,7.38,4574,0.62,4458,49,4,0.00,0.00,0.0,0.00,0.00,0.0,14.00,37522.00,88.4
31,0.00,27.72,27.72,88.44,0.00,440.00,440.0,56.97,13,7.38,4584,0.62,4459,49,4,0.00,0.00,0.0,0.00,0.00,0.0,11.00,46133.00,88.3
32,0.00,52.00,52.0,89.99,1.00,241.00,242.0,56.99,29,7.38,4610,0.62,4494,49,4,1.00,1.00,2.0,0.00,0.00,0.0,26.00,50273.00,88.1
33,0.00,40.00,40.0,92.25,2.00,748.00,750.0,56.94,19,7.38,4620,0.62,4522,49,4,1.00,1.00,2.0,0.00,0.00,0.0,10.00,38563.00,87.9
34,0.00,468.00,468.0,82.66,0.00,600.00,600.0,57.12,21,7.38,4660,0.62,4591,49,4,0.00,0.00,0.0,0.00,0.00,0.0,42.00,49315.00,87.7
35,84.00,624.00,708.0,54.37,0.00,120.00,120.0,57.14,1,7.11,4660,0.62,4585,49,4,0.00,0.00,0.0,0.00,0.00,0.0,1.00,27179.00,50.7
36,0.00,16728.00,16728.0,2.66,5.00,13.00,18.0,57.13,1,7.11,4659,0.62,4579,49,4,0.00,0.00,0.0,4.00,4.00,8.0,0.00,12346.00,38.8
37,0.00,1272.00,1272.0,14.09,3.00,43.00,46.0,57.13,14,7.11,4659,0.62,4578,49,4,2.00,2.00,4.0,0.00,0.00,0.0,0.00,14456.00,71.2
38,0.00,1228.00,1228.0,74.08,1.00,59.00,60.0,57.18,13,7.11,4660,0.62,4584,49,4,1.00,1.00,2.0,0.00,0.00,0.0,1.00,17485.00,83.1
39,0.00,1644.00,1644.0,73.27,0.00,302.00,302.0,57.23,36,7.11,4660,0.62,4580,49,4,0.00,0.00,0.0,0.00,0.00,0.0,2.00,32639.00,89.6
40,0.00,724.00,724.0,92.5,2.00,880.00,882.0,57.28,34,9.5,4659,0.62,4604,49,4,0.00,0.00,0.0,0.00,0.00,0.0,1.00,48635.00,89.4
41,0.00,3984.00,3984.0,92.38,0.00,692.00,692.0,57.33,36,9.5,4664,0.62,4626,49,4,0.00,0.00,0.0,0.00,0.00,0.0,6.00,47498.00,89.2
42,0.00,84.00,84.0,91.36,0.00,730.00,730.0,57.37,20,9.5,4670,0.62,4647,49,4,0.00,0.00,0.0,0.00,0.00,0.0,7.00,55012.00,89.1
43,0.00,212.00,212.0,92.62,0.00,668.00,668.0,57.31,32,9.5,4674,0.62,4684,49,4,0.00,0.00,0.0,0.00,0.00,0.0,4.00,44504.00,88.9
44,0.00,48.00,48.0,91.99,0.00,411.00,411.0,57.4,27,9.5,4689,0.62,4720,49,4,0.00,0.00,0.0,0.00,0.00,0.0,16.00,53660.00,88.6
45,0.00,748.00,748.0,91.27,0.00,599.00,599.0,57.53,11,10.34,4704,0.62,4733,49,4,0.00,0.00,0.0,0.00,0.00,0.0,15.00,40584.00,88.0
46,0.00,3548.00,3548.0,38.02,6.00,14.00,20.0,57.62,2,10.34,4704,0.62,4736,50,5,0.00,2.00,2.0,5.00,5.00,10.0,0.00,17196.00,40.0
47,0.00,520.00,520.0,2.66,1.00,1.00,2.0,57.63,2,10.34,4704,0.62,4736,50,5,0.00,1.00,1.0,0.00,0.00,0.0,0.00,11632.00,39.5
48,0.00,100.00,100.0,3.04,2.00,2.00,4.0,57.56,2,10.34,4703,0.62,4730,50,5,0.00,2.00,2.0,0.00,0.00,0.0,0.00,11544.00,39.2
49,0.00,56.00,56.0,4.06,0.00,0.00,0.0,57.46,3,10.34,4703,0.62,4730,50,5,0.00,0.00,0.0,0.00,0.00,0.0,1.00,11714.00,38.8
50,0.00,400.00,400.0,15.2,0.00,232.00,232.0,57.46,2,9.99,4702,0.62,4746,50,4,0.00,0.00,0.0,0.00,0.00,0.0,0.00,14099.00,48.3
51,0.00,4896.00,4896.0,9.86,1.00,269.00,270.0,57.47,4,9.99,4701,0.62,4742,50,4,1.00,1.00,2.0,0.00,0.00,0.0,0.00,13284.00,47.7
52,0.00,56.00,56.0,4.59,0.00,151.00,151.0,57.47,2,9.99,4701,0.62,4742,50,4,0.00,0.00,0.0,0.00,0.00,0.0,0.00,12036.00,42.2
53,0.00,312.00,312.0,18.27,18.00,453.00,471.0,57.5,8,9.99,4700,0.62,4733,50,4,18.00,0.00,18.0,0.00,0.00,0.0,0.00,18566.00,58.9
54,4.00,376.00,380.0,18.77,14.00,416.00,430.0,57.48,12,9.99,4700,0.62,4734,50,4,14.00,0.00,14.0,0.00,0.00,0.0,16.00,16176.00,58.7
55,0.00,0.00,0.0,11.5,2.00,199.00,201.0,57.48,3,9.27,4700,0.62,4734,50,4,0.00,2.00,2.0,0.00,0.00,0.0,0.00,11949.00,40.5
56,0.00,2608.00,2608.0,7.98,8.00,324.00,332.0,57.48,3,9.27,4700,0.62,4734,50,4,6.00,0.00,6.0,0.00,0.00,0.0,0.00,14250.00,50.8
57,0.00,96.00,96.0,16.29,10.00,441.00,451.0,57.49,2,9.27,4700,0.62,4734,50,4,12.00,0.00,12.0,0.00,0.00,0.0,0.00,13986.00,40.2
58,0.00,108.00,108.0,3.55,2.00,238.00,240.0,57.49,2,9.27,4700,0.62,4734,50,4,0.00,2.00,2.0,0.00,0.00,0.0,0.00,11260.00,39.7
59,0.00,376.00,376.0,5.31,5.00,289.00,294.0,57.49,2,9.27,4700,0.62,4734,50,4,4.00,1.00,5.0,0.00,0.00,0.0,1.00,14123.00,40.2
60,0.00,52.00,52.0,15.84,22.00,506.00,528.0,57.49,5,8.69,4700,0.62,4734,50,4,20.00,2.00,22.0,0.00,0.00,0.0,0.00,15765.00,61.8
61,0.00,768.00,768.0,39.15,2.00,335.00,337.0,57.52,4,8.69,4702,0.62,4740,50,4,0.00,2.00,2.0,0.00,0.00,0.0,2.00,20833.00,61.4
62,0.00,2740.00,2740.0,50.44,4.00,445.00,449.0,57.6,21,8.69,4702,0.62,4746,50,4,2.00,2.00,4.0,0.00,0.00,0.0,0.00,24499.00,88.1
63,0.00,380.00,380.0,92.49,29.00,942.00,971.0,57.68,25,8.69,4703,0.62,4748,50,4,26.00,2.00,28.0,0.00,0.00,0.0,1.00,46527.00,88.2
64,0.00,32.00,32.0,91.88,1.00,976.00,977.0,57.69,28,8.69,4703,0.62,4757,50,4,0.00,1.00,1.0,0.00,0.00,0.0,1.00,55578.00,88.0
65,0.00,204.00,204.0,90.98,2.00,1047.00,1049.0,57.76,37,11.28,4703,0.62,4788,50,4,0.00,2.00,2.0,0.00,0.00,0.0,0.00,65371.00,87.9
66,0.00,336.00,336.0,93.49,7.00,619.00,626.0,57.81,33,11.28,4702,0.62,4796,50,4,0.00,2.00,2.0,4.00,4.00,8.0,0.00,44552.00,87.8
67,0.00,18356.00,18356.0,90.52,1.00,896.00,897.0,57.82,57,11.28,4703,0.62,4813,50,4,0.00,1.00,1.0,0.00,0.00,0.0,1.00,65745.00,87.7
68,0.00,992.00,992.0,91.88,1.00,890.00,891.0,57.88,52,11.28,4705,0.62,4847,49,4,0.00,0.00,0.0,0.00,0.00,0.0,2.00,67071.00,87.7
69,0.00,60.00,60.0,94.0,1.00,553.00,554.0,57.94,37,11.28,4713,0.62,4853,49,4,0.00,0.00,0.0,0.00,0.00,0.0,9.00,47045.00,87.7
70,0.00,56.00,56.0,95.99,0.00,118.00,118.0,57.98,13,12.06,4726,0.62,4936,49,4,0.00,0.00,0.0,0.00,0.00,0.0,13.00,23598.00,87.8
71,0.00,16.00,16.0,91.08,0.00,12.00,12.0,58.12,44,12.06,4749,0.62,4969,49,4,0.00,0.00,0.0,0.00,0.00,0.0,24.00,59530.00,87.8
72,0.00,2880.00,2880.0,89.25,0.00,87.00,87.0,58.17,38,12.06,4752,0.62,4955,49,4,0.00,0.00,0.0,0.00,0.00,0.0,3.00,90957.00,87.7
73,0.00,404.00,404.0,91.98,0.00,326.00,326.0,58.13,27,12.06,4756,0.62,4904,49,4,0.00,0.00,0.0,0.00,0.00,0.0,4.00,69621.00,87.6
74,0.00,660.00,660.0,86.62,0.00,242.00,242.0,58.17,33,12.06,4756,0.62,4938,49,4,0.00,0.00,0.0,0.00,0.00,0.0,1.00,97512.00,87.5
75,0.00,4.00,4.0,91.36,0.00,137.00,137.0,58.14,31,13.49,4763,0.62,4918,49,4,0.00,0.00,0.0,0.00,0.00,0.0,8.00,69572.00,87.5
76,0.00,1164.00,1164.0,90.76,4.00,683.00,687.0,58.16,25,13.49,4763,0.62,4887,49,4,0.00,0.00,0.0,4.00,4.00,8.0,0.00,51855.00,87.8
77,0.00,1540.00,1540.0,89.86,0.00,935.00,935.0,58.24,14,13.49,4779,0.62,4885,49,4,0.00,0.00,0.0,0.00,0.00,0.0,17.00,48336.00,88.0
78,0.00,764.00,764.0,88.61,0.00,973.00,973.0,58.27,16,13.49,4784,0.62,4904,49,4,0.00,0.00,0.0,0.00,0.00,0.0,6.00,60385.00,88.1
79,0.00,36.00,36.0,87.91,0.00,1419.00,1419.0,58.3,19,13.49,4785,0.62,4905,49,4,0.00,0.00,0.0,0.00,0.00,0.0,2.00,73471.00,88.1
80,0.00,76.00,76.0,86.88,0.00,375.00,375.0,58.3,31,14.5,4786,0.62,4918,49,4,0.00,0.00,0.0,0.00,0.00,0.0,1.00,97168.00,88.0
81,0.00,232.00,232.0,88.38,0.00,413.00,413.0,58.31,26,14.5,4786,0.62,4891,49,4,0.00,0.00,0.0,0.00,0.00,0.0,2.00,97058.00,87.9
82,0.00,284.00,284.0,87.8,0.00,280.00,280.0,58.38,25,14.5,4795,0.62,4962,49,4,0.00,0.00,0.0,0.00,0.00,0.0,9.00,79779.00,87.7
83,0.00,31.68,31.68,83.77,0.00,0.00,0.0,58.38,33,14.5,4796,0.62,4947,49,4,0.00,0.00,0.0,0.00,0.00,0.0,1.00,121493.00,87.5
84,8.00,660.00,668.0,88.99,1.00,13.00,14.0,58.42,54,14.5,4802,0.62,4959,49,4,0.00,0.00,0.0,0.00,0.00,0.0,24.00,77421.00,87.5
85,0.00,0.00,0.0,87.39,0.00,114.00,114.0,58.49,51,16.22,4806,0.62,5004,49,4,0.00,0.00,0.0,0.00,0.00,0.0,4.00,99793.00,87.3
86,0.00,596.00,596.0,86.98,0.00,66.00,66.0,58.53,49,16.22,4806,0.62,4983,49,4,0.00,0.00,0.0,0.00,0.00,0.0,1.00,105421.00,87.2
87,0.00,76.00,76.0,86.75,1.00,80.00,81.0,58.55,42,16.22,4806,0.62,4982,49,4,0.00,0.00,0.0,0.00,0.00,0.0,0.99,118031.68,87.0
88,0.00,120.00,120.0,88.24,0.00,543.00,543.0,58.59,24,16.22,4805,0.62,4906,49,4,0.00,0.00,0.0,0.00,0.00,0.0,0.00,90448.00,87.2
89,0.00,444.00,444.0,92.24,0.00,596.00,596.0,58.67,16,16.22,4805,0.62,4900,49,4,0.00,0.00,0.0,0.00,0.00,0.0,1.00,46126.00,87.2
90,0.00,180.00,180.0,86.5,0.00,501.00,501.0,58.67,29,16.68,4785,0.62,4914,49,4,0.00,0.00,0.0,0.00,0.00,0.0,1.00,108041.00,87.1
91,0.00,20.00,20.0,88.76,0.00,570.00,570.0,58.64,21,16.68,4784,0.62,4919,49,4,0.00,0.00,0.0,0.00,0.00,0.0,1.00,91366.00,87.0
92,0.00,10832.00,10832.0,92.73,1.00,610.00,611.0,58.74,26,16.68,4786,0.62,4939,49,4,0.00,0.00,0.0,0.00,0.00,0.0,2.00,54702.00,87.0
93,0.00,356.00,356.0,90.0,0.00,899.00,899.0,58.76,43,16.68,4785,0.62,4921,49,4,0.00,0.00,0.0,0.00,0.00,0.0,2.00,78986.00,87.0
94,0.00,652.00,652.0,89.88,0.00,785.00,785.0,58.79,37,16.68,4785,0.62,4920,49,4,0.00,0.00,0.0,0.00,0.00,0.0,1.00,78529.00,87.0
95,0.00,12.00,12.0,89.5,1.00,699.00,700.0,58.84,47,20.15,4787,0.62,4895,49,4,0.00,0.00,0.0,0.00,0.00,0.0,3.00,76667.00,87.0
96,0.00,120.00,120.0,93.62,4.00,618.00,622.0,58.86,63,20.15,4788,0.62,4904,49,4,0.00,0.00,0.0,4.00,4.00,8.0,1.00,54488.00,87.0
97,0.00,5892.00,5892.0,90.64,1.00,779.00,780.0,58.89,86,20.15,4788,0.62,4909,49,4,0.00,0.00,0.0,0.00,0.00,0.0,0.00,75411.00,87.0
98,0.00,868.00,868.0,92.87,1.00,618.00,619.0,58.92,56,20.15,4789,0.62,4910,49,4,0.00,0.00,0.0,0.00,0.00,0.0,1.00,62432.00,87.0
99,0.00,388.00,388.0,92.01,0.00,620.00,620.0,58.96,74,20.15,4790,0.62,4923,49,4,0.00,0.00,0.0,0.00,0.00,0.0,2.00,67153.00,87.1
100,0.00,512.00,512.0,92.12,1.00,481.00,482.0,59.0,73,24.62,4788,0.62,4914,49,4,0.00,0.00,0.0,0.00,0.00,0.0,0.00,66820.00,87.2
101,0.00,256.00,256.0,91.51,0.00,740.00,740.0,59.02,75,24.62,4790,0.62,4899,49,4,0.00,0.00,0.0,0.00,0.00,0.0,2.00,63374.00,87.2
102,0.00,55108.00,55108.0,93.12,5.00,806.00,811.0,59.07,70,24.62,4790,0.62,4896,50,5,1.00,5.00,6.0,1.00,1.00,2.0,1.00,57743.00,87.2
103,0.00,36.00,36.0,93.12,1.00,878.00,879.0,59.08,84,24.62,4790,0.62,4888,50,5,0.00,1.00,1.0,0.00,0.00,0.0,0.00,55035.00,87.2
104,0.00,560.00,560.0,92.63,2.00,684.00,686.0,59.04,58,24.62,4789,0.62,4891,50,5,0.00,2.00,2.0,0.00,0.00,0.0,1.00,55578.00,87.1
105,0.00,108.00,108.0,92.12,2.00,883.00,885.0,59.06,63,26.66,4790,0.62,4892,50,5,0.00,2.00,2.0,0.00,0.00,0.0,1.00,56016.00,87.2
106,0.00,916.00,916.0,93.01,5.00,834.00,839.0,59.11,45,26.66,4789,0.62,4907,50,4,0.00,1.00,1.0,4.00,4.00,8.0,0.00,48207.00,87.2
107,0.00,836.00,836.0,93.25,1.00,896.00,897.0,59.12,28,26.66,4788,0.62,4918,50,4,0.00,1.00,1.0,0.00,0.00,0.0,0.00,48507.00,87.4
108,0.00,2075.25,2075.25,93.48,3.00,752.00,755.0,59.1,7,26.66,4788,0.62,4914,51,5,0.00,2.00,2.0,2.00,2.00,4.0,2.00,45820.00,86.9
109,0.00,248.00,248.0,44.62,12.00,560.00,572.0,59.06,1,26.66,4787,0.62,4900,51,5,10.00,2.00,12.0,0.00,0.00,0.0,1.00,19780.00,64.7
110,0.00,368.00,368.0,16.75,9.00,339.00,348.0,59.09,0,24.6,4785,0.62,4891,51,5,8.00,1.00,9.0,0.00,0.00,0.0,0.00,13015.00,56.6
111,0.00,304.00,304.0,15.02,4.00,333.00,337.0,59.09,1,24.6,4783,0.62,4882,51,5,4.00,0.00,4.0,0.00,0.00,0.0,0.00,12266.00,56.4
112,0.00,52.00,52.0,10.1,18.00,427.00,445.0,59.09,0,24.6,4783,0.62,4878,51,5,16.00,2.00,18.0,0.00,0.00,0.0,0.00,15269.00,40.0
113,4.00,4748.00,4752.0,5.84,13.00,307.00,320.0,59.06,0,24.6,4781,0.62,4874,50,4,10.00,0.00,10.0,2.00,2.00,4.0,0.00,12846.00,39.8
114,0.00,524.00,524.0,5.16,4.00,268.00,272.0,59.06,0,24.6,4781,0.62,4874,50,4,4.00,0.00,4.0,0.00,0.00,0.0,18.00,15457.00,39.8
115,0.00,0.00,0.0,8.42,18.00,369.00,387.0,59.06,1,22.71,4780,0.62,4870,50,4,18.00,0.00,18.0,0.00,0.00,0.0,0.00,14480.00,54.5
116,0.00,148.00,148.0,12.45,8.00,289.00,297.0,59.08,0,22.71,4780,0.62,4870,50,4,4.00,0.00,4.0,4.00,4.00,8.0,0.00,12744.00,40.4
117,0.00,72.00,72.0,5.18,6.00,272.00,278.0,59.08,0,22.71,4780,0.62,4870,50,4,6.00,0.00,6.0,0.00,0.00,0.0,0.00,13033.00,46.0
118,0.00,180.00,180.0,38.99,6.00,856.00,862.0,59.08,14,22.71,4781,0.62,4862,50,4,6.00,0.00,6.0,0.00,0.00,0.0,2.00,38049.00,79.6
119,0.00,392.00,392.0,85.09,4.00,1272.00,1276.0,59.1,36,22.71,4787,0.62,4874,50,4,4.00,0.00,4.0,0.00,0.00,0.0,7.00,77095.00,87.5
120,0.00,68.00,68.0,90.24,10.00,1173.00,1183.0,59.14,49,24.82,4789,0.62,4878,51,4,3.00,7.00,10.0,2.00,0.00,2.0,2.00,74814.00,87.4
121,0.00,548.00,548.0,89.39,1.00,1049.00,1050.0,59.16,58,24.82,4789,0.62,4877,51,4,0.00,0.00,0.0,0.00,0.00,0.0,0.00,83724.00,87.4
122,0.00,64.00,64.0,88.24,0.00,978.00,978.0,59.21,61,24.82,4789,0.62,4891,51,4,0.00,0.00,0.0,0.00,0.00,0.0,0.00,86622.00,87.2
123,0.00,14160.00,14160.0,87.27,1.00,761.00,762.0,59.23,70,24.82,4789,0.62,4900,51,4,1.00,1.00,2.0,0.00,0.00,0.0,1.00,105685.00,87.2
124,0.00,40.00,40.0,87.61,1.00,745.00,746.0,59.26,65,24.82,4788,0.62,4929,51,4,0.00,0.00,0.0,0.00,0.00,0.0,2.00,96641.00,87.2
125,0.00,204.00,204.0,87.39,4.00,613.00,617.0,59.3,66,27.31,4789,0.62,4910,50,4,4.00,2.00,6.0,0.00,0.00,0.0,1.00,99277.00,87.1
126,0.00,760.00,760.0,90.38,0.00,834.00,834.0,59.32,68,27.31,4789,0.62,4902,50,4,0.00,0.00,0.0,0.00,0.00,0.0,0.00,86216.00,87.0
127,0.00,516.00,516.0,88.25,0.00,699.00,699.0,59.35,57,27.31,4789,0.62,4917,50,4,0.00,0.00,0.0,0.00,0.00,0.0,0.00,94226.00,86.9
128,0.00,9120.00,9120.0,89.62,1.00,564.00,565.0,59.37,53,27.31,4787,0.62,4922,50,4,0.00,0.00,0.0,0.00,0.00,0.0,0.00,91391.00,87.0
129,0.00,168.00,168.0,89.61,0.00,606.00,606.0,59.4,61,27.31,4788,0.62,4915,50,4,0.00,0.00,0.0,0.00,0.00,0.0,4.00,92701.00,87.0
130,0.00,68.00,68.0,90.25,0.00,443.00,443.0,59.44,44,28.81,4788,0.62,4911,50,4,0.00,1.00,1.0,0.00,0.00,0.0,0.00,90539.00,86.9
131,0.00,280.00,280.0,88.11,1.00,608.00,609.0,59.47,48,28.81,4788,0.62,4891,50,4,0.00,1.00,1.0,0.00,0.00,0.0,0.00,97073.00,86.8
132,0.00,60.00,60.0,85.39,1.00,815.00,816.0,59.46,52,28.81,4789,0.62,4900,50,4,0.00,1.00,1.0,0.00,0.00,0.0,1.00,118496.00,86.8
133,0.00,20168.00,20168.0,85.98,1.00,683.00,684.0,59.49,54,28.81,4789,0.62,4920,50,4,0.00,1.00,1.0,0.00,0.00,0.0,0.00,114321.00,86.7
134,0.00,684.00,684.0,86.39,1.00,335.00,336.0,59.51,48,28.81,4789,0.62,4940,50,4,0.00,1.00,1.0,0.00,0.00,0.0,2.00,107766.00,86.8
135,0.00,16.00,16.0,90.24,1.00,347.00,348.0,59.55,59,30.03,4789,0.62,4918,50,4,0.00,1.00,1.0,0.00,0.00,0.0,1.00,86462.00,86.8
136,0.00,1448.00,1448.0,87.25,3.00,316.00,319.0,59.56,51,30.03,4790,0.62,4940,50,4,0.00,1.00,1.0,4.00,4.00,8.0,1.00,97751.00,86.9
137,0.00,528.00,528.0,89.11,3.00,262.00,265.0,59.55,52,30.03,4791,0.62,4964,50,4,0.00,1.00,1.0,0.00,0.00,0.0,1.00,102825.00,86.9
138,0.00,12236.00,12236.0,86.61,1.00,338.00,339.0,59.57,54,30.03,4792,0.62,4957,50,4,0.00,1.00,1.0,0.00,0.00,0.0,1.00,111504.00,87.0
139,0.00,648.00,648.0,88.89,1.00,543.00,544.0,59.59,56,30.03,4794,0.62,4920,50,4,0.00,1.00,1.0,0.00,0.00,0.0,5.00,88211.00,87.0
140,0.00,120.00,120.0,88.5,1.00,711.00,712.0,59.6,60,31.55,4794,0.62,4900,50,4,0.00,1.00,1.0,0.00,0.00,0.0,2.00,91025.00,87.0
141,0.00,308.00,308.0,90.39,2.00,408.00,410.0,59.62,45,31.55,4794,0.62,4921,51,5,0.00,2.00,2.0,1.00,1.00,2.0,1.00,74732.00,87.0
142,0.00,588.00,588.0,89.24,1.00,440.00,441.0,59.63,49,31.55,4793,0.62,4932,51,5,0.00,1.00,1.0,0.00,0.00,0.0,0.00,89790.00,86.9
143,0.00,344.00,344.0,88.25,0.00,600.00,600.0,59.67,48,31.55,4794,0.62,4904,51,5,0.00,0.00,0.0,0.00,0.00,0.0,1.00,95552.00,87.0
144,4.00,968.00,972.0,89.11,1.00,791.00,792.0,59.68,51,31.55,4795,0.62,4894,51,5,0.00,0.00,0.0,0.00,0.00,0.0,12.00,82020.00,87.1
145,0.00,584.00,584.0,89.24,0.00,784.00,784.0,59.66,40,32.22,4793,0.62,4915,51,4,0.00,0.00,0.0,0.00,0.00,0.0,11.00,83281.00,87.1
146,0.00,600.00,600.0,87.89,1.00,861.00,862.0,59.68,63,32.22,4794,0.62,4917,51,4,1.00,1.00,2.0,0.00,0.00,0.0,1.00,91324.00,87.2
147,0.00,516.00,516.0,88.47,1.00,844.00,845.0,59.7,67,32.22,4794,0.62,4916,51,4,1.00,0.00,1.0,0.00,0.00,0.0,0.00,92057.00,87.2
148,0.00,724.00,724.0,88.5,0.00,1158.00,1158.0,59.72,70,32.22,4794,0.62,4914,51,4,0.00,0.00,0.0,0.00,0.00,0.0,1.00,89804.00,87.3
149,0.00,460.00,460.0,90.14,1.00,920.00,921.0,59.73,77,32.22,4790,0.62,4904,51,4,0.00,1.00,1.0,0.00,0.00,0.0,2.00,75172.00,87.4
150,0.00,604.00,604.0,91.61,3.00,1020.00,1023.0,59.76,66,34.13,4792,0.62,4918,51,4,0.00,2.00,2.0,0.00,0.00,0.0,3.00,72974.00,87.5
151,0.00,328.00,328.0,90.01,3.00,868.00,871.0,59.78,79,34.13,4792,0.62,4916,51,4,0.00,2.00,2.0,0.00,0.00,0.0,1.00,75461.00,87.4
152,0.00,256.00,256.0,90.75,2.00,1006.00,1008.0,59.81,70,34.13,4792,0.62,4898,50,4,0.00,1.00,1.0,0.00,0.00,0.0,0.00,72697.00,87.4
153,0.00,320.00,320.0,92.25,2.00,1147.00,1149.0,59.82,56,34.13,4792,0.62,4902,50,4,0.00,2.00,2.0,0.00,0.00,0.0,0.00,58234.00,87.6
154,0.00,32044.00,32044.0,92.37,3.00,957.00,960.0,59.83,39,34.13,4792,0.62,4892,50,4,0.00,2.00,2.0,0.00,0.00,0.0,1.00,52973.00,87.9
155,0.00,200.00,200.0,94.02,2.00,711.00,713.0,59.85,25,33.72,4791,0.62,4898,50,4,0.00,1.00,1.0,0.00,0.00,0.0,0.00,42717.00,87.8
156,0.00,168.00,168.0,66.79,1.00,457.00,458.0,59.87,2,33.72,4791,0.62,4908,50,5,0.00,1.00,1.0,0.00,0.00,0.0,1.00,21295.00,60.9
157,0.00,100.00,100.0,7.76,11.00,262.00,273.0,59.87,0,33.72,4790,0.62,4898,50,4,4.00,2.00,6.0,4.00,4.00,8.0,0.00,14738.00,39.0
158,0.00,468.00,468.0,4.95,3.00,360.00,363.0,59.87,4,33.72,4789,0.62,4892,50,4,2.00,0.00,2.0,0.00,0.00,0.0,1.00,17307.00,50.1
159,0.00,3832.00,3832.0,36.38,4.00,1116.00,1120.0,59.87,18,33.72,4788,0.62,4881,50,4,4.00,0.00,4.0,0.00,0.00,0.0,4.00,55742.00,81.1
160,0.00,644.00,644.0,88.08,5.00,986.00,991.0,59.88,27,33.26,4792,0.62,4885,50,4,0.00,4.00,4.0,0.00,0.00,0.0,5.00,95712.00,87.9
161,0.00,36.00,36.0,84.53,6.00,966.00,972.0,59.9,12,33.26,4791,0.62,4889,50,4,4.00,2.00,6.0,0.00,0.00,0.0,1.00,86168.00,87.6
162,0.00,628.00,628.0,78.98,2.00,781.00,783.0,59.92,17,33.26,4792,0.62,4908,50,4,2.00,0.00,2.0,0.00,0.00,0.0,0.00,136398.00,87.5
163,0.00,36.00,36.0,84.36,2.00,632.00,634.0,59.94,28,33.26,4792,0.62,4892,50,4,2.00,0.00,2.0,0.00,0.00,0.0,1.00,110534.00,87.4
164,0.00,26044.00,26044.0,87.19,5.00,1059.00,1064.0,59.97,11,33.26,4796,0.62,4894,50,4,2.00,3.00,5.0,0.00,0.00,0.0,6.00,82988.00,87.4
165,0.00,620.00,620.0,86.4,12.87,1308.91,1321.78,60.0,31,32.6,4798,0.62,4895,49,4,12.00,0.00,12.0,0.00,0.00,0.0,4.00,108841.00,87.4
166,0.00,1536.00,1536.0,88.46,6.00,1328.00,1334.0,60.02,41,32.6,4799,0.62,4877,49,4,6.00,0.00,6.0,0.00,0.00,0.0,1.00,94094.00,87.4
167,0.00,820.00,820.0,88.01,7.00,1506.00,1513.0,60.06,46,32.6,4798,0.62,4881,49,4,2.00,0.00,2.0,4.00,4.00,8.0,0.00,97348.00,87.4
168,0.00,116.00,116.0,86.75,2.00,1121.00,1123.0,60.15,41,32.6,4799,0.62,4891,49,4,2.00,0.00,2.0,0.00,0.00,0.0,1.00,104821.00,87.3
169,0.00,23084.00,23084.0,87.48,4.00,1051.00,1055.0,60.25,44,32.6,4797,0.62,4887,49,4,4.00,0.00,4.0,0.00,0.00,0.0,1.00,91971.00,87.2
170,0.00,100.00,100.0,85.61,2.00,1157.00,1159.0,60.35,45,33.11,4794,0.62,4890,49,4,2.00,0.00,2.0,0.00,0.00,0.0,1.00,116779.00,87.2
171,0.00,1328.00,1328.0,85.52,2.00,1035.00,1037.0,60.39,46,33.11,4794,0.62,4900,49,4,2.00,0.00,2.0,0.00,0.00,0.0,2.00,124788.00,87.1
172,0.00,188.00,188.0,85.86,2.00,890.00,892.0,60.4,38,33.11,4794,0.62,4906,49,4,2.00,0.00,2.0,0.00,0.00,0.0,0.00,113978.00,87.2
173,0.00,52.00,52.0,84.11,0.00,1050.00,1050.0,60.33,30,33.11,4796,0.62,4928,49,4,0.00,0.00,0.0,0.00,0.00,0.0,3.00,132299.00,87.2
174,0.00,4312.00,4312.0,83.35,0.00,968.00,968.0,60.41,52,33.11,4796,0.62,4920,49,4,0.00,0.00,0.0,0.00,0.00,0.0,2.00,134236.00,87.2
175,4.00,940.00,944.0,86.97,6.00,1039.00,1045.0,60.35,42,33.98,4797,0.62,4904,50,5,4.00,2.00,6.0,1.00,1.00,2.0,18.00,100489.00,87.2
176,0.00,112.00,112.0,85.36,4.00,973.00,977.0,60.35,53,33.98,4798,0.62,4907,50,5,2.00,2.00,4.0,0.00,0.00,0.0,1.00,123544.00,87.2
177,0.00,488.00,488.0,83.6,4.00,749.00,753.0,60.33,43,33.98,4798,0.62,4922,50,5,0.00,0.00,0.0,4.00,4.00,8.0,0.00,135404.00,87.2
178,0.00,92.00,92.0,83.73,0.00,487.00,487.0,60.34,47,33.98,4797,0.62,4918,50,5,0.00,0.00,0.0,0.00,0.00,0.0,1.00,136352.00,87.1
179,0.00,688.00,688.0,83.44,0.00,961.00,961.0,60.36,35,33.98,4798,0.62,4931,50,4,0.00,0.00,0.0,0.00,0.00,0.0,5.00,142041.00,87.1
180,0.00,760.00,760.0,84.62,0.00,1093.00,1093.0,60.37,28,34.94,4799,0.62,4904,50,4,0.00,0.00,0.0,0.00,0.00,0.0,2.00,121575.00,87.1
181,0.00,376.00,376.0,86.12,1.00,1302.00,1303.0,60.41,36,34.94,4797,0.62,4901,50,4,0.00,0.00,0.0,0.00,0.00,0.0,0.00,113602.00,87.1
182,0.00,1096.00,1096.0,88.74,6.00,1548.00,1554.0,60.43,41,34.94,4797,0.62,4905,50,4,6.00,0.00,6.0,0.00,0.00,0.0,0.00,103019.00,87.0
183,0.00,860.00,860.0,88.74,4.00,1353.00,1357.0,60.45,51,34.94,4798,0.62,4904,50,4,4.00,0.00,4.0,0.00,0.00,0.0,1.00,102200.00,87.1
184,0.00,7916.00,7916.0,92.76,1.00,1152.00,1153.0,60.49,30,34.94,4796,0.62,4902,50,4,0.00,0.00,0.0,0.00,0.00,0.0,1.00,62513.00,87.1
185,0.00,220.00,220.0,92.36,6.00,1144.00,1150.0,60.58,27,34.23,4793,0.62,4907,50,4,6.00,0.00,6.0,0.00,0.00,0.0,1.00,56657.00,87.2
186,0.00,664.00,664.0,86.79,8.00,1153.00,1161.0,60.61,23,34.23,4797,0.62,4921,50,4,8.00,1.00,9.0,0.00,0.00,0.0,5.00,66569.00,87.4
187,0.00,620.00,620.0,75.5,5.00,1073.00,1078.0,60.63,4,34.23,4798,0.62,4922,50,4,4.00,0.00,4.0,0.00,0.00,0.0,1.00,96209.00,80.8
188,0.00,312.00,312.0,62.93,4.00,907.00,911.0,60.64,16,34.23,4797,0.62,4903,50,4,4.00,0.00,4.0,0.00,0.00,0.0,0.00,131673.00,86.1
189,0.00,18952.00,18952.0,79.37,6.00,883.00,889.0,60.72,13,34.23,4797,0.62,4900,50,4,6.00,0.00,6.0,0.00,0.00,0.0,3.00,114417.00,85.9
190,0.00,3464.00,3464.0,61.57,4.00,1169.00,1173.0,60.64,20,31.97,4799,0.62,4895,50,4,4.00,0.00,4.0,0.00,0.00,0.0,4.00,99621.00,85.3
191,0.00,664.00,664.0,60.61,2.00,1585.00,1587.0,60.58,9,31.97,4800,0.62,4892,50,4,2.00,0.00,2.0,0.00,0.00,0.0,2.00,115213.00,79.9
192,0.00,556.00,556.0,59.55,2.00,1473.00,1475.0,60.58,6,31.97,4800,0.62,4912,50,4,2.00,0.00,2.0,0.00,0.00,0.0,0.00,99866.00,79.2
193,0.00,40.00,40.0,63.29,5.00,1160.00,1165.0,60.66,31,31.97,4800,0.62,4900,49,5,4.00,0.00,4.0,1.00,0.00,1.0,0.00,113028.00,86.0
194,0.00,596.00,596.0,78.27,0.00,939.00,939.0,60.67,20,31.97,4800,0.62,4909,49,5,0.00,0.00,0.0,0.00,0.00,0.0,1.00,115236.00,86.1
195,0.00,54564.00,54564.0,69.3,0.00,1054.00,1054.0,60.69,4,30.45,4799,0.62,4902,49,5,0.00,0.00,0.0,0.00,0.00,0.0,2.00,102930.00,85.6
196,0.00,1348.00,1348.0,75.32,10.00,1346.00,1356.0,60.73,19,30.45,4801,0.62,4879,49,5,10.00,0.00,10.0,0.00,0.00,0.0,2.97,109651.49,85.7
197,0.00,1060.00,1060.0,78.73,6.00,1630.00,1636.0,60.75,31,30.45,4801,0.62,4885,49,5,2.00,0.00,2.0,4.00,4.00,8.0,1.00,118410.00,85.8
198,0.00,848.00,848.0,78.32,10.00,1845.00,1855.0,60.77,18,30.45,4801,0.62,4884,50,4,10.00,1.00,11.0,0.00,0.00,0.0,0.00,133384.00,85.9
199,0.00,872.00,872.0,84.67,6.00,1407.00,1413.0,60.76,35,30.45,4801,0.62,4882,50,4,6.00,0.00,6.0,0.00,0.00,0.0,1.00,135572.00,86.0
200,0.00,14248.00,14248.0,84.11,0.00,1197.00,1197.0,60.79,31,29.85,4800,0.62,4892,50,4,0.00,0.00,0.0,0.00,0.00,0.0,2.00,127377.00,86.1
201,0.00,40.00,40.0,82.71,1.00,1089.00,1090.0,60.8,27,29.85,4795,0.62,4885,49,5,0.00,0.00,0.0,1.00,0.00,1.0,2.00,146641.00,86.2
202,0.00,1148.00,1148.0,82.46,0.00,1343.00,1343.0,60.82,43,29.85,4797,0.62,4897,49,5,0.00,0.00,0.0,0.00,0.00,0.0,3.00,133080.00,86.4
203,0.00,464.00,464.0,84.06,0.00,1213.00,1213.0,60.86,45,29.85,4797,0.62,4895,49,5,0.00,0.00,0.0,0.00,0.00,0.0,3.00,128336.00,86.6
204,0.00,292.00,292.0,84.73,3.00,994.00,997.0,60.95,32,29.85,4798,0.62,4879,49,5,2.00,0.00,2.0,0.00,0.00,0.0,1.00,124671.00,86.7
205,4.00,15464.00,15468.0,85.11,4.00,1277.00,1281.0,60.98,43,30.34,4799,0.62,4882,49,5,4.00,0.00,4.0,0.00,0.00,0.0,20.00,128259.00,86.7
206,0.00,1200.00,1200.0,83.65,2.00,1263.00,1265.0,61.0,35,30.34,4799,0.62,4890,49,5,2.00,0.00,2.0,0.00,0.00,0.0,2.00,132609.00,86.8
207,0.00,448.00,448.0,81.83,10.00,1485.00,1495.0,60.91,11,30.34,4800,0.62,4892,49,5,4.00,1.00,5.0,5.00,4.00,9.0,3.00,139774.00,86.6
208,0.00,160.00,160.0,77.88,6.00,2000.00,2006.0,60.95,46,30.34,4801,0.62,4903,49,5,6.00,0.00,6.0,0.00,0.00,0.0,1.00,134102.00,86.7
209,0.00,114.85,114.85,82.21,4.00,1359.00,1363.0,60.97,46,30.34,4801,0.62,4915,49,6,2.00,2.00,4.0,1.00,1.00,2.0,0.00,147203.00,86.7
210,0.00,14720.00,14720.0,84.61,2.00,1155.00,1157.0,61.05,30,30.56,4801,0.62,4892,49,6,1.00,1.00,2.0,0.00,0.00,0.0,2.00,126200.00,86.7
211,0.00,204.00,204.0,84.09,0.00,1548.00,1548.0,61.07,18,30.56,4801,0.62,4884,49,6,0.00,0.00,0.0,0.00,0.00,0.0,1.00,128796.00,86.8
212,0.00,412.00,412.0,84.05,4.00,1291.00,1295.0,61.08,15,30.56,4801,0.62,4887,50,5,2.00,3.00,5.0,0.00,0.00,0.0,3.00,125358.00,86.8
213,0.00,812.00,812.0,78.5,3.00,1454.00,1457.0,61.09,23,30.56,4800,0.62,4892,50,4,0.00,2.00,2.0,0.00,0.00,0.0,1.00,117993.00,86.8
214,0.00,56.00,56.0,82.69,2.00,1254.00,1256.0,61.11,12,30.56,4802,0.62,4905,50,4,0.00,2.00,2.0,0.00,0.00,0.0,2.00,122295.00,86.8
215,0.00,10868.00,10868.0,80.43,2.00,841.00,843.0,61.28,5,29.07,4802,0.62,4907,50,4,0.00,2.00,2.0,0.00,0.00,0.0,1.00,104641.00,80.9
216,0.00,536.00,536.0,57.31,3.00,857.00,860.0,61.28,14,29.07,4802,0.62,4911,50,4,0.00,2.00,2.0,0.00,0.00,0.0,1.00,67023.00,80.8
217,0.00,412.00,412.0,43.67,12.00,1498.00,1510.0,61.36,2,29.07,4802,0.62,4905,50,4,6.00,2.00,8.0,4.00,4.00,8.0,1.00,69007.00,63.6
218,0.00,496.00,496.0,27.88,2.00,745.00,747.0,61.43,2,29.07,4802,0.62,4905,49,4,0.00,1.00,1.0,0.00,0.00,0.0,0.00,53757.00,49.0
219,0.00,52.00,52.0,13.33,0.00,380.00,380.0,61.4,3,29.07,4801,0.62,4908,49,4,0.00,0.00,0.0,0.00,0.00,0.0,0.00,73265.00,48.9
220,0.00,22380.00,22380.0,13.27,0.00,868.00,868.0,61.34,5,26.82,4800,0.62,4904,49,4,0.00,0.00,0.0,0.00,0.00,0.0,1.00,48737.00,63.2
221,0.00,604.00,604.0,34.71,11.00,1187.00,1198.0,61.3,0,26.82,4799,0.62,4907,49,4,10.00,0.00,10.0,0.00,0.00,0.0,0.00,89062.00,62.6
222,0.00,672.00,672.0,35.58,2.00,668.00,670.0,61.31,0,26.82,4799,0.62,4913,49,4,2.00,0.00,2.0,0.00,0.00,0.0,1.00,109725.00,62.2
223,0.00,44.00,44.0,19.49,1.00,894.00,895.0,61.32,0,26.82,4799,0.62,4908,49,4,0.00,0.00,0.0,0.00,0.00,0.0,0.00,65014.00,62.4
224,0.00,80.00,80.0,50.69,0.00,1572.00,1572.0,61.29,20,26.82,4801,0.62,4913,49,4,0.00,0.00,0.0,0.00,0.00,0.0,3.00,121140.00,73.8
225,0.00,39072.00,39072.0,37.48,1.00,1175.00,1176.0,61.3,2,25.0,4801,0.62,4913,49,4,1.00,1.00,2.0,0.00,0.00,0.0,1.00,120341.00,73.5
226,0.00,1252.00,1252.0,50.64,0.00,877.00,877.0,61.32,14,25.0,4801,0.62,4897,49,4,0.00,0.00,0.0,0.00,0.00,0.0,1.00,119347.00,74.0
227,0.00,792.00,792.0,56.98,4.00,2013.00,2017.0,61.34,24,25.0,4802,0.62,4897,49,4,0.00,0.00,0.0,4.00,4.00,8.0,1.00,134023.00,84.6
228,0.00,760.00,760.0,83.75,38.00,2183.00,2221.0,61.4,44,25.0,4812,0.62,4917,59,4,38.00,31.00,69.0,0.00,0.00,0.0,11.00,129025.00,84.6
229,0.00,356.00,356.0,84.59,23.00,1834.00,1857.0,61.52,26,25.0,4815,0.62,4922,63,4,23.00,22.00,45.0,0.00,0.00,0.0,4.00,120830.00,84.9
230,8.00,30140.00,30148.0,81.45,0.00,1314.00,1314.0,61.6,35,24.83,4815,0.62,4919,63,4,0.00,0.00,0.0,0.00,0.00,0.0,1.00,140397.00,85.1
231,0.00,944.00,944.0,84.69,11.00,1537.00,1548.0,61.62,48,24.83,4817,0.62,4916,65,4,11.00,7.00,18.0,0.00,0.00,0.0,3.00,116193.00,85.3
232,0.00,84.00,84.0,85.34,8.00,1364.00,1372.0,61.63,39,24.83,4815,0.62,4919,65,4,8.00,0.00,8.0,0.00,0.00,0.0,0.00,102521.00,85.4
233,0.00,348.00,348.0,86.32,25.00,1331.00,1356.0,61.65,35,24.83,4827,0.62,4933,65,4,25.00,32.00,57.0,0.00,0.00,0.0,14.00,101608.00,85.5
234,0.00,588.00,588.0,82.06,13.00,1562.00,1575.0,61.69,41,24.83,4830,0.62,4927,65,4,13.00,12.00,25.0,0.00,0.00,0.0,7.00,137937.00,85.6
235,4.00,772.00,776.0,82.38,15.00,1797.00,1812.0,61.76,37,25.33,4841,0.62,4936,68,4,15.00,6.00,21.0,0.00,0.00,0.0,22.00,111540.00,86.0
236,0.00,15160.00,15160.0,82.64,8.00,2077.00,2085.0,61.73,31,25.33,4836,0.62,4932,68,4,8.00,6.00,14.0,0.00,0.00,0.0,5.00,110673.00,86.1
237,0.00,588.00,588.0,77.72,4.00,2198.00,2202.0,61.77,16,25.33,4834,0.62,4933,68,4,4.00,1.00,5.0,0.00,0.00,0.0,1.00,114597.00,86.1
238,0.00,556.00,556.0,82.95,6.00,1742.00,1748.0,61.81,16,25.33,4833,0.62,4929,68,4,6.00,2.00,8.0,0.00,0.00,0.0,2.00,134839.00,86.2
239,0.00,280.00,280.0,66.62,13.00,1538.00,1551.0,61.79,1,25.33,4838,0.62,4964,68,4,13.00,12.00,25.0,0.00,0.00,0.0,5.00,106391.00,64.5
240,0.00,108.00,108.0,34.37,12.00,990.00,1002.0,61.81,12,24.02,4839,0.62,4971,68,4,11.00,2.00,13.0,0.00,0.00,0.0,2.00,102352.00,77.8
241,0.00,14072.00,14072.0,45.69,7.00,866.00,873.0,61.78,1,24.02,4839,0.62,4955,68,4,7.00,3.00,10.0,0.00,0.00,0.0,1.00,84257.00,68.6
242,0.00,704.00,704.0,34.99,4.00,1193.00,1197.0,61.79,13,24.02,4840,0.62,4954,68,4,4.00,1.00,5.0,0.00,0.00,0.0,1.00,84245.00,68.1
243,0.00,320.00,320.0,29.61,18.00,1586.00,1604.0,61.8,6,24.02,4840,0.62,4954,69,5,16.00,5.00,21.0,1.00,1.00,2.0,1.00,103680.00,67.6
244,0.00,708.00,708.0,23.28,9.00,866.00,875.0,61.81,0,24.02,4838,0.62,4959,69,5,9.00,5.00,14.0,0.00,0.00,0.0,1.00,108354.00,67.6
245,0.00,220.00,220.0,61.55,16.00,637.00,653.0,61.82,1,22.58,4839,0.62,4944,69,5,16.00,3.00,19.0,0.00,0.00,0.0,2.00,115741.00,67.9
246,0.00,13792.00,13792.0,27.09,22.00,966.00,988.0,61.83,13,22.58,4839,0.62,4939,69,5,17.00,10.00,27.0,0.00,0.00,0.0,0.00,76180.00,56.2
247,0.00,612.00,612.0,30.69,6.00,991.00,997.0,61.84,0,22.58,4839,0.62,4949,69,4,2.00,0.00,2.0,4.00,4.00,8.0,1.00,63902.00,56.6
248,0.00,580.00,580.0,14.91,3.00,609.00,612.0,61.9,3,22.58,4840,0.62,4959,69,4,3.00,3.00,6.0,0.00,0.00,0.0,1.00,52254.00,56.5
249,0.00,568.00,568.0,19.36,7.00,342.00,349.0,61.92,1,22.58,4839,0.62,4959,69,4,6.00,7.00,13.0,0.00,0.00,0.0,1.00,50650.00,56.4
250,0.00,108.00,108.0,14.18,1.00,484.00,485.0,61.93,2,21.01,4838,0.62,4954,69,4,1.00,1.00,2.0,0.00,0.00,0.0,1.00,37872.00,51.1
251,0.00,20180.00,20180.0,21.53,17.00,1196.00,1213.0,61.92,2,21.01,4838,0.62,4953,69,4,16.00,1.00,17.0,0.00,0.00,0.0,1.00,53431.00,65.0
252,0.00,84.00,84.0,39.39,0.00,1262.00,1262.0,61.88,1,21.01,4838,0.62,4956,69,4,0.00,0.00,0.0,0.00,0.00,0.0,1.00,113664.00,64.7
253,0.00,32.00,32.0,39.77,4.00,968.00,972.0,61.9,7,21.01,4838,0.62,4959,69,4,4.00,2.00,6.0,0.00,0.00,0.0,0.00,137619.00,83.4
254,0.00,824.00,824.0,56.89,35.00,2204.00,2239.0,61.91,15,21.01,4838,0.62,4959,69,4,33.00,10.00,43.0,0.00,0.00,0.0,0.00,149409.00,83.2
255,0.00,212.00,212.0,80.15,12.00,2047.00,2059.0,61.95,33,21.41,4839,0.62,4954,69,4,9.00,6.00,15.0,0.00,0.00,0.0,2.00,162456.00,83.6
256,0.00,31008.00,31008.0,82.41,3.00,1896.00,1899.0,61.98,34,21.41,4839,0.62,4940,69,4,3.00,0.00,3.0,0.00,0.00,0.0,1.00,151394.00,84.0
257,0.00,1444.00,1444.0,81.4,6.00,2027.00,2033.0,62.01,16,21.41,4838,0.62,4943,69,4,2.00,0.00,2.0,4.00,4.00,8.0,0.00,149183.00,84.2
258,0.00,608.00,608.0,76.88,6.00,1177.00,1183.0,62.04,24,21.41,4837,0.62,4961,69,4,4.00,2.00,6.0,0.00,0.00,0.0,2.00,184932.00,84.4
259,0.00,1064.00,1064.0,77.29,3.00,1303.00,1306.0,62.06,26,21.41,4838,0.62,4952,69,4,0.99,2.97,3.96,0.00,0.00,0.0,1.00,157966.00,84.7
260,0.00,380.00,380.0,77.01,11.00,1928.00,1939.0,62.09,24,21.7,4840,0.62,4951,69,4,9.00,9.00,18.0,0.00,0.00,0.0,4.00,159759.00,84.8
261,0.00,46916.00,46916.0,82.35,12.00,2102.00,2114.0,62.12,36,21.7,4837,0.62,4945,69,4,10.00,7.00,17.0,0.00,0.00,0.0,1.00,161948.00,85.1
262,0.00,1344.00,1344.0,81.38,6.00,2035.00,2041.0,62.13,22,21.7,4839,0.62,4926,69,4,4.00,4.00,8.0,0.00,0.00,0.0,3.00,152885.00,85.3
263,0.00,508.00,508.0,80.33,7.00,2431.00,2438.0,62.17,22,21.7,4840,0.62,4943,69,4,5.00,7.00,12.0,0.00,0.00,0.0,3.00,137397.00,85.3
264,0.00,332.00,332.0,67.59,12.00,1695.00,1707.0,62.2,11,21.7,4840,0.62,4958,68,4,10.00,6.00,16.0,0.00,0.00,0.0,1.00,155081.00,85.0
265,0.00,884.00,884.0,59.8,6.00,1284.00,1290.0,62.21,0,20.12,4839,0.62,4958,68,4,6.00,0.00,6.0,0.00,0.00,0.0,3.00,154048.00,67.7
266,4.00,31520.00,31524.0,36.26,7.00,1438.00,1445.0,62.21,7,20.12,4839,0.62,4955,68,4,7.00,3.00,10.0,0.00,0.00,0.0,17.00,137452.00,74.0
267,0.00,1000.00,1000.0,29.31,10.00,1391.00,1401.0,62.21,16,20.12,4835,0.62,4955,66,4,10.00,2.00,12.0,0.00,0.00,0.0,0.00,71796.00,49.6
268,0.00,264.00,264.0,14.87,7.00,817.00,824.0,62.2,0,20.12,4830,0.62,4942,64,4,7.00,5.00,12.0,0.00,0.00,0.0,0.00,47306.00,43.5
269,0.00,68.00,68.0,5.07,8.00,329.00,337.0,62.2,0,20.12,4823,0.62,4935,62,4,7.00,3.00,10.0,0.00,0.00,0.0,0.00,17687.00,42.9
270,0.00,508.00,508.0,6.37,3.00,671.00,674.0,62.19,10,18.51,4823,0.62,4932,61,4,3.00,0.00,3.0,0.00,0.00,0.0,2.00,33172.00,54.8
271,0.00,8204.00,8204.0,33.29,5.00,1353.00,1358.0,62.2,4,18.51,4824,0.62,4929,61,4,4.00,0.00,4.0,0.00,0.00,0.0,1.00,113065.00,63.6
272,0.00,304.00,304.0,36.1,3.00,1080.00,1083.0,62.22,12,18.51,4823,0.62,4934,61,4,2.00,0.00,2.0,0.00,0.00,0.0,0.00,164205.00,73.0
273,0.00,64.00,64.0,34.02,6.00,893.00,899.0,62.22,7,18.51,4817,0.62,4923,58,4,6.00,3.00,9.0,0.00,0.00,0.0,1.00,132558.00,64.4
274,0.00,340.00,340.0,34.48,1.00,1478.00,1479.0,62.24,3,18.51,4819,0.62,4922,58,4,1.00,1.00,2.0,0.00,0.00,0.0,2.00,100213.00,64.4
275,0.00,788.00,788.0,31.79,3.00,1519.00,1522.0,62.25,1,17.59,4820,0.62,4934,58,4,2.00,0.00,2.0,0.00,0.00,0.0,2.00,86672.00,58.1
276,0.00,420.00,420.0,24.02,0.00,1160.00,1160.0,62.26,1,17.59,4820,0.62,4926,58,4,0.00,0.00,0.0,0.00,0.00,0.0,0.00,97281.00,68.0
277,0.00,11240.00,11240.0,50.51,7.00,2194.00,2201.0,62.28,15,17.59,4820,0.62,4922,58,4,2.00,0.00,2.0,4.00,4.00,8.0,0.00,159985.00,82.3
278,0.00,684.00,684.0,80.65,4.00,1745.00,1749.0,62.31,21,17.59,4820,0.62,4924,59,5,1.00,4.00,5.0,1.00,1.00,2.0,1.00,167088.00,82.8
279,0.00,100.00,100.0,79.25,10.00,1490.00,1500.0,62.4,27,17.59,4818,0.62,4912,59,5,10.00,8.00,18.0,0.00,0.00,0.0,0.00,170314.00,83.1
280,0.00,396.00,396.0,68.15,4.00,1635.00,1639.0,62.43,26,17.06,4818,0.62,4916,59,5,3.00,0.00,3.0,0.00,0.00,0.0,3.00,206688.00,83.3
281,0.00,824.00,824.0,77.57,3.00,1658.00,1661.0,62.47,33,17.06,4820,0.62,4915,59,5,2.00,1.00,3.0,0.00,0.00,0.0,0.99,173694.06,83.7
282,0.00,7364.00,7364.0,77.58,1.00,2312.00,2313.0,62.5,15,17.06,4820,0.62,4903,59,4,0.00,1.00,1.0,0.00,0.00,0.0,1.00,168453.00,83.9
283,0.00,440.00,440.0,76.07,2.00,2272.00,2274.0,62.51,15,17.06,4819,0.62,4922,59,4,0.00,2.00,2.0,0.00,0.00,0.0,2.00,143055.00,83.6
284,0.00,588.00,588.0,45.7,3.00,1618.00,1621.0,62.57,1,17.06,4820,0.62,4927,59,4,3.00,3.00,6.0,0.00,0.00,0.0,0.00,117156.00,58.7
285,0.00,168.00,168.0,29.89,14.00,1373.00,1387.0,62.57,4,15.69,4820,0.62,4923,59,4,14.00,0.00,14.0,0.00,0.00,0.0,2.00,84253.00,72.4
286,0.00,1020.00,1020.0,63.16,6.00,1587.00,1593.0,62.58,2,15.69,4819,0.62,4907,59,4,3.00,4.00,7.0,0.00,0.00,0.0,0.00,111217.00,72.0
287,0.00,49020.00,49020.0,31.45,8.00,964.00,972.0,62.61,4,15.69,4818,0.62,4927,59,4,8.00,1.00,9.0,0.00,0.00,0.0,0.00,135113.00,72.0
288,0.00,512.00,512.0,25.0,20.00,834.00,854.0,62.58,5,15.69,4818,0.62,4921,59,4,20.00,0.00,20.0,0.00,0.00,0.0,1.00,90180.00,52.2
289,0.00,400.00,400.0,20.08,4.00,1150.00,1154.0,62.59,3,15.69,4819,0.62,4918,59,4,4.00,0.00,4.0,0.00,0.00,0.0,2.00,79769.00,52.8
290,0.00,280.00,280.0,18.73,10.00,941.00,951.0,62.6,1,14.52,4819,0.62,4927,59,4,10.00,0.00,10.0,0.00,0.00,0.0,2.00,39896.00,45.7
291,0.00,468.00,468.0,7.65,5.00,614.00,619.0,62.59,2,14.52,4818,0.62,4923,59,4,5.00,1.00,6.0,0.00,0.00,0.0,0.00,32355.00,50.8
292,0.00,49044.00,49044.0,31.98,6.00,1312.00,1318.0,62.6,9,14.52,4819,0.62,4924,59,4,6.00,0.00,6.0,0.00,0.00,0.0,1.00,110783.00,62.4
293,0.00,328.00,328.0,29.79,13.00,1148.00,1161.0,62.61,9,14.52,4820,0.62,4938,59,4,13.00,1.00,14.0,0.00,0.00,0.0,1.00,137587.00,72.7
294,0.00,488.00,488.0,30.53,14.00,981.00,995.0,62.64,7,14.52,4819,0.62,4917,59,4,14.00,8.00,22.0,0.00,0.00,0.0,0.00,133309.00,62.1
295,0.00,72.00,72.0,40.36,4.00,1683.00,1687.0,62.65,6,13.43,4821,0.62,4922,59,4,4.00,0.00,4.0,0.00,0.00,0.0,4.00,129648.00,70.8
296,4.00,996.00,1000.0,51.93,6.00,2368.00,2374.0,62.7,7,13.43,4821,0.62,4916,59,4,6.00,1.00,7.0,0.00,0.00,0.0,19.00,113826.00,85.8
297,4.00,27288.00,27292.0,77.11,11.00,1702.00,1713.0,62.73,15,13.43,4820,0.62,4915,59,4,6.00,1.00,7.0,4.00,4.00,8.0,1.00,151886.00,85.7
298,0.00,504.00,504.0,75.54,4.00,2041.00,2045.0,62.73,27,13.43,4821,0.62,4922,59,4,2.00,1.00,3.0,0.00,0.00,0.0,3.00,171213.00,85.8
299,0.00,576.00,576.0,79.1,6.00,1666.00,1672.0,62.75,35,13.43,4821,0.62,4929,59,4,4.00,2.00,6.0,0.00,0.00,0.0,1.00,178488.00,85.9
300,0.00,636.00,636.0,83.61,2.00,2007.00,2009.0,62.78,38,14.04,4816,0.62,4931,59,4,2.00,0.00,2.0,0.00,0.00,0.0,1.00,111729.00,86.0
301,0.00,364.00,364.0,80.3,1.00,1665.00,1666.0,62.83,23,14.04,4819,0.62,4916,59,4,0.00,0.00,0.0,0.00,0.00,0.0,4.00,167080.00,85.9
302,0.00,14820.00,14820.0,78.64,3.00,1941.00,1944.0,62.89,19,14.04,4820,0.62,4900,59,4,0.00,3.00,3.0,0.00,0.00,0.0,2.00,161927.00,86.1
303,0.00,844.00,844.0,79.47,2.00,2347.00,2349.0,62.95,43,14.04,4821,0.62,4901,59,4,2.00,0.00,2.0,0.00,0.00,0.0,2.00,161661.00,86.0
304,0.00,784.00,784.0,75.7,3.00,2588.00,2591.0,62.96,8,14.04,4820,0.62,4911,59,4,2.00,0.00,2.0,0.00,0.00,0.0,1.00,152734.00,85.5
305,0.00,820.00,820.0,61.41,0.00,1881.00,1881.0,62.98,14,13.88,4821,0.62,4914,59,4,0.00,0.00,0.0,0.00,0.00,0.0,2.00,145316.00,79.7
306,0.00,776.00,776.0,43.99,6.00,1156.00,1162.0,62.96,3,13.88,4821,0.62,4928,59,4,6.00,0.00,6.0,0.00,0.00,0.0,1.00,139208.00,73.3
307,0.00,18072.00,18072.0,44.58,8.00,1100.00,1108.0,62.98,1,13.88,4821,0.62,4922,59,4,4.00,0.00,4.0,4.00,4.00,8.0,0.00,82179.00,62.5
308,0.00,860.00,860.0,18.45,13.00,1198.00,1211.0,62.98,12,13.88,4819,0.62,4921,59,4,13.00,1.00,14.0,0.00,0.00,0.0,0.00,54113.00,46.0
309,0.00,416.00,416.0,13.22,16.00,805.00,821.0,62.99,0,13.88,4820,0.62,4923,59,4,16.00,8.00,24.0,0.00,0.00,0.0,1.00,33927.00,55.2
310,0.00,116.00,116.0,22.24,6.00,1213.00,1219.0,63.0,3,12.84,4819,0.62,4939,59,4,6.00,0.00,6.0,0.00,0.00,0.0,1.00,99263.00,67.7
311,0.00,240.00,240.0,51.52,6.00,972.00,978.0,63.02,12,12.84,4818,0.62,4934,59,4,6.00,0.00,6.0,0.00,0.00,0.0,0.00,140831.68,77.1
312,0.00,96.00,96.0,37.33,12.00,1029.00,1041.0,63.08,4,12.84,4820,0.62,4930,60,5,11.00,3.00,14.0,1.00,1.00,2.0,2.00,96603.00,70.5
313,0.00,8636.00,8636.0,40.15,12.00,1254.00,1266.0,63.1,1,12.84,4821,0.62,4916,60,5,11.00,6.00,17.0,0.00,0.00,0.0,3.00,105174.00,70.2
314,0.00,616.00,616.0,34.19,17.00,1212.00,1229.0,63.12,5,12.84,4821,0.62,4919,59,5,16.00,8.00,24.0,0.00,0.00,0.0,1.00,70224.00,70.3
315,0.00,28.00,28.0,46.98,12.00,985.00,997.0,63.14,3,12.14,4821,0.62,4912,59,5,10.00,2.00,12.0,0.00,0.00,0.0,1.00,64589.00,70.5
316,0.00,176.00,176.0,30.43,0.00,501.00,501.0,63.16,10,12.14,4820,0.62,4931,59,4,0.00,0.00,0.0,0.00,0.00,0.0,0.00,102520.00,63.3
317,0.00,1296.00,1296.0,23.33,3.00,624.00,627.0,63.14,1,12.14,4818,0.62,4927,58,4,3.00,2.00,5.0,0.00,0.00,0.0,0.00,81922.00,62.8
318,0.00,34728.00,34728.0,20.05,2.00,808.00,810.0,63.12,3,12.14,4816,0.62,4926,57,4,0.00,1.00,1.0,0.00,0.00,0.0,0.00,51200.00,46.1
319,0.00,712.87,712.87,9.01,2.00,745.00,747.0,63.13,0,12.14,4816,0.62,4927,57,4,2.00,0.00,2.0,0.00,0.00,0.0,1.00,37498.00,46.5
320,0.00,124.00,124.0,30.15,24.00,2013.00,2037.0,63.13,17,11.16,4816,0.62,4912,57,4,24.00,0.00,24.0,0.00,0.00,0.0,1.00,105332.00,80.8
321,0.00,76.00,76.0,68.83,0.00,2358.00,2358.0,63.16,17,11.16,4816,0.62,4911,57,4,0.00,0.00,0.0,0.00,0.00,0.0,0.00,193753.00,81.0
322,0.00,740.00,740.0,66.29,2.00,1816.00,1818.0,63.18,26,11.16,4816,0.62,4930,57,4,2.00,0.00,2.0,0.00,0.00,0.0,0.00,204638.00,86.4
323,0.00,51392.00,51392.0,76.37,6.00,1426.00,1432.0,63.21,18,11.16,4816,0.62,4914,57,4,4.00,0.00,4.0,0.00,0.00,0.0,2.00,193699.00,86.4
324,0.00,408.00,408.0,78.43,9.00,1547.00,1556.0,63.25,13,11.16,4818,0.62,4904,57,4,10.00,8.00,18.0,0.00,0.00,0.0,2.00,183730.00,85.9
325,0.00,1096.00,1096.0,58.96,2.00,3107.00,3109.0,63.26,19,11.87,4819,0.62,4925,57,4,2.00,0.00,2.0,0.00,0.00,0.0,3.00,176002.00,85.7
326,0.00,260.00,260.0,75.82,4.00,2005.00,2009.0,63.32,37,11.87,4829,0.62,4935,57,4,4.00,0.00,4.0,0.00,0.00,0.0,18.00,182314.00,85.8
327,0.00,1296.00,1296.0,70.94,7.00,2470.00,2477.0,63.32,2,11.87,4817,0.62,4918,57,4,2.00,0.00,2.0,4.00,4.00,8.0,1.00,128594.00,76.2
328,0.00,16492.00,16492.0,48.23,3.00,1361.00,1364.0,63.34,10,11.87,4818,0.62,4930,57,4,2.00,0.00,2.0,0.00,0.00,0.0,1.00,102809.00,67.7
329,0.00,628.00,628.0,27.85,12.00,1838.00,1850.0,63.36,4,11.87,4817,0.62,4927,57,4,12.00,0.00,12.0,0.00,0.00,0.0,1.00,74726.00,61.6
330,0.00,528.00,528.0,35.69,2.00,1245.00,1247.0,63.36,1,11.72,4817,0.62,4933,57,4,2.00,0.00,2.0,0.00,0.00,0.0,2.00,84697.00,69.1
331,0.00,228.00,228.0,46.13,9.00,1339.00,1348.0,63.39,15,11.72,4817,0.62,4927,57,4,8.00,0.00,8.0,0.00,0.00,0.0,0.00,144286.00,75.3
332,0.00,292.00,292.0,43.79,4.00,1388.00,1392.0,63.41,1,11.72,4817,0.62,4924,57,4,4.00,0.00,4.0,0.00,0.00,0.0,0.00,185134.00,64.8
333,0.00,35848.00,35848.0,30.96,8.00,1744.00,1752.0,63.42,8,11.72,4818,0.62,4912,57,4,8.00,0.00,8.0,0.00,0.00,0.0,1.00,129438.00,74.6
334,0.00,356.00,356.0,52.03,7.00,1646.00,1653.0,63.45,3,11.72,4819,0.62,4915,57,4,6.00,0.00,6.0,0.00,0.00,0.0,1.00,142649.00,55.6
335,0.00,424.00,424.0,15.88,0.00,870.00,870.0,63.46,9,10.86,4819,0.62,4916,57,4,0.00,0.00,0.0,0.00,0.00,0.0,1.00,68321.00,47.8
336,0.00,228.00,228.0,11.76,6.00,1032.00,1038.0,63.46,2,10.86,4819,0.62,4912,57,4,6.00,0.00,6.0,0.00,0.00,0.0,0.00,46355.00,47.1
337,0.00,124.00,124.0,6.76,11.00,401.00,412.0,63.47,0,10.86,4818,0.62,4917,57,4,6.00,0.00,6.0,4.00,4.00,8.0,0.00,16956.00,38.7
338,0.00,13708.00,13708.0,5.43,4.00,406.00,410.0,63.46,0,10.86,4816,0.62,4911,57,4,4.00,0.00,4.0,0.00,0.00,0.0,0.00,17970.00,47.5
339,0.00,76.00,76.0,19.07,11.88,1082.18,1094.0600000000002,63.47,0,10.86,4817,0.62,4922,57,4,12.00,8.00,20.0,0.00,0.00,0.0,2.00,67057.00,54.2
340,0.00,116.00,116.0,32.44,17.00,1676.00,1693.0,63.49,14,10.31,4817,0.62,4912,57,4,16.00,0.00,16.0,0.00,0.00,0.0,1.00,131686.00,80.9
341,0.00,608.00,608.0,66.84,10.00,2100.00,2110.0,63.52,17,10.31,4818,0.62,4931,57,4,10.00,0.00,10.0,0.00,0.00,0.0,1.00,201805.00,80.7
342,0.00,864.00,864.0,53.77,4.00,2476.00,2480.0,63.54,30,10.31,4818,0.62,4919,57,4,4.00,0.00,4.0,0.00,0.00,0.0,0.00,190458.00,81.0
343,4.00,11636.00,11640.0,77.33,6.00,1871.00,1877.0,63.58,31,10.31,4818,0.62,4910,57,4,6.00,0.00,6.0,0.00,0.00,0.0,0.00,199739.00,86.3
344,0.00,440.00,440.0,79.28,4.00,1762.00,1766.0,63.63,30,10.31,4816,0.62,4923,57,4,4.00,0.00,4.0,0.00,0.00,0.0,3.00,176669.00,86.2
345,0.00,496.00,496.0,78.31,2.00,1927.00,1929.0,63.68,33,10.05,4813,0.62,4885,57,4,2.00,0.00,2.0,0.00,0.00,0.0,1.00,155266.00,86.2
346,0.00,264.00,264.0,75.09,4.00,1768.00,1772.0,63.71,15,10.05,4815,0.62,4914,57,4,4.00,0.00,4.0,0.00,0.00,0.0,3.00,186704.00,86.2
347,0.00,844.00,844.0,82.37,4.00,2519.00,2523.0,63.74,21,10.05,4817,0.62,4897,57,4,4.00,0.00,4.0,0.00,0.00,0.0,3.00,146003.00,86.2
348,0.00,26616.00,26616.0,79.8,26.00,2265.00,2291.0,63.73,11,10.05,4803,0.62,4880,50,5,22.00,12.00,34.0,1.00,1.00,2.0,3.00,127374.00,86.2
349,0.00,156.00,156.0,77.32,4.00,2081.00,2085.0,63.75,21,10.05,4803,0.62,4890,50,5,4.00,0.00,4.0,0.00,0.00,0.0,1.00,159633.00,85.9
350,0.00,676.00,676.0,69.45,0.00,1631.00,1631.0,63.77,11,10.52,4803,0.62,4897,50,5,0.00,0.00,0.0,0.00,0.00,0.0,1.00,170572.00,79.6
351,0.00,628.00,628.0,48.68,0.00,1131.00,1131.0,63.78,12,10.52,4803,0.62,4898,50,5,0.00,0.00,0.0,0.00,0.00,0.0,0.00,176409.90,79.6
352,0.00,576.00,576.0,52.07,20.00,1684.00,1704.0,63.8,4,10.52,4802,0.62,4910,50,4,20.00,20.00,40.0,0.00,0.00,0.0,0.00,132517.00,68.0
353,0.00,548.00,548.0,37.42,0.00,1635.00,1635.0,63.82,3,10.52,4803,0.62,4915,50,4,0.00,0.00,0.0,0.00,0.00,0.0,1.00,87011.00,53.9
354,0.00,76216.00,76216.0,12.69,0.00,810.00,810.0,63.83,0,10.52,4802,0.62,4923,50,4,0.00,0.00,0.0,0.00,0.00,0.0,0.00,37410.00,45.8
355,0.00,292.00,292.0,7.41,19.00,488.00,507.0,63.83,0,9.68,4802,0.62,4912,50,4,16.00,3.00,19.0,0.00,0.00,0.0,1.00,16465.00,45.1
356,0.00,200.00,200.0,5.16,4.00,293.00,297.0,63.83,2,9.68,4802,0.62,4911,50,4,4.00,0.00,4.0,0.00,0.00,0.0,0.00,12603.00,39.3
357,0.00,356.00,356.0,5.32,4.00,262.00,266.0,63.83,1,9.68,4800,0.62,4905,50,4,0.00,0.00,0.0,4.00,4.00,8.0,16.00,17254.00,39.3
358,0.00,140.00,140.0,6.57,20.00,550.00,570.0,63.83,5,9.68,4798,0.62,4898,50,4,16.00,2.00,18.0,0.00,0.00,0.0,2.00,23443.00,44.5
359,0.00,12240.00,12240.0,9.14,6.00,614.00,620.0,63.83,9,9.68,4799,0.62,4894,50,4,4.00,2.00,6.0,0.00,0.00,0.0,1.00,45073.00,44.2
360,0.00,84.00,84.0,10.8,6.00,416.00,422.0,63.83,5,9.39,4800,0.62,4899,50,4,6.00,0.00,6.0,0.00,0.00,0.0,2.00,71498.00,49.9
361,0.00,32.00,32.0,22.88,7.00,843.00,850.0,63.87,4,9.39,4800,0.62,4900,50,4,6.00,0.00,6.0,0.00,0.00,0.0,3.00,52588.00,63.0
362,0.00,948.00,948.0,29.24,13.00,1517.00,1530.0,63.89,1,9.39,4802,0.62,4899,50,4,12.00,1.00,13.0,0.00,0.00,0.0,1.00,108261.00,57.5
363,0.00,60.00,60.0,20.48,4.00,913.00,917.0,63.89,9,9.39,4801,0.62,4909,50,4,2.00,2.00,4.0,0.00,0.00,0.0,0.00,136847.00,57.3
364,0.00,24920.00,24920.0,23.91,13.00,1320.00,1333.0,63.9,8,9.39,4801,0.62,4903,50,4,10.00,2.00,12.0,0.00,0.00,0.0,0.00,123434.00,70.0
365,0.00,624.00,624.0,60.12,8.00,2726.00,2734.0,63.93,29,10.72,4801,0.62,4884,50,4,8.00,0.00,8.0,0.00,0.00,0.0,1.00,165198.00,85.7
366,0.00,924.00,924.0,74.88,8.00,3164.00,3172.0,63.95,21,10.72,4801,0.62,4882,50,4,8.00,0.00,8.0,0.00,0.00,0.0,1.00,185922.00,85.6
367,0.00,180.00,180.0,77.47,4.00,2114.00,2118.0,63.99,27,10.72,4802,0.62,4904,50,4,2.00,2.00,4.0,0.00,0.00,0.0,1.00,181821.00,85.6
368,0.00,628.00,628.0,79.03,3.00,2143.00,2146.0,64.02,24,10.72,4802,0.62,4915,50,4,2.00,1.00,3.0,0.00,0.00,0.0,1.00,122814.00,85.7
369,0.00,12578.22,12578.22,75.69,6.00,1912.00,1918.0,64.07,25,10.72,4802,0.62,4907,50,4,4.00,2.00,6.0,0.00,0.00,0.0,1.00,132089.00,85.7
370,0.00,864.00,864.0,77.86,5.00,2818.00,2823.0,64.1,40,11.54,4802,0.62,4893,50,4,4.00,1.00,5.0,0.00,0.00,0.0,1.00,135920.00,85.7
371,0.00,372.00,372.0,85.75,2.00,2756.00,2758.0,64.14,25,11.54,4802,0.62,4900,50,4,0.00,2.00,2.0,0.00,0.00,0.0,1.00,92745.00,85.9
372,0.00,868.00,868.0,82.9,4.00,3023.00,3027.0,64.18,26,11.54,4802,0.62,4886,50,4,4.00,0.00,4.0,0.00,0.00,0.0,0.00,118482.00,86.0
373,0.00,424.00,424.0,78.72,3.00,1962.00,1965.0,64.22,10,11.54,4801,0.62,4899,50,4,3.00,1.00,4.0,0.00,0.00,0.0,1.00,97337.00,77.0
374,0.00,28076.00,28076.0,43.61,5.00,893.00,898.0,64.23,2,11.54,4798,0.62,4905,49,4,4.00,0.00,4.0,0.00,0.00,0.0,0.00,32983.00,64.5
375,0.00,160.00,160.0,18.73,8.00,450.00,458.0,64.25,0,10.7,4800,0.62,4905,49,4,7.00,1.00,8.0,0.00,0.00,0.0,3.00,21079.00,54.6
376,0.00,456.00,456.0,23.8,16.00,715.00,731.0,64.25,1,10.7,4803,0.62,4905,49,4,14.00,0.00,14.0,0.00,0.00,0.0,3.00,46642.00,54.9
377,0.00,1204.00,1204.0,15.52,12.00,529.00,541.0,64.26,0,10.7,4801,0.62,4897,49,4,10.00,1.00,11.0,4.00,4.00,8.0,0.00,76035.00,42.0
378,0.00,164.00,164.0,9.52,10.00,538.00,548.0,64.26,2,10.7,4802,0.62,4896,49,4,10.00,0.00,10.0,0.00,0.00,0.0,1.00,38663.00,47.6
379,0.00,26184.00,26184.0,14.3,10.00,1059.00,1069.0,64.25,0,10.7,4802,0.62,4896,49,4,10.00,0.00,10.0,0.00,0.00,0.0,0.00,66398.00,53.6
380,0.00,612.00,612.0,25.54,4.00,1095.00,1099.0,64.26,13,10.16,4802,0.62,4898,49,4,4.00,0.00,4.0,0.00,0.00,0.0,1.00,109737.00,53.8
381,0.00,244.00,244.0,16.81,4.00,919.00,923.0,64.28,0,10.16,4802,0.62,4898,49,4,4.00,0.00,4.0,0.00,0.00,0.0,0.00,74683.00,53.9
382,0.00,276.00,276.0,20.98,5.00,853.00,858.0,64.29,5,10.16,4803,0.62,4904,50,5,2.00,3.00,5.0,1.00,1.00,2.0,1.00,111073.00,53.9
383,0.00,440.00,440.0,16.2,0.00,920.00,920.0,64.3,1,10.16,4803,0.62,4909,50,5,0.00,0.00,0.0,0.00,0.00,0.0,0.00,55217.00,45.4
384,0.00,272.00,272.0,14.98,3.00,1136.00,1139.0,64.32,0,10.16,4803,0.62,4911,50,5,2.00,0.00,2.0,0.00,0.00,0.0,0.00,54850.00,58.3
385,0.00,43936.00,43936.0,32.57,6.00,1343.00,1349.0,64.33,6,9.35,4803,0.62,4908,50,5,4.00,2.00,6.0,0.00,0.00,0.0,1.00,125701.00,67.9
386,0.00,712.00,712.0,43.99,2.00,1312.00,1314.0,64.35,5,9.35,4802,0.62,4917,50,4,0.00,1.00,1.0,0.00,0.00,0.0,0.00,156023.00,78.2
387,0.00,1076.00,1076.0,37.63,7.00,1037.00,1044.0,64.37,3,9.35,4802,0.62,4917,50,4,0.00,2.00,2.0,4.00,4.00,8.0,18.00,160810.00,61.6
388,0.00,552.00,552.0,28.5,2.00,1536.00,1538.0,64.39,5,9.35,4803,0.62,4913,50,4,0.00,2.00,2.0,0.00,0.00,0.0,3.00,121161.00,69.8
389,0.00,556.00,556.0,55.54,18.00,2867.00,2885.0,64.42,21,9.35,4803,0.62,4892,50,4,18.00,0.00,18.0,0.00,0.00,0.0,0.00,114529.00,85.8
390,0.00,19704.00,19704.0,81.57,1.00,2341.00,2342.0,64.46,26,9.72,4803,0.62,4907,50,4,0.00,0.00,0.0,0.00,0.00,0.0,1.00,158269.00,85.8
391,0.00,44.00,44.0,77.02,1.00,2018.00,2019.0,64.49,25,9.72,4803,0.62,4895,50,4,0.00,1.00,1.0,0.00,0.00,0.0,0.00,175801.00,85.7
392,0.00,48.00,48.0,78.06,0.00,1260.00,1260.0,64.5,26,9.72,4802,0.62,4903,50,4,0.00,0.00,0.0,0.00,0.00,0.0,0.00,184219.00,85.7
393,0.00,24.00,24.0,77.56,3.00,902.00,905.0,64.52,26,9.72,4799,0.62,4914,50,4,2.00,0.00,2.0,0.00,0.00,0.0,0.00,198916.00,85.6
394,0.00,368.00,368.0,77.0,1.00,1523.00,1524.0,64.55,27,9.72,4800,0.62,4894,50,4,0.00,1.00,1.0,0.00,0.00,0.0,1.00,168293.00,80.3
395,0.00,24384.00,24384.0,58.47,2.00,2733.00,2735.0,64.58,24,9.82,4801,0.62,4898,50,4,0.00,2.00,2.0,0.00,0.00,0.0,4.00,160100.00,80.8
396,0.00,736.00,736.0,71.1,2.00,3062.00,3064.0,64.59,15,9.82,4801,0.62,4889,50,4,0.00,2.00,2.0,0.00,0.00,0.0,1.00,115933.00,86.4
397,0.00,428.00,428.0,64.71,1.00,1384.00,1385.0,64.61,1,9.82,4801,0.62,4905,50,4,0.00,0.00,0.0,0.00,0.00,0.0,1.00,76355.00,46.3
398,0.00,504.00,504.0,13.17,2.00,526.00,528.0,64.61,3,9.82,4801,0.62,4907,50,4,2.00,2.00,4.0,0.00,0.00,0.0,0.00,69707.00,56.0
399,0.00,76.00,76.0,38.4,3.00,1014.00,1017.0,64.66,18,9.82,4801,0.62,4883,50,4,3.00,1.00,4.0,0.00,0.00,0.0,1.00,66784.00,83.5
400,0.00,28312.00,28312.0,67.77,5.00,1360.00,1365.0,64.71,8,9.92,4802,0.62,4884,50,4,4.00,0.00,4.0,0.00,0.00,0.0,3.00,101780.00,82.9
401,0.00,792.00,792.0,51.68,4.00,1017.00,1021.0,64.73,7,9.92,4802,0.62,4898,50,4,4.00,0.00,4.0,0.00,0.00,0.0,2.00,148155.00,74.7
402,0.00,552.00,552.0,50.06,4.00,1281.00,1285.0,64.74,11,9.92,4803,0.62,4896,50,4,4.00,0.00,4.0,0.00,0.00,0.0,1.00,89254.00,80.5
403,0.00,424.00,424.0,61.52,11.00,2219.00,2230.0,64.76,6,9.92,4803,0.62,4882,50,4,10.00,1.00,11.0,0.00,0.00,0.0,0.00,124794.00,80.6
404,0.00,320.00,320.0,72.08,16.00,1514.00,1530.0,64.78,14,9.92,4803,0.62,4872,50,4,14.00,2.00,16.0,0.00,0.00,0.0,0.00,148912.00,81.1
405,0.00,10536.00,10536.0,70.79,4.00,1154.00,1158.0,64.81,14,10.24,4802,0.62,4889,50,4,4.00,0.00,4.0,0.00,0.00,0.0,2.00,148756.00,80.7
406,0.00,524.00,524.0,50.13,4.00,1380.00,1384.0,64.83,2,10.24,4803,0.62,4889,50,4,6.00,0.00,6.0,0.00,0.00,0.0,1.00,125276.00,67.7
407,0.00,728.00,728.0,25.44,19.00,1677.00,1696.0,64.85,5,10.24,4803,0.62,4898,50,4,12.00,1.00,13.0,4.00,4.00,8.0,0.00,90781.00,52.2
408,0.00,984.00,984.0,19.8,12.00,1282.00,1294.0,64.84,3,10.24,4805,0.62,4905,51,5,8.00,3.00,11.0,2.00,2.00,4.0,2.00,66303.00,58.3
409,0.00,764.00,764.0,25.71,9.00,1568.00,1577.0,64.85,7,10.24,4805,0.62,4899,51,5,8.00,1.00,9.0,0.00,0.00,0.0,0.00,106991.00,70.5
410,0.00,27908.00,27908.0,51.44,14.00,2499.00,2513.0,64.87,2,10.3,4804,0.62,4908,51,5,14.00,0.00,14.0,0.00,0.00,0.0,1.00,213529.00,83.2
411,0.00,596.00,596.0,65.95,6.00,2407.00,2413.0,64.9,9,10.3,4804,0.62,4891,51,5,5.94,0.00,5.94,0.00,0.00,0.0,1.00,208967.00,83.4
412,0.00,760.00,760.0,67.22,4.00,1995.00,1999.0,64.94,18,10.3,4804,0.62,4903,50,5,2.00,1.00,3.0,0.00,0.00,0.0,0.00,221332.00,83.6
413,0.00,440.00,440.0,62.68,8.00,2371.00,2379.0,64.99,10,10.3,4804,0.62,4898,50,4,6.00,0.00,6.0,2.00,2.00,4.0,1.00,183344.00,78.5
414,0.00,616.00,616.0,61.12,6.00,3046.00,3052.0,65.03,5,10.3,4804,0.62,4890,50,4,6.00,0.00,6.0,0.00,0.00,0.0,1.00,162842.00,78.2
415,0.00,48640.00,48640.0,50.51,5.00,2351.00,2356.0,65.03,4,9.96,4804,0.62,4910,50,4,5.00,1.00,6.0,0.00,0.00,0.0,1.00,121598.00,71.2
416,0.00,428.00,428.0,24.3,8.00,821.00,829.0,65.05,0,9.96,4804,0.62,4905,50,5,4.00,2.00,6.0,1.00,1.00,2.0,0.00,58659.00,56.0
417,4.00,668.00,672.0,24.69,14.00,1270.00,1284.0,65.06,0,9.96,4804,0.62,4901,51,5,8.00,3.00,11.0,4.00,4.00,8.0,16.00,106274.00,68.6
418,0.00,328.00,328.0,48.54,7.00,1176.00,1183.0,65.07,2,9.96,4803,0.62,4890,51,5,6.00,1.00,7.0,0.00,0.00,0.0,0.00,134093.00,68.3
419,0.00,84.00,84.0,24.33,1.00,671.00,672.0,65.1,0,9.96,4804,0.62,4886,51,5,0.00,0.00,0.0,0.00,0.00,0.0,1.00,113623.00,55.7
420,0.00,17800.00,17800.0,23.01,1.00,949.00,950.0,65.1,3,9.4,4804,0.62,4900,52,4,0.00,2.00,2.0,0.00,0.00,0.0,1.00,71979.00,50.4
421,0.00,24572.00,24572.0,13.43,5.00,1033.00,1038.0,65.11,1,9.4,4803,0.62,4900,52,4,0.00,3.00,3.0,2.00,2.00,4.0,0.00,40359.00,44.5
422,0.00,284.00,284.0,4.95,3.00,281.00,284.0,65.11,0,9.4,4803,0.62,4904,52,4,0.00,2.00,2.0,0.00,0.00,0.0,0.00,17901.00,37.6
423,0.00,200.00,200.0,3.78,9.00,273.00,282.0,65.11,0,9.4,4802,0.62,4902,51,4,7.00,7.00,14.0,0.00,0.00,0.0,0.00,13851.00,55.4
424,0.00,55.45,55.45,30.68,14.00,1407.00,1421.0,65.12,5,9.4,4801,0.62,4887,51,4,12.00,2.00,14.0,0.00,0.00,0.0,1.00,76323.00,74.7
425,0.00,696.00,696.0,42.53,5.00,1578.00,1583.0,65.14,1,8.73,4800,0.62,4890,51,4,4.00,1.00,5.0,0.00,0.00,0.0,1.00,137617.00,75.1
426,0.00,23924.00,23924.0,67.61,2.00,839.00,841.0,65.16,19,8.73,4801,0.62,4900,51,4,2.00,0.00,2.0,0.00,0.00,0.0,4.00,188995.00,75.4
427,0.00,388.00,388.0,40.44,25.00,1278.00,1303.0,65.19,2,8.73,4802,0.62,4894,51,4,20.00,1.00,21.0,4.00,4.00,8.0,2.00,100738.00,65.9
428,0.00,840.00,840.0,35.36,8.00,2038.00,2046.0,65.2,3,8.73,4804,0.62,4899,50,4,6.00,1.00,7.0,0.00,0.00,0.0,2.00,111896.00,66.1
429,0.00,248.00,248.0,22.79,4.00,1264.00,1268.0,65.22,0,8.73,4804,0.62,4908,50,4,4.00,0.00,4.0,0.00,0.00,0.0,0.00,59416.00,52.1
430,0.00,484.00,484.0,28.57,15.00,2191.00,2206.0,65.24,0,8.99,4804,0.62,4903,51,4,14.00,2.00,16.0,0.00,0.00,0.0,1.00,124584.00,78.1
431,0.00,25540.00,25540.0,61.61,8.00,2638.00,2646.0,65.27,14,8.99,4804,0.62,4905,51,4,6.00,2.00,8.0,0.00,0.00,0.0,2.00,209245.00,85.4
432,0.00,88.00,88.0,75.66,12.00,1811.00,1823.0,65.29,22,8.99,4804,0.62,4904,51,4,10.00,2.00,12.0,0.00,0.00,0.0,0.00,206761.00,85.3
433,0.00,228.00,228.0,74.52,1.00,1636.00,1637.0,65.32,13,8.99,4803,0.62,4919,51,4,0.00,1.00,1.0,0.00,0.00,0.0,0.00,162843.00,85.4
434,0.00,460.00,460.0,78.44,6.00,2352.00,2358.0,65.36,31,8.99,4802,0.62,4901,51,4,6.00,0.00,6.0,0.00,0.00,0.0,2.00,168310.00,85.6
435,0.00,899.01,899.01,77.92,3.00,3038.00,3041.0,65.38,17,9.79,4803,0.62,4896,51,4,2.00,1.00,3.0,0.00,0.00,0.0,3.96,176917.82,85.7
436,0.00,12220.00,12220.0,78.97,6.00,3372.00,3378.0,65.42,26,9.79,4804,0.62,4896,50,4,4.00,1.00,5.0,0.00,0.00,0.0,3.00,158773.00,85.7
437,0.00,1260.00,1260.0,60.66,4.00,1663.00,1667.0,65.44,2,9.79,4803,0.62,4902,50,4,0.00,0.00,0.0,4.00,4.00,8.0,0.00,171747.00,61.3
438,0.00,584.00,584.0,21.36,7.00,1206.00,1213.0,65.46,9,9.79,4804,0.62,4895,51,4,6.00,2.00,8.0,0.00,0.00,0.0,2.00,92646.00,60.9
439,0.00,864.00,864.0,24.06,8.00,1663.00,1671.0,65.48,1,9.79,4803,0.62,4891,51,4,6.00,2.00,8.0,0.00,0.00,0.0,0.00,68469.00,51.9
440,0.00,556.00,556.0,11.39,10.00,630.00,640.0,65.48,0,9.01,4802,0.62,4890,51,4,8.00,2.00,10.0,0.00,0.00,0.0,22.00,27251.00,38.1
441,0.00,42420.00,42420.0,6.84,1.00,607.00,608.0,65.49,1,9.01,4800,0.62,4882,50,4,0.00,0.00,0.0,0.00,0.00,0.0,1.00,32689.00,53.3
442,0.00,308.00,308.0,36.97,0.00,1413.00,1413.0,65.49,17,9.01,4802,0.62,4898,50,4,0.00,0.00,0.0,0.00,0.00,0.0,2.00,106376.00,69.8
443,0.00,484.00,484.0,33.12,11.00,1453.00,1464.0,65.51,7,9.01,4802,0.62,4905,50,4,10.00,1.00,11.0,0.00,0.00,0.0,0.00,122704.00,81.7
444,0.00,56.00,56.0,53.99,3.00,981.00,984.0,65.54,1,9.01,4803,0.62,4902,50,4,2.00,0.00,2.0,0.00,0.00,0.0,1.00,156984.00,55.4
445,0.00,244.00,244.0,25.51,3.00,1365.00,1368.0,65.55,0,8.77,4805,0.62,4911,50,4,2.00,0.00,2.0,0.00,0.00,0.0,3.00,98670.00,60.7
446,0.00,37936.00,37936.0,25.54,12.00,2084.00,2096.0,65.57,2,8.77,4805,0.62,4928,50,4,12.00,0.00,12.0,0.00,0.00,0.0,3.00,75645.00,53.6
447,4.00,620.00,624.0,13.71,10.00,557.00,567.0,65.58,1,8.77,4806,0.62,4936,50,4,6.00,0.00,6.0,4.00,4.00,8.0,16.00,22134.00,38.5
448,0.00,140.00,140.0,2.93,3.00,308.00,311.0,65.58,1,8.77,4806,0.62,4935,50,4,2.00,0.00,2.0,0.00,0.00,0.0,0.00,16796.00,39.0
449,0.00,32.00,32.0,13.23,8.00,1043.00,1051.0,65.59,1,8.77,4806,0.62,4919,50,4,8.00,0.00,8.0,0.00,0.00,0.0,0.00,72079.00,68.8
450,0.00,684.00,684.0,56.96,17.00,2575.00,2592.0,65.61,18,10.07,4805,0.62,4906,50,4,16.00,1.00,17.0,0.00,0.00,0.0,1.00,152608.00,85.2
451,0.00,52.00,52.0,69.82,1.00,2264.00,2265.0,65.64,16,10.07,4805,0.62,4923,50,4,0.00,0.00,0.0,0.00,0.00,0.0,2.00,216703.00,85.1
452,0.00,18212.00,18212.0,67.59,0.00,1890.00,1890.0,65.67,24,10.07,4804,0.62,4899,50,4,0.00,0.00,0.0,0.00,0.00,0.0,2.00,217279.00,85.1
453,0.00,468.00,468.0,72.44,4.00,2213.00,2217.0,65.71,23,10.07,4804,0.62,4884,50,5,2.00,0.00,2.0,1.00,1.00,2.0,1.00,201137.00,84.8
454,0.00,536.00,536.0,68.69,0.00,3559.00,3559.0,65.75,25,10.07,4806,0.62,4883,50,5,0.00,0.00,0.0,0.00,0.00,0.0,2.00,185195.00,84.9
455,0.00,812.00,812.0,77.08,0.00,2455.00,2455.0,65.78,23,10.62,4806,0.62,4887,50,5,0.00,0.00,0.0,0.00,0.00,0.0,1.00,183779.00,84.9
456,0.00,520.00,520.0,61.41,1.00,2395.00,2396.0,65.81,2,10.62,4806,0.62,4895,50,5,0.00,0.00,0.0,0.00,0.00,0.0,2.00,157328.00,68.0
457,0.00,36016.00,36016.0,25.61,5.00,1489.00,1494.0,65.83,1,10.62,4806,0.62,4908,50,4,0.00,1.00,1.0,4.00,4.00,8.0,0.00,97148.00,56.3
458,0.00,540.00,540.0,21.16,0.00,1402.00,1402.0,65.85,5,10.62,4806,0.62,4908,50,4,0.00,0.00,0.0,0.00,0.00,0.0,1.00,64530.00,44.9
459,0.00,224.00,224.0,5.21,0.00,379.00,379.0,65.85,0,10.62,4803,0.62,4910,50,4,0.00,0.00,0.0,0.00,0.00,0.0,0.00,18026.00,37.9
460,0.00,88.00,88.0,5.06,12.00,407.00,419.0,65.85,0,9.93,4803,0.62,4902,50,4,12.00,0.00,12.0,0.00,0.00,0.0,1.00,16649.00,38.2
461,0.00,244.00,244.0,3.9,7.00,367.00,374.0,65.85,0,9.93,4801,0.62,4893,50,4,6.00,0.00,6.0,0.00,0.00,0.0,0.00,13700.00,38.2
462,0.00,44364.00,44364.0,2.29,4.00,248.00,252.0,65.86,1,9.93,4798,0.62,4879,50,4,6.00,0.00,6.0,0.00,0.00,0.0,0.00,11824.00,38.4
463,0.00,428.00,428.0,6.46,8.00,482.00,490.0,65.86,2,9.93,4798,0.62,4878,50,4,6.00,0.00,6.0,0.00,0.00,0.0,2.00,27529.00,47.6
464,0.00,68.00,68.0,19.97,12.00,1697.00,1709.0,65.86,2,9.93,4800,0.62,4887,50,4,12.00,0.00,12.0,0.00,0.00,0.0,3.00,123384.00,61.0
465,0.00,16.00,16.0,27.94,6.00,1441.00,1447.0,65.88,5,9.14,4799,0.62,4902,50,4,6.00,0.00,6.0,0.00,0.00,0.0,1.00,150145.00,67.9
466,0.00,168.00,168.0,35.13,2.00,1036.00,1038.0,65.9,0,9.14,4801,0.62,4930,50,4,2.00,0.00,2.0,0.00,0.00,0.0,3.00,149507.00,57.7
467,0.00,10792.00,10792.0,24.32,16.00,1815.00,1831.0,65.92,0,9.14,4805,0.62,4956,50,4,12.00,1.00,13.0,4.00,4.00,8.0,4.00,100880.00,58.2
468,0.00,780.00,780.0,29.66,5.00,1720.00,1725.0,65.94,2,9.14,4806,0.62,4965,49,4,4.00,0.00,4.0,0.00,0.00,0.0,1.00,64457.00,58.2
469,0.00,552.00,552.0,10.23,0.00,294.00,294.0,65.95,0,9.14,4806,0.62,4971,49,4,0.00,0.00,0.0,0.00,0.00,0.0,0.00,10326.00,48.0
470,0.00,100.00,100.0,20.99,6.00,1916.00,1922.0,65.95,4,8.4,4806,0.62,4956,49,4,6.00,0.00,6.0,0.00,0.00,0.0,1.00,87952.00,75.8
471,0.00,636.00,636.0,67.8,2.00,2658.00,2660.0,65.98,14,8.4,4806,0.62,4937,49,4,2.00,0.00,2.0,0.00,0.00,0.0,1.00,197314.00,83.8
472,0.00,4220.00,4220.0,64.5,0.00,3144.00,3144.0,66.02,6,8.4,4804,0.62,4924,49,4,0.00,0.00,0.0,0.00,0.00,0.0,0.00,232187.00,83.9
473,0.00,228.00,228.0,73.58,0.00,1852.00,1852.0,66.05,34,8.4,4803,0.62,4922,49,4,0.00,0.00,0.0,0.00,0.00,0.0,1.00,148442.00,84.1
474,0.00,336.63,336.63,74.91,3.00,2419.00,2422.0,66.11,7,8.4,4804,0.62,4905,49,4,2.00,0.00,2.0,0.00,0.00,0.0,0.00,147068.00,84.0
475,0.00,1004.00,1004.0,64.3,4.00,4018.00,4022.0,66.15,24,9.25,4805,0.62,4899,49,4,4.00,0.00,4.0,0.00,0.00,0.0,2.00,207220.00,84.3
476,0.00,980.00,980.0,69.12,0.00,3988.00,3988.0,66.19,4,9.25,4804,0.62,4897,49,4,0.00,0.00,0.0,0.00,0.00,0.0,0.00,141650.00,69.1
477,4.00,42324.00,42328.0,27.23,3.00,1334.00,1337.0,66.21,1,9.25,4804,0.62,4911,49,4,2.00,0.00,2.0,0.00,0.00,0.0,1.00,74820.00,48.3
478,0.00,472.00,472.0,8.3,6.00,617.00,623.0,66.21,3,9.25,4803,0.62,4911,49,4,6.00,0.00,6.0,0.00,0.00,0.0,17.00,29571.00,39.3
479,0.00,232.00,232.0,3.82,3.00,293.00,296.0,66.21,1,9.25,4802,0.62,4904,49,4,2.00,0.00,2.0,0.00,0.00,0.0,0.00,12597.00,39.4
480,0.00,92.00,92.0,6.7,7.00,493.00,500.0,66.22,1,8.59,4802,0.62,4893,49,4,6.00,0.00,6.0,0.00,0.00,0.0,2.00,19762.00,44.5
481,0.00,28.00,28.0,13.94,6.00,826.00,832.0,66.22,0,8.59,4803,0.62,4898,49,4,6.00,0.00,6.0,0.00,0.00,0.0,3.00,61618.00,53.7
482,0.00,31240.00,31240.0,24.78,0.00,1578.00,1578.0,66.23,6,8.59,4804,0.62,4942,49,4,0.00,0.00,0.0,0.00,0.00,0.0,1.00,122809.00,60.1
483,0.00,540.00,540.0,38.27,0.00,1308.00,1308.0,66.25,9,8.59,4804,0.62,4933,49,4,0.00,0.00,0.0,0.00,0.00,0.0,0.00,152316.00,80.6
484,0.00,236.00,236.0,48.55,4.00,1158.00,1162.0,66.29,3,8.59,4805,0.62,4927,49,4,4.00,0.00,4.0,0.00,0.00,0.0,2.00,111677.00,62.7
485,0.00,604.00,604.0,31.1,0.00,1582.00,1582.0,66.31,4,8.54,4806,0.62,4939,49,4,0.00,0.00,0.0,0.00,0.00,0.0,2.00,95576.00,69.2
486,0.00,628.00,628.0,34.0,8.00,1626.00,1634.0,66.32,1,8.54,4806,0.62,4949,49,4,8.00,0.00,8.0,0.00,0.00,0.0,0.00,56273.00,49.2
487,0.00,26784.00,26784.0,6.11,16.00,387.00,403.0,66.34,0,8.54,4806,0.62,4953,50,5,10.00,2.00,12.0,5.00,5.00,10.0,0.00,13595.00,38.7
488,0.00,13668.00,13668.0,3.44,3.00,305.00,308.0,66.34,0,8.54,4806,0.62,4949,50,5,2.00,1.00,3.0,0.00,0.00,0.0,0.00,16887.00,44.9
489,0.00,64.00,64.0,13.15,9.00,1072.00,1081.0,66.35,3,8.54,4806,0.62,4924,50,5,8.00,0.00,8.0,0.00,0.00,0.0,1.00,74652.00,64.2
490,0.00,1008.00,1008.0,41.75,16.00,2835.00,2851.0,66.37,5,8.42,4805,0.62,4910,50,5,16.00,0.00,16.0,0.00,0.00,0.0,0.99,194352.48,79.9
491,0.00,376.00,376.0,64.12,1.00,2805.00,2806.0,66.38,16,8.42,4804,0.62,4910,50,4,0.00,1.00,1.0,0.00,0.00,0.0,1.00,198583.00,85.0
492,0.00,292.00,292.0,71.68,1.00,1992.00,1993.0,66.41,27,8.42,4803,0.62,4921,50,4,0.00,1.00,1.0,0.00,0.00,0.0,3.00,211051.00,85.0
493,0.00,368.00,368.0,75.78,0.00,1637.00,1637.0,66.44,19,8.42,4805,0.62,4904,50,4,0.00,0.00,0.0,0.00,0.00,0.0,3.00,201167.00,85.1
494,0.00,448.00,448.0,76.79,2.00,2689.00,2691.0,66.48,10,8.42,4804,0.62,4889,50,4,2.00,0.00,2.0,0.00,0.00,0.0,0.00,151886.00,85.0
495,0.00,588.00,588.0,68.84,11.00,2958.00,2969.0,66.51,1,9.27,4806,0.62,4898,50,4,10.00,1.00,11.0,0.00,0.00,0.0,3.00,172252.00,77.9
496,0.00,952.00,952.0,41.57,0.00,3455.00,3455.0,66.55,4,9.27,4806,0.62,4908,50,4,0.00,0.00,0.0,0.00,0.00,0.0,0.00,143339.00,63.9
497,0.00,684.00,684.0,29.62,6.00,928.00,934.0,66.56,4,9.27,4805,0.62,4921,50,4,2.00,0.00,2.0,4.00,4.00,8.0,0.00,114570.00,54.5
498,0.00,85812.00,85812.0,17.52,6.00,808.00,814.0,66.54,0,9.27,4804,0.62,4915,50,4,8.00,0.00,8.0,0.00,0.00,0.0,1.00,56487.00,54.3
499,0.00,708.00,708.0,14.29,2.00,1011.00,1013.0,66.52,0,9.27,4806,0.62,4919,50,4,0.00,0.00,0.0,0.00,0.00,0.0,2.00,44211.00,42.5
500,0.00,616.00,616.0,6.66,4.00,440.00,444.0,66.53,0,8.85,4804,0.62,4913,50,4,4.00,0.00,4.0,0.00,0.00,0.0,4.00,16489.00,42.6
501,0.00,40.00,40.0,11.51,0.00,1148.00,1148.0,66.53,0,8.85,4804,0.62,4910,50,4,0.00,0.00,0.0,0.00,0.00,0.0,3.00,62204.00,63.6
502,0.00,84.00,84.0,34.06,0.00,1673.00,1673.0,66.55,7,8.85,4804,0.62,4900,50,4,0.00,0.00,0.0,0.00,0.00,0.0,0.00,145682.00,64.1
503,0.00,4296.00,4296.0,51.29,4.00,1103.00,1107.0,66.59,4,8.85,4804,0.62,4915,50,4,2.00,1.00,3.0,0.00,0.00,0.0,1.00,206046.00,63.8
504,0.00,220.00,220.0,23.19,3.00,1231.00,1234.0,66.61,11,8.85,4806,0.62,4916,50,4,2.00,0.00,2.0,0.00,0.00,0.0,3.00,107181.00,63.7
505,0.00,472.00,472.0,28.91,1.00,2244.00,2245.0,66.64,6,8.38,4805,0.62,4906,50,4,0.00,0.00,0.0,0.00,0.00,0.0,1.00,108399.00,52.4
506,0.00,644.00,644.0,11.31,6.00,710.00,716.0,66.64,0,8.38,4805,0.62,4916,50,4,4.00,1.00,5.0,0.00,0.00,0.0,1.00,35439.00,39.9
507,0.00,332.00,332.0,4.96,6.00,454.00,460.0,66.64,5,8.38,4804,0.62,4914,50,4,2.00,0.00,2.0,4.00,4.00,8.0,0.00,21158.00,48.0
508,0.00,26744.00,26744.0,19.75,0.00,1185.00,1185.0,66.65,10,8.38,4804,0.62,4907,50,4,0.00,0.00,0.0,0.00,0.00,0.0,17.00,90465.00,62.9
509,0.00,324.00,324.0,35.41,11.00,1839.00,1850.0,66.66,9,8.38,4803,0.62,4899,50,4,8.00,2.00,10.0,0.00,0.00,0.0,0.00,169268.00,80.0
510,0.00,656.00,656.0,59.69,10.00,2594.00,2604.0,66.69,26,8.51,4804,0.62,4890,50,4,8.00,2.00,10.0,0.00,0.00,0.0,2.00,222009.00,80.5
511,0.00,112.00,112.0,67.96,1.00,2727.00,2728.0,66.73,23,8.51,4806,0.62,4905,50,4,0.00,1.00,1.0,0.00,0.00,0.0,3.00,220240.00,80.9
512,0.00,780.00,780.0,64.68,3.96,2943.56,2947.52,66.76,16,8.51,4806,0.62,4896,50,4,2.00,2.00,4.0,0.00,0.00,0.0,0.00,228906.00,81.4
513,8.00,42032.00,42040.0,65.51,1.00,2568.00,2569.0,66.81,6,8.51,4806,0.62,4895,50,4,0.00,1.00,1.0,0.00,0.00,0.0,0.00,202517.00,81.4
514,0.00,648.00,648.0,56.87,2.00,2990.00,2992.0,66.84,22,8.51,4806,0.62,4900,50,4,0.00,2.00,2.0,0.00,0.00,0.0,2.00,176549.00,73.0
515,0.00,1004.00,1004.0,52.96,4.00,2906.00,2910.0,66.88,23,8.47,4806,0.62,4903,50,4,2.00,2.00,4.0,0.00,0.00,0.0,1.00,169185.00,65.1
516,0.00,392.00,392.0,21.47,7.00,1166.00,1173.0,66.89,1,8.47,4805,0.62,4913,50,4,6.00,1.00,7.0,0.00,0.00,0.0,0.00,67712.00,46.7
517,0.00,368.00,368.0,13.5,6.00,922.00,928.0,66.9,3,8.47,4805,0.62,4908,50,4,0.00,2.00,2.0,4.00,4.00,8.0,0.00,58090.00,46.7
518,0.00,16368.00,16368.0,9.97,2.00,787.00,789.0,66.91,3,8.47,4805,0.62,4904,49,4,0.00,1.00,1.0,0.00,0.00,0.0,0.00,33657.00,46.3
519,0.00,504.00,504.0,14.92,6.00,1207.00,1213.0,66.91,2,8.47,4805,0.62,4891,49,4,6.00,0.00,6.0,0.00,0.00,0.0,0.00,77230.00,57.4
520,0.00,296.00,296.0,26.06,0.00,1630.00,1630.0,66.92,7,8.03,4804,0.62,4904,49,4,0.00,0.00,0.0,0.00,0.00,0.0,1.00,153440.00,66.5
521,0.00,568.00,568.0,35.48,6.00,1239.00,1245.0,66.95,2,8.03,4804,0.62,4901,50,5,4.00,2.00,6.0,1.00,1.00,2.0,1.00,214717.00,58.6
522,0.00,128.00,128.0,24.74,4.00,1377.00,1381.0,66.97,6,8.03,4806,0.62,4898,50,5,2.00,0.00,2.0,0.00,0.00,0.0,2.00,127188.00,58.6
523,4.00,3548.00,3552.0,20.58,8.00,1923.00,1931.0,66.96,4,8.03,4806,0.62,4893,50,5,8.00,0.00,8.0,0.00,0.00,0.0,0.00,95322.00,50.5
524,0.00,22332.00,22332.0,11.61,0.00,633.00,633.0,66.96,1,8.03,4806,0.62,4894,50,5,0.00,0.00,0.0,0.00,0.00,0.0,0.00,31199.00,37.3
525,0.00,0.00,0.0,2.67,3.00,33.00,36.0,66.97,1,7.39,4806,0.62,4912,50,4,2.00,0.00,2.0,0.00,0.00,0.0,1.00,11330.00,37.3
526,0.00,148.00,148.0,4.3,0.00,269.00,269.0,66.97,1,7.39,4803,0.62,4904,50,4,0.00,0.00,0.0,0.00,0.00,0.0,0.00,11543.00,37.3
527,0.00,104.00,104.0,2.66,0.00,191.00,191.0,66.97,1,7.39,4801,0.62,4904,50,4,0.00,0.00,0.0,0.00,0.00,0.0,0.00,11689.00,37.3
528,0.00,488.00,488.0,3.31,0.00,270.00,270.0,66.97,1,7.39,4801,0.62,4898,50,4,0.00,0.00,0.0,0.00,0.00,0.0,1.00,17392.00,45.8
529,0.00,45640.00,45640.0,18.46,19.00,1645.00,1664.0,66.98,19,7.39,4799,0.62,4892,50,4,16.00,3.00,19.0,0.00,0.00,0.0,4.00,89207.00,65.0
530,0.00,196.00,196.0,35.19,0.00,2137.00,2137.0,67.0,4,7.27,4800,0.62,4910,50,4,0.00,0.00,0.0,0.00,0.00,0.0,2.00,191974.00,74.7
531,0.00,628.00,628.0,48.64,0.00,1362.00,1362.0,67.04,10,7.27,4800,0.62,4906,50,4,0.00,0.00,0.0,0.00,0.00,0.0,2.00,209268.00,81.1
532,0.00,668.00,668.0,60.98,9.00,2216.00,2225.0,67.06,1,7.27,4803,0.62,4899,50,4,5.00,4.00,9.0,0.00,0.00,0.0,4.00,156694.00,80.6
533,0.00,564.00,564.0,61.96,11.00,3759.00,3770.0,67.11,26,7.27,4805,0.62,4897,50,4,9.00,3.00,12.0,0.00,0.00,0.0,2.00,199501.00,80.8
534,0.00,36040.00,36040.0,62.37,2.00,2949.00,2951.0,67.14,14,7.27,4806,0.62,4901,50,4,0.00,2.00,2.0,0.00,0.00,0.0,1.00,166752.00,80.9
535,0.00,708.00,708.0,65.8,4.00,1591.00,1595.0,67.17,9,7.57,4806,0.62,4909,50,4,2.00,1.00,3.0,0.00,0.00,0.0,2.00,215656.00,80.4
536,0.00,348.00,348.0,45.05,6.00,1854.00,1860.0,67.2,6,7.57,4806,0.62,4913,50,4,4.00,2.00,6.0,0.00,0.00,0.0,1.00,174485.00,69.8
537,0.00,692.00,692.0,43.71,5.00,2956.00,2961.0,67.23,5,7.57,4806,0.62,4911,50,4,0.00,1.00,1.0,4.00,4.00,8.0,1.00,154868.00,69.8
538,4.00,540.00,544.0,31.36,3.00,1957.00,1960.0,67.26,2,7.57,4806,0.62,4910,50,4,0.00,2.00,2.0,0.00,0.00,0.0,18.00,103933.00,54.5
539,0.00,14744.00,14744.0,22.83,2.00,1712.00,1714.0,67.27,2,7.57,4806,0.62,4910,50,4,0.00,2.00,2.0,0.00,0.00,0.0,0.00,129264.00,63.0
540,0.00,260.00,260.0,30.14,5.00,1796.00,1801.0,67.29,9,7.29,4806,0.62,4915,50,4,4.00,1.00,5.0,0.00,0.00,0.0,1.00,176659.00,63.2
541,0.00,452.00,452.0,33.42,6.00,1295.00,1301.0,67.31,1,7.29,4806,0.62,4915,50,4,4.00,2.00,6.0,0.00,0.00,0.0,0.00,176986.00,63.0
542,0.00,136.00,136.0,31.23,8.00,1693.00,1701.0,67.33,12,7.29,4806,0.62,4927,49,4,6.00,1.00,7.0,0.00,0.00,0.0,1.00,98015.00,75.3
543,0.00,872.00,872.0,46.4,0.00,1742.00,1742.0,67.37,5,7.29,4806,0.62,4925,49,4,0.00,0.00,0.0,0.00,0.00,0.0,1.00,66170.00,53.3
544,0.00,50020.00,50020.0,9.46,8.00,545.00,553.0,67.37,1,7.29,4805,0.62,4928,49,4,8.00,0.00,8.0,0.00,0.00,0.0,0.00,21052.00,38.5
545,0.00,396.00,396.0,3.3,11.00,293.00,304.0,67.37,1,6.78,4805,0.62,4928,49,4,10.00,0.00,10.0,0.00,0.00,0.0,1.00,11081.00,38.3
546,0.00,168.00,168.0,3.03,2.00,291.00,293.0,67.37,1,6.78,4805,0.62,4915,49,4,2.00,0.00,2.0,0.00,0.00,0.0,0.00,17063.00,38.9
547,0.00,460.00,460.0,11.31,16.00,1102.00,1118.0,67.38,1,6.78,4803,0.62,4905,49,4,12.00,0.00,12.0,4.00,4.00,8.0,0.00,67671.00,56.0
548,0.00,644.00,644.0,26.9,6.00,1819.00,1825.0,67.36,12,6.78,4802,0.62,4900,49,4,6.00,0.00,6.0,0.00,0.00,0.0,1.00,169700.00,69.5
549,0.00,16548.00,16548.0,38.83,0.00,1845.00,1845.0,67.38,5,6.78,4802,0.62,4900,49,4,0.00,0.00,0.0,0.00,0.00,0.0,0.00,199978.00,69.6
550,0.00,904.00,904.0,42.97,4.00,1828.00,1832.0,67.38,4,7.2,4805,0.62,4887,49,4,4.00,0.00,4.0,0.00,0.00,0.0,4.00,192349.00,70.0
551,0.00,684.00,684.0,51.88,4.00,3344.00,3348.0,67.41,17,7.2,4806,0.62,4885,49,4,4.00,0.00,4.0,0.00,0.00,0.0,3.00,178153.00,82.2
552,0.00,424.00,424.0,61.69,0.00,3114.00,3114.0,67.44,23,7.2,4806,0.62,4900,49,4,0.00,0.00,0.0,0.00,0.00,0.0,0.00,192960.00,81.9
553,0.00,312.00,312.0,54.23,6.00,2504.00,2510.0,67.47,4,7.2,4805,0.62,4901,49,4,6.00,0.00,6.0,0.00,0.00,0.0,0.00,231814.00,68.8
554,0.00,26484.00,26484.0,34.18,2.00,1900.00,1902.0,67.5,6,7.2,4806,0.62,4918,49,4,2.00,0.00,2.0,0.00,0.00,0.0,1.00,191019.00,69.0
555,0.00,1048.00,1048.0,39.31,0.00,2935.00,2935.0,67.54,7,6.94,4806,0.62,4913,49,4,0.00,0.00,0.0,0.00,0.00,0.0,2.00,150561.00,69.0
556,0.00,420.00,420.0,34.74,12.00,2105.00,2117.0,67.56,6,6.94,4806,0.62,4910,50,5,8.00,4.00,12.0,1.00,1.00,2.0,0.00,127393.00,62.1
557,0.00,540.00,540.0,32.58,2.00,1803.00,1805.0,67.58,6,6.94,4806,0.62,4902,50,5,2.00,0.00,2.0,0.00,0.00,0.0,0.00,148702.00,62.7
558,0.00,276.00,276.0,34.68,2.00,1630.00,1632.0,67.6,9,6.94,4806,0.62,4907,50,5,2.00,0.00,2.0,0.00,0.00,0.0,0.00,186343.00,62.7
559,4.00,21568.00,21572.0,25.79,3.00,1040.00,1043.0,67.63,1,6.94,4805,0.62,4906,50,5,2.00,1.00,3.0,0.00,0.00,0.0,0.00,120792.00,63.1
560,0.00,840.00,840.0,39.28,2.00,1998.00,2000.0,67.66,3,6.94,4805,0.62,4914,50,4,0.00,2.00,2.0,0.00,0.00,0.0,4.00,108070.00,57.7
561,0.00,580.00,580.0,16.69,2.00,1312.00,1314.0,67.66,1,6.39,4805,0.62,4926,50,4,0.00,2.00,2.0,0.00,0.00,0.0,1.00,54435.00,39.6
562,0.00,64.00,64.0,3.05,3.00,206.00,209.0,67.66,1,6.39,4804,0.62,4925,50,4,0.00,2.00,2.0,0.00,0.00,0.0,0.00,11639.00,39.5
563,0.00,372.00,372.0,3.8,12.00,425.00,437.0,67.67,1,6.39,4803,0.62,4917,50,4,10.00,2.00,12.0,0.00,0.00,0.0,0.00,15388.00,39.3
564,0.00,66724.00,66724.0,3.3,3.00,289.00,292.0,67.67,3,6.39,4798,0.62,4896,50,4,2.00,0.00,2.0,0.00,0.00,0.0,0.00,12876.00,39.3
565,0.00,0.00,0.0,4.18,1.00,263.00,264.0,67.67,1,6.39,4796,0.62,4882,50,4,0.00,0.00,0.0,0.00,0.00,0.0,1.00,13052.00,39.3
566,0.00,860.00,860.0,4.87,5.00,664.00,669.0,67.67,1,5.88,4793,0.62,4869,50,4,4.00,1.00,5.0,0.00,0.00,0.0,2.00,32587.00,50.2
567,0.00,616.00,616.0,15.97,9.00,1328.00,1337.0,67.68,1,5.88,4799,0.62,4903,50,4,4.00,1.00,5.0,4.00,4.00,8.0,6.00,89671.00,50.7
568,4.00,580.00,584.0,26.58,3.00,800.00,803.0,67.7,7,5.88,4800,0.62,4909,50,4,0.00,2.00,2.0,0.00,0.00,0.0,17.00,133766.00,50.4
569,0.00,244.00,244.0,15.15,0.00,906.00,906.0,67.71,8,5.88,4803,0.62,4927,50,4,0.00,0.00,0.0,0.00,0.00,0.0,3.00,64523.00,61.6
570,4.00,12944.00,12948.0,32.82,0.00,2581.00,2581.0,67.71,10,5.88,4806,0.62,4919,50,4,0.00,0.00,0.0,0.00,0.00,0.0,4.00,124973.00,71.7
571,0.00,204.00,204.0,38.92,3.00,1846.00,1849.0,67.75,1,6.05,4806,0.62,4922,50,4,0.00,2.00,2.0,0.00,0.00,0.0,0.00,166491.00,72.0
572,0.00,340.00,340.0,49.68,0.00,1099.00,1099.0,67.77,13,6.05,4806,0.62,4916,50,4,0.00,0.00,0.0,0.00,0.00,0.0,2.00,184139.00,72.4
573,0.00,432.00,432.0,45.8,0.00,2332.00,2332.0,67.81,7,6.05,4806,0.62,4903,50,4,0.00,0.00,0.0,0.00,0.00,0.0,0.00,154734.65,79.0
574,0.00,556.00,556.0,54.82,1.00,3897.00,3898.0,67.85,13,6.05,4806,0.62,4890,50,4,0.00,1.00,1.0,0.00,0.00,0.0,0.00,204673.00,79.3
575,0.00,276.00,276.0,64.62,1.00,2918.00,2919.0,67.89,21,6.05,4804,0.62,4903,50,4,0.00,1.00,1.0,0.00,0.00,0.0,1.00,222206.00,85.2
576,0.00,860.00,860.0,68.36,2.00,2141.00,2143.0,67.94,4,6.76,4804,0.62,4903,50,4,0.00,2.00,2.0,0.00,0.00,0.0,0.00,213859.00,77.4
577,0.00,612.00,612.0,56.22,4.00,2399.00,2403.0,67.96,19,6.76,4805,0.62,4906,50,4,0.00,0.00,0.0,4.00,4.00,8.0,3.00,218174.00,85.7
578,0.00,980.00,980.0,68.92,1.00,3556.00,3557.0,68.01,12,6.76,4806,0.62,4897,50,4,0.00,0.00,0.0,0.00,0.00,0.0,0.00,137956.00,76.4
579,0.00,664.00,664.0,48.04,2.00,2463.00,2465.0,68.04,4,6.76,4805,0.62,4903,49,4,0.00,1.00,1.0,0.00,0.00,0.0,0.00,138794.00,76.2
580,0.00,89988.00,89988.0,42.03,0.00,1939.00,1939.0,68.08,3,6.76,4805,0.62,4907,49,4,0.00,0.00,0.0,0.00,0.00,0.0,1.00,68967.00,50.1
581,0.00,372.00,372.0,7.12,0.00,402.00,402.0,68.06,1,6.78,4804,0.62,4909,49,4,0.00,0.00,0.0,0.00,0.00,0.0,0.00,19326.00,37.8
582,0.00,68.00,68.0,4.05,2.00,328.00,330.0,68.06,1,6.78,4801,0.62,4899,49,4,2.00,0.00,2.0,0.00,0.00,0.0,0.00,13496.00,37.8
583,0.00,364.00,364.0,3.66,2.00,308.00,310.0,68.07,1,6.78,4799,0.62,4887,49,4,2.00,0.00,2.0,0.00,0.00,0.0,0.00,13520.00,37.8
584,0.00,28.00,28.0,3.8,3.00,474.00,477.0,68.07,2,6.78,4798,0.62,4877,49,4,2.00,0.00,2.0,0.00,0.00,0.0,1.00,22499.00,47.5
585,0.00,15604.00,15604.0,17.91,2.00,1014.00,1016.0,68.08,2,6.78,4798,0.62,4876,49,4,2.00,0.00,2.0,0.00,0.00,0.0,4.00,85025.00,66.2
586,0.00,188.00,188.0,27.28,0.00,1084.00,1084.0,68.08,9,6.32,4798,0.62,4886,49,4,0.00,0.00,0.0,0.00,0.00,0.0,1.00,132179.00,56.9
587,0.00,164.00,164.0,20.87,6.00,905.00,911.0,68.08,2,6.32,4800,0.62,4891,49,4,2.00,0.00,2.0,4.00,4.00,8.0,3.00,107170.00,57.2
588,0.00,600.00,600.0,28.52,2.00,1719.00,1721.0,68.1,2,6.32,4805,0.62,4898,49,4,2.00,0.00,2.0,0.00,0.00,0.0,5.00,124253.00,76.1
589,0.00,640.00,640.0,57.74,2.00,2327.00,2329.0,68.14,1,6.32,4806,0.62,4890,49,4,2.00,0.00,2.0,0.00,0.00,0.0,1.00,125232.00,75.4
590,4.00,19724.00,19728.0,32.82,6.00,1394.00,1400.0,68.15,9,6.32,4805,0.62,4901,50,5,2.00,4.00,6.0,1.00,1.00,2.0,1.00,184192.00,74.9
591,0.00,440.00,440.0,41.12,5.00,1123.00,1128.0,68.08,8,6.37,4805,0.62,4890,50,5,4.00,0.00,4.0,0.00,0.00,0.0,0.00,162233.00,64.4
592,0.00,1424.00,1424.0,37.79,2.00,2497.00,2499.0,68.1,11,6.37,4805,0.62,4885,50,5,2.00,0.00,2.0,0.00,0.00,0.0,1.00,129395.00,85.0
593,0.00,673.27,673.27,75.28,10.00,2673.00,2683.0,68.15,12,6.37,4801,0.62,4881,50,5,10.00,0.00,10.0,0.00,0.00,0.0,0.00,151832.00,79.7
594,0.00,60.00,60.0,56.03,1.00,1981.00,1982.0,68.16,12,6.37,4800,0.62,4906,50,4,0.00,0.00,0.0,0.00,0.00,0.0,0.00,168129.00,79.9
595,0.00,448.00,448.0,57.78,0.00,1225.00,1225.0,68.19,4,6.37,4801,0.62,4887,50,4,0.00,0.00,0.0,0.00,0.00,0.0,2.00,216836.00,66.5
596,0.00,256.00,256.0,45.31,0.00,1696.00,1696.0,68.23,17,5.86,4803,0.62,4899,50,4,0.00,0.00,0.0,0.00,0.00,0.0,2.00,128251.00,83.8
597,0.00,712.00,712.0,71.9,20.00,3661.00,3681.0,68.29,15,5.86,4804,0.62,4895,50,4,14.00,1.00,15.0,4.00,4.00,8.0,4.00,126698.00,83.8
598,4.00,812.00,816.0,67.94,1.00,2280.00,2281.0,68.3,3,5.86,4806,0.62,4923,50,4,0.00,1.00,1.0,0.00,0.00,0.0,19.00,156283.00,74.0
599,0.00,76.00,76.0,41.87,1.98,1239.60,1241.58,68.32,13,5.86,4805,0.62,4924,50,4,0.00,2.00,2.0,0.00,0.00,0.0,0.00,189511.00,74.3
600,0.00,468.00,468.0,45.82,3.00,1199.00,1202.0,68.35,15,5.86,4805,0.62,4922,50,4,2.00,0.00,2.0,0.00,0.00,0.0,1.00,122955.00,74.5
601,0.00,85856.00,85856.0,38.87,5.00,2061.00,2066.0,68.37,9,6.36,4805,0.62,4909,50,4,5.00,2.00,7.0,0.00,0.00,0.0,1.00,105386.00,59.2
602,0.00,404.00,404.0,21.18,1.00,1491.00,1492.0,68.39,0,6.36,4804,0.62,4913,50,4,1.00,1.00,2.0,0.00,0.00,0.0,0.00,54858.00,39.7
603,0.00,396.00,396.0,4.91,0.00,389.00,389.0,68.37,1,6.36,4804,0.62,4914,50,4,0.00,0.00,0.0,0.00,0.00,0.0,1.00,20323.00,39.9
604,0.00,40.00,40.0,7.6,2.00,578.00,580.0,68.37,1,6.36,4804,0.62,4914,50,4,2.00,0.00,2.0,0.00,0.00,0.0,0.00,44486.00,40.5
605,0.00,436.00,436.0,10.96,12.00,661.00,673.0,68.38,0,6.36,4804,0.62,4906,50,4,12.00,0.00,12.0,0.00,0.00,0.0,1.00,78473.00,46.7
606,0.00,16328.00,16328.0,12.96,4.00,926.00,930.0,68.39,4,6.09,4803,0.62,4900,50,4,4.00,0.00,4.0,0.00,0.00,0.0,0.00,70407.00,55.4
607,0.00,844.00,844.0,28.26,6.00,2079.00,2085.0,68.4,8,6.09,4802,0.62,4887,50,4,2.00,0.00,2.0,4.00,4.00,8.0,1.00,156767.00,72.9
608,0.00,724.00,724.0,43.19,8.00,2107.00,2115.0,68.44,16,6.09,4803,0.62,4901,50,4,8.00,0.00,8.0,0.00,0.00,0.0,2.00,167115.00,79.0
609,0.00,328.00,328.0,55.34,6.00,1719.00,1725.0,68.47,6,6.09,4805,0.62,4907,50,4,6.00,1.00,7.0,0.00,0.00,0.0,2.00,196390.00,68.0
610,0.00,1284.00,1284.0,34.15,4.00,1811.00,1815.0,68.5,10,6.09,4806,0.62,4929,49,5,2.00,0.00,2.0,1.00,0.00,1.0,2.00,144965.00,68.2
611,4.00,43416.00,43420.0,38.79,4.00,3211.00,3215.0,68.49,1,6.32,4805,0.62,4912,49,5,4.00,0.00,4.0,0.00,0.00,0.0,1.00,139859.00,74.3
612,0.00,392.00,392.0,49.17,2.00,3117.00,3119.0,68.52,8,6.32,4806,0.62,4929,49,5,2.00,0.00,2.0,0.00,0.00,0.0,0.00,210604.00,73.8
613,0.00,620.00,620.0,39.23,0.00,1776.00,1776.0,68.54,4,6.32,4806,0.62,4923,49,5,0.00,0.00,0.0,0.00,0.00,0.0,1.00,228678.00,73.5
614,0.00,376.00,376.0,36.74,0.00,1881.00,1881.0,68.58,4,6.32,4805,0.62,4913,49,5,0.00,0.00,0.0,0.00,0.00,0.0,1.00,176028.00,66.8
615,0.00,816.00,816.0,39.01,12.00,3147.00,3159.0,68.61,2,6.32,4805,0.62,4892,49,5,10.00,1.00,11.0,1.00,0.00,1.0,2.00,168565.00,79.0
616,0.00,19440.00,19440.0,47.04,3.00,3046.00,3049.0,68.64,2,6.29,4805,0.62,4910,49,5,3.00,1.00,4.0,0.00,0.00,0.0,0.00,177332.00,63.2
617,0.00,160.00,160.0,34.92,2.00,1237.00,1239.0,68.66,7,6.29,4805,0.62,4914,49,5,2.00,0.00,2.0,0.00,0.00,0.0,1.00,191484.00,63.6
618,0.00,924.00,924.0,29.13,6.00,1336.00,1342.0,68.69,1,6.29,4806,0.62,4919,49,5,6.00,0.00,6.0,0.00,0.00,0.0,1.00,102103.00,63.2
619,0.00,996.00,996.0,25.16,6.00,2200.00,2206.0,68.71,1,6.29,4806,0.62,4926,49,5,6.00,0.00,6.0,0.00,0.00,0.0,0.00,101606.00,55.4
620,0.00,720.00,720.0,14.01,6.00,1140.00,1146.0,68.73,0,6.29,4805,0.62,4928,49,5,4.00,1.00,5.0,1.00,0.00,1.0,4.00,50096.00,40.7
621,0.00,38420.00,38420.0,7.39,0.00,507.00,507.0,68.73,0,5.87,4805,0.62,4921,49,5,0.00,0.00,0.0,0.00,0.00,0.0,0.00,44183.00,40.9
622,0.00,76.00,76.0,9.96,2.00,793.00,795.0,68.73,6,5.87,4805,0.62,4917,49,5,2.00,0.00,2.0,0.00,0.00,0.0,0.00,67957.00,51.8
623,0.00,732.00,732.0,20.33,4.00,1573.00,1577.0,68.74,5,5.87,4804,0.62,4910,49,5,4.00,0.00,4.0,0.00,0.00,0.0,0.00,114293.00,68.0
624,0.00,96.00,96.0,41.83,3.00,2593.00,2596.0,68.76,6,5.87,4804,0.62,4894,49,6,0.00,0.00,0.0,1.00,1.00,2.0,0.00,201389.00,75.9
625,0.00,332.00,332.0,48.45,4.00,2511.00,2515.0,68.8,21,5.87,4803,0.62,4885,49,6,4.00,0.00,4.0,0.00,0.00,0.0,1.00,220234.00,84.3
626,0.00,11020.00,11020.0,73.18,2.00,1535.00,1537.0,68.85,13,6.6,4803,0.62,4885,50,5,0.00,3.00,3.0,0.00,0.00,0.0,0.00,189293.00,83.9
627,0.00,1532.00,1532.0,57.84,7.00,2621.00,2628.0,68.85,8,6.6,4804,0.62,4885,50,5,0.00,2.00,2.0,4.00,4.00,8.0,1.00,184254.00,74.4
628,4.00,1180.00,1184.0,41.38,2.00,2918.00,2920.0,68.9,2,6.6,4812,0.62,4890,50,4,0.00,2.00,2.0,0.00,0.00,0.0,19.00,141072.00,68.3
629,0.00,520.00,520.0,31.35,20.00,2708.00,2728.0,68.87,2,6.6,4803,0.62,4889,50,4,18.00,2.00,20.0,0.00,0.00,0.0,0.00,125368.00,68.4
630,0.00,436.00,436.0,49.68,10.00,2960.00,2970.0,68.87,5,6.6,4804,0.62,4929,49,4,8.00,1.00,9.0,0.00,0.00,0.0,3.00,188887.00,68.5
631,0.00,43220.00,43220.0,37.53,4.00,2235.00,2239.0,68.88,21,7.19,4804,0.62,4943,49,4,3.96,0.00,3.96,0.00,0.00,0.0,0.00,182822.00,78.5
632,0.00,596.00,596.0,47.97,2.00,1584.00,1586.0,68.92,0,7.19,4803,0.62,4949,49,4,2.00,0.00,2.0,0.00,0.00,0.0,0.00,156216.00,77.9
633,0.00,256.00,256.0,59.82,13.00,2905.00,2918.0,68.95,5,7.19,4805,0.62,4936,49,4,12.00,0.00,12.0,0.00,0.00,0.0,4.00,177547.00,85.5
634,0.00,648.00,648.0,77.37,0.00,4355.00,4355.0,69.01,23,7.19,4806,0.62,4904,49,4,0.00,0.00,0.0,0.00,0.00,0.0,1.00,167777.00,85.6
635,0.00,412.00,412.0,72.26,0.00,3302.00,3302.0,69.05,11,7.19,4806,0.62,4898,49,4,0.00,0.00,0.0,0.00,0.00,0.0,1.00,194795.00,85.5
636,0.00,57380.00,57380.0,67.35,0.00,2522.00,2522.0,69.08,14,8.14,4806,0.62,4912,49,4,0.00,0.00,0.0,0.00,0.00,0.0,0.00,195298.00,85.4
637,0.00,508.00,508.0,68.1,4.00,2049.00,2053.0,69.13,6,8.14,4806,0.62,4925,49,4,0.00,0.00,0.0,4.00,4.00,8.0,1.00,212141.00,84.8
638,0.00,640.00,640.0,56.05,2.00,3116.00,3118.0,69.15,3,8.14,4806,0.62,4913,49,4,1.00,1.00,2.0,0.00,0.00,0.0,0.00,205632.00,76.8
639,0.00,976.00,976.0,44.47,0.00,2910.00,2910.0,69.18,0,8.14,4806,0.62,4931,49,4,0.00,0.00,0.0,0.00,0.00,0.0,0.00,143463.00,76.2
640,0.00,428.00,428.0,43.67,12.00,2951.00,2963.0,69.2,2,8.14,4806,0.62,4927,49,4,12.00,0.00,12.0,0.00,0.00,0.0,1.00,109770.00,66.2
641,0.00,548.00,548.0,28.85,12.00,2121.00,2133.0,69.22,0,8.05,4806,0.62,4920,49,4,14.00,0.00,14.0,0.00,0.00,0.0,0.00,136107.00,66.3
642,4.00,79756.00,79760.0,47.28,16.00,2498.00,2514.0,69.2,15,8.05,4805,0.62,4923,49,4,14.00,0.00,14.0,0.00,0.00,0.0,0.00,205712.00,71.8
643,0.00,796.00,796.0,43.7,13.00,2179.00,2192.0,69.23,13,8.05,4804,0.62,4905,49,4,12.00,0.00,12.0,0.00,0.00,0.0,0.00,210493.00,79.0
644,0.00,600.00,600.0,50.95,14.00,2949.00,2963.0,69.28,16,8.05,4806,0.62,4899,49,4,14.00,0.00,14.0,0.00,0.00,0.0,2.00,214940.00,79.5
645,0.00,476.00,476.0,67.1,8.00,3922.00,3930.0,69.31,12,8.05,4805,0.62,4899,49,4,8.00,0.00,8.0,0.00,0.00,0.0,2.00,206337.00,85.7
646,0.00,1052.00,1052.0,71.77,4.00,4507.00,4511.0,69.37,15,9.41,4806,0.62,4898,49,4,4.00,0.00,4.0,0.00,0.00,0.0,2.00,213157.00,85.7
647,0.00,20384.00,20384.0,71.99,4.00,2389.00,2393.0,69.41,27,9.41,4806,0.62,4922,49,4,4.00,0.00,4.0,0.00,0.00,0.0,2.00,195215.00,85.6
648,0.00,180.00,180.0,76.23,8.00,1525.00,1533.0,69.46,24,9.41,4807,0.62,4894,49,4,8.00,0.00,8.0,0.00,0.00,0.0,1.98,196813.86,85.7
649,0.00,1180.00,1180.0,75.25,6.00,2374.00,2380.0,69.48,17,9.41,4805,0.62,4891,49,4,6.00,0.00,6.0,0.00,0.00,0.0,1.00,178689.00,85.3
650,0.00,1832.00,1832.0,67.34,11.00,2749.00,2760.0,69.48,26,9.41,4807,0.62,4888,49,4,10.00,0.00,10.0,0.00,0.00,0.0,4.00,161607.00,85.2
651,0.00,660.00,660.0,65.77,10.00,4085.00,4095.0,69.5,14,10.09,4807,0.62,4915,49,4,10.00,1.00,11.0,0.00,0.00,0.0,0.00,164418.00,85.3
652,0.00,23348.00,23348.0,64.13,6.00,2915.00,2921.0,69.55,19,10.09,4807,0.62,4914,49,4,6.00,0.00,6.0,0.00,0.00,0.0,1.00,157228.00,76.7
653,0.00,304.00,304.0,44.44,4.00,2451.00,2455.0,69.56,3,10.09,4806,0.62,4913,49,4,4.00,0.00,4.0,0.00,0.00,0.0,1.00,224370.00,76.7
654,0.00,368.00,368.0,57.89,13.00,2313.00,2326.0,69.6,9,10.09,4806,0.62,4909,49,4,12.00,0.00,12.0,0.00,0.00,0.0,1.00,225070.00,84.3
655,0.00,1012.00,1012.0,66.33,10.00,2577.00,2587.0,69.63,9,10.09,4805,0.62,4893,49,4,10.00,0.00,10.0,0.00,0.00,0.0,2.00,174397.00,84.3
656,0.00,968.00,968.0,74.21,8.00,2884.00,2892.0,69.71,12,10.01,4807,0.62,4893,49,4,8.00,0.00,8.0,0.00,0.00,0.0,1.00,156367.00,84.1
657,0.00,38152.00,38152.0,55.13,5.00,2930.00,2935.0,69.7,2,10.01,4807,0.62,4889,49,4,0.00,0.00,0.0,4.00,4.00,8.0,0.00,124949.00,77.9
658,0.00,576.00,576.0,61.46,5.00,3133.00,3138.0,69.72,16,10.01,4807,0.62,4902,50,5,2.00,3.00,5.0,1.00,1.00,2.0,0.00,222757.00,77.9
659,4.00,480.00,484.0,50.0,0.00,2596.00,2596.0,69.76,9,10.01,4807,0.62,4925,50,5,0.00,0.00,0.0,0.00,0.00,0.0,19.00,226137.00,78.5
660,0.00,176.00,176.0,58.72,1.00,2283.00,2284.0,69.78,11,10.01,4807,0.62,4908,50,5,0.00,0.00,0.0,0.00,0.00,0.0,1.00,233609.00,78.4
661,0.00,872.00,872.0,50.84,0.00,2587.00,2587.0,69.84,3,10.33,4807,0.62,4906,50,5,0.00,0.00,0.0,0.00,0.00,0.0,1.00,163285.00,69.8
662,4.00,39468.00,39472.0,40.63,0.00,3581.00,3581.0,69.86,1,10.33,4807,0.62,4925,50,4,0.00,0.00,0.0,0.00,0.00,0.0,0.00,120556.00,58.1
663,0.00,692.00,692.0,17.58,2.00,1197.00,1199.0,69.88,0,10.33,4806,0.62,4933,50,4,2.00,0.00,2.0,0.00,0.00,0.0,2.00,53647.00,41.4
664,0.00,52.00,52.0,8.59,0.00,703.00,703.0,69.88,1,10.33,4807,0.62,4926,50,4,2.00,0.00,2.0,0.00,0.00,0.0,1.00,45763.00,54.5
665,0.00,487.13,487.13,20.2,16.00,1162.00,1178.0,69.94,10,10.33,4807,0.62,4921,50,4,12.00,2.00,14.0,0.00,0.00,0.0,1.00,89493.00,67.7
666,0.00,436.00,436.0,32.39,4.00,1579.00,1583.0,69.95,1,10.06,4807,0.62,4916,50,4,2.00,2.00,4.0,0.00,0.00,0.0,0.00,111025.00,73.3
667,0.00,92332.00,92332.0,52.32,16.00,2545.00,2561.0,69.97,3,10.06,4807,0.62,4898,50,4,12.00,0.00,12.0,4.00,4.00,8.0,0.00,188368.00,73.8
668,0.00,1176.00,1176.0,54.55,9.00,3655.00,3664.0,70.01,20,10.06,4806,0.62,4931,50,4,9.00,1.00,10.0,0.00,0.00,0.0,1.00,199804.00,85.4
669,0.00,664.00,664.0,70.57,0.00,4029.00,4029.0,70.03,15,10.06,4807,0.62,4905,50,4,0.00,0.00,0.0,0.00,0.00,0.0,1.00,169150.00,85.4
670,0.00,656.00,656.0,75.59,2.00,2899.00,2901.0,70.09,36,10.06,4807,0.62,4928,50,4,2.00,0.00,2.0,0.00,0.00,0.0,2.00,147003.00,85.4
671,0.00,704.00,704.0,71.36,0.00,3163.00,3163.0,70.07,11,11.58,4806,0.62,4908,50,4,0.00,0.00,0.0,0.00,0.00,0.0,1.00,159109.00,85.4
672,0.00,107036.00,107036.0,70.2,4.00,3594.00,3598.0,70.14,19,11.58,4806,0.62,4895,50,4,4.00,0.00,4.0,0.00,0.00,0.0,0.00,176718.00,85.5
673,0.00,460.00,460.0,71.46,6.00,3941.00,3947.0,70.19,5,11.58,4806,0.62,4901,50,4,4.00,2.00,6.0,0.00,0.00,0.0,2.00,162053.00,85.5
674,0.00,568.00,568.0,64.36,7.00,4286.00,4293.0,70.26,7,11.58,4807,0.62,4914,50,4,6.00,1.00,7.0,0.00,0.00,0.0,2.00,148389.00,58.1
675,0.00,412.00,412.0,18.29,12.00,1134.00,1146.0,70.25,0,11.58,4807,0.62,4924,50,4,12.00,2.00,14.0,0.00,0.00,0.0,1.00,67787.00,57.5
676,0.00,460.00,460.0,21.24,18.00,1287.00,1305.0,70.26,3,11.21,4806,0.62,4910,50,4,16.00,0.00,16.0,0.00,0.00,0.0,0.00,118022.00,52.4
677,0.00,444.00,444.0,23.1,18.00,1407.00,1425.0,70.28,3,11.21,4806,0.62,4903,50,4,14.00,0.00,14.0,4.00,4.00,8.0,1.00,138221.00,58.6
678,0.00,25224.00,25224.0,25.22,4.00,1895.00,1899.0,70.27,21,11.21,4806,0.62,4943,50,4,2.00,2.00,4.0,0.00,0.00,0.0,0.00,110345.00,69.8
679,0.00,72.00,72.0,36.95,1.00,2723.00,2724.0,70.26,7,11.21,4806,0.62,4942,50,4,0.00,1.00,1.0,0.00,0.00,0.0,1.00,170042.00,80.3
680,0.00,1468.00,1468.0,63.91,5.00,3891.00,3896.0,70.24,37,11.21,4807,0.62,4929,50,4,2.00,2.00,4.0,0.00,0.00,0.0,5.00,197431.00,86.0
681,0.00,1348.00,1348.0,73.66,3.00,3621.00,3624.0,70.25,23,13.2,4807,0.62,4917,50,4,2.00,2.00,4.0,0.00,0.00,0.0,0.00,167353.00,85.8
682,0.00,368.00,368.0,71.57,0.00,3323.00,3323.0,70.27,17,13.2,4807,0.62,4913,50,4,0.00,0.00,0.0,0.00,0.00,0.0,0.00,161113.00,85.8
683,0.00,51876.00,51876.0,70.06,1.00,3302.00,3303.0,70.34,10,13.2,4807,0.62,4919,50,4,0.00,0.00,0.0,0.00,0.00,0.0,1.00,174959.00,86.0
