0,28.00,512.00,540.0,2.29,7.00,7.00,14.0,48.81,1,0.4,4261,0.60,3942,49,4,9.00,17.00,26.0,0.00,0.00,0.0,6.00,5744.00,34.9
1,0.00,88.00,88.0,1.65,0.00,0.00,0.0,48.81,1,0.37,4261,0.60,3942,49,4,0.00,0.00,0.0,0.00,0.00,0.0,2.00,5248.00,35.0
2,0.00,24.00,24.0,1.77,0.00,0.00,0.0,48.81,1,0.37,4261,0.60,3942,49,4,0.00,0.00,0.0,0.00,0.00,0.0,1.00,4980.00,34.9
3,0.00,44.00,44.0,1.65,0.00,0.00,0.0,48.81,1,0.37,4261,0.60,3942,49,4,0.00,0.00,0.0,0.00,0.00,0.0,1.00,4961.00,34.8
4,0.00,28.00,28.0,1.91,0.00,0.00,0.0,48.81,1,0.37,4261,0.60,3942,49,4,0.00,0.00,0.0,0.00,0.00,0.0,1.00,5045.00,34.8
5,0.00,184.00,184.0,1.9,1.00,1.00,2.0,48.82,1,0.37,4261,0.60,3942,49,4,0.00,0.00,0.0,0.00,0.00,0.0,1.00,5149.00,34.8
6,0.00,268.00,268.0,2.02,0.00,0.00,0.0,48.82,1,0.5,4261,0.60,3942,49,4,0.00,0.00,0.0,0.00,0.00,0.0,2.00,5452.00,34.8
7,0.00,44.00,44.0,1.89,0.00,0.00,0.0,48.82,1,0.5,4261,0.60,3942,49,4,0.00,0.00,0.0,0.00,0.00,0.0,1.00,4968.00,34.8
8,0.00,76.00,76.0,1.64,0.00,3.00,3.0,48.82,1,0.5,4261,0.60,3942,49,4,0.00,0.00,0.0,0.00,0.00,0.0,1.00,5103.00,34.8
9,0.00,5856.00,5856.0,6.83,0.00,5.00,5.0,48.83,6,0.5,4261,0.60,3944,49,4,0.00,0.00,0.0,0.00,0.00,0.0,1.00,5574.00,34.8
10,0.00,132.00,132.0,66.12,0.00,110.00,110.0,48.98,15,0.5,4281,0.60,4006,49,4,0.00,0.00,0.0,0.00,0.00,0.0,21.00,24603.00,72.0
11,0.00,432.00,432.0,82.36,0.00,212.00,212.0,49.1,10,1.18,4330,0.60,4053,49,4,0.00,0.00,0.0,0.00,0.00,0.0,51.00,37518.00,85.5
12,0.00,276.00,276.0,89.85,0.00,328.00,328.0,49.18,24,1.18,4356,0.60,4123,49,4,0.00,0.00,0.0,0.00,0.00,0.0,28.00,38679.00,85.8
13,0.00,308.00,308.0,91.81,1.00,222.00,223.0,49.26,21,1.18,4384,0.60,4157,49,4,0.00,0.00,0.0,0.00,0.00,0.0,28.00,33048.00,86.2
14,0.00,32.00,32.0,91.57,4.00,442.00,446.0,49.31,13,1.18,4391,0.60,4188,49,4,0.00,0.00,0.0,4.00,4.00,8.0,13.00,47606.00,86.4
15,0.00,356.00,356.0,91.98,0.99,310.89,311.88,49.46,26,1.18,4428,0.60,4218,49,4,0.00,0.00,0.0,0.00,0.00,0.0,36.00,32344.00,86.6
16,0.00,280.00,280.0,94.38,0.00,309.00,309.0,49.53,15,4.13,4445,0.60,4235,49,4,0.00,0.00,0.0,0.00,0.00,0.0,38.00,24858.00,87.0
17,0.00,992.00,992.0,46.85,0.00,183.00,183.0,49.63,3,4.13,4445,0.60,4235,49,4,0.00,0.00,0.0,0.00,0.00,0.0,1.00,14374.00,86.4
18,0.00,1148.00,1148.0,11.85,1.00,14.00,15.0,49.64,4,4.13,4445,0.60,4237,49,4,1.00,1.00,2.0,0.00,0.00,0.0,1.00,7460.00,42.5
19,0.00,1364.00,1364.0,75.63,0.00,30.00,30.0,49.71,11,4.13,4446,0.60,4243,49,4,0.00,0.00,0.0,0.00,0.00,0.0,2.00,13799.00,76.8
20,0.00,1516.00,1516.0,88.58,0.00,349.00,349.0,49.79,39,4.13,4456,0.60,4282,49,4,0.00,0.00,0.0,0.00,0.00,0.0,11.00,32400.00,86.7
21,0.00,560.00,560.0,93.12,0.00,361.00,361.0,49.8,27,7.08,4457,0.60,4252,49,4,0.00,0.00,0.0,0.00,0.00,0.0,4.00,38100.00,86.8
22,0.00,924.00,924.0,92.12,1.00,457.00,458.0,49.84,34,7.08,4472,0.60,4299,49,4,0.00,0.00,0.0,0.00,0.00,0.0,16.00,41595.00,87.0
23,0.00,980.00,980.0,96.0,0.00,220.00,220.0,49.89,20,7.08,4492,0.60,4326,49,4,0.00,0.00,0.0,0.00,0.00,0.0,25.00,23032.00,87.1
24,0.00,276.00,276.0,92.96,4.00,222.00,226.0,49.99,25,7.08,4531,0.60,4385,49,4,0.00,0.00,0.0,4.00,4.00,8.0,40.00,27587.00,87.4
25,0.00,352.00,352.0,90.09,1.00,15.00,16.0,50.05,30,7.08,4535,0.60,4417,49,4,0.00,0.00,0.0,0.00,0.00,0.0,6.00,59893.00,87.6
26,0.00,448.00,448.0,92.83,0.00,0.00,0.0,50.12,23,8.84,4537,0.60,4442,49,4,0.00,0.00,0.0,0.00,0.00,0.0,4.00,44627.00,87.4
27,0.00,48.00,48.0,90.23,0.00,193.00,193.0,50.12,30,8.84,4537,0.60,4407,49,4,0.00,0.00,0.0,0.00,0.00,0.0,1.00,67929.00,87.4
28,0.00,716.00,716.0,92.44,1.00,220.00,221.0,50.2,12,8.84,4557,0.60,4453,49,4,0.00,0.00,0.0,0.00,0.00,0.0,21.00,23892.00,87.7
29,0.00,512.00,512.0,92.35,0.00,253.00,253.0,50.3,14,8.84,4574,0.60,4477,49,4,0.00,0.00,0.0,0.00,0.00,0.0,19.00,36164.00,87.9
30,0.00,676.00,676.0,93.36,0.00,345.00,345.0,50.34,32,8.84,4587,0.60,4476,49,4,0.00,0.00,0.0,0.00,0.00,0.0,14.00,29974.00,87.8
31,0.00,248.00,248.0,92.76,0.00,497.00,497.0,50.36,19,10.21,4598,0.60,4498,49,4,0.00,0.00,0.0,0.00,0.00,0.0,13.00,36728.00,87.9
32,0.00,28.00,28.0,88.64,0.00,115.00,115.0,50.48,12,10.21,4634,0.60,4544,49,4,0.00,0.00,0.0,0.00,0.00,0.0,37.00,32449.00,87.8
33,0.00,816.00,816.0,90.36,0.00,725.00,725.0,50.49,17,10.21,4634,0.60,4545,49,4,0.00,0.00,0.0,0.00,0.00,0.0,19.00,47987.00,87.6
34,0.00,292.00,292.0,86.98,2.00,877.00,879.0,50.62,13,10.21,4661,0.60,4577,49,4,2.00,1.00,3.0,0.00,0.00,0.0,29.00,37617.00,87.5
35,0.00,360.00,360.0,82.49,0.00,135.00,135.0,50.68,5,10.21,4682,0.60,4617,49,4,0.00,0.00,0.0,0.00,0.00,0.0,23.00,29945.00,87.6
36,0.00,1072.00,1072.0,19.14,0.00,11.00,11.0,50.67,1,9.79,4681,0.60,4599,49,4,0.00,0.00,0.0,0.00,0.00,0.0,2.00,6329.00,70.9
37,0.00,1204.00,1204.0,12.78,1.00,53.00,54.0,50.55,10,9.79,4681,0.60,4598,49,4,0.00,0.00,0.0,0.00,0.00,0.0,1.00,10115.00,36.9
38,0.00,1232.00,1232.0,70.55,0.00,63.00,63.0,50.65,9,9.79,4682,0.60,4606,49,4,0.00,0.00,0.0,0.00,0.00,0.0,2.00,12960.00,76.7
39,0.00,1740.00,1740.0,90.81,0.00,440.00,440.0,50.71,26,9.79,4682,0.60,4606,49,4,0.00,0.00,0.0,0.00,0.00,0.0,1.98,32323.76,88.2
40,0.00,16672.00,16672.0,91.97,0.00,854.00,854.0,50.74,38,9.79,4682,0.60,4623,49,4,0.00,0.00,0.0,0.00,0.00,0.0,2.00,44727.00,88.1
41,0.00,364.00,364.0,90.5,0.00,1008.00,1008.0,50.77,34,10.45,4688,0.60,4675,49,4,0.00,0.00,0.0,0.00,0.00,0.0,9.00,60392.00,87.9
42,0.00,800.00,800.0,91.64,399.00,891.00,1290.0,50.99,29,10.45,4750,0.60,4794,76,4,399.00,335.00,734.0,0.00,0.00,0.0,65.00,35402.00,87.8
43,0.00,68.00,68.0,92.75,0.00,580.00,580.0,51.05,41,10.45,4754,0.60,4805,76,4,0.00,0.00,0.0,0.00,0.00,0.0,5.00,43819.00,87.7
44,0.00,464.00,464.0,90.44,58.00,574.00,632.0,50.91,19,10.45,4707,0.60,4724,49,4,54.00,42.00,96.0,4.00,4.00,8.0,8.00,36421.00,87.5
45,0.00,7984.00,7984.0,90.33,0.00,359.00,359.0,51.03,10,10.45,4745,0.60,4765,49,4,0.00,0.00,0.0,0.00,0.00,0.0,40.00,34592.00,87.5
46,0.00,640.00,640.0,69.62,1.00,33.00,34.0,51.12,1,10.89,4745,0.60,4768,50,5,0.00,1.00,1.0,1.00,1.00,2.0,2.00,13031.00,87.5
47,0.00,256.00,256.0,1.52,2.00,2.00,4.0,51.09,1,10.89,4745,0.60,4768,50,5,0.00,2.00,2.0,0.00,0.00,0.0,1.00,4921.00,43.8
48,0.00,44.00,44.0,1.65,1.00,1.00,2.0,51.07,1,10.89,4744,0.60,4764,50,5,0.00,1.00,1.0,0.00,0.00,0.0,1.00,4848.00,35.5
49,0.00,80.00,80.0,2.42,0.00,2.00,2.0,51.03,1,10.89,4744,0.60,4764,50,5,0.00,0.00,0.0,0.00,0.00,0.0,1.00,5195.00,35.5
50,0.00,5668.00,5668.0,5.98,0.00,82.00,82.0,51.01,1,10.89,4744,0.60,4782,50,4,0.00,0.00,0.0,0.00,0.00,0.0,1.00,5872.00,35.5
51,0.00,76.00,76.0,10.55,1.00,340.00,341.0,50.99,1,10.02,4743,0.60,4778,50,4,0.00,1.00,1.0,0.00,0.00,0.0,2.00,7816.00,45.2
52,0.00,544.00,544.0,3.42,1.00,168.00,169.0,50.99,1,10.02,4743,0.60,4778,50,4,0.00,0.00,0.0,0.00,0.00,0.0,1.00,6133.00,36.5
53,0.00,132.00,132.0,14.74,12.00,334.00,346.0,50.99,3,10.02,4743,0.60,4777,50,4,12.00,0.00,12.0,0.00,0.00,0.0,1.00,11297.00,36.9
54,0.00,312.00,312.0,18.1,33.00,554.00,587.0,51.0,2,10.02,4743,0.60,4778,50,4,28.00,1.00,29.0,4.00,4.00,8.0,1.00,10732.00,55.7
55,0.00,2660.00,2660.0,10.72,3.00,237.00,240.0,51.04,1,10.02,4743,0.60,4768,50,4,0.00,2.00,2.0,0.00,0.00,0.0,2.00,5701.00,55.7
56,0.00,544.00,544.0,17.77,16.00,391.00,407.0,51.04,4,9.22,4743,0.60,4768,50,4,16.00,0.00,16.0,0.00,0.00,0.0,2.00,10142.00,48.6
57,0.00,164.00,164.0,16.77,25.00,396.00,421.0,51.07,1,9.22,4743,0.60,4768,50,4,24.00,0.00,24.0,0.00,1.00,1.0,1.00,7372.00,58.4
58,0.00,60.00,60.0,3.27,1.00,246.00,247.0,51.03,1,9.22,4743,0.60,4768,50,4,0.00,0.00,0.0,0.00,0.00,0.0,1.00,5295.00,35.9
59,0.00,552.00,552.0,19.2,25.00,436.00,461.0,51.04,3,9.22,4743,0.60,4767,50,4,24.00,0.00,24.0,0.00,0.00,0.0,1.00,10955.00,49.3
60,0.00,616.00,616.0,12.81,17.00,407.00,424.0,51.05,1,9.22,4743,0.60,4768,50,4,16.00,0.00,16.0,0.00,0.00,0.0,1.00,7097.00,56.5
61,0.00,2688.00,2688.0,9.13,0.00,344.00,344.0,51.06,7,8.48,4743,0.60,4767,50,4,0.00,0.00,0.0,0.00,0.00,0.0,2.00,11018.00,35.8
62,0.00,124.00,124.0,83.13,34.00,1634.00,1668.0,51.09,26,8.48,4745,0.60,4784,50,4,34.00,0.00,34.0,0.00,0.00,0.0,3.00,77539.00,76.1
63,0.00,984.00,984.0,89.57,6.00,1482.00,1488.0,51.13,11,8.48,4746,0.60,4802,50,4,6.00,0.00,6.0,0.00,0.00,0.0,2.00,72912.00,87.6
64,0.00,1611.88,1611.88,90.86,0.00,1098.00,1098.0,51.2,16,8.48,4746,0.60,4828,50,4,0.00,0.00,0.0,0.00,0.00,0.0,2.00,50982.00,87.7
65,0.00,196.00,196.0,92.5,2.00,199.00,201.0,51.29,15,8.48,4758,0.60,4866,49,5,0.00,1.00,1.0,1.00,0.00,1.0,12.87,22804.95,87.9
66,0.00,2456.00,2456.0,92.48,0.00,184.00,184.0,51.35,16,9.0,4771,0.60,4889,49,5,0.00,0.00,0.0,0.00,0.00,0.0,14.00,36741.00,88.0
67,0.00,228.00,228.0,95.86,0.00,8.00,8.0,51.42,14,9.0,4771,0.60,4917,49,5,0.00,0.00,0.0,0.00,0.00,0.0,1.00,21018.00,88.2
68,0.00,360.00,360.0,93.38,0.00,579.00,579.0,51.47,21,9.0,4772,0.60,4898,49,5,0.00,0.00,0.0,0.00,0.00,0.0,2.00,41915.00,88.2
69,0.00,224.00,224.0,92.34,0.00,461.00,461.0,51.52,13,9.0,4782,0.60,4896,49,5,0.00,0.00,0.0,0.00,0.00,0.0,11.00,30882.00,88.3
70,0.00,104.00,104.0,88.78,0.00,486.00,486.0,51.58,21,9.0,4803,0.60,5007,49,5,0.00,0.00,0.0,0.00,0.00,0.0,22.00,36364.00,88.3
71,0.00,17312.00,17312.0,91.23,1.00,5.00,6.0,51.66,43,9.16,4826,0.60,5029,50,4,0.00,1.00,1.0,0.00,0.00,0.0,25.00,52530.00,88.5
72,0.00,696.00,696.0,88.74,1.00,83.00,84.0,51.66,41,9.16,4833,0.60,5038,49,5,0.00,0.00,0.0,1.00,0.00,1.0,9.00,82007.00,88.3
73,0.00,1084.00,1084.0,90.11,2.00,372.00,374.0,51.69,32,9.16,4841,0.60,4959,49,5,1.00,1.00,2.0,0.00,0.00,0.0,10.00,68246.00,88.0
74,0.00,872.00,872.0,91.24,4.00,214.00,218.0,51.7,39,9.16,4841,0.60,5018,49,5,0.00,0.00,0.0,4.00,4.00,8.0,4.95,68121.78,87.9
75,0.00,664.00,664.0,91.62,0.00,97.00,97.0,51.73,34,9.16,4844,0.60,4981,49,5,0.00,0.00,0.0,0.00,0.00,0.0,5.00,57458.00,87.9
76,4.00,3184.00,3188.0,92.88,0.00,446.00,446.0,51.77,19,10.75,4844,0.60,4940,49,5,0.00,0.00,0.0,0.00,0.00,0.0,22.00,46916.00,87.9
77,0.00,72.00,72.0,92.34,2.00,810.00,812.0,51.8,16,10.75,4859,0.60,4927,49,5,0.00,1.00,1.0,1.00,0.00,1.0,16.00,38996.00,87.9
78,0.00,544.00,544.0,88.28,0.00,1108.00,1108.0,51.84,26,10.75,4871,0.60,4953,49,5,0.00,0.00,0.0,0.00,0.00,0.0,13.00,59704.00,87.8
79,0.00,308.00,308.0,91.08,0.00,1290.00,1290.0,51.89,23,10.75,4871,0.60,4962,49,5,0.00,0.00,0.0,0.00,0.00,0.0,1.00,62147.00,87.8
80,0.00,696.00,696.0,88.65,1.00,703.00,704.0,51.91,20,10.75,4871,0.60,4966,49,5,0.00,0.00,0.0,0.00,0.00,0.0,2.00,81089.00,87.8
81,0.00,436.00,436.0,87.47,1.00,353.00,354.0,51.94,26,12.61,4871,0.60,4956,49,5,0.00,0.00,0.0,0.00,0.00,0.0,4.00,92525.00,87.6
82,0.00,836.00,836.0,88.86,1.00,479.00,480.0,52.05,16,12.61,4881,0.60,4987,50,4,0.00,2.00,2.0,0.00,0.00,0.0,12.00,50920.00,87.6
83,0.00,1052.00,1052.0,88.83,1.00,1.00,2.0,52.08,40,12.61,4876,0.60,5030,50,4,0.00,1.00,1.0,0.00,0.00,0.0,3.00,97853.00,87.7
84,0.00,1260.00,1260.0,85.43,5.00,31.00,36.0,52.1,46,12.61,4877,0.60,5007,50,4,0.00,0.00,0.0,4.00,4.00,8.0,2.00,104468.00,87.6
85,0.00,508.00,508.0,87.62,0.00,31.00,31.0,52.11,41,12.61,4877,0.60,5024,50,4,0.00,0.00,0.0,0.00,0.00,0.0,1.00,99651.00,87.5
86,0.00,604.00,604.0,86.39,1.00,82.00,83.0,52.17,45,15.29,4878,0.60,5039,50,4,0.00,1.00,1.0,0.00,0.00,0.0,3.00,95996.00,87.4
87,0.00,240.00,240.0,82.6,2.00,105.00,107.0,52.17,45,15.29,4878,0.60,5050,50,4,0.00,1.00,1.0,0.00,0.00,0.0,2.00,111663.00,87.1
88,164.00,1724.00,1888.0,84.98,2.00,59.00,61.0,52.2,46,15.29,4878,0.60,5032,50,4,1.00,2.00,3.0,0.00,0.00,0.0,3.00,114415.00,86.9
89,0.00,1476.00,1476.0,85.98,0.00,391.00,391.0,52.25,31,15.29,4878,0.60,4976,50,4,0.00,0.00,0.0,0.00,0.00,0.0,1.00,107149.00,86.7
90,0.00,776.00,776.0,88.12,0.00,943.00,943.0,52.28,24,15.29,4860,0.60,4965,50,4,0.00,0.00,0.0,0.00,0.00,0.0,3.00,89270.00,86.7
91,0.00,424.00,424.0,85.61,3.00,416.00,419.0,52.3,37,15.43,4858,0.60,4980,50,4,0.00,3.00,3.0,0.00,0.00,0.0,4.00,97711.00,86.7
92,0.00,0.00,0.0,89.75,2.00,573.00,575.0,52.3,21,15.43,4860,0.60,4979,49,4,0.00,1.00,1.0,0.00,0.00,0.0,2.00,69237.00,86.7
93,0.00,1104.00,1104.0,91.84,0.00,527.00,527.0,52.32,36,15.43,4859,0.60,4968,49,4,0.00,0.00,0.0,0.00,0.00,0.0,1.00,50716.00,86.7
94,0.00,364.00,364.0,91.5,0.00,871.00,871.0,52.29,41,15.43,4861,0.60,4985,49,4,0.00,0.00,0.0,0.00,0.00,0.0,3.00,69386.00,86.7
95,0.00,448.00,448.0,89.89,0.00,769.00,769.0,52.32,46,15.43,4862,0.60,4978,49,4,0.00,0.00,0.0,0.00,0.00,0.0,2.00,65610.00,86.7
96,0.00,13180.00,13180.0,92.87,0.00,652.00,652.0,52.34,49,17.47,4861,0.60,4950,49,4,0.00,0.00,0.0,0.00,0.00,0.0,3.00,53106.00,86.8
97,0.00,508.00,508.0,91.5,0.00,617.00,617.0,52.36,56,17.47,4861,0.60,4943,49,4,0.00,0.00,0.0,0.00,0.00,0.0,1.00,64636.00,86.9
98,0.00,564.00,564.0,92.24,0.00,663.00,663.0,52.38,49,17.47,4864,0.60,4950,49,4,0.00,0.00,0.0,0.00,0.00,0.0,4.00,58669.00,86.9
99,0.00,496.00,496.0,91.0,0.00,702.00,702.0,52.42,77,17.47,4866,0.60,4949,49,4,0.00,0.00,0.0,0.00,0.00,0.0,3.00,54223.00,86.8
100,0.00,708.00,708.0,91.51,0.00,560.00,560.0,52.43,61,17.47,4867,0.60,4968,49,4,0.00,0.00,0.0,0.00,0.00,0.0,2.00,51978.00,86.8
101,0.00,40132.00,40132.0,89.88,0.00,544.00,544.0,52.47,87,21.84,4865,0.60,4960,49,4,0.00,0.00,0.0,0.00,0.00,0.0,2.00,65303.00,86.8
102,0.00,396.00,396.0,89.88,5.00,511.00,516.0,52.52,81,21.84,4866,0.60,4961,50,5,0.00,4.00,4.0,2.00,2.00,4.0,3.00,69494.00,86.7
103,0.00,92.00,92.0,92.62,1.00,810.00,811.0,52.56,65,21.84,4867,0.60,4946,50,6,0.00,0.00,0.0,1.00,1.00,2.0,2.00,57825.00,86.6
104,0.00,784.00,784.0,92.5,4.00,739.00,743.0,52.6,65,21.84,4866,0.60,4932,50,6,0.00,0.00,0.0,4.00,4.00,8.0,1.00,51443.00,86.6
105,0.00,252.00,252.0,91.14,2.00,792.00,794.0,52.62,68,21.84,4867,0.60,4925,51,6,0.00,3.00,3.0,0.00,0.00,0.0,3.00,57170.00,86.6
106,0.00,1000.00,1000.0,91.75,2.00,958.00,960.0,52.67,67,24.98,4867,0.60,4929,51,6,0.00,2.00,2.0,0.00,0.00,0.0,2.00,55255.00,86.6
107,0.00,19624.00,19624.0,91.38,3.00,992.00,995.0,52.7,47,24.98,4866,0.60,4939,51,4,0.00,1.00,1.0,2.00,2.00,4.0,1.00,50251.00,86.6
108,0.00,452.00,452.0,91.48,0.00,1147.00,1147.0,52.7,37,24.98,4866,0.60,4943,51,4,0.00,0.00,0.0,0.00,0.00,0.0,2.00,56870.00,86.6
109,0.00,360.00,360.0,91.88,0.00,927.00,927.0,52.73,13,24.98,4865,0.60,4945,51,4,0.00,0.00,0.0,0.00,0.00,0.0,1.00,47249.00,86.6
110,0.00,132.00,132.0,31.66,17.00,422.00,439.0,52.7,1,24.98,4863,0.60,4937,50,4,14.00,1.00,15.0,0.00,0.00,0.0,1.00,10495.00,75.0
111,0.00,108.00,108.0,6.05,6.00,353.00,359.0,52.7,1,23.06,4862,0.60,4931,50,4,6.00,0.00,6.0,0.00,0.00,0.0,2.00,7709.00,41.3
112,0.00,5064.00,5064.0,8.49,14.00,452.00,466.0,52.67,3,23.06,4861,0.60,4910,50,4,14.00,0.00,14.0,0.00,0.00,0.0,1.00,10753.00,41.5
113,0.00,136.00,136.0,5.04,22.00,373.00,395.0,52.66,0,23.06,4859,0.60,4903,50,4,22.00,0.00,22.0,0.00,0.00,0.0,1.00,7159.00,41.2
114,0.00,116.00,116.0,3.92,13.00,293.00,306.0,52.66,1,23.06,4858,0.60,4900,51,4,8.00,1.00,9.0,4.00,4.00,8.0,1.00,6583.00,40.6
115,0.00,32.00,32.0,5.48,20.00,392.00,412.0,52.67,0,23.06,4857,0.60,4898,51,4,20.00,0.00,20.0,0.00,0.00,0.0,1.00,9296.00,40.4
116,0.00,52.00,52.0,3.31,16.00,322.00,338.0,52.67,0,21.45,4857,0.60,4898,51,4,12.00,1.00,13.0,2.00,0.00,2.0,2.00,6628.00,40.1
117,0.00,524.00,524.0,3.56,13.00,316.00,329.0,52.67,0,21.45,4857,0.60,4898,51,4,10.00,2.00,12.0,0.00,0.00,0.0,1.00,7486.00,39.8
118,0.00,204.00,204.0,42.93,24.00,1016.00,1040.0,52.68,15,21.45,4858,0.60,4894,51,4,24.00,0.00,24.0,0.00,0.00,0.0,3.00,43099.00,51.1
119,0.00,256.00,256.0,85.16,7.00,1160.00,1167.0,52.69,45,21.45,4864,0.60,4908,51,4,6.00,0.00,6.0,0.00,0.00,0.0,7.00,67626.00,84.1
120,0.00,856.00,856.0,88.75,18.00,939.00,957.0,52.72,62,21.45,4865,0.60,4912,51,4,14.00,2.00,16.0,0.00,0.00,0.0,2.00,77973.00,84.4
121,0.00,128.00,128.0,89.12,9.00,732.00,741.0,52.74,58,24.14,4865,0.60,4909,51,4,11.00,2.00,13.0,0.00,0.00,0.0,2.00,75469.00,84.7
122,0.00,2836.00,2836.0,91.76,0.00,799.00,799.0,52.76,59,24.14,4865,0.60,4907,51,4,0.00,0.00,0.0,0.00,0.00,0.0,1.00,79591.00,84.8
123,0.00,352.00,352.0,86.25,2.00,905.00,907.0,52.78,52,24.14,4865,0.60,4903,51,4,0.00,2.00,2.0,0.00,0.00,0.0,1.00,86384.00,84.9
124,0.00,428.00,428.0,88.36,4.00,1146.00,1150.0,52.81,63,24.14,4864,0.60,4914,51,4,0.00,0.00,0.0,4.00,4.00,8.0,2.00,95660.00,85.0
125,0.00,36.00,36.0,88.12,0.00,720.00,720.0,52.84,49,24.14,4866,0.60,4925,51,4,0.00,0.00,0.0,0.00,0.00,0.0,2.97,93675.25,85.0
126,0.00,848.00,848.0,87.14,2.00,1002.00,1004.0,52.86,55,26.21,4867,0.60,4934,51,4,1.00,1.00,2.0,0.00,0.00,0.0,3.00,106861.00,85.1
127,0.00,64.00,64.0,86.25,0.00,624.00,624.0,52.89,71,26.21,4867,0.60,4943,51,4,0.00,0.00,0.0,0.00,0.00,0.0,1.00,98519.00,85.2
128,0.00,15976.00,15976.0,85.88,0.00,606.00,606.0,52.91,49,26.21,4866,0.60,4939,51,4,0.00,0.00,0.0,0.00,0.00,0.0,1.00,107095.00,85.2
129,0.00,260.00,260.0,86.0,0.00,472.00,472.0,52.93,47,26.21,4866,0.60,4963,51,4,0.00,0.00,0.0,0.00,0.00,0.0,1.00,110163.00,85.3
130,0.00,132.00,132.0,87.64,3.00,364.00,367.0,52.96,36,26.21,4867,0.60,4971,51,4,0.00,2.00,2.0,0.00,0.00,0.0,3.00,96095.00,85.4
131,16.00,144.00,160.0,87.11,2.00,523.00,525.0,53.01,55,26.91,4873,0.60,4960,51,4,0.00,3.00,3.0,0.00,0.00,0.0,20.00,104660.00,85.3
132,36.00,564.00,600.0,88.86,1.00,725.00,726.0,53.03,35,26.91,4871,0.60,4941,50,4,1.00,0.00,1.0,0.00,0.00,0.0,2.00,86092.00,85.5
133,0.00,26868.00,26868.0,86.14,1.00,771.00,772.0,53.06,43,26.91,4871,0.60,4958,50,4,0.00,0.00,0.0,0.00,0.00,0.0,2.00,108076.00,85.6
134,0.00,244.00,244.0,87.5,0.00,758.00,758.0,53.08,64,26.91,4872,0.60,4972,50,4,0.00,0.00,0.0,0.00,0.00,0.0,6.00,103962.00,85.8
135,0.00,540.00,540.0,88.89,0.00,561.00,561.0,53.09,58,26.91,4873,0.60,4950,50,4,0.00,0.00,0.0,0.00,0.00,0.0,3.00,84775.00,85.9
136,4.00,624.00,628.0,87.5,0.00,569.00,569.0,53.12,71,28.6,4873,0.60,4950,50,4,0.00,0.00,0.0,0.00,0.00,0.0,22.00,80948.00,85.9
137,0.00,96.00,96.0,87.72,0.00,529.00,529.0,53.13,70,28.6,4875,0.60,4957,50,4,0.00,0.00,0.0,0.00,0.00,0.0,3.00,92909.00,85.9
138,0.00,8296.00,8296.0,87.28,0.00,502.00,502.0,53.16,66,28.6,4875,0.60,4972,50,4,0.00,0.00,0.0,0.00,0.00,0.0,1.00,90836.00,85.9
139,0.00,452.00,452.0,87.61,0.00,613.00,613.0,53.17,69,28.6,4873,0.60,4935,50,4,0.00,0.00,0.0,0.00,0.00,0.0,1.00,94014.00,85.9
140,0.00,1212.00,1212.0,89.5,2.00,623.00,625.0,53.2,75,28.6,4875,0.60,4976,50,5,0.00,0.00,0.0,1.00,1.00,2.0,4.00,88163.00,85.8
141,0.00,140.00,140.0,90.0,1.00,474.00,475.0,53.21,69,30.96,4872,0.60,4976,50,4,0.00,1.00,1.0,1.00,1.00,2.0,2.00,75886.00,85.8
142,0.00,748.00,748.0,89.26,1.00,496.00,497.0,53.22,61,30.96,4873,0.60,4952,50,4,0.00,0.00,0.0,0.00,0.00,0.0,15.00,81021.00,85.8
143,0.00,1824.00,1824.0,87.0,1.00,507.00,508.0,53.25,54,30.96,4873,0.60,4953,50,4,0.00,0.00,0.0,0.00,0.00,0.0,1.00,88223.00,85.8
144,0.00,1124.00,1124.0,89.1,10.00,707.00,717.0,53.26,69,30.96,4872,0.60,4950,50,4,4.00,2.00,6.0,4.00,4.00,8.0,1.00,85262.00,85.7
145,0.00,896.00,896.0,89.25,0.00,735.00,735.0,53.27,53,30.96,4874,0.60,4949,50,4,0.00,0.00,0.0,0.00,0.00,0.0,5.00,83026.00,85.8
146,0.00,624.00,624.0,89.99,3.00,851.00,854.0,53.29,57,33.36,4874,0.60,4932,50,4,2.00,0.00,2.0,0.00,0.00,0.0,2.00,77497.00,85.8
147,0.00,296.00,296.0,88.88,7.00,895.00,902.0,53.28,54,33.36,4874,0.60,4938,50,4,6.00,1.00,7.0,0.00,0.00,0.0,1.00,79059.00,85.8
148,4.00,368.00,372.0,90.01,3.00,793.00,796.0,53.35,45,33.36,4874,0.60,4927,50,4,2.00,1.00,3.0,0.00,0.00,0.0,1.00,70691.00,85.9
149,0.00,1408.00,1408.0,92.37,8.00,1063.00,1071.0,53.37,47,33.36,4874,0.60,4932,50,4,8.00,0.00,8.0,0.00,0.00,0.0,1.00,64168.00,85.9
150,0.00,824.00,824.0,90.26,4.00,1145.00,1149.0,53.39,57,33.36,4873,0.60,4930,50,4,4.00,0.00,4.0,0.00,0.00,0.0,3.00,74030.00,86.1
151,0.00,168.00,168.0,90.86,2.00,933.00,935.0,53.38,49,33.33,4874,0.60,4942,50,4,2.00,0.00,2.0,0.00,0.00,0.0,3.00,68741.00,86.1
152,0.00,484.00,484.0,87.39,10.00,968.00,978.0,53.38,45,33.33,4874,0.60,4934,50,4,10.00,0.00,10.0,0.00,0.00,0.0,3.00,77955.00,86.2
153,0.00,26384.00,26384.0,90.75,6.00,1195.00,1201.0,53.4,44,33.33,4875,0.60,4935,50,4,6.00,0.00,6.0,0.00,0.00,0.0,2.00,62997.00,86.2
154,0.00,964.00,964.0,91.5,10.00,1106.00,1116.0,53.42,49,33.33,4874,0.60,4930,50,4,6.00,0.00,6.0,4.00,4.00,8.0,2.00,61906.00,86.3
155,0.00,68.00,68.0,90.36,11.00,1089.00,1100.0,53.43,40,33.33,4875,0.60,4938,50,4,10.00,1.00,11.0,0.00,0.00,0.0,4.00,71099.00,86.3
156,0.00,364.00,364.0,91.5,11.00,1076.00,1087.0,53.44,32,32.99,4873,0.60,4925,49,4,10.00,0.00,10.0,0.00,0.00,0.0,3.00,59951.00,86.3
157,0.00,440.00,440.0,87.53,4.00,658.00,662.0,53.53,25,32.99,4872,0.60,4924,49,4,4.00,0.00,4.0,0.00,0.00,0.0,1.00,89280.00,86.3
158,0.00,6832.00,6832.0,89.97,10.00,703.00,713.0,53.6,32,32.99,4873,0.60,4922,49,4,10.00,0.00,10.0,0.00,0.00,0.0,2.00,85392.00,86.2
159,0.00,112.00,112.0,89.89,16.00,1111.00,1127.0,53.64,24,32.99,4875,0.60,4929,49,4,16.00,0.00,16.0,0.00,0.00,0.0,4.00,82349.00,86.3
160,0.00,904.00,904.0,84.62,6.00,865.00,871.0,53.59,30,32.99,4876,0.60,4927,49,4,4.00,0.00,4.0,0.00,0.00,0.0,4.00,114358.00,86.3
161,0.00,164.00,164.0,84.0,10.00,905.00,915.0,53.61,33,31.7,4877,0.60,4927,49,4,12.00,0.00,12.0,0.00,0.00,0.0,3.00,112287.00,86.3
162,0.00,560.00,560.0,86.23,4.00,1218.00,1222.0,53.64,31,31.7,4876,0.60,4918,49,4,4.00,0.00,4.0,0.00,0.00,0.0,1.00,90049.00,86.3
163,0.00,35712.00,35712.0,85.5,14.00,1185.00,1199.0,53.65,39,31.7,4874,0.60,4924,49,4,14.00,0.00,14.0,0.00,0.00,0.0,2.00,107305.00,86.4
164,0.00,892.00,892.0,86.78,10.00,1059.00,1069.0,53.69,45,31.7,4875,0.60,4931,49,4,6.00,0.00,6.0,4.00,4.00,8.0,1.00,100862.00,86.4
165,0.00,40.00,40.0,87.38,0.00,1022.00,1022.0,53.73,38,31.7,4875,0.60,4943,49,4,0.00,0.00,0.0,0.00,0.00,0.0,4.00,102739.00,86.3
166,0.00,820.00,820.0,84.25,12.00,1216.00,1228.0,53.76,46,31.89,4876,0.60,4944,49,4,12.00,0.00,12.0,0.00,0.00,0.0,3.00,114764.00,86.3
167,0.00,324.00,324.0,84.06,6.00,1265.00,1271.0,53.82,44,31.89,4875,0.60,4913,49,4,3.96,0.00,3.96,0.00,0.00,0.0,1.00,110101.00,86.2
168,0.00,684.00,684.0,87.61,1.00,1115.00,1116.0,53.9,47,31.89,4875,0.60,4949,49,4,2.00,0.00,2.0,0.00,0.00,0.0,1.00,104328.00,86.1
169,0.00,24776.00,24776.0,86.25,11.00,977.00,988.0,53.93,50,31.89,4875,0.60,4944,49,4,10.00,0.00,10.0,0.00,0.00,0.0,2.00,111178.00,86.2
170,0.00,592.00,592.0,84.88,0.00,1000.00,1000.0,53.97,55,31.89,4873,0.60,4938,49,4,0.00,0.00,0.0,0.00,0.00,0.0,3.00,113949.00,86.3
171,0.00,168.00,168.0,87.14,6.00,818.00,824.0,53.99,39,33.42,4874,0.60,4948,50,5,4.00,2.00,6.0,1.00,1.00,2.0,5.00,103739.00,86.4
172,0.00,624.00,624.0,88.1,8.00,1044.00,1052.0,53.99,34,33.42,4875,0.60,4954,50,5,6.00,1.00,7.0,0.00,0.00,0.0,2.00,101308.00,86.5
173,0.00,364.00,364.0,85.02,2.00,647.00,649.0,54.1,36,33.42,4875,0.60,4934,50,6,2.00,0.00,2.0,1.00,0.00,1.0,1.00,112062.00,86.7
174,0.00,2508.00,2508.0,84.88,5.00,1065.00,1070.0,54.19,45,33.42,4876,0.60,4937,50,5,0.00,0.00,0.0,4.00,5.00,9.0,2.00,114600.00,86.6
175,0.00,23.76,23.76,82.48,3.00,800.00,803.0,54.17,42,33.42,4874,0.60,4928,50,4,0.00,2.00,2.0,0.00,0.00,0.0,1.00,126961.00,86.5
176,0.00,88.00,88.0,84.57,2.00,957.00,959.0,54.19,35,33.87,4872,0.60,4930,50,4,0.00,2.00,2.0,0.00,0.00,0.0,3.00,124359.00,86.5
177,0.00,1036.00,1036.0,83.12,0.00,985.00,985.0,54.21,22,33.87,4875,0.60,4941,50,4,0.00,0.00,0.0,0.00,0.00,0.0,3.00,123824.00,86.4
178,0.00,144.00,144.0,85.82,15.00,1197.00,1212.0,54.17,33,33.87,4876,0.60,4927,50,4,15.00,1.00,16.0,0.00,0.00,0.0,2.00,123082.00,86.4
179,0.00,604.00,604.0,85.41,4.00,1443.00,1447.0,54.19,33,33.87,4875,0.60,4926,50,4,2.00,1.00,3.0,0.00,0.00,0.0,3.00,110802.00,86.4
180,0.00,1068.00,1068.0,84.98,4.00,1153.00,1157.0,54.21,28,33.87,4877,0.60,4919,50,4,0.00,3.00,3.0,0.00,0.00,0.0,4.00,113341.00,86.2
181,0.00,916.00,916.0,88.75,18.00,1217.00,1235.0,54.23,42,36.68,4876,0.60,4912,50,4,16.00,2.00,18.0,0.00,0.00,0.0,2.00,87710.00,86.3
182,0.00,480.00,480.0,89.88,2.00,1228.00,1230.0,54.27,47,36.68,4878,0.60,4913,50,4,0.00,2.00,2.0,0.00,0.00,0.0,5.00,78704.00,86.4
183,0.00,392.00,392.0,90.36,10.00,1104.00,1114.0,54.28,44,36.68,4878,0.60,4932,50,4,8.00,2.00,10.0,0.00,0.00,0.0,2.00,78256.00,86.3
184,0.00,3092.00,3092.0,88.97,14.00,1244.00,1258.0,54.37,41,36.68,4878,0.60,4927,50,4,12.00,2.00,14.0,0.00,0.00,0.0,1.00,91552.00,86.3
185,0.00,348.00,348.0,86.0,4.00,952.00,956.0,54.36,25,36.68,4878,0.60,4936,50,4,2.00,1.00,3.0,0.00,1.00,1.0,2.00,107219.00,86.3
186,0.00,488.00,488.0,86.8,16.00,1016.00,1032.0,54.38,19,36.95,4878,0.60,4922,50,4,14.00,0.00,14.0,0.00,0.00,0.0,3.00,104010.00,86.2
187,0.00,260.00,260.0,85.61,8.00,1213.00,1221.0,54.42,20,36.95,4877,0.60,4932,50,4,8.00,2.00,10.0,0.00,0.00,0.0,3.00,112020.00,86.2
188,0.00,88.00,88.0,84.78,10.00,965.00,975.0,54.43,22,36.95,4877,0.60,4928,50,4,8.00,2.00,10.0,0.00,0.00,0.0,1.00,114467.00,86.2
189,4.00,39864.00,39868.0,85.57,13.00,1342.00,1355.0,54.41,28,36.95,4878,0.60,4913,49,4,12.00,0.00,12.0,0.00,0.00,0.0,2.00,117838.00,86.1
190,0.00,828.00,828.0,85.62,6.00,1402.00,1408.0,54.44,22,36.95,4877,0.60,4902,49,4,6.00,0.00,6.0,0.00,0.00,0.0,2.00,107510.00,86.1
191,0.00,424.00,424.0,84.73,10.00,1135.00,1145.0,54.48,30,37.19,4877,0.60,4914,49,4,10.00,0.00,10.0,0.00,0.00,0.0,3.00,128570.00,86.0
192,0.00,72.00,72.0,84.44,6.00,1414.00,1420.0,54.49,36,37.19,4876,0.60,4891,49,4,6.00,0.00,6.0,0.00,0.00,0.0,3.00,114340.00,86.0
193,0.00,904.00,904.0,82.96,11.00,1316.00,1327.0,54.51,32,37.19,4876,0.60,4904,49,4,10.00,0.00,10.0,0.00,0.00,0.0,1.00,126239.00,86.0
194,0.00,41324.00,41324.0,84.39,9.00,1282.00,1291.0,54.48,33,37.19,4875,0.60,4899,49,4,4.00,0.00,4.0,4.00,4.00,8.0,6.00,111685.00,86.0
195,0.00,1192.00,1192.0,87.84,8.00,1535.00,1543.0,54.49,39,37.19,4878,0.60,4916,49,4,8.00,0.00,8.0,0.00,0.00,0.0,7.00,78983.00,86.0
196,0.00,464.00,464.0,85.98,7.00,1450.00,1457.0,54.49,47,37.34,4878,0.60,4913,49,4,7.00,1.00,8.0,0.00,0.00,0.0,8.00,117063.00,86.0
197,0.00,872.00,872.0,86.48,4.00,1264.00,1268.0,54.5,25,37.34,4876,0.60,4922,49,4,4.00,0.00,4.0,0.00,0.00,0.0,12.87,98971.29,86.0
198,0.00,80.00,80.0,83.62,6.00,932.00,938.0,54.49,40,37.34,4876,0.60,4927,49,4,6.00,0.00,6.0,0.00,0.00,0.0,2.00,134137.00,86.0
199,0.00,8276.00,8276.0,83.46,5.00,1345.00,1350.0,54.51,27,37.34,4877,0.60,4916,49,4,4.00,0.00,4.0,0.00,0.00,0.0,3.00,125633.00,85.9
200,0.00,1204.00,1204.0,85.02,8.00,1138.00,1146.0,54.57,30,37.34,4875,0.60,4913,49,4,8.00,0.00,8.0,0.00,0.00,0.0,1.00,110439.00,86.0
201,0.00,692.00,692.0,82.29,4.00,1031.00,1035.0,54.55,32,36.75,4877,0.60,4930,49,4,4.00,0.00,4.0,0.00,0.00,0.0,4.00,136455.00,86.1
202,0.00,984.00,984.0,84.21,5.00,1173.00,1178.0,54.57,29,36.75,4877,0.60,4928,49,4,4.00,0.00,4.0,0.00,0.00,0.0,2.00,138675.00,86.1
203,0.00,1028.00,1028.0,84.7,12.00,1311.00,1323.0,54.6,39,36.75,4878,0.60,4924,49,4,12.00,0.00,12.0,0.00,0.00,0.0,2.00,123459.00,86.1
204,0.00,32024.00,32024.0,81.15,8.00,1385.00,1393.0,54.62,20,36.75,4879,0.60,4905,49,4,4.00,0.00,4.0,4.00,4.00,8.0,3.00,123309.00,86.0
205,0.00,1220.00,1220.0,86.11,1.00,1488.00,1489.0,54.66,23,36.75,4878,0.60,4904,49,4,0.00,0.00,0.0,0.00,0.00,0.0,3.00,110597.00,86.1
206,0.00,224.00,224.0,82.65,13.00,1364.00,1377.0,54.67,28,36.21,4879,0.60,4922,50,5,10.00,3.00,13.0,1.00,1.00,2.0,5.00,131684.00,86.0
207,0.00,692.00,692.0,84.11,10.00,1229.00,1239.0,54.68,48,36.21,4878,0.60,4900,50,5,8.00,2.00,10.0,0.00,0.00,0.0,2.00,121169.00,86.0
208,0.00,720.00,720.0,86.62,2.00,1254.00,1256.0,54.71,22,36.21,4877,0.60,4897,50,5,0.00,2.00,2.0,0.00,0.00,0.0,2.00,103931.00,86.0
209,0.00,560.00,560.0,85.89,2.00,1139.00,1141.0,54.84,30,36.21,4876,0.60,4896,50,5,0.00,2.00,2.0,0.00,0.00,0.0,2.00,111314.00,85.9
210,0.00,6600.00,6600.0,86.84,1.00,967.00,968.0,54.82,20,36.21,4877,0.60,4917,50,4,0.00,1.00,1.0,0.00,0.00,0.0,4.00,99040.00,86.0
211,0.00,520.00,520.0,85.34,0.00,1080.00,1080.0,54.84,11,35.07,4876,0.60,4910,50,4,0.00,0.00,0.0,0.00,0.00,0.0,3.00,110980.00,86.1
212,0.00,548.00,548.0,76.77,4.00,1044.00,1048.0,54.86,11,35.07,4878,0.60,4900,50,4,4.00,0.00,4.0,0.00,0.00,0.0,4.00,88379.00,85.8
213,0.00,348.00,348.0,70.29,24.00,1598.00,1622.0,54.86,18,35.07,4879,0.60,4919,50,4,24.00,0.00,24.0,0.00,0.00,0.0,2.00,86175.00,85.5
214,0.00,636.00,636.0,84.76,6.00,1208.00,1214.0,54.89,14,35.07,4879,0.60,4914,50,4,2.00,0.00,2.0,4.00,4.00,8.0,2.00,73240.00,85.5
215,0.00,3528.00,3528.0,58.02,14.00,874.00,888.0,54.88,12,35.07,4878,0.60,4926,50,4,12.00,0.00,12.0,0.00,0.00,0.0,1.00,112428.00,80.3
216,0.00,276.00,276.0,50.76,14.00,1058.00,1072.0,54.89,12,32.58,4878,0.60,4927,50,4,16.00,0.00,16.0,0.00,0.00,0.0,2.00,87032.00,80.0
217,0.00,636.00,636.0,57.18,5.00,1145.00,1150.0,54.97,12,32.58,4878,0.60,4924,50,4,4.00,1.00,5.0,0.00,0.00,0.0,1.00,84941.00,79.5
218,0.00,120.00,120.0,79.7,22.00,1245.00,1267.0,54.99,10,32.58,4879,0.60,4919,50,4,20.00,2.00,22.0,0.00,0.00,0.0,3.00,116382.00,85.2
219,0.00,112.00,112.0,53.77,9.00,1288.00,1297.0,55.01,15,32.58,4879,0.60,4925,50,4,8.00,1.00,9.0,0.00,0.00,0.0,1.00,101245.00,84.8
220,0.00,34572.00,34572.0,47.67,10.00,1387.00,1397.0,55.02,6,32.58,4878,0.60,4942,50,4,6.00,2.00,8.0,0.00,0.00,0.0,2.00,153208.00,65.9
221,0.00,148.00,148.0,64.43,18.00,2020.00,2038.0,55.05,13,29.97,4878,0.60,4915,50,4,20.00,0.00,20.0,0.00,0.00,0.0,3.00,144268.00,79.7
222,0.00,492.00,492.0,78.39,4.00,1926.00,1930.0,55.06,26,29.97,4877,0.60,4924,50,4,4.00,0.00,4.0,0.00,0.00,0.0,2.00,135162.00,85.5
223,0.00,372.00,372.0,82.23,12.00,1603.00,1615.0,55.08,31,29.97,4878,0.60,4918,50,4,10.00,2.00,12.0,0.00,0.00,0.0,2.00,136797.00,85.6
224,0.00,912.00,912.0,81.01,7.00,2014.00,2021.0,55.12,31,29.97,4877,0.60,4922,50,4,6.00,1.00,7.0,0.00,0.00,0.0,1.00,140709.00,85.7
225,0.00,46228.00,46228.0,81.08,9.00,1229.00,1238.0,55.15,21,29.97,4878,0.60,4922,50,4,6.00,2.00,8.0,0.00,0.00,0.0,3.00,143468.00,85.7
226,0.00,784.00,784.0,79.6,6.00,1397.00,1403.0,55.15,28,29.65,4877,0.60,4925,50,4,4.00,2.00,6.0,0.00,0.00,0.0,3.00,163145.00,85.8
227,0.00,328.00,328.0,78.18,12.00,1266.00,1278.0,55.19,26,29.65,4876,0.60,4918,50,4,12.00,0.00,12.0,0.00,0.00,0.0,1.98,167703.96,85.7
228,0.00,728.00,728.0,81.08,3.00,1377.00,1380.0,55.23,37,29.65,4874,0.60,4909,50,4,2.00,0.00,2.0,0.00,0.00,0.0,2.00,144872.00,85.7
229,0.00,376.00,376.0,83.04,1.00,1578.00,1579.0,55.31,27,29.65,4875,0.60,4903,50,4,0.00,1.00,1.0,0.00,0.00,0.0,4.00,141984.00,85.7
230,0.00,7632.00,7632.0,81.73,13.00,1503.00,1516.0,55.35,32,29.65,4878,0.60,4915,49,4,12.00,0.00,12.0,0.00,0.00,0.0,4.00,140572.00,85.7
231,0.00,944.00,944.0,78.82,3.00,1940.00,1943.0,55.35,23,29.76,4879,0.60,4912,49,4,2.00,0.00,2.0,0.00,0.00,0.0,4.00,152751.00,85.7
232,0.00,648.00,648.0,83.85,4.00,1829.00,1833.0,55.36,24,29.76,4878,0.60,4901,49,4,4.00,0.00,4.0,0.00,0.00,0.0,1.00,116154.00,85.8
233,0.00,592.00,592.0,82.12,8.00,1530.00,1538.0,55.36,26,29.76,4878,0.60,4911,49,4,8.00,0.00,8.0,0.00,0.00,0.0,3.00,136506.00,85.9
234,0.00,352.00,352.0,83.94,10.00,1559.00,1569.0,55.43,22,29.76,4875,0.60,4911,49,4,4.00,0.00,4.0,4.00,4.00,8.0,3.00,115167.00,86.0
235,0.00,26824.00,26824.0,70.51,12.00,1584.00,1596.0,55.45,19,29.76,4877,0.60,4912,49,4,12.00,0.00,12.0,0.00,0.00,0.0,5.00,94780.00,85.7
236,0.00,580.00,580.0,73.86,7.00,1335.00,1342.0,55.47,25,27.78,4879,0.60,4913,49,4,7.00,1.00,8.0,0.00,0.00,0.0,5.00,149129.00,85.6
237,0.00,696.00,696.0,61.35,13.00,1671.00,1684.0,55.48,18,27.78,4879,0.60,4924,49,4,13.00,0.00,13.0,0.00,0.00,0.0,2.00,103967.00,85.3
238,0.00,804.00,804.0,61.63,12.00,1186.00,1198.0,55.49,3,27.78,4880,0.60,4920,49,4,12.00,0.00,12.0,0.00,0.00,0.0,2.00,150355.00,84.9
239,0.00,580.00,580.0,36.43,11.00,1358.00,1369.0,55.5,9,27.78,4880,0.60,4928,49,4,10.00,0.00,10.0,0.00,0.00,0.0,1.00,127214.00,71.4
240,0.00,16948.00,16948.0,25.31,11.00,1340.00,1351.0,55.51,2,27.78,4879,0.60,4916,50,5,10.00,1.00,11.0,1.00,1.00,2.0,1.00,83263.00,59.5
241,0.00,1324.00,1324.0,27.32,14.00,1286.00,1300.0,55.53,4,25.87,4877,0.60,4914,50,5,12.00,2.00,14.0,0.00,0.00,0.0,2.00,90889.00,60.0
242,0.00,48.00,48.0,26.89,12.00,813.00,825.0,55.54,2,25.87,4877,0.60,4905,50,5,12.00,0.00,12.0,0.00,0.00,0.0,1.00,100692.00,60.1
243,0.00,64.00,64.0,60.0,0.00,543.00,543.0,55.74,24,25.87,4877,0.60,4907,50,5,0.00,0.00,0.0,0.00,0.00,0.0,2.00,86186.00,68.9
244,0.00,76.00,76.0,28.1,8.00,923.00,931.0,55.7,0,25.87,4878,0.60,4920,50,4,1.00,4.00,5.0,4.00,4.00,8.0,1.00,97847.00,68.8
245,0.00,3972.00,3972.0,23.4,1.00,836.00,837.0,55.74,6,25.87,4879,0.60,4924,50,4,0.00,0.00,0.0,0.00,0.00,0.0,3.00,47683.00,68.2
246,0.00,248.00,248.0,10.86,0.00,637.00,637.0,55.73,1,23.88,4879,0.60,4924,50,4,0.00,0.00,0.0,0.00,0.00,0.0,2.00,39116.00,47.0
247,0.00,404.00,404.0,26.03,33.00,1748.00,1781.0,55.72,7,23.88,4879,0.60,4915,50,4,32.00,1.00,33.0,0.00,0.00,0.0,1.00,85684.00,47.3
248,0.00,112.00,112.0,78.64,4.00,1518.00,1522.0,55.74,20,23.88,4879,0.60,4907,50,4,4.00,0.00,4.0,0.00,0.00,0.0,2.00,138069.00,79.1
249,0.00,352.00,352.0,50.32,4.00,1552.00,1556.0,55.76,15,23.88,4877,0.60,4920,50,4,4.00,0.00,4.0,0.00,0.00,0.0,1.00,179940.00,78.8
250,4.00,14088.00,14092.0,76.54,23.00,1408.00,1431.0,55.79,25,23.88,4878,0.60,4915,50,4,20.00,3.00,23.0,0.00,0.00,0.0,5.00,173921.00,79.3
251,0.00,35380.00,35380.0,81.66,4.00,1471.00,1475.0,55.79,30,23.41,4879,0.60,4917,50,4,4.00,0.00,4.0,0.00,0.00,0.0,5.00,147113.00,85.8
252,0.00,412.00,412.0,82.05,6.00,1993.00,1999.0,55.81,24,23.41,4879,0.60,4902,50,4,6.00,0.00,6.0,0.00,0.00,0.0,1.00,136524.00,85.7
253,0.00,684.00,684.0,78.27,11.00,2122.00,2133.0,55.82,31,23.41,4879,0.60,4903,50,4,10.00,0.00,10.0,0.00,0.00,0.0,2.00,165093.00,85.8
254,4.00,1000.00,1004.0,81.35,8.00,1952.00,1960.0,55.84,33,23.41,4880,0.60,4914,50,4,4.00,0.00,4.0,4.00,4.00,8.0,8.00,140948.00,85.9
255,0.00,76.00,76.0,75.83,4.00,1742.00,1746.0,55.85,20,23.41,4877,0.60,4920,50,4,4.00,0.00,4.0,0.00,0.00,0.0,3.00,125240.00,85.8
256,0.00,42888.00,42888.0,76.1,8.00,1809.00,1817.0,55.88,20,23.22,4880,0.60,4915,50,4,8.00,0.00,8.0,0.00,0.00,0.0,4.00,164101.00,85.9
257,4.00,860.00,864.0,77.43,10.00,2065.00,2075.0,55.91,18,23.22,4880,0.60,4903,50,4,6.00,2.00,8.0,0.00,0.00,0.0,18.00,132779.00,85.8
258,0.00,132.00,132.0,74.31,6.00,2054.00,2060.0,55.95,9,23.22,4880,0.60,4894,50,4,6.00,0.00,6.0,0.00,0.00,0.0,1.00,170250.00,85.7
259,0.00,620.00,620.0,68.22,1.98,1985.15,1987.13,55.97,16,23.22,4880,0.60,4912,50,4,2.00,0.00,2.0,0.00,0.00,0.0,2.00,188398.00,85.5
260,0.00,984.00,984.0,61.3,4.00,1719.00,1723.0,56.0,8,23.22,4880,0.60,4915,50,4,4.00,0.00,4.0,0.00,0.00,0.0,1.00,154782.00,85.1
261,0.00,14272.00,14272.0,45.94,11.00,1915.00,1926.0,56.02,14,22.4,4880,0.60,4913,50,4,10.00,0.00,10.0,0.00,0.00,0.0,7.00,118927.00,77.4
262,0.00,724.00,724.0,24.84,2.00,1273.00,1275.0,56.03,2,22.4,4880,0.60,4922,50,4,2.00,0.00,2.0,0.00,0.00,0.0,1.00,63517.00,63.9
263,0.00,676.00,676.0,8.73,12.00,691.00,703.0,56.02,1,22.4,4880,0.60,4920,50,4,12.00,0.00,12.0,0.00,0.00,0.0,1.00,21823.00,45.8
264,0.00,224.00,224.0,4.94,20.00,487.00,507.0,56.02,1,22.4,4879,0.60,4918,50,4,14.00,1.00,15.0,4.00,4.00,8.0,1.00,14489.00,39.1
265,0.00,468.00,468.0,14.83,15.00,761.00,776.0,56.02,1,22.4,4877,0.60,4917,50,4,10.00,4.00,14.0,0.00,0.00,0.0,1.00,45978.00,45.1
266,0.00,33596.04,33596.04,31.82,22.00,1289.00,1311.0,56.04,10,20.93,4876,0.60,4908,50,4,22.00,0.00,22.0,0.00,0.00,0.0,2.00,114617.00,56.8
267,0.00,592.00,592.0,59.24,6.00,1757.00,1763.0,56.05,13,20.93,4878,0.60,4907,50,4,6.00,0.00,6.0,0.00,0.00,0.0,3.00,163568.00,75.3
268,0.00,360.00,360.0,62.31,18.00,1744.00,1762.0,56.08,10,20.93,4879,0.60,4906,50,4,16.00,2.00,18.0,0.00,0.00,0.0,3.00,163991.00,83.7
269,0.00,156.00,156.0,70.13,10.00,1761.00,1771.0,56.11,14,20.93,4880,0.60,4921,50,4,8.00,2.00,10.0,0.00,0.00,0.0,3.00,194632.00,83.4
270,0.00,1968.00,1968.0,66.79,10.00,1947.00,1957.0,56.13,16,20.93,4896,0.60,4899,50,4,8.00,2.00,10.0,0.00,0.00,0.0,17.00,127213.00,83.2
271,0.00,18676.00,18676.0,79.12,12.00,1854.00,1866.0,56.15,23,21.09,4894,0.60,4898,49,4,10.00,1.00,11.0,0.00,0.00,0.0,2.00,153455.00,83.5
272,0.00,336.00,336.0,79.95,6.00,2097.00,2103.0,56.18,34,21.09,4894,0.60,4887,49,4,6.00,0.00,6.0,0.00,0.00,0.0,2.00,146704.00,83.8
273,0.00,336.00,336.0,76.07,8.00,2006.00,2014.0,56.26,16,21.09,4894,0.60,4891,49,4,8.00,0.00,8.0,0.00,0.00,0.0,2.00,158214.00,84.0
274,0.00,908.00,908.0,74.33,8.00,2265.00,2273.0,56.29,20,21.09,4894,0.60,4911,50,5,6.00,2.00,8.0,1.00,1.00,2.0,2.00,172565.00,84.1
275,0.00,384.00,384.0,79.95,6.00,1664.00,1670.0,56.33,19,21.09,4893,0.60,4903,50,5,6.00,0.00,6.0,0.00,0.00,0.0,2.00,157603.00,84.2
276,0.00,4360.00,4360.0,80.33,6.00,1500.00,1506.0,56.36,33,20.84,4892,0.60,4895,50,5,6.00,0.00,6.0,0.00,0.00,0.0,3.00,159809.00,84.5
277,0.00,400.00,400.0,75.09,3.00,1203.00,1206.0,56.36,24,20.84,4893,0.60,4918,50,5,2.00,1.00,3.0,0.00,0.00,0.0,3.00,193174.00,84.8
278,0.00,988.00,988.0,72.7,2.00,1553.00,1555.0,56.4,23,20.84,4895,0.60,4915,50,4,0.00,2.00,2.0,0.00,0.00,0.0,2.00,166983.00,84.9
279,0.00,576.00,576.0,60.4,2.00,2262.00,2264.0,56.43,17,20.84,4895,0.60,4923,50,4,0.00,2.00,2.0,0.00,0.00,0.0,2.00,138690.00,79.0
280,0.00,984.00,984.0,37.08,2.00,2098.00,2100.0,56.44,1,20.84,4894,0.60,4924,50,4,0.00,2.00,2.0,0.00,0.00,0.0,1.00,100294.00,78.8
281,0.00,42000.00,42000.0,13.74,18.00,901.00,919.0,56.43,2,19.41,4894,0.60,4928,50,4,14.00,2.00,16.0,0.00,0.00,0.0,2.00,33496.00,53.9
282,0.00,28.00,28.0,2.79,10.00,314.00,324.0,56.44,1,19.41,4893,0.60,4924,50,4,10.00,2.00,12.0,0.00,0.00,0.0,1.00,6264.00,39.0
283,0.00,52.00,52.0,5.46,10.00,323.00,333.0,56.44,1,19.41,4891,0.60,4917,50,4,6.00,2.00,8.0,0.00,0.00,0.0,1.00,7662.00,39.0
284,0.00,36.00,36.0,6.99,34.00,752.00,786.0,56.44,0,19.41,4893,0.60,4917,50,4,32.00,0.00,32.0,4.00,4.00,8.0,3.00,26824.00,39.1
285,0.00,656.00,656.0,15.91,4.00,840.00,844.0,56.44,4,19.41,4894,0.60,4913,50,4,4.00,0.00,4.0,0.00,0.00,0.0,3.00,73031.00,48.3
286,0.00,37664.00,37664.0,27.49,12.00,742.00,754.0,56.44,8,17.94,4894,0.60,4911,50,4,10.00,2.00,12.0,0.00,0.00,0.0,2.00,121776.00,48.4
287,0.00,640.00,640.0,63.12,25.00,1541.00,1566.0,56.46,31,17.94,4893,0.60,4905,50,4,24.00,0.00,24.0,0.00,0.00,0.0,2.00,85072.00,76.2
288,0.00,604.00,604.0,75.44,6.00,1618.00,1624.0,56.64,13,17.94,4895,0.60,4902,50,4,4.00,2.00,6.0,0.00,0.00,0.0,4.00,138435.00,85.5
289,0.00,148.00,148.0,57.4,15.00,1664.00,1679.0,56.65,16,17.94,4895,0.60,4915,50,4,12.00,2.00,14.0,0.00,0.00,0.0,3.00,162428.00,76.1
290,0.00,536.00,536.0,60.35,12.00,1778.00,1790.0,56.66,10,17.94,4896,0.60,4911,50,4,10.00,1.00,11.0,0.00,0.00,0.0,2.00,170036.00,83.8
291,0.00,23172.00,23172.0,73.29,8.00,2319.00,2327.0,56.65,18,17.94,4897,0.60,4906,50,4,4.00,2.00,6.0,0.00,0.00,0.0,3.00,179866.00,83.5
292,0.00,752.00,752.0,73.4,13.00,3289.00,3302.0,56.59,24,17.94,4897,0.60,4901,49,4,14.00,0.00,14.0,0.00,0.00,0.0,0.99,180143.56,83.5
293,0.00,736.63,736.63,76.1,3.00,1996.00,1999.0,56.63,42,17.94,4896,0.60,4947,49,4,2.00,0.00,2.0,0.00,0.00,0.0,2.00,182936.00,83.7
294,0.00,76.00,76.0,78.58,4.00,1394.00,1398.0,56.65,23,17.94,4895,0.60,4912,49,4,0.00,0.00,0.0,4.00,4.00,8.0,1.00,187870.00,83.9
295,0.00,63.37,63.37,74.37,7.00,1946.00,1953.0,56.69,21,17.94,4895,0.60,4916,49,4,6.00,0.00,6.0,0.00,0.00,0.0,1.00,186607.00,84.0
296,0.00,396.00,396.0,75.41,4.00,1301.00,1305.0,56.7,29,18.75,4896,0.60,4912,49,4,3.96,0.00,3.96,0.00,0.00,0.0,3.00,185444.00,84.2
297,0.00,28712.00,28712.0,81.56,4.00,2167.00,2171.0,56.73,22,18.75,4897,0.60,4900,49,4,4.00,0.00,4.0,0.00,0.00,0.0,2.00,151745.00,84.4
298,0.00,2204.00,2204.0,84.67,6.00,1885.00,1891.0,56.76,26,18.75,4897,0.60,4897,49,4,6.00,0.00,6.0,0.00,0.00,0.0,1.00,121683.00,84.5
299,0.00,792.00,792.0,81.0,8.00,1770.00,1778.0,56.81,8,18.75,4895,0.60,4898,49,4,4.00,0.00,4.0,0.00,0.00,0.0,1.00,111204.00,84.7
300,0.00,712.00,712.0,44.36,4.00,2140.00,2144.0,56.81,4,18.75,4894,0.60,4900,49,4,6.00,0.00,6.0,0.00,0.00,0.0,2.00,78279.00,74.4
301,0.00,824.00,824.0,22.42,10.00,1133.00,1143.0,56.82,3,17.33,4896,0.60,4929,49,4,10.00,0.00,10.0,0.00,0.00,0.0,5.00,80726.00,60.3
302,0.00,32572.00,32572.0,31.61,14.00,780.00,794.0,56.83,8,17.33,4896,0.60,4932,49,4,14.00,0.00,14.0,0.00,0.00,0.0,1.00,70693.00,60.8
303,0.00,288.00,288.0,33.33,12.00,743.00,755.0,56.88,5,17.33,4896,0.60,4923,49,4,12.00,0.00,12.0,0.00,0.00,0.0,1.00,82546.00,72.4
304,0.00,364.00,364.0,22.92,18.00,1204.00,1222.0,56.89,6,17.33,4897,0.60,4916,49,4,12.00,0.00,12.0,4.00,4.00,8.0,2.00,87801.00,54.0
305,0.00,392.00,392.0,43.02,12.00,1923.00,1935.0,56.9,9,17.33,4896,0.60,4920,49,4,14.00,0.00,14.0,0.00,0.00,0.0,1.00,119402.00,60.9
306,0.00,92.00,92.0,45.8,10.00,1515.00,1525.0,56.92,10,16.34,4896,0.60,4914,49,4,10.00,0.00,10.0,0.00,0.00,0.0,2.00,127464.00,75.9
307,0.00,7408.00,7408.0,60.15,14.00,1102.00,1116.0,56.93,0,16.34,4897,0.60,4921,49,4,14.00,0.00,14.0,0.00,0.00,0.0,2.00,185636.00,81.7
308,0.00,152.00,152.0,43.75,9.00,1287.00,1296.0,56.96,4,16.34,4896,0.60,4921,50,5,6.00,1.00,7.0,1.00,1.00,2.0,2.00,90413.00,72.4
309,0.00,464.00,464.0,34.47,19.00,2111.00,2130.0,56.98,7,16.34,4897,0.60,4918,50,5,18.00,2.00,20.0,0.00,1.00,1.0,2.00,105749.00,71.8
310,0.00,596.00,596.0,34.5,9.00,1871.00,1880.0,57.0,5,16.34,4896,0.60,4912,50,5,6.00,2.00,8.0,0.00,0.00,0.0,2.00,135153.00,71.7
311,0.00,152.00,152.0,64.13,8.00,1571.00,1579.0,57.01,10,15.83,4896,0.60,4914,50,5,6.00,2.00,8.0,0.00,0.00,0.0,3.00,182122.00,71.9
312,0.00,68.00,68.0,69.36,2.00,1464.00,1466.0,57.03,12,15.83,4896,0.60,4914,50,4,0.00,2.00,2.0,0.00,0.00,0.0,1.00,167119.00,82.0
313,0.00,648.00,648.0,70.48,3.00,1504.00,1507.0,57.05,11,15.83,4897,0.60,4913,50,4,0.00,2.00,2.0,0.00,0.00,0.0,2.00,173016.00,82.3
314,0.00,1332.00,1332.0,66.5,6.00,1913.00,1919.0,57.1,3,15.83,4897,0.60,4914,50,4,0.00,2.00,2.0,4.00,4.00,8.0,4.00,129257.00,82.3
315,0.00,852.00,852.0,58.97,17.00,2343.00,2360.0,57.12,13,15.83,4897,0.60,4915,50,4,14.00,2.00,16.0,0.00,0.00,0.0,1.00,109938.00,81.9
316,0.00,1152.00,1152.0,66.24,11.00,2208.00,2219.0,57.14,11,15.61,4897,0.60,4923,50,4,10.00,0.00,10.0,0.00,0.00,0.0,2.00,133266.00,81.9
317,4.00,78560.00,78564.0,44.13,2.00,1426.00,1428.0,57.17,21,15.61,4897,0.60,4932,50,4,2.00,0.00,2.0,0.00,0.00,0.0,17.82,129573.27,76.1
318,0.00,332.00,332.0,59.21,12.00,1143.00,1155.0,57.19,9,15.61,4896,0.60,4933,50,4,12.00,0.00,12.0,0.00,0.00,0.0,1.00,161760.00,82.8
319,0.00,148.00,148.0,41.76,12.00,1537.00,1549.0,57.22,5,15.61,4897,0.60,4944,50,4,10.00,2.00,12.0,0.00,0.00,0.0,3.00,121215.00,69.7
320,0.00,928.00,928.0,65.48,11.00,2085.00,2096.0,57.24,13,15.61,4897,0.60,4929,50,4,8.00,2.00,10.0,0.00,0.00,0.0,1.00,117045.00,77.0
321,0.00,620.00,620.0,53.74,18.00,1146.00,1164.0,57.26,3,15.0,4896,0.60,4922,50,4,16.00,2.00,18.0,0.00,0.00,0.0,2.00,48401.00,77.2
322,0.00,44796.00,44796.0,42.2,6.00,928.00,934.0,57.27,2,15.0,4897,0.60,4930,50,4,4.00,2.00,6.0,0.00,0.00,0.0,2.00,57599.00,76.9
323,0.00,1140.00,1140.0,39.17,11.00,689.00,700.0,57.27,2,15.0,4897,0.60,4931,50,4,10.00,0.00,10.0,0.00,0.00,0.0,1.00,72897.00,76.3
324,0.00,612.00,612.0,49.18,22.00,1506.00,1528.0,57.28,12,15.0,4895,0.60,4913,50,4,22.00,0.00,22.0,0.00,0.00,0.0,1.00,89732.00,70.9
325,0.00,300.00,300.0,61.27,8.00,1943.00,1951.0,57.31,5,15.0,4896,0.60,4914,50,4,8.00,0.00,8.0,0.00,0.00,0.0,2.00,128640.00,79.9
326,0.00,888.00,888.0,72.39,10.00,1428.00,1438.0,57.33,19,14.68,4896,0.60,4916,50,4,10.00,0.00,10.0,0.00,0.00,0.0,2.00,184964.00,80.3
327,0.00,14724.00,14724.0,72.01,14.00,1802.00,1816.0,57.33,6,14.68,4896,0.60,4909,50,4,14.00,0.00,14.0,0.00,0.00,0.0,2.00,150224.00,80.9
328,0.00,428.00,428.0,67.67,4.00,2389.00,2393.0,57.36,22,14.68,4897,0.60,4919,50,4,4.00,0.00,4.0,0.00,0.00,0.0,4.00,192282.00,81.0
329,0.00,740.00,740.0,77.18,13.00,2557.00,2570.0,57.39,31,14.68,4896,0.60,4901,50,4,12.00,1.00,13.0,0.00,0.00,0.0,2.00,173855.00,81.6
330,0.00,1304.00,1304.0,74.97,2.00,1837.00,1839.0,57.42,31,14.68,4897,0.60,4920,50,4,2.00,0.00,2.0,0.00,0.00,0.0,1.00,151237.00,81.9
331,0.00,556.00,556.0,75.63,4.00,1325.00,1329.0,57.45,6,14.94,4898,0.60,4914,50,4,4.00,0.00,4.0,0.00,0.00,0.0,4.00,173086.00,82.3
332,0.00,16080.00,16080.0,77.86,13.00,2326.00,2339.0,57.48,28,14.94,4898,0.60,4904,49,4,12.00,0.00,12.0,0.00,0.00,0.0,2.00,136905.00,82.6
333,0.00,124.00,124.0,79.87,6.00,1994.00,2000.0,57.51,23,14.94,4897,0.60,4896,49,4,6.00,0.00,6.0,0.00,0.00,0.0,1.00,149232.00,83.0
334,0.00,1136.00,1136.0,76.14,8.00,2633.00,2641.0,57.54,16,14.94,4897,0.60,4904,49,4,4.00,0.00,4.0,4.00,4.00,8.0,2.00,161582.00,83.3
335,0.00,244.00,244.0,74.02,8.00,1686.00,1694.0,57.56,8,14.94,4898,0.60,4922,49,4,8.00,0.00,8.0,0.00,0.00,0.0,3.00,178321.00,83.5
336,0.00,116.00,116.0,45.64,6.00,1345.00,1351.0,57.59,5,15.19,4898,0.60,4925,49,4,6.00,0.00,6.0,0.00,0.00,0.0,3.00,156157.00,77.6
337,0.00,36972.00,36972.0,46.25,6.00,1911.00,1917.0,57.61,6,15.19,4898,0.60,4927,49,4,6.00,0.00,6.0,0.00,0.00,0.0,1.00,119027.00,69.8
338,0.00,800.00,800.0,45.29,18.00,1935.00,1953.0,57.63,2,15.19,4898,0.60,4921,49,4,18.00,0.00,18.0,0.00,0.00,0.0,1.00,94772.00,77.3
339,0.00,384.00,384.0,21.48,8.00,892.00,900.0,57.64,1,15.19,4897,0.60,4925,49,4,8.00,0.00,8.0,0.00,0.00,0.0,1.00,72972.00,63.9
340,0.00,580.00,580.0,6.37,2.00,420.00,422.0,57.65,0,15.19,4896,0.60,4924,49,4,2.00,0.00,2.0,0.00,0.00,0.0,1.00,26565.00,43.2
341,0.00,176.00,176.0,28.29,26.00,1407.00,1433.0,57.65,21,14.53,4896,0.60,4911,49,4,26.00,0.00,26.0,0.00,0.00,0.0,2.00,71592.00,43.7
342,0.00,56.00,56.0,55.3,10.00,1561.00,1571.0,57.67,5,14.53,4896,0.60,4914,49,4,10.00,0.00,10.0,0.00,0.00,0.0,3.00,111663.00,77.6
343,0.00,5556.00,5556.0,40.56,8.00,1347.00,1355.0,57.68,8,14.53,4896,0.60,4911,50,5,5.00,4.00,9.0,1.00,1.00,2.0,2.00,191619.00,77.1
344,0.00,560.00,560.0,42.62,20.00,1518.00,1538.0,57.71,6,14.53,4897,0.60,4912,50,5,20.00,0.00,20.0,0.00,0.00,0.0,2.00,178881.00,69.5
345,0.00,1104.00,1104.0,39.2,6.00,2293.00,2299.0,57.74,8,14.53,4897,0.60,4895,50,5,6.00,0.00,6.0,0.00,0.00,0.0,2.00,145882.00,69.8
346,0.00,476.00,476.0,41.4,2.00,1603.00,1605.0,57.76,1,14.73,4897,0.60,4909,50,5,0.00,1.00,1.0,0.00,0.00,0.0,4.00,149103.00,75.3
347,0.00,784.00,784.0,28.86,0.00,979.00,979.0,57.78,4,14.73,4898,0.60,4933,50,4,0.00,0.00,0.0,0.00,0.00,0.0,3.00,117637.00,60.3
348,0.00,62196.00,62196.0,13.48,0.00,1103.00,1103.0,57.78,1,14.73,4897,0.60,4929,50,4,0.00,0.00,0.0,0.00,0.00,0.0,1.00,53439.00,52.2
349,0.00,1864.00,1864.0,8.06,2.00,687.00,689.0,57.79,0,14.73,4896,0.60,4925,50,4,0.00,0.00,0.0,0.00,0.00,0.0,1.00,30679.00,51.5
350,0.00,500.00,500.0,11.82,26.00,1110.00,1136.0,57.8,2,14.73,4895,0.60,4917,50,4,26.00,0.00,26.0,0.00,0.00,0.0,1.00,47911.00,43.4
351,0.00,384.00,384.0,50.78,8.00,1575.00,1583.0,57.81,1,13.87,4893,0.60,4909,50,4,8.00,0.00,8.0,0.00,0.00,0.0,3.00,136316.00,66.5
352,0.00,320.00,320.0,38.41,6.00,1369.00,1375.0,57.83,11,13.87,4893,0.60,4919,50,4,4.00,0.00,4.0,0.00,0.00,0.0,2.00,193356.00,66.8
353,0.00,33996.00,33996.0,54.09,25.00,2132.00,2157.0,57.85,13,13.87,4895,0.60,4924,50,4,24.00,1.00,25.0,0.00,0.00,0.0,3.00,152074.00,77.3
354,0.00,672.00,672.0,65.22,9.00,2663.00,2672.0,57.89,21,13.87,4897,0.60,4909,50,4,4.00,2.00,6.0,4.00,4.00,8.0,3.00,192369.00,77.8
355,0.00,640.00,640.0,73.17,8.00,2526.00,2534.0,57.92,22,13.87,4898,0.60,4919,50,4,8.00,0.00,8.0,0.00,0.00,0.0,2.00,175045.00,83.1
356,0.00,504.00,504.0,60.55,10.00,1350.00,1360.0,57.94,1,14.6,4898,0.60,4925,50,4,10.00,0.00,10.0,0.00,0.00,0.0,2.00,190199.00,83.3
357,0.00,428.00,428.0,44.69,4.00,1672.00,1676.0,57.97,17,14.6,4898,0.60,4923,50,4,4.00,0.00,4.0,0.00,0.00,0.0,2.00,134335.00,70.9
358,0.00,19824.00,19824.0,65.03,12.00,2757.00,2769.0,58.02,10,14.6,4897,0.60,4910,50,4,12.00,0.00,12.0,0.00,0.00,0.0,0.99,138468.32,79.3
359,0.00,472.00,472.0,78.45,12.00,2044.00,2056.0,58.04,16,14.6,4897,0.60,4910,50,4,10.00,0.00,10.0,0.00,1.00,1.0,2.00,126418.00,84.9
360,0.00,484.00,484.0,63.76,5.00,2005.00,2010.0,58.06,9,14.6,4898,0.60,4906,50,4,4.00,0.00,4.0,0.00,0.00,0.0,2.00,160123.00,84.7
361,0.00,356.00,356.0,53.31,12.00,1852.00,1864.0,58.09,11,14.39,4898,0.60,4913,50,4,8.00,4.00,12.0,0.00,0.00,0.0,1.00,223574.00,84.1
362,0.00,520.00,520.0,44.18,18.00,1922.00,1940.0,58.12,1,14.39,4897,0.60,4915,50,4,16.00,2.00,18.0,0.00,0.00,0.0,2.00,188174.00,71.5
363,0.00,24684.00,24684.0,50.38,2.00,2351.00,2353.0,58.15,9,14.39,4896,0.60,4909,50,4,0.00,2.00,2.0,0.00,0.00,0.0,2.00,156259.00,77.4
364,0.00,544.00,544.0,38.97,18.00,1733.00,1751.0,58.16,7,14.39,4897,0.60,4922,50,4,12.00,2.00,14.0,4.00,4.00,8.0,3.00,93288.00,76.8
365,0.00,428.00,428.0,16.71,14.00,1159.00,1173.0,58.17,0,14.39,4897,0.60,4922,50,4,12.00,2.00,14.0,0.00,0.00,0.0,1.00,44234.00,58.9
366,0.00,228.00,228.0,7.6,4.00,449.00,453.0,58.17,3,13.24,4897,0.60,4924,50,4,2.00,2.00,4.0,0.00,0.00,0.0,2.00,17394.00,41.0
367,0.00,312.00,312.0,29.95,28.00,1248.00,1276.0,58.18,10,13.24,4898,0.60,4936,50,4,26.00,2.00,28.0,0.00,0.00,0.0,3.00,69203.00,53.6
368,0.00,31700.00,31700.0,47.38,12.00,1520.00,1532.0,58.2,4,13.24,4897,0.60,4918,50,4,10.00,0.00,10.0,0.00,0.00,0.0,1.00,114737.00,71.2
369,0.00,540.00,540.0,38.87,8.00,1201.00,1209.0,58.22,12,13.24,4897,0.60,4938,50,4,8.00,2.00,10.0,0.00,0.00,0.0,2.00,212705.00,71.2
370,0.00,380.00,380.0,47.29,15.00,1858.00,1873.0,58.25,24,13.24,4897,0.60,4918,49,4,14.00,0.00,14.0,0.00,0.00,0.0,3.00,127774.00,70.9
371,0.00,656.00,656.0,80.08,8.00,2525.00,2533.0,58.26,24,13.94,4897,0.60,4904,49,4,8.00,0.00,8.0,0.00,0.00,0.0,2.00,155518.00,83.7
372,0.00,120.00,120.0,74.02,12.00,2497.00,2509.0,58.29,21,13.94,4898,0.60,4911,49,4,12.00,0.00,12.0,0.00,0.00,0.0,3.00,173130.00,83.8
373,0.00,11824.00,11824.0,71.03,5.00,1535.00,1540.0,58.32,14,13.94,4898,0.60,4908,49,4,4.00,0.00,4.0,0.00,0.00,0.0,1.00,179755.00,83.9
374,0.00,1108.91,1108.91,65.47,2.00,1329.00,1331.0,58.35,16,13.94,4898,0.60,4910,49,4,2.00,0.00,2.0,0.00,0.00,0.0,8.00,164517.00,83.8
375,0.00,576.00,576.0,64.69,16.00,2862.00,2878.0,58.38,11,13.94,4896,0.60,4908,49,4,16.00,0.00,16.0,0.00,0.00,0.0,1.00,153543.00,83.6
376,0.00,812.00,812.0,74.09,9.00,2641.00,2650.0,58.41,17,14.27,4897,0.60,4910,49,4,8.00,0.00,8.0,0.00,0.00,0.0,3.00,161054.00,83.6
377,0.00,552.00,552.0,71.54,8.00,2281.00,2289.0,58.43,20,14.27,4895,0.60,4910,50,5,5.00,4.00,9.0,1.00,1.00,2.0,4.00,145352.00,83.7
378,8.00,43788.00,43796.0,78.84,5.00,1286.00,1291.0,58.46,17,14.27,4896,0.60,4914,50,5,2.00,1.00,3.0,0.00,0.00,0.0,21.00,143010.00,83.9
379,0.00,168.00,168.0,75.97,12.00,1320.00,1332.0,58.48,13,14.27,4897,0.60,4906,50,5,11.00,1.00,12.0,0.00,0.00,0.0,3.00,152350.00,84.0
380,0.00,896.00,896.0,77.69,4.00,1431.00,1435.0,58.51,20,14.27,4897,0.60,4899,50,5,4.00,0.00,4.0,0.00,0.00,0.0,1.00,142583.00,84.1
381,0.00,1172.00,1172.0,65.95,1.00,2301.00,2302.0,58.53,4,14.09,4898,0.60,4900,50,4,0.00,0.00,0.0,0.00,0.00,0.0,7.00,102508.00,84.0
382,0.00,316.00,316.0,49.32,0.00,1324.00,1324.0,58.55,3,14.09,4896,0.60,4910,50,4,0.00,0.00,0.0,0.00,0.00,0.0,2.00,60789.00,75.9
383,0.00,940.00,940.0,33.41,0.00,609.00,609.0,58.56,2,14.09,4895,0.60,4914,50,4,0.00,0.00,0.0,0.00,0.00,0.0,1.00,17526.00,75.5
384,0.00,64352.00,64352.0,20.83,24.00,454.00,478.0,58.56,0,14.09,4893,0.60,4909,50,4,20.00,0.00,20.0,4.00,4.00,8.0,1.00,9737.00,64.2
385,0.00,36.00,36.0,4.03,23.00,400.00,423.0,58.56,1,14.09,4893,0.60,4904,50,4,18.00,5.00,23.0,0.00,0.00,0.0,1.00,7533.00,42.3
386,0.00,560.00,560.0,2.67,2.00,293.00,295.0,58.56,0,12.96,4889,0.60,4898,50,4,0.00,2.00,2.0,0.00,0.00,0.0,2.00,10928.00,37.2
387,0.00,328.00,328.0,20.84,32.00,1505.00,1537.0,58.56,4,12.96,4892,0.60,4906,50,4,28.00,2.00,30.0,0.00,0.00,0.0,7.00,89778.00,45.1
388,0.00,96.00,96.0,37.39,12.00,1674.00,1686.0,58.58,10,12.96,4893,0.60,4914,50,4,12.00,2.00,14.0,0.00,0.00,0.0,3.00,141613.00,67.4
389,0.00,20892.00,20892.0,50.39,6.00,1094.00,1100.0,58.61,6,12.96,4893,0.60,4918,50,4,4.00,2.00,6.0,0.00,0.00,0.0,2.00,200411.00,77.9
390,0.00,928.00,928.0,69.59,18.00,1887.00,1905.0,58.64,17,12.96,4896,0.60,4899,50,4,18.00,0.00,18.0,0.00,0.00,0.0,5.00,118406.00,77.9
391,0.00,1336.00,1336.0,70.78,8.00,2431.00,2439.0,58.68,13,12.88,4898,0.60,4904,50,4,8.00,0.00,8.0,0.00,0.00,0.0,3.00,144712.00,85.7
392,0.00,192.00,192.0,44.37,2.00,1915.00,1917.0,58.71,3,12.88,4898,0.60,4938,50,4,2.00,0.00,2.0,0.00,0.00,0.0,3.00,207199.00,77.4
393,0.00,116.00,116.0,35.38,18.00,2386.00,2404.0,58.73,13,12.88,4898,0.60,4922,50,4,16.00,2.00,18.0,0.00,0.00,0.0,1.00,146959.00,65.0
394,0.00,25924.00,25924.0,73.6,10.00,3331.00,3341.0,58.77,10,12.88,4898,0.60,4908,50,4,4.00,2.00,6.0,4.00,4.00,8.0,2.00,178360.00,81.1
395,0.00,632.00,632.0,67.34,14.00,3170.00,3184.0,58.81,10,12.88,4897,0.60,4931,50,4,12.00,2.00,14.0,0.00,0.00,0.0,1.00,203732.00,81.3
396,0.00,212.00,212.0,70.69,1.00,1474.00,1475.0,58.84,14,13.53,4896,0.60,4922,50,4,0.00,1.00,1.0,0.00,0.00,0.0,2.00,176053.00,81.7
397,0.00,293.07,293.07,71.13,3.00,1755.00,1758.0,58.87,21,13.53,4897,0.60,4900,49,4,2.00,0.00,2.0,0.00,0.00,0.0,4.00,168257.00,82.0
398,0.00,1080.00,1080.0,75.97,14.00,2755.00,2769.0,58.91,26,13.53,4898,0.60,4890,49,4,14.00,0.00,14.0,0.00,0.00,0.0,1.00,154047.00,82.2
399,0.00,12904.00,12904.0,81.36,2.00,2891.00,2893.0,58.94,6,13.53,4897,0.60,4894,49,4,2.00,0.00,2.0,0.00,0.00,0.0,1.00,103689.00,82.7
400,0.00,668.00,668.0,30.29,2.00,1250.00,1252.0,58.95,0,13.53,4895,0.60,4915,49,4,2.00,0.00,2.0,0.00,0.00,0.0,1.00,49402.00,76.5
401,0.00,136.00,136.0,2.8,16.00,343.00,359.0,58.95,0,12.45,4895,0.60,4915,49,4,16.00,0.00,16.0,0.00,0.00,0.0,2.00,6627.00,39.4
402,0.00,0.00,0.0,3.3,14.00,368.00,382.0,58.96,0,12.45,4893,0.60,4902,51,5,8.00,6.00,14.0,2.00,2.00,4.0,2.00,8512.00,39.0
403,0.00,76.00,76.0,17.22,21.00,882.00,903.0,58.96,1,12.45,4895,0.60,4897,51,5,20.00,1.00,21.0,0.00,0.00,0.0,4.00,34395.00,52.1
404,0.00,28732.00,28732.0,39.75,17.00,1596.00,1613.0,58.97,5,12.45,4896,0.60,4916,50,5,12.00,0.00,12.0,4.00,4.00,8.0,4.00,129282.00,60.9
405,0.00,704.00,704.0,65.18,13.00,1235.00,1248.0,59.0,11,12.45,4896,0.60,4916,51,5,10.00,3.00,13.0,0.00,0.00,0.0,3.00,152173.00,81.6
406,0.00,84.00,84.0,50.51,15.00,1263.00,1278.0,59.02,4,11.85,4896,0.60,4922,51,5,14.00,1.00,15.0,0.00,0.00,0.0,4.00,167250.00,81.4
407,0.00,776.00,776.0,47.19,11.00,2252.00,2263.0,59.04,15,11.85,4896,0.60,4920,50,4,8.00,0.00,8.0,2.00,2.00,4.0,4.00,159315.00,67.6
408,0.00,520.00,520.0,54.57,18.00,2823.00,2841.0,59.07,8,11.85,4898,0.60,4931,51,4,14.00,3.00,17.0,0.00,0.00,0.0,3.00,154210.00,79.6
409,0.00,40424.00,40424.0,46.03,9.00,1151.00,1160.0,59.1,10,11.85,4898,0.60,4936,51,4,6.00,2.00,8.0,0.00,1.00,1.0,1.00,172340.00,79.0
410,0.00,724.00,724.0,45.75,6.00,1351.00,1357.0,59.11,20,11.85,4898,0.60,4922,51,4,3.96,1.98,5.9399999999999995,0.00,0.00,0.0,1.00,98680.00,78.6
411,0.00,828.00,828.0,62.85,21.00,3184.00,3205.0,59.14,24,12.18,4897,0.60,4904,50,5,18.00,0.00,18.0,1.00,1.00,2.0,1.00,154178.00,78.5
412,0.00,96.00,96.0,75.0,10.00,2552.00,2562.0,59.17,25,12.18,4894,0.60,4901,50,5,10.00,0.00,10.0,0.00,0.00,0.0,2.00,172580.00,84.7
413,0.00,496.00,496.0,73.7,5.00,2071.00,2076.0,59.2,12,12.18,4891,0.60,4917,50,5,2.00,3.00,5.0,0.00,0.00,0.0,2.00,165392.00,84.7
414,24.00,6084.00,6108.0,76.54,8.00,1275.00,1283.0,59.23,21,12.18,4895,0.60,4933,51,5,7.00,7.00,14.0,0.00,0.00,0.0,20.00,129573.00,85.0
415,0.00,756.00,756.0,77.37,1.00,1859.00,1860.0,59.27,4,12.18,4899,0.60,4942,51,4,0.00,1.00,1.0,0.00,0.00,0.0,4.00,135104.00,85.1
416,0.00,716.00,716.0,63.19,1.00,2782.00,2783.0,59.31,22,12.57,4900,0.60,4933,50,4,0.00,0.00,0.0,0.00,0.00,0.0,2.00,146414.00,84.6
417,0.00,624.00,624.0,47.3,2.00,2834.00,2836.0,59.35,0,12.57,4900,0.60,4944,51,4,0.00,3.00,3.0,0.00,0.00,0.0,2.00,107159.00,78.1
418,0.00,528.00,528.0,14.18,10.00,847.00,857.0,59.36,2,12.57,4898,0.60,4942,51,4,8.00,2.00,10.0,0.00,0.00,0.0,1.00,32976.00,60.4
419,4.00,74804.00,74808.0,3.03,16.00,342.00,358.0,59.36,0,12.57,4896,0.60,4938,51,4,14.00,1.00,15.0,0.00,0.00,0.0,1.00,6271.00,37.2
420,0.00,524.00,524.0,3.18,10.00,313.00,323.0,59.36,2,12.57,4895,0.60,4920,50,4,8.00,0.00,8.0,0.00,0.00,0.0,1.00,7708.00,37.2
421,0.00,1684.00,1684.0,5.93,28.00,649.00,677.0,59.37,0,11.64,4895,0.60,4917,51,4,24.00,3.00,27.0,2.00,2.00,4.0,3.00,22279.00,37.4
422,0.00,36.00,36.0,17.95,9.00,824.00,833.0,59.37,12,11.64,4898,0.60,4929,51,4,8.00,1.00,9.0,0.00,0.00,0.0,4.00,68245.00,47.3
423,0.00,828.00,828.0,21.57,13.00,779.00,792.0,59.39,3,11.64,4898,0.60,4932,50,4,12.00,0.00,12.0,0.00,0.00,0.0,2.00,116197.00,47.6
424,0.00,22048.00,22048.0,21.09,28.00,1230.00,1258.0,59.4,5,11.64,4897,0.60,4928,50,4,22.00,2.00,24.0,4.00,4.00,8.0,12.00,70463.00,58.1
425,0.00,14852.00,14852.0,29.54,8.00,1791.00,1799.0,59.41,0,11.64,4900,0.60,4925,51,4,6.00,4.00,10.0,0.00,0.00,0.0,6.00,124059.00,58.3
426,0.00,232.00,232.0,44.53,16.00,1201.00,1217.0,59.43,8,10.71,4900,0.60,4930,51,4,14.00,2.00,16.0,0.00,0.00,0.0,1.00,154984.00,68.0
427,0.00,604.00,604.0,43.97,15.00,1855.00,1870.0,59.44,8,10.71,4900,0.60,4922,50,4,14.00,0.00,14.0,0.00,0.00,0.0,2.00,112252.00,68.2
428,0.00,152.00,152.0,67.65,4.00,2758.00,2762.0,59.49,21,10.71,4900,0.60,4909,50,4,4.00,0.00,4.0,0.00,0.00,0.0,1.00,173101.00,81.4
429,0.00,152.00,152.0,70.16,20.00,2884.00,2904.0,59.51,32,10.71,4900,0.60,4922,51,4,18.00,3.00,21.0,0.00,0.00,0.0,1.00,199030.00,81.8
430,0.00,13212.00,13212.0,77.57,1.00,2531.00,2532.0,59.57,29,10.71,4898,0.60,4942,51,4,0.00,1.00,1.0,0.00,0.00,0.0,1.00,138530.00,82.2
431,0.00,524.00,524.0,72.21,3.00,2429.00,2432.0,59.61,34,11.53,4898,0.60,4942,51,4,2.00,0.00,2.0,0.00,0.00,0.0,2.00,179264.00,82.4
432,0.00,480.00,480.0,75.25,9.00,2537.00,2546.0,59.62,29,11.53,4899,0.60,4958,51,4,8.00,1.00,9.0,0.00,0.00,0.0,3.00,144122.00,82.6
433,0.00,948.00,948.0,64.62,2.00,3180.00,3182.0,59.66,14,11.53,4900,0.60,4936,51,4,0.00,0.00,0.0,0.00,0.00,0.0,2.00,153704.00,82.8
434,0.00,820.00,820.0,50.71,6.00,2666.00,2672.0,59.69,15,11.53,4900,0.60,4929,51,4,2.00,0.00,2.0,4.00,4.00,8.0,4.00,147429.00,76.1
435,0.00,16484.00,16484.0,31.96,9.00,2719.00,2728.0,59.72,0,11.53,4900,0.60,4944,50,4,8.00,0.00,8.0,0.00,0.00,0.0,1.00,81373.00,69.4
436,0.00,188.00,188.0,7.69,0.00,594.00,594.0,59.72,2,10.61,4899,0.60,4944,50,4,0.00,0.00,0.0,0.00,0.00,0.0,1.00,23535.00,48.9
437,0.00,480.00,480.0,8.03,2.00,641.00,643.0,59.73,4,10.61,4900,0.60,4951,50,4,0.00,1.00,1.0,0.00,0.00,0.0,7.00,45797.00,39.3
438,4.00,428.00,432.0,12.44,4.00,863.00,867.0,59.74,2,10.61,4899,0.60,4931,50,4,4.00,0.00,4.0,0.00,0.00,0.0,18.00,64511.00,47.2
439,0.00,108.00,108.0,20.15,10.00,731.00,741.0,59.75,0,10.61,4899,0.60,4927,50,4,10.00,0.00,10.0,0.00,0.00,0.0,2.00,105473.00,47.7
440,0.00,66932.00,66932.0,11.99,5.00,824.00,829.0,59.76,0,10.61,4899,0.60,4923,50,4,2.00,2.00,4.0,0.00,0.00,0.0,4.00,55178.00,47.9
441,0.00,1360.00,1360.0,20.92,9.00,1601.00,1610.0,59.78,1,10.24,4899,0.60,4923,50,4,8.00,0.00,8.0,0.00,0.00,0.0,2.00,91045.00,48.4
442,0.00,48.00,48.0,24.01,17.00,1348.00,1365.0,59.79,10,10.24,4899,0.60,4933,50,4,17.00,1.00,18.0,0.00,0.00,0.0,2.00,113202.00,56.8
443,0.00,804.00,804.0,26.92,2.00,818.00,820.0,59.8,4,10.24,4899,0.60,4933,50,4,2.00,0.00,2.0,0.00,0.00,0.0,1.00,141803.00,62.1
444,0.00,1172.00,1172.0,34.48,16.00,1097.00,1113.0,59.82,4,10.24,4899,0.60,4931,50,4,12.00,0.00,12.0,4.00,4.00,8.0,2.00,77312.00,62.2
445,0.00,4292.00,4292.0,31.1,20.00,2460.00,2480.0,59.84,2,10.24,4898,0.60,4921,50,4,20.00,0.00,20.0,0.00,0.00,0.0,1.00,118956.00,62.6
446,0.00,1520.00,1520.0,35.14,3.00,2139.00,2142.0,59.86,9,10.22,4898,0.60,4925,50,5,2.00,0.00,2.0,1.00,1.00,2.0,1.00,176333.00,70.3
447,0.00,652.00,652.0,56.9,10.00,2215.00,2225.0,59.89,19,10.22,4899,0.60,4909,49,5,8.00,1.00,9.0,0.00,0.00,0.0,4.00,234905.00,75.6
448,0.00,560.00,560.0,63.7,14.00,2936.00,2950.0,59.93,29,10.22,4900,0.60,4928,49,5,14.00,0.00,14.0,0.00,0.00,0.0,2.00,208177.00,81.2
449,0.00,856.00,856.0,71.41,0.00,3186.00,3186.0,59.97,17,10.22,4900,0.60,4907,49,5,0.00,0.00,0.0,0.00,0.00,0.0,1.00,178203.00,81.6
450,0.00,3056.00,3056.0,76.32,0.00,2472.00,2472.0,60.0,24,10.22,4896,0.60,4931,49,4,0.00,0.00,0.0,0.00,0.00,0.0,1.00,181116.00,82.0
451,0.00,1732.00,1732.0,60.58,0.00,1586.00,1586.0,60.03,11,11.72,4898,0.60,4944,49,4,0.00,0.00,0.0,0.00,0.00,0.0,3.00,158535.00,82.1
452,0.00,612.00,612.0,53.18,0.00,2262.00,2262.0,60.06,29,11.72,4896,0.60,4941,49,4,0.00,0.00,0.0,0.00,0.00,0.0,2.00,130107.00,81.6
453,0.00,720.00,720.0,48.93,16.00,2856.00,2872.0,60.1,5,11.72,4895,0.60,4940,49,4,16.00,0.00,16.0,0.00,0.00,0.0,2.00,118627.00,75.9
454,0.00,236.00,236.0,16.81,10.00,1117.00,1127.0,60.11,2,11.72,4894,0.60,4950,49,4,6.00,0.00,6.0,4.00,4.00,8.0,1.00,39298.00,65.4
455,0.00,83208.00,83208.0,3.96,8.00,465.00,473.0,60.11,1,11.72,4895,0.60,4949,49,4,8.00,0.00,8.0,0.00,0.00,0.0,2.00,16144.00,38.4
456,0.00,96.00,96.0,15.83,12.00,882.00,894.0,60.12,1,10.87,4895,0.60,4949,49,4,12.00,0.00,12.0,0.00,0.00,0.0,2.00,71058.00,47.8
457,0.00,944.00,944.0,17.33,20.00,820.00,840.0,60.13,6,10.87,4895,0.60,4940,49,4,20.00,0.00,20.0,0.00,0.00,0.0,2.00,103141.00,47.7
458,0.00,856.00,856.0,15.41,10.00,767.00,777.0,60.14,0,10.87,4896,0.60,4938,49,4,10.00,0.00,10.0,0.00,0.00,0.0,2.00,57179.00,53.4
459,0.00,468.00,468.0,18.08,14.00,1381.00,1395.0,60.16,0,10.87,4898,0.60,4929,49,4,12.00,0.00,12.0,0.00,0.00,0.0,3.00,83376.00,53.3
460,0.00,18812.00,18812.0,19.77,12.00,922.00,934.0,60.17,2,10.87,4898,0.60,4925,49,4,14.00,0.00,14.0,0.00,0.00,0.0,1.00,77222.00,53.4
461,0.00,732.00,732.0,13.78,12.00,1059.00,1071.0,60.17,5,10.08,4898,0.60,4919,49,4,12.00,0.00,12.0,0.00,0.00,0.0,1.00,62010.00,43.5
462,0.00,328.00,328.0,46.76,18.00,2280.00,2298.0,60.2,3,10.08,4896,0.60,4907,49,4,18.00,0.00,18.0,0.00,0.00,0.0,2.00,132719.00,64.1
463,0.00,300.00,300.0,51.87,12.00,2201.00,2213.0,60.23,8,10.08,4897,0.60,4936,49,4,10.00,0.00,10.0,0.00,0.00,0.0,2.00,224343.00,78.4
464,0.00,452.00,452.0,57.53,8.00,2115.00,2123.0,60.26,7,10.08,4896,0.60,4913,49,4,4.00,0.00,4.0,4.00,4.00,8.0,0.99,187862.38,78.1
465,0.00,27060.00,27060.0,62.33,8.00,2723.00,2731.0,60.29,4,10.08,4898,0.60,4905,49,4,8.00,0.00,8.0,0.00,0.00,0.0,3.00,186220.00,83.4
466,0.00,564.00,564.0,73.08,1.00,3121.00,3122.0,60.36,20,11.59,4898,0.60,4921,49,4,0.00,0.00,0.0,0.00,0.00,0.0,3.00,187756.00,83.3
467,0.00,864.00,864.0,72.1,10.00,2936.00,2946.0,60.38,16,11.59,4898,0.60,4905,49,4,10.00,0.00,10.0,0.00,0.00,0.0,2.00,181064.00,83.5
468,0.00,740.00,740.0,73.46,0.00,2164.00,2164.0,60.41,16,11.59,4897,0.60,4926,49,4,0.00,0.00,0.0,0.00,0.00,0.0,1.00,191488.00,83.6
469,0.00,1148.00,1148.0,54.86,3.00,2061.00,2064.0,60.44,17,11.59,4898,0.60,4949,49,4,2.00,0.00,2.0,0.00,0.00,0.0,3.00,186487.00,83.1
470,0.00,232.00,232.0,42.34,15.00,2368.00,2383.0,60.45,4,11.59,4898,0.60,4938,49,4,14.00,0.00,14.0,0.00,0.00,0.0,2.00,127824.00,75.6
471,0.00,58924.00,58924.0,42.44,0.00,2239.00,2239.0,60.47,11,11.38,4898,0.60,4943,49,4,0.00,0.00,0.0,0.00,0.00,0.0,2.00,100445.00,70.5
472,0.00,172.00,172.0,20.7,12.00,1100.00,1112.0,60.46,13,11.38,4898,0.60,4942,49,4,12.00,0.00,12.0,0.00,0.00,0.0,2.00,35912.00,70.1
473,0.00,252.00,252.0,14.12,12.00,899.00,911.0,60.47,1,11.38,4898,0.60,4940,49,4,12.00,0.00,12.0,0.00,0.00,0.0,1.00,68109.00,43.7
474,2712.00,568.00,3280.0,17.66,18.00,810.00,828.0,60.49,4,11.38,4898,0.60,4932,49,4,14.00,0.00,14.0,4.00,4.00,8.0,12.00,96715.00,44.3
475,35932.00,36.00,35968.0,20.77,16.00,832.00,848.0,60.58,1,11.38,4899,0.60,4929,49,4,14.00,0.00,14.0,0.00,0.00,0.0,32.00,67506.00,64.2
476,31728.00,19844.00,51572.0,23.3,11.00,1304.00,1315.0,60.72,3,10.95,4900,0.60,4927,49,4,12.00,0.00,12.0,0.00,1.00,1.0,21.00,81591.00,57.8
477,344.00,1016.00,1360.0,16.2,19.00,968.00,987.0,60.74,1,10.95,4905,0.60,4933,51,8,14.00,3.00,17.0,4.00,4.00,8.0,14.00,75636.00,57.4
478,0.00,2700.00,2700.0,15.11,11.00,1028.00,1039.0,60.75,11,10.95,4904,0.60,4923,51,8,10.00,1.00,11.0,0.00,0.00,0.0,1.00,54296.00,45.4
479,0.00,460.00,460.0,32.51,14.00,2057.00,2071.0,60.77,1,10.95,4904,0.60,4924,51,8,10.00,1.00,11.0,0.00,1.00,1.0,1.00,160937.00,61.9
480,0.00,140.00,140.0,40.0,18.00,1957.00,1975.0,60.79,7,10.95,4903,0.60,4930,50,9,16.00,0.00,16.0,1.00,1.00,2.0,2.00,203265.00,62.2
481,0.00,19300.00,19300.0,61.41,8.00,1977.00,1985.0,60.82,4,11.84,4903,0.60,4926,50,9,8.00,0.00,8.0,0.00,0.00,0.0,2.00,196495.00,81.2
482,24.00,1968.00,1992.0,57.49,16.00,2778.00,2794.0,60.86,26,11.84,4905,0.60,4943,50,9,4.00,0.00,4.0,12.00,12.00,24.0,5.00,196585.00,75.8
483,0.00,1572.00,1572.0,68.35,6.00,2758.00,2764.0,60.89,19,11.84,4905,0.60,4908,50,9,6.00,0.00,6.0,0.00,0.00,0.0,2.00,177110.00,84.9
484,0.00,424.00,424.0,66.5,5.00,2188.00,2193.0,60.92,12,11.84,4905,0.60,4926,50,8,0.00,0.00,0.0,4.00,4.00,8.0,2.00,192224.00,84.6
485,0.00,368.00,368.0,52.2,0.00,2510.00,2510.0,60.96,6,11.84,4905,0.60,4923,50,8,0.00,0.00,0.0,0.00,0.00,0.0,1.00,194259.00,84.0
486,0.00,56856.00,56856.0,41.58,0.00,1994.00,1994.0,60.98,6,11.37,4904,0.60,4929,50,8,0.00,0.00,0.0,0.00,0.00,0.0,1.00,125643.00,75.5
487,1468.00,1496.00,2964.0,40.31,176.00,2714.00,2890.0,61.03,6,11.37,4908,0.60,4933,53,4,142.00,120.00,262.0,20.00,8.00,28.0,59.00,109866.00,75.0
488,2024.00,5320.00,7344.0,38.86,592.00,2086.00,2678.0,61.15,4,11.37,4907,0.60,4945,53,4,591.00,456.00,1047.0,0.00,0.00,0.0,443.00,89865.00,74.9
489,4.00,7764.00,7768.0,40.2,1417.00,2364.00,3781.0,61.26,8,11.37,4907,0.60,4945,53,4,1417.00,1063.00,2480.0,0.00,0.00,0.0,1.00,146817.00,74.5
490,1004.00,144.00,1148.0,31.73,23.00,1235.00,1258.0,61.31,5,11.37,4904,0.60,4940,50,4,23.00,5.00,28.0,0.00,0.00,0.0,15.00,92323.00,68.5
491,4356.00,26588.00,30944.0,20.46,8.00,1821.00,1829.0,61.37,2,10.78,4905,0.60,4927,50,4,6.00,2.00,8.0,0.00,0.00,0.0,34.00,76460.00,62.4
492,17916.00,44.00,17960.0,21.83,17.00,805.00,822.0,61.58,3,10.78,4900,0.60,4934,50,4,16.00,0.00,16.0,0.00,0.00,0.0,14.00,64333.00,62.1
493,168.00,1796.00,1964.0,22.77,15.00,845.00,860.0,61.87,5,10.78,4901,0.60,4941,50,4,14.00,0.00,14.0,0.00,0.00,0.0,4.00,62921.00,62.2
494,63500.00,2004.00,65504.0,19.9,14.00,902.00,916.0,61.55,3,10.78,4900,0.60,4942,50,4,8.00,2.00,10.0,4.00,4.00,8.0,10.00,71191.00,61.9
495,85488.00,672.00,86160.0,17.43,16.00,1001.00,1017.0,61.91,8,10.78,4901,0.60,4935,50,4,14.00,2.00,16.0,0.00,0.00,0.0,2.00,52798.00,61.6
496,38668.00,21696.00,60364.0,36.88,12.00,2152.00,2164.0,62.09,2,11.28,4901,0.60,4933,50,4,10.00,0.00,10.0,0.00,0.00,0.0,2.00,143374.00,69.1
497,2852.00,896.00,3748.0,48.07,4.00,2127.00,2131.0,62.56,11,11.28,4901,0.60,4936,50,4,4.00,0.00,4.0,0.00,0.00,0.0,14.00,161643.00,69.3
498,8.00,564.00,572.0,69.08,4.00,1864.00,1868.0,62.32,18,11.28,4898,0.60,4940,50,4,2.00,1.00,3.0,0.00,0.00,0.0,17.00,187062.00,83.4
499,0.00,340.00,340.0,63.78,9.90,2800.00,2809.9,62.34,27,11.28,4897,0.60,4938,50,4,8.00,2.00,10.0,0.00,0.00,0.0,1.00,183954.00,83.1
500,0.00,732.00,732.0,71.0,11.00,3228.00,3239.0,62.4,19,11.28,4897,0.60,4931,50,4,10.00,1.00,11.0,0.00,0.00,0.0,5.00,195144.00,83.3
501,0.00,1204.00,1204.0,69.5,2.00,2992.00,2994.0,62.44,14,11.1,4898,0.60,4933,50,4,2.00,0.00,2.0,0.00,0.00,0.0,2.00,177674.00,83.4
502,0.00,65740.00,65740.0,54.94,0.00,2136.00,2136.0,62.44,11,11.1,4898,0.60,4932,50,4,0.00,0.00,0.0,0.00,0.00,0.0,2.00,200644.00,83.5
503,0.00,976.00,976.0,46.78,11.00,2868.00,2879.0,62.48,1,11.1,4898,0.60,4939,50,4,8.00,3.00,11.0,0.00,0.00,0.0,2.00,140443.00,72.6
504,0.00,1204.00,1204.0,36.39,15.00,2967.00,2982.0,62.51,7,11.1,4898,0.60,4927,50,4,10.00,1.00,11.0,4.00,4.00,8.0,3.00,139885.00,72.7
505,0.00,468.00,468.0,25.29,4.00,1348.00,1352.0,62.53,3,11.1,4898,0.60,4938,50,4,4.00,0.00,4.0,0.00,0.00,0.0,1.00,154022.00,63.3
506,0.00,716.00,716.0,22.85,14.00,1193.00,1207.0,62.54,6,10.29,4898,0.60,4925,50,4,14.00,0.00,14.0,0.00,0.00,0.0,1.00,124930.00,53.7
507,0.00,24728.00,24728.0,17.41,14.00,1507.00,1521.0,62.55,1,10.29,4898,0.60,4919,50,4,12.00,2.00,14.0,0.00,0.00,0.0,2.00,82997.00,53.9
508,0.00,568.00,568.0,17.17,8.00,1202.00,1210.0,62.57,1,10.29,4897,0.60,4929,50,4,6.00,2.00,8.0,0.00,0.00,0.0,1.00,80454.00,54.1
509,0.00,100.00,100.0,13.32,13.00,819.00,832.0,62.58,2,10.29,4897,0.60,4921,49,4,12.00,0.00,12.0,0.00,0.00,0.0,1.00,44196.00,45.1
510,0.00,628.00,628.0,10.77,14.00,1045.00,1059.0,62.59,1,10.29,4896,0.60,4923,49,4,14.00,0.00,14.0,0.00,0.00,0.0,1.00,52964.00,50.4
511,0.00,940.00,940.0,9.94,10.00,534.00,544.0,62.59,1,9.62,4896,0.60,4922,49,4,10.00,0.00,10.0,0.00,0.00,0.0,2.00,67114.00,45.1
512,0.00,9264.00,9264.0,14.61,20.00,1126.00,1146.0,62.6,1,9.62,4897,0.60,4917,49,4,20.00,0.00,20.0,0.00,0.00,0.0,3.00,61427.00,44.9
513,0.00,436.00,436.0,32.11,12.00,2388.00,2400.0,62.62,2,9.62,4897,0.60,4930,49,4,12.00,0.00,12.0,0.00,0.00,0.0,1.00,167838.00,61.8
514,0.00,268.00,268.0,42.18,14.00,1849.00,1863.0,62.62,17,9.62,4896,0.60,4929,50,5,12.00,2.00,14.0,1.00,1.00,2.0,2.00,207548.00,62.1
515,0.00,876.00,876.0,44.85,5.00,2307.00,2312.0,62.65,18,9.62,4896,0.60,4941,50,5,4.00,1.00,5.0,0.00,0.00,0.0,1.00,189959.00,74.6
516,0.00,500.00,500.0,64.68,12.00,3114.00,3126.0,62.66,20,9.09,4898,0.60,4925,50,5,10.00,2.00,12.0,0.00,0.00,0.0,3.00,183347.00,75.0
517,0.00,41864.00,41864.0,71.99,11.00,3268.00,3279.0,62.69,13,9.09,4898,0.60,4942,50,5,8.00,2.00,10.0,0.00,0.00,0.0,2.00,188253.00,84.7
518,0.00,924.00,924.0,50.89,2.00,2189.00,2191.0,62.72,13,9.09,4897,0.60,4942,50,4,0.00,2.00,2.0,0.00,0.00,0.0,1.00,206614.00,79.1
519,0.00,526.73,526.73,55.15,2.00,2488.00,2490.0,62.77,5,9.09,4898,0.60,4930,50,4,0.00,2.00,2.0,0.00,0.00,0.0,3.00,172192.00,79.3
520,0.00,1512.00,1512.0,38.38,2.00,2181.00,2183.0,62.79,6,9.09,4897,0.60,4937,50,4,0.00,2.00,2.0,0.00,0.00,0.0,1.00,137231.00,72.4
521,0.00,788.00,788.0,25.98,19.00,2452.00,2471.0,62.81,1,8.44,4897,0.60,4936,50,4,16.00,2.00,18.0,0.00,0.00,0.0,2.00,78456.00,61.3
522,4.00,82392.00,82396.0,14.5,8.00,901.00,909.0,62.86,1,8.44,4897,0.60,4941,50,4,6.00,2.00,8.0,0.00,0.00,0.0,2.00,72520.00,52.4
523,0.00,65012.00,65012.0,14.84,10.00,749.00,759.0,62.83,3,8.44,4897,0.60,4942,50,4,8.00,2.00,10.0,0.00,0.00,0.0,1.00,101071.00,51.7
524,0.00,52.00,52.0,28.05,30.00,1246.00,1276.0,62.84,3,8.44,4897,0.60,4928,50,4,24.00,2.00,26.0,4.00,4.00,8.0,1.00,70218.00,63.6
525,0.00,76.00,76.0,27.27,8.00,1501.00,1509.0,62.86,4,8.44,4897,0.60,4927,50,4,7.00,1.00,8.0,0.00,0.00,0.0,1.00,105842.00,63.7
526,0.00,1916.00,1916.0,24.15,10.00,1143.00,1153.0,62.87,2,8.17,4895,0.60,4927,50,4,8.00,2.00,10.0,0.00,0.00,0.0,1.00,129204.00,63.1
527,0.00,896.00,896.0,12.76,19.00,964.00,983.0,62.88,6,8.17,4897,0.60,4930,49,4,17.00,2.00,19.0,0.00,0.00,0.0,4.00,64256.00,45.1
528,4.00,159952.00,159956.0,24.69,5.00,1380.00,1385.0,62.9,3,8.17,4897,0.60,4923,49,4,4.00,0.00,4.0,0.00,0.00,0.0,1.00,64995.00,58.4
529,0.00,436.00,436.0,18.02,17.00,1098.00,1115.0,62.91,1,8.17,4896,0.60,4918,49,4,16.00,0.00,16.0,0.00,0.00,0.0,1.00,95058.00,58.5
530,0.00,288.00,288.0,37.47,16.00,2097.00,2113.0,62.92,5,8.17,4896,0.60,4925,49,4,16.00,0.00,16.0,0.00,0.00,0.0,1.00,161102.00,58.6
531,0.00,392.00,392.0,43.38,4.00,2274.00,2278.0,62.95,10,7.67,4896,0.60,4922,49,4,4.00,0.00,4.0,0.00,0.00,0.0,2.00,193414.00,68.8
532,0.00,340.00,340.0,51.59,12.00,2308.00,2320.0,62.98,9,7.67,4897,0.60,4922,49,4,12.00,0.00,12.0,0.00,0.00,0.0,3.00,214379.00,79.6
533,0.00,54016.00,54016.0,61.54,10.00,3228.00,3238.0,63.02,19,7.67,4897,0.60,4912,49,4,10.00,0.00,10.0,0.00,0.00,0.0,1.00,211620.00,79.6
534,0.00,1032.00,1032.0,65.52,10.00,3066.00,3076.0,63.03,18,7.67,4897,0.60,4908,49,4,6.00,0.00,6.0,4.00,4.00,8.0,3.00,188658.00,79.9
535,0.00,640.00,640.0,61.14,4.00,2693.00,2697.0,63.06,21,7.67,4898,0.60,4931,49,4,4.00,0.00,4.0,0.00,0.00,0.0,2.00,200004.00,80.2
536,0.00,400.00,400.0,51.21,0.00,2026.00,2026.0,63.1,5,7.7,4896,0.60,4922,49,4,0.00,0.00,0.0,0.00,0.00,0.0,2.00,186484.00,80.4
537,0.00,384.00,384.0,43.3,8.00,2766.00,2774.0,63.13,1,7.7,4897,0.60,4927,49,4,8.00,0.00,8.0,0.00,0.00,0.0,2.00,149608.00,70.3
538,0.00,16540.00,16540.0,44.73,14.00,2882.00,2896.0,63.17,1,7.7,4897,0.60,4933,49,4,14.00,0.00,14.0,0.00,0.00,0.0,3.00,113017.00,75.5
539,0.00,1624.00,1624.0,16.39,1.00,891.00,892.0,63.17,6,7.7,4896,0.60,4960,49,4,0.00,0.00,0.0,0.00,0.00,0.0,2.00,78277.00,52.1
540,0.00,176.00,176.0,21.23,15.00,1197.00,1212.0,63.18,5,7.7,4897,0.60,4962,49,4,14.00,0.00,14.0,0.00,0.00,0.0,1.00,88499.00,52.1
541,0.00,524.00,524.0,17.17,16.00,1464.00,1480.0,63.2,0,7.32,4897,0.60,4958,49,4,16.00,0.00,16.0,0.00,0.00,0.0,1.00,80074.00,52.5
542,0.00,52.00,52.0,19.72,6.00,1229.00,1235.0,63.22,0,7.32,4896,0.60,4962,49,4,6.00,0.00,6.0,0.00,0.00,0.0,2.00,98370.00,52.9
543,0.00,252.00,252.0,11.29,12.00,1026.00,1038.0,63.23,0,7.32,4897,0.60,4967,49,4,12.00,0.00,12.0,0.00,0.00,0.0,2.00,48684.00,43.8
544,0.00,10740.00,10740.0,31.23,18.00,1461.00,1479.0,63.24,1,7.32,4897,0.60,4961,49,4,18.00,0.00,18.0,0.00,0.00,0.0,2.00,63680.00,59.2
545,0.00,164.00,164.0,11.38,6.00,505.00,511.0,63.25,1,7.32,4897,0.60,4955,49,4,6.00,0.00,6.0,0.00,0.00,0.0,1.00,66239.00,52.1
546,0.00,68.00,68.0,12.44,14.00,1016.00,1030.0,63.26,5,6.74,4897,0.60,4949,49,4,14.00,0.00,14.0,0.00,0.00,0.0,1.00,59970.00,41.6
547,0.00,768.00,768.0,40.1,16.00,2385.00,2401.0,63.28,5,6.74,4894,0.60,4937,49,4,16.00,0.00,16.0,0.00,0.00,0.0,2.00,163193.00,62.4
548,0.00,268.00,268.0,44.97,14.00,1931.00,1945.0,63.3,16,6.74,4896,0.60,4944,49,4,14.00,0.00,14.0,0.00,0.00,0.0,3.00,186700.00,69.4
549,4.00,58844.00,58848.0,60.79,0.00,2097.00,2097.0,63.34,0,6.74,4896,0.60,4940,49,4,0.00,0.00,0.0,0.00,0.00,0.0,3.00,203444.00,81.7
550,0.00,628.00,628.0,70.64,16.00,3033.00,3049.0,63.35,31,6.74,4897,0.60,4939,50,5,14.00,1.00,15.0,1.00,1.00,2.0,1.00,164747.00,81.7
551,0.00,516.00,516.0,77.14,7.00,2632.00,2639.0,63.37,29,8.28,4898,0.60,4929,50,5,6.00,0.00,6.0,0.00,0.00,0.0,3.00,148709.00,82.1
552,0.00,324.00,324.0,68.75,0.00,2879.00,2879.0,63.36,23,8.28,4898,0.60,4929,50,5,0.00,0.00,0.0,0.00,0.00,0.0,2.00,176337.00,82.3
553,0.00,748.00,748.0,62.98,2.00,1618.00,1620.0,63.39,4,8.28,4897,0.60,4919,50,5,0.00,1.00,1.0,0.00,0.00,0.0,1.00,202266.00,82.5
554,0.00,39968.00,39968.0,51.4,7.00,2750.00,2757.0,63.44,17,8.28,4897,0.60,4930,50,4,0.00,2.00,2.0,4.00,4.00,8.0,6.00,140243.00,74.7
555,0.00,960.00,960.0,28.81,0.00,2464.00,2464.0,63.46,6,8.28,4898,0.60,4937,50,4,0.00,0.00,0.0,0.00,0.00,0.0,1.00,94308.00,74.2
556,0.00,548.00,548.0,8.82,0.00,671.00,671.0,63.47,1,7.78,4897,0.60,4945,50,4,0.00,0.00,0.0,0.00,0.00,0.0,1.00,25890.00,51.0
557,0.00,516.00,516.0,8.46,11.00,793.00,804.0,63.47,9,7.78,4896,0.60,4934,50,4,8.00,2.00,10.0,0.00,0.00,0.0,3.00,32710.00,39.0
558,4.00,328.00,332.0,12.58,2.00,891.00,893.0,63.5,2,7.78,4909,0.60,4934,50,4,0.00,1.00,1.0,0.00,0.00,0.0,17.00,68624.00,48.9
559,0.00,29612.00,29612.0,17.99,1.00,719.00,720.0,63.49,2,7.78,4896,0.60,4926,50,4,0.00,1.00,1.0,0.00,0.00,0.0,2.00,117779.00,49.1
560,0.00,192.00,192.0,35.79,7.00,1177.00,1184.0,63.5,10,7.78,4897,0.60,4928,50,4,6.00,1.00,7.0,0.00,0.00,0.0,4.00,88267.00,58.4
561,0.00,972.00,972.0,20.5,0.00,1630.00,1630.0,63.52,7,7.87,4898,0.60,4932,50,4,0.00,0.00,0.0,0.00,0.00,0.0,2.00,95268.00,58.6
562,0.00,148.00,148.0,31.85,4.00,790.00,794.0,63.53,4,7.87,4898,0.60,4933,50,4,4.00,0.00,4.0,0.00,0.00,0.0,2.00,103052.00,58.7
563,0.00,332.00,332.0,23.53,2.00,954.00,956.0,63.54,4,7.87,4898,0.60,4932,50,4,1.00,2.00,3.0,0.00,0.00,0.0,1.00,64800.00,58.6
564,0.00,48496.00,48496.0,15.63,12.00,1378.00,1390.0,63.56,1,7.87,4897,0.60,4934,50,4,5.94,0.99,6.930000000000001,4.00,5.00,9.0,1.00,65824.00,58.8
565,0.00,524.00,524.0,9.87,13.00,604.00,617.0,63.56,1,7.87,4897,0.60,4926,50,4,12.00,1.00,13.0,0.00,0.00,0.0,1.00,70085.00,47.8
566,0.00,668.00,668.0,18.38,12.00,1661.00,1673.0,63.57,5,7.72,4896,0.60,4918,50,4,12.00,0.00,12.0,0.00,0.00,0.0,2.00,95682.00,47.5
567,0.00,1044.00,1044.0,61.13,7.92,3094.06,3101.98,63.6,5,7.72,4898,0.60,4928,50,4,8.00,0.00,8.0,0.00,0.00,0.0,4.00,197009.00,74.7
568,0.00,696.00,696.0,61.95,17.00,2974.00,2991.0,63.63,29,7.72,4897,0.60,4952,50,4,16.00,1.00,17.0,0.00,0.00,0.0,2.00,218501.00,80.0
569,0.00,37732.00,37732.0,70.05,1.00,2301.00,2302.0,63.67,6,7.72,4898,0.60,4931,50,4,0.00,1.00,1.0,0.00,0.00,0.0,2.00,147555.00,80.5
570,0.00,700.00,700.0,54.96,3.00,2689.00,2692.0,63.72,20,7.72,4897,0.60,4951,50,4,2.00,1.00,3.0,0.00,0.00,0.0,3.00,196392.00,79.9
571,0.00,1580.00,1580.0,70.03,6.00,3899.00,3905.0,63.78,9,9.91,4895,0.60,4916,50,4,6.00,0.00,6.0,0.00,0.00,0.0,2.00,157658.00,80.4
572,0.00,1200.00,1200.0,54.36,0.00,3513.00,3513.0,63.79,7,9.91,4897,0.60,4946,50,4,0.00,0.00,0.0,0.00,0.00,0.0,4.00,157342.00,80.5
573,0.00,792.00,792.0,30.79,7.00,2665.00,2672.0,63.82,4,9.91,4897,0.60,4940,50,4,6.00,1.00,7.0,0.00,0.00,0.0,1.00,103249.00,69.8
574,0.00,5388.00,5388.0,21.63,9.00,1285.00,1294.0,63.83,1,9.91,4898,0.60,4952,50,4,4.00,1.00,5.0,4.00,4.00,8.0,2.00,87425.00,61.6
575,0.00,412.00,412.0,16.99,17.00,843.00,860.0,63.83,2,9.91,4897,0.60,4950,50,4,16.00,1.00,17.0,0.00,0.00,0.0,1.00,108685.00,46.4
576,0.00,80.00,80.0,12.39,10.00,926.00,936.0,63.85,0,9.19,4897,0.60,4939,50,4,10.00,0.00,10.0,0.00,0.00,0.0,1.00,56104.00,46.8
577,0.00,104.00,104.0,19.65,10.00,1457.00,1467.0,63.86,10,9.19,4897,0.60,4929,50,4,10.00,0.00,10.0,0.00,0.00,0.0,3.00,103473.00,47.2
578,0.00,652.00,652.0,20.4,21.00,1331.00,1352.0,63.88,3,9.19,4897,0.60,4937,50,4,20.00,1.00,21.0,0.00,0.00,0.0,1.00,108148.00,58.3
579,0.00,38596.00,38596.0,17.4,11.00,899.00,910.0,63.88,0,9.19,4897,0.60,4934,50,4,8.00,3.00,11.0,0.00,0.00,0.0,2.00,84457.00,49.2
580,0.00,656.00,656.0,23.01,9.00,1274.00,1283.0,63.9,0,9.19,4897,0.60,4926,50,4,6.00,2.00,8.0,0.00,0.00,0.0,1.00,74120.00,56.0
581,0.00,664.00,664.0,20.43,27.00,1230.00,1257.0,63.91,12,8.7,4897,0.60,4918,49,4,26.00,1.00,27.0,0.00,0.00,0.0,1.00,97010.00,55.5
582,0.00,60.00,60.0,37.6,30.00,2637.00,2667.0,63.93,13,8.7,4896,0.60,4917,49,4,30.00,0.00,30.0,0.00,0.00,0.0,3.00,154182.00,55.8
583,0.00,512.00,512.0,58.13,23.00,3657.00,3680.0,63.96,16,8.7,4897,0.60,4912,49,4,20.00,0.00,20.0,0.00,0.00,0.0,4.00,205939.00,81.4
584,0.00,48100.00,48100.0,76.29,9.00,2320.00,2329.0,63.99,39,8.7,4898,0.60,4969,50,5,10.00,1.00,11.0,1.00,1.00,2.0,0.99,151044.55,81.6
585,0.00,396.00,396.0,76.29,5.00,2920.00,2925.0,64.04,37,8.7,4897,0.60,4945,50,5,4.00,1.00,5.0,0.00,0.00,0.0,1.00,150533.00,82.0
586,0.00,1120.00,1120.0,81.38,2.00,2519.00,2521.0,64.09,28,10.48,4898,0.60,4937,50,5,0.00,1.00,1.0,0.00,0.00,0.0,2.00,114284.00,82.5
587,0.00,624.00,624.0,82.77,3.00,2526.00,2529.0,64.11,45,10.48,4897,0.60,4938,50,5,0.00,3.00,3.0,0.00,0.00,0.0,4.00,107368.00,82.8
588,0.00,1280.00,1280.0,76.34,3.00,3369.00,3372.0,64.08,11,10.48,4896,0.60,4914,50,4,0.00,2.00,2.0,0.00,0.00,0.0,1.00,134754.00,83.2
589,0.00,652.00,652.0,57.59,4.00,3171.00,3175.0,64.1,4,10.48,4896,0.60,4921,50,4,2.00,2.00,4.0,0.00,0.00,0.0,3.00,172520.00,83.2
590,0.00,32808.00,32808.0,49.48,20.00,3918.00,3938.0,64.16,16,10.48,4897,0.60,4919,50,4,20.00,0.00,20.0,0.00,0.00,0.0,3.00,135894.00,72.9
591,0.00,360.00,360.0,46.18,24.00,1812.00,1836.0,64.17,4,10.13,4897,0.60,4944,50,4,24.00,0.00,24.0,0.00,0.00,0.0,1.00,101184.00,79.0
592,0.00,40.00,40.0,9.97,35.00,835.00,870.0,64.18,2,10.13,4896,0.60,4932,50,4,32.00,3.00,35.0,0.00,0.00,0.0,2.00,39032.00,48.3
593,0.00,344.00,344.0,36.73,40.00,2437.00,2477.0,64.19,15,10.13,4898,0.60,4927,50,4,38.00,3.00,41.0,0.00,0.00,0.0,4.00,124005.00,54.9
594,0.00,568.00,568.0,72.73,24.00,2914.00,2938.0,64.22,17,10.13,4897,0.60,4947,50,4,20.00,2.00,22.0,4.00,4.00,8.0,3.00,177252.00,83.4
595,0.00,48268.00,48268.0,67.93,12.00,2538.00,2550.0,64.25,20,10.13,4898,0.60,4920,50,4,10.00,0.00,10.0,0.00,0.00,0.0,1.00,209208.00,83.4
596,0.00,472.00,472.0,71.66,10.00,2973.00,2983.0,64.29,33,11.48,4898,0.60,4972,50,4,10.00,0.00,10.0,0.00,0.00,0.0,1.00,162816.00,83.6
597,0.00,502.97,502.97,63.66,5.00,3503.00,3508.0,64.35,10,11.48,4896,0.60,4937,50,4,2.00,3.00,5.0,0.00,0.00,0.0,3.00,186656.00,83.5
598,0.00,624.00,624.0,69.87,0.00,3596.00,3596.0,64.37,36,11.48,4898,0.60,4958,50,4,0.00,0.00,0.0,0.00,0.00,0.0,4.00,200978.00,83.5
599,0.00,1672.00,1672.0,78.81,3.00,3374.00,3377.0,64.38,30,11.48,4897,0.60,4941,50,4,2.00,0.00,2.0,0.00,0.00,0.0,1.00,122163.00,83.7
600,0.00,53480.00,53480.0,54.89,5.00,3498.00,3503.0,64.44,8,11.48,4896,0.60,4935,50,4,4.00,0.00,4.0,0.00,0.00,0.0,1.00,156459.00,83.6
601,0.00,200.00,200.0,44.56,12.00,2650.00,2662.0,64.46,0,11.76,4896,0.60,4950,50,4,12.00,0.00,12.0,0.00,0.00,0.0,1.00,173184.00,73.5
602,0.00,704.00,704.0,46.46,26.00,3341.00,3367.0,64.52,2,11.76,4896,0.60,4951,50,4,26.00,0.00,26.0,0.00,0.00,0.0,2.00,109519.00,73.6
603,0.00,260.00,260.0,14.05,26.00,1350.00,1376.0,64.52,2,11.76,4895,0.60,4950,50,4,26.00,0.00,26.0,0.00,0.00,0.0,3.00,54182.00,55.7
604,0.00,1112.00,1112.0,29.71,35.00,2237.00,2272.0,64.54,20,11.76,4896,0.60,4937,50,4,34.00,0.00,34.0,2.00,2.00,4.0,2.00,132248.00,55.8
605,0.00,30780.00,30780.0,57.2,36.00,2896.00,2932.0,64.57,18,11.76,4896,0.60,4933,50,4,28.00,4.00,32.0,2.00,2.00,4.0,1.00,194779.00,72.1
606,0.00,100.00,100.0,70.41,17.00,2363.00,2380.0,64.61,15,12.42,4896,0.60,4928,49,4,16.00,0.00,16.0,0.00,0.00,0.0,1.00,203002.00,84.9
607,0.00,404.00,404.0,69.11,12.00,3433.00,3445.0,64.65,53,12.42,4897,0.60,4970,49,4,12.00,0.00,12.0,0.00,0.00,0.0,4.00,194079.00,84.6
608,0.00,888.00,888.0,77.72,2.00,2716.00,2718.0,64.69,35,12.42,4897,0.60,4933,49,4,2.00,0.00,2.0,0.00,0.00,0.0,2.97,121356.44,84.6
609,0.00,608.00,608.0,80.9,1.00,3591.00,3592.0,64.76,49,12.42,4897,0.60,4932,49,4,0.00,0.00,0.0,0.00,0.00,0.0,1.00,106568.00,84.6
610,0.00,62136.00,62136.0,78.59,0.00,2948.00,2948.0,64.79,18,12.42,4898,0.60,4945,49,4,0.00,0.00,0.0,0.00,0.00,0.0,2.00,115634.00,84.7
611,0.00,784.00,784.0,73.47,4.00,2812.00,2816.0,64.83,19,13.67,4898,0.60,4919,49,4,4.00,0.00,4.0,0.00,0.00,0.0,2.00,153167.00,84.7
612,0.00,672.00,672.0,75.7,17.00,3285.00,3302.0,64.83,21,13.67,4898,0.60,4910,49,4,16.00,0.00,16.0,0.00,0.00,0.0,2.00,148456.00,84.8
613,0.00,984.00,984.0,48.86,17.00,3739.00,3756.0,64.86,15,13.67,4898,0.60,4921,49,4,16.00,0.00,16.0,0.00,0.00,0.0,4.00,130765.00,84.2
614,0.00,356.00,356.0,25.76,22.00,2138.00,2160.0,64.88,3,13.67,4898,0.60,4949,49,4,22.00,0.00,22.0,0.00,0.00,0.0,5.00,100224.00,69.5
615,0.00,36544.00,36544.0,24.19,31.00,1701.00,1732.0,64.89,7,13.67,4898,0.60,4935,49,4,30.00,0.00,30.0,0.00,0.00,0.0,1.00,124368.00,49.8
616,0.00,1228.00,1228.0,53.28,10.00,2080.00,2090.0,64.89,7,13.93,4898,0.60,4934,49,4,10.00,0.00,10.0,0.00,0.00,0.0,1.00,175790.00,78.2
617,0.00,116.00,116.0,57.11,6.00,2183.00,2189.0,64.91,30,13.93,4897,0.60,4934,49,4,6.00,0.00,6.0,0.00,0.00,0.0,2.00,192295.00,72.7
618,0.00,960.00,960.0,60.41,11.00,3428.00,3439.0,64.95,14,13.93,4896,0.60,4915,49,4,10.00,0.00,10.0,0.00,0.00,0.0,2.00,198911.00,80.9
619,0.00,744.00,744.0,71.68,4.00,3852.00,3856.0,64.96,28,13.93,4898,0.60,4921,50,5,2.00,2.00,4.0,1.00,1.00,2.0,24.00,162029.00,81.0
620,0.00,64360.00,64360.0,75.19,0.00,3569.00,3569.0,65.02,25,13.93,4897,0.60,4944,50,5,0.00,0.00,0.0,0.00,0.00,0.0,1.00,127517.00,81.3
621,0.00,1148.00,1148.0,72.84,0.00,2112.00,2112.0,65.05,30,15.54,4898,0.60,4928,50,5,0.00,0.00,0.0,0.00,0.00,0.0,3.00,169693.00,81.7
622,0.00,672.00,672.0,72.74,1.00,1795.00,1796.0,65.08,21,15.54,4898,0.60,4926,50,5,0.00,1.00,1.0,0.00,0.00,0.0,3.00,194647.00,82.1
623,0.00,1020.00,1020.0,59.72,1.00,2999.00,3000.0,65.13,9,15.54,4898,0.60,4927,50,4,0.00,1.00,1.0,0.00,0.00,0.0,2.00,185040.00,82.3
624,0.00,1804.00,1804.0,52.18,16.00,3612.00,3628.0,65.18,10,15.54,4898,0.60,4925,50,5,16.00,0.00,16.0,0.00,0.00,0.0,3.00,158808.00,81.7
625,0.00,58200.00,58200.0,31.94,20.00,3229.00,3249.0,65.18,3,15.54,4898,0.60,4926,50,4,16.00,0.00,16.0,4.00,4.00,8.0,1.00,90878.00,72.6
626,0.00,504.00,504.0,7.61,30.00,837.00,867.0,65.2,2,14.54,4898,0.60,4927,50,4,30.00,0.00,30.0,0.00,0.00,0.0,1.00,20835.00,49.9
627,0.00,560.00,560.0,15.34,42.00,1791.00,1833.0,65.2,3,14.54,4898,0.60,4916,50,4,42.00,0.00,42.0,0.00,0.00,0.0,2.00,85516.00,44.6
628,0.00,612.00,612.0,42.73,26.00,3011.00,3037.0,65.23,4,14.54,4896,0.60,4922,50,4,26.00,0.00,26.0,0.00,0.00,0.0,2.00,203757.00,68.0
629,0.00,140.00,140.0,62.64,17.82,2700.99,2718.81,65.26,25,14.54,4894,0.60,4929,50,4,18.00,0.00,18.0,0.00,0.00,0.0,1.98,210754.46,76.7
630,0.00,672.00,672.0,67.72,12.00,3586.00,3598.0,65.28,36,14.54,4894,0.60,4927,50,4,12.00,0.00,12.0,0.00,0.00,0.0,2.00,178983.00,83.8
631,0.00,71316.00,71316.0,74.5,0.00,3171.00,3171.0,65.33,27,16.34,4896,0.60,4946,50,4,0.00,0.00,0.0,0.00,0.00,0.0,6.00,135361.00,83.9
632,0.00,1116.00,1116.0,81.83,0.00,3738.00,3738.0,65.38,28,16.34,4897,0.60,4950,50,4,0.00,0.00,0.0,0.00,0.00,0.0,2.00,116876.00,84.2
633,0.00,464.00,464.0,77.85,1.00,3165.00,3166.0,65.44,41,16.34,4898,0.60,4941,49,5,0.00,1.00,1.0,1.00,0.00,1.0,2.00,129283.00,84.3
634,0.00,580.00,580.0,71.3,4.00,2963.00,2967.0,65.44,13,16.34,4897,0.60,4917,49,5,4.00,0.00,4.0,0.00,0.00,0.0,1.00,151655.00,84.4
635,0.00,1168.00,1168.0,63.08,10.00,3708.00,3718.0,65.47,8,16.34,4897,0.60,4930,49,5,6.00,0.00,6.0,0.00,0.00,0.0,1.00,162792.00,84.3
636,0.00,15816.00,15816.0,38.66,20.00,2968.00,2988.0,65.49,2,16.79,4896,0.60,4921,49,5,24.00,0.00,24.0,0.00,0.00,0.0,1.00,80398.00,73.0
637,0.00,368.00,368.0,15.94,26.00,1449.00,1475.0,65.49,0,16.79,4895,0.60,4935,49,5,26.00,0.00,26.0,0.00,0.00,0.0,2.00,60318.00,59.4
638,0.00,388.00,388.0,17.82,41.00,1758.00,1799.0,65.5,1,16.79,4896,0.60,4920,49,5,38.00,1.00,39.0,1.00,0.00,1.0,3.00,95354.00,47.8
639,0.00,244.00,244.0,50.64,28.00,2500.00,2528.0,65.52,18,16.79,4896,0.60,4941,49,5,28.00,0.00,28.0,0.00,0.00,0.0,2.00,179180.00,61.9
640,0.00,548.00,548.0,53.08,20.00,2867.00,2887.0,65.52,23,16.79,4896,0.60,4926,49,5,20.00,0.00,20.0,0.00,0.00,0.0,2.00,212401.00,77.4
641,0.00,107344.00,107344.0,70.91,15.00,2815.00,2830.0,65.53,36,17.93,4896,0.60,4949,49,5,14.00,0.00,14.0,0.00,0.00,0.0,4.00,163159.00,83.7
642,0.00,388.00,388.0,73.12,0.00,4017.00,4017.0,65.58,25,17.93,4898,0.60,4927,49,5,0.00,0.00,0.0,0.00,0.00,0.0,4.00,142564.00,83.8
643,0.00,868.00,868.0,83.48,0.00,2770.00,2770.0,65.65,34,17.93,4897,0.60,4959,49,5,0.00,0.00,0.0,0.00,0.00,0.0,3.00,99570.00,84.0
644,0.00,480.00,480.0,80.98,1.00,2919.00,2920.0,65.67,39,17.93,4898,0.60,4963,50,4,0.00,1.00,1.0,0.00,0.00,0.0,2.00,121883.00,84.1
645,0.00,492.00,492.0,70.64,10.00,3723.00,3733.0,65.73,6,17.93,4898,0.60,4937,49,5,4.00,0.00,4.0,5.00,4.00,9.0,1.00,151959.00,84.3
646,0.00,38756.00,38756.0,52.18,8.00,2045.00,2053.0,65.76,16,18.41,4897,0.60,4948,49,5,6.00,0.00,6.0,0.00,0.00,0.0,4.00,114940.00,78.2
647,0.00,1088.00,1088.0,67.18,10.00,4070.00,4080.0,65.77,10,18.41,4898,0.60,4960,49,5,11.88,0.00,11.88,0.00,0.00,0.0,2.00,145547.00,78.2
648,0.00,732.00,732.0,66.41,20.00,2962.00,2982.0,65.8,9,18.41,4898,0.60,4969,49,5,20.00,0.00,20.0,0.00,0.00,0.0,3.00,104971.00,83.5
649,0.00,144.00,144.0,17.79,31.00,1496.00,1527.0,65.81,0,18.41,4897,0.60,4962,49,5,30.00,0.00,30.0,0.00,0.00,0.0,1.00,80422.00,60.3
650,0.00,652.00,652.0,33.25,35.00,1951.00,1986.0,65.82,0,18.41,4898,0.60,4954,50,4,30.00,4.00,34.0,0.00,0.00,0.0,2.00,193402.00,60.7
651,0.00,44684.00,44684.0,33.84,29.00,1952.00,1981.0,65.85,23,17.1,4898,0.60,4940,50,4,30.00,1.00,31.0,0.00,0.00,0.0,2.00,146562.00,67.9
652,0.00,500.00,500.0,69.09,18.00,3379.00,3397.0,65.89,33,17.1,4898,0.60,4915,50,4,18.00,0.00,18.0,0.00,0.00,0.0,2.00,208417.00,73.3
653,0.00,380.00,380.0,70.45,11.00,3345.00,3356.0,65.92,20,17.1,4897,0.60,4931,50,5,10.00,0.00,10.0,1.00,1.00,2.0,3.00,198105.00,84.3
654,0.00,800.00,800.0,70.38,0.00,3606.00,3606.0,65.97,25,17.1,4898,0.60,4966,50,5,0.00,0.00,0.0,0.00,0.00,0.0,1.00,154642.00,84.3
655,0.00,228.00,228.0,73.63,4.00,3593.00,3597.0,66.03,14,17.1,4898,0.60,4947,50,5,0.00,0.00,0.0,4.00,4.00,8.0,1.00,140749.00,84.3
656,4.00,40532.00,40536.0,71.82,0.00,2836.00,2836.0,66.08,31,17.57,4897,0.60,4938,50,5,0.00,0.00,0.0,0.00,0.00,0.0,1.00,136414.00,84.3
657,0.00,980.00,980.0,64.4,0.00,3640.00,3640.0,66.1,13,17.57,4898,0.60,4942,50,4,0.00,0.00,0.0,0.00,0.00,0.0,4.00,167658.00,84.2
658,0.00,772.00,772.0,79.72,6.00,3261.00,3267.0,66.12,13,17.57,4897,0.60,4938,50,4,4.00,1.00,5.0,0.00,0.00,0.0,1.00,129857.00,84.4
659,0.00,732.00,732.0,83.46,26.00,2703.00,2729.0,66.17,4,17.57,4897,0.60,4948,50,4,22.00,3.00,25.0,0.00,0.00,0.0,1.00,65317.00,84.8
660,0.00,436.00,436.0,22.76,34.00,883.00,917.0,66.18,0,17.57,4895,0.60,4941,50,4,32.00,2.00,34.0,0.00,0.00,0.0,1.00,28675.00,71.7
661,0.00,58204.00,58204.0,10.63,44.00,1073.00,1117.0,66.19,6,16.16,4896,0.60,4932,50,4,40.00,2.00,42.0,0.00,0.00,0.0,2.00,40678.00,40.2
662,0.00,416.00,416.0,42.39,34.00,2940.00,2974.0,66.2,14,16.16,4896,0.60,4965,49,4,34.00,1.00,35.0,0.00,0.00,0.0,4.00,154239.00,58.9
663,0.00,300.00,300.0,42.95,20.00,3473.00,3493.0,66.22,15,16.16,4896,0.60,4954,49,4,20.00,0.00,20.0,0.00,0.00,0.0,1.00,189477.00,71.4
664,0.00,72.00,72.0,73.17,8.00,2647.00,2655.0,66.26,21,16.16,4895,0.60,4995,49,4,8.00,0.00,8.0,0.00,0.00,0.0,1.00,146181.00,84.3
665,0.00,1224.00,1224.0,73.93,4.00,2547.00,2551.0,66.31,27,16.16,4895,0.60,4968,49,4,0.00,0.00,0.0,4.00,4.00,8.0,2.00,133375.00,84.1
666,0.00,67584.00,67584.0,76.68,0.00,3273.00,3273.0,66.3,26,16.23,4896,0.60,4961,49,4,0.00,0.00,0.0,0.00,0.00,0.0,2.00,132877.00,84.3
667,0.00,392.00,392.0,80.23,1.00,2899.00,2900.0,66.34,36,16.23,4896,0.60,4957,49,4,0.00,0.00,0.0,0.00,0.00,0.0,2.00,119238.00,84.4
668,0.00,1380.00,1380.0,80.42,0.00,4225.00,4225.0,66.41,20,16.23,4896,0.60,4941,49,4,0.00,0.00,0.0,0.00,0.00,0.0,1.98,123076.24,84.7
669,0.00,728.00,728.0,71.81,2.00,3931.00,3933.0,66.52,13,16.23,4897,0.60,4943,49,4,2.00,0.00,2.0,0.00,0.00,0.0,2.00,173783.00,84.9
670,0.00,620.00,620.0,49.62,7.00,4371.00,4378.0,66.58,4,16.23,4897,0.60,4951,49,4,6.00,0.00,6.0,0.00,0.00,0.0,1.00,123880.00,84.4
671,0.00,332.00,332.0,21.47,26.00,1183.00,1209.0,66.57,1,15.09,4895,0.60,4948,49,4,26.00,0.00,26.0,0.00,0.00,0.0,1.00,46698.00,63.0
672,4.00,95556.00,95560.0,5.9,40.00,811.00,851.0,66.58,1,15.09,4893,0.60,4940,49,4,40.00,0.00,40.0,0.00,0.00,0.0,3.00,24129.00,40.5
673,0.00,460.00,460.0,14.32,38.00,1208.00,1246.0,66.58,1,15.09,4895,0.60,4952,49,4,36.00,0.00,36.0,0.00,0.00,0.0,3.00,75318.00,41.0
674,0.00,256.00,256.0,31.77,24.00,2445.00,2469.0,66.6,17,15.09,4895,0.60,4928,49,4,24.00,0.00,24.0,0.00,0.00,0.0,5.00,179513.00,56.3
675,0.00,88.00,88.0,62.58,16.00,3858.00,3874.0,66.63,11,15.09,4897,0.60,4935,49,4,12.00,0.00,12.0,4.00,4.00,8.0,3.00,224566.00,77.6
676,0.00,1576.24,1576.24,66.75,0.00,3663.00,3663.0,66.64,9,14.92,4898,0.60,4976,49,4,0.00,0.00,0.0,0.00,0.00,0.0,2.00,204773.00,83.1
677,0.00,51536.00,51536.0,73.46,0.00,2550.00,2550.0,66.66,35,14.92,4898,0.60,4963,49,4,0.00,0.00,0.0,0.00,0.00,0.0,3.00,142339.00,83.3
678,0.00,964.00,964.0,73.37,0.00,2811.00,2811.0,66.68,41,14.92,4897,0.60,4966,49,4,0.00,0.00,0.0,0.00,0.00,0.0,1.00,135930.00,83.5
679,4.00,1088.00,1092.0,74.72,2.00,3051.00,3053.0,66.74,18,14.92,4896,0.60,4959,49,4,2.00,0.00,2.0,0.00,0.00,0.0,20.00,129775.00,83.7
680,0.00,956.00,956.0,73.61,4.95,5375.25,5380.2,66.81,13,14.92,4895,0.60,4951,49,4,4.00,0.00,4.0,0.00,0.00,0.0,3.00,156749.00,83.9
681,0.00,1004.00,1004.0,67.23,6.00,4561.00,4567.0,66.83,12,15.41,4897,0.60,4965,49,4,6.00,0.00,6.0,0.00,0.00,0.0,3.00,159846.00,84.0
682,0.00,44796.00,44796.0,43.37,9.00,2408.00,2417.0,66.87,3,15.41,4896,0.60,4984,49,4,8.00,0.00,8.0,0.00,0.00,0.0,2.00,105232.00,83.7
683,0.00,336.00,336.0,10.91,34.00,1093.00,1127.0,66.87,1,15.41,4896,0.60,4972,49,4,34.00,0.00,34.0,0.00,0.00,0.0,1.00,48321.00,49.8
