0,,,,,,,,,,,,,,,,,,,,,,,,36.7
1,0.00,268.00,268.0,2.78,1.00,1.00,2.0,51.79,0,0.45,4242,0.60,3938,49,4,0.00,0.00,0.0,0.00,0.00,0.0,0.00,11579.00,36.7
2,0.00,52.00,52.0,3.04,0.00,0.00,0.0,51.79,0,0.41,4242,0.60,3938,49,4,0.00,0.00,0.0,0.00,0.00,0.0,0.00,11689.00,36.7
3,0.00,24.00,24.0,2.79,0.00,0.00,0.0,51.79,0,0.41,4242,0.60,3938,49,4,0.00,0.00,0.0,0.00,0.00,0.0,0.00,11623.00,36.5
4,0.00,348.00,348.0,2.78,0.00,0.00,0.0,51.79,0,0.41,4242,0.60,3938,49,4,0.00,0.00,0.0,0.00,0.00,0.0,1.00,12053.00,36.6
5,0.00,0.00,0.0,3.15,0.00,0.00,0.0,51.79,0,0.41,4242,0.60,3938,49,4,0.00,0.00,0.0,0.00,0.00,0.0,0.00,11315.00,36.4
6,0.00,96.00,96.0,3.91,0.00,0.00,0.0,51.79,0,0.41,4242,0.60,3938,49,4,0.00,0.00,0.0,0.00,0.00,0.0,0.00,11674.00,36.4
7,0.00,24.00,24.0,2.78,1.00,1.00,2.0,51.79,0,0.38,4242,0.60,3938,49,4,0.00,0.00,0.0,0.00,0.00,0.0,0.00,11839.00,36.3
8,0.00,5792.00,5792.0,2.52,0.00,0.00,0.0,51.8,0,0.38,4242,0.60,3938,49,4,0.00,0.00,0.0,0.00,0.00,0.0,0.00,11466.00,36.3
9,0.00,360.00,360.0,10.76,1.00,6.00,7.0,51.82,5,0.38,4242,0.60,3940,49,4,0.00,0.00,0.0,0.00,0.00,0.0,1.00,12220.00,36.8
10,0.00,72.00,72.0,75.06,1.00,61.00,62.0,51.92,13,0.38,4249,0.60,3984,49,4,0.00,0.00,0.0,0.00,0.00,0.0,7.00,25041.00,84.3
11,0.00,84.00,84.0,83.1,0.00,185.00,185.0,52.0,13,0.38,4259,0.60,4010,49,4,0.00,0.00,0.0,0.00,0.00,0.0,10.00,31363.00,84.4
12,0.00,52.00,52.0,89.79,0.00,90.00,90.0,52.16,10,1.07,4276,0.60,4045,49,4,0.00,0.00,0.0,0.00,0.00,0.0,17.00,27025.00,84.7
13,0.00,388.00,388.0,85.77,0.00,315.00,315.0,52.2,19,1.07,4277,0.60,4054,49,4,0.00,0.00,0.0,0.00,0.00,0.0,1.00,42561.00,84.8
14,0.00,372.00,372.0,89.0,1.00,181.00,182.0,52.32,15,1.07,4288,0.60,4063,49,4,0.00,0.00,0.0,0.00,0.00,0.0,12.00,30009.00,85.0
15,0.00,568.00,568.0,57.9,0.00,204.00,204.0,52.44,0,1.07,4299,0.60,4083,49,4,0.00,0.00,0.0,0.00,0.00,0.0,11.00,27445.00,79.3
16,0.00,1308.00,1308.0,32.37,0.00,18.00,18.0,52.53,14,1.07,4300,0.60,4088,49,4,0.00,0.00,0.0,0.00,0.00,0.0,1.00,13274.00,54.8
17,0.00,1024.00,1024.0,93.08,0.00,117.00,117.0,52.55,10,2.1,4306,0.60,4112,49,4,0.00,0.00,0.0,0.00,0.00,0.0,6.00,26273.00,88.5
18,0.00,340.00,340.0,91.07,1.00,323.00,324.0,52.55,12,2.1,4315,0.60,4129,49,4,0.00,0.00,0.0,0.00,0.00,0.0,9.00,30828.00,88.4
19,0.00,300.00,300.0,91.73,4.00,135.00,139.0,52.61,11,2.1,4325,0.60,4156,49,4,0.00,0.00,0.0,4.00,4.00,8.0,11.00,28436.00,88.5
20,0.00,484.00,484.0,95.37,0.00,130.00,130.0,52.65,15,2.1,4325,0.60,4190,49,4,0.00,0.00,0.0,0.00,0.00,0.0,0.00,21820.00,88.7
21,4.00,308.00,312.0,94.51,1.00,101.00,102.0,52.79,13,2.1,4326,0.60,4175,49,4,0.00,0.00,0.0,0.00,0.00,0.0,18.00,24501.00,88.6
22,0.00,544.00,544.0,90.52,0.00,0.00,0.0,52.86,17,3.78,4330,0.60,4195,49,4,0.00,0.00,0.0,0.00,0.00,0.0,4.00,51290.00,88.5
23,0.00,384.16,384.16,94.25,1.00,1.00,2.0,52.89,15,3.78,4331,0.60,4215,49,4,0.00,0.00,0.0,0.00,0.00,0.0,1.00,41893.00,88.4
24,0.00,104.00,104.0,94.24,0.00,156.00,156.0,52.91,13,3.78,4332,0.60,4204,49,4,0.00,0.00,0.0,0.00,0.00,0.0,2.00,30054.00,88.3
25,0.00,0.00,0.0,87.3,0.00,160.00,160.0,52.91,20,3.78,4338,0.60,4225,49,4,0.00,0.00,0.0,0.00,0.00,0.0,6.00,31049.00,88.2
26,0.00,348.00,348.0,92.6,0.00,244.00,244.0,53.0,16,3.78,4340,0.60,4236,49,4,0.00,0.00,0.0,0.00,0.00,0.0,2.00,31569.00,88.0
27,0.00,24.00,24.0,84.92,0.00,221.00,221.0,53.09,14,4.28,4341,0.60,4257,49,4,0.00,0.00,0.0,0.00,0.00,0.0,2.00,37144.00,88.1
28,0.00,376.00,376.0,92.29,0.00,472.00,472.0,53.12,10,4.28,4343,0.60,4268,49,4,0.00,0.00,0.0,0.00,0.00,0.0,2.00,38368.00,88.3
29,0.00,356.00,356.0,92.33,4.00,307.00,311.0,53.16,23,4.28,4348,0.60,4283,49,5,0.00,0.00,0.0,4.00,4.00,8.0,7.00,27763.00,88.2
30,0.00,604.00,604.0,63.19,0.00,63.00,63.0,53.26,1,4.28,4359,0.60,4309,49,4,0.00,0.00,0.0,0.00,0.00,0.0,11.00,25232.00,79.6
31,0.00,1236.00,1236.0,24.69,0.00,62.00,62.0,53.25,7,4.28,4358,0.60,4308,49,4,0.00,0.00,0.0,0.00,0.00,0.0,0.00,15172.00,54.5
32,0.00,620.00,620.0,84.91,0.00,430.00,430.0,53.31,25,5.37,4358,0.60,4299,49,4,0.00,0.00,0.0,0.00,0.00,0.0,2.00,32986.00,86.4
33,0.00,572.00,572.0,94.74,6.00,578.00,584.0,53.36,18,5.37,4360,0.60,4308,50,4,6.00,5.00,11.0,0.00,0.00,0.0,3.00,40248.00,86.4
34,0.00,388.00,388.0,93.48,5.00,280.00,285.0,53.46,6,5.37,4370,0.60,4330,50,4,5.00,6.00,11.0,0.00,0.00,0.0,12.00,26787.00,86.5
35,0.00,856.00,856.0,27.72,0.00,135.00,135.0,53.44,0,5.37,4369,0.60,4324,50,4,0.00,0.00,0.0,0.00,0.00,0.0,0.00,18958.00,64.4
36,0.00,1476.00,1476.0,52.51,3.00,48.00,51.0,53.52,4,5.37,4368,0.60,4332,49,4,3.00,3.00,6.0,0.00,0.00,0.0,1.00,19093.00,72.1
37,0.00,868.00,868.0,90.36,3.00,272.00,275.0,53.55,12,7.19,4372,0.60,4364,49,4,1.00,1.00,2.0,0.00,0.00,0.0,4.00,42573.00,87.5
38,0.00,204.00,204.0,95.61,0.00,331.00,331.0,53.64,8,7.19,4371,0.60,4361,49,4,0.00,0.00,0.0,0.00,0.00,0.0,3.00,27231.00,87.5
39,0.00,8128.00,8128.0,22.97,2.00,2.00,4.0,53.64,0,7.19,4371,0.60,4364,50,5,0.00,1.00,1.0,1.00,1.00,2.0,1.00,18178.00,54.2
40,0.00,72.00,72.0,2.56,2.00,2.00,4.0,53.58,1,7.19,4370,0.60,4362,50,5,0.00,2.00,2.0,0.00,0.00,0.0,0.00,15541.00,37.2
41,0.00,72.00,72.0,2.42,0.00,2.00,2.0,53.58,0,7.19,4370,0.60,4362,50,5,0.00,0.00,0.0,0.00,0.00,0.0,0.00,11479.00,37.1
42,0.00,56.00,56.0,2.8,2.00,2.00,4.0,53.58,0,6.77,4369,0.60,4360,50,5,0.00,0.00,0.0,0.00,0.00,0.0,0.00,12372.00,37.0
43,0.00,272.00,272.0,11.49,2.00,126.00,128.0,53.58,1,6.77,4369,0.60,4368,50,4,0.00,2.00,2.0,0.00,0.00,0.0,0.00,14449.00,43.4
44,0.00,11776.00,11776.0,4.68,2.00,124.00,126.0,53.58,2,6.77,4369,0.60,4368,50,4,0.00,2.00,2.0,0.00,0.00,0.0,1.00,11165.00,37.5
45,0.00,556.00,556.0,3.82,0.00,110.00,110.0,53.58,0,6.77,4369,0.60,4368,50,4,0.00,0.00,0.0,0.00,0.00,0.0,0.00,12350.00,37.6
46,0.00,106.93,106.93,20.76,12.00,296.00,308.0,53.59,0,6.77,4368,0.60,4366,50,4,12.00,0.00,12.0,0.00,0.00,0.0,0.00,16378.00,52.8
47,0.00,28.00,28.0,3.54,0.00,132.00,132.0,53.6,1,6.31,4367,0.60,4364,50,4,0.00,0.00,0.0,0.00,0.00,0.0,0.00,12122.00,37.2
48,0.00,24.00,24.0,3.44,0.00,116.00,116.0,53.6,0,6.31,4367,0.60,4364,50,4,0.00,0.00,0.0,0.00,0.00,0.0,0.00,12461.00,37.0
49,0.00,2880.00,2880.0,11.67,20.00,273.00,293.0,53.61,2,6.31,4367,0.60,4364,50,4,20.00,0.00,20.0,0.00,0.00,0.0,1.00,15792.00,43.8
50,0.00,408.00,408.0,4.28,4.00,158.00,162.0,53.61,0,6.31,4367,0.60,4364,50,4,0.00,0.00,0.0,4.00,4.00,8.0,0.00,11770.00,37.9
51,0.00,388.00,388.0,3.9,3.00,101.00,104.0,53.61,0,6.31,4367,0.60,4364,50,4,0.00,3.00,3.0,0.00,0.00,0.0,16.00,14621.00,37.9
52,0.00,152.00,152.0,17.85,22.00,272.00,294.0,53.62,1,5.88,4367,0.60,4364,50,4,20.00,2.00,22.0,0.00,0.00,0.0,0.00,13565.00,55.6
53,0.00,28.00,28.0,12.25,0.00,119.00,119.0,53.68,0,5.88,4367,0.60,4364,50,4,0.00,0.00,0.0,0.00,0.00,0.0,0.00,11623.00,55.1
54,0.00,1632.00,1632.0,11.76,2.00,189.00,191.0,53.69,8,5.88,4368,0.60,4366,50,4,2.00,0.00,2.0,0.00,0.00,0.0,2.00,14965.00,41.3
55,0.00,8.00,8.0,84.55,21.00,1134.00,1155.0,53.68,10,5.88,4369,0.60,4379,50,4,18.00,3.00,21.0,0.00,0.00,0.0,1.00,65792.00,84.7
56,0.00,1412.00,1412.0,80.08,0.00,731.00,731.0,53.74,5,5.88,4377,0.60,4408,50,4,0.00,0.00,0.0,0.00,0.00,0.0,8.00,48260.00,84.6
57,0.00,832.00,832.0,81.72,0.00,221.00,221.0,53.88,25,6.21,4380,0.60,4440,50,4,0.00,0.00,0.0,0.00,0.00,0.0,3.00,29500.00,84.7
58,0.00,344.00,344.0,92.68,2.00,101.00,103.0,53.94,20,6.21,4380,0.60,4469,50,4,0.00,2.00,2.0,0.00,0.00,0.0,0.00,35774.00,85.0
59,0.00,356.00,356.0,93.19,1.00,440.00,441.0,54.0,5,6.21,4380,0.60,4468,50,4,0.00,1.00,1.0,0.00,0.00,0.0,1.00,33848.00,85.3
60,0.00,2492.00,2492.0,80.74,4.00,332.00,336.0,54.08,8,6.21,4383,0.60,4520,50,4,0.00,0.00,0.0,4.00,4.00,8.0,3.00,44161.00,85.5
61,0.00,436.00,436.0,88.26,0.00,2.00,2.0,54.14,34,6.21,4395,0.60,4529,50,4,0.00,0.00,0.0,0.00,0.00,0.0,12.00,65243.00,86.0
62,0.00,28.00,28.0,91.11,0.00,238.00,238.0,54.07,25,7.48,4398,0.60,4525,50,4,0.00,0.00,0.0,0.00,0.00,0.0,3.00,61056.00,86.3
63,0.00,28.00,28.0,90.25,1.00,53.00,54.0,54.11,35,7.48,4397,0.60,4547,50,4,1.00,1.00,2.0,0.00,0.00,0.0,0.00,77695.00,86.4
64,0.00,644.00,644.0,94.62,0.00,382.00,382.0,54.17,14,7.48,4396,0.60,4520,50,4,0.00,0.00,0.0,0.00,0.00,0.0,1.00,37178.00,86.6
65,0.00,1380.00,1380.0,87.37,1.00,519.00,520.0,54.26,19,7.48,4400,0.60,4521,50,4,0.00,0.00,0.0,0.00,0.00,0.0,5.00,33954.00,86.7
66,0.00,120.00,120.0,87.36,3.00,803.00,806.0,54.25,21,7.48,4400,0.60,4537,50,4,0.00,3.00,3.0,0.00,0.00,0.0,1.00,54555.00,86.6
67,0.00,32.00,32.0,88.83,4.00,573.00,577.0,54.28,28,8.48,4401,0.60,4544,50,4,0.00,2.00,2.0,0.00,0.00,0.0,1.00,66801.00,86.7
68,0.00,68.00,68.0,93.38,0.00,273.00,273.0,54.29,21,8.48,4402,0.60,4546,50,4,0.00,0.00,0.0,0.00,0.00,0.0,1.00,58880.00,86.8
69,0.00,376.00,376.0,94.74,1.00,105.00,106.0,54.35,33,8.48,4402,0.60,4578,50,4,0.00,0.00,0.0,0.00,0.00,0.0,1.00,33290.00,87.2
70,0.00,9068.00,9068.0,87.39,6.00,17.00,23.0,54.41,30,8.48,4402,0.60,4550,49,4,0.00,1.00,1.0,4.00,4.00,8.0,1.00,90818.00,87.2
71,0.00,76.00,76.0,89.99,0.00,24.00,24.0,54.46,31,8.48,4402,0.60,4543,49,4,0.00,0.00,0.0,0.00,0.00,0.0,1.00,85284.00,87.2
72,0.00,27.72,27.72,89.11,1.00,61.00,62.0,54.52,46,10.2,4404,0.60,4537,49,4,0.00,0.00,0.0,0.00,0.00,0.0,3.96,95744.55,87.1
73,0.00,588.00,588.0,89.99,0.00,46.00,46.0,54.55,38,10.2,4404,0.60,4522,49,4,0.00,0.00,0.0,0.00,0.00,0.0,0.00,81962.00,86.9
74,0.00,304.00,304.0,91.76,0.00,373.00,373.0,54.59,32,10.2,4404,0.60,4488,49,4,0.00,0.00,0.0,0.00,0.00,0.0,1.98,64102.97,86.9
75,0.00,8524.00,8524.0,89.57,0.00,338.00,338.0,54.62,34,10.2,4404,0.60,4508,49,4,0.00,0.00,0.0,0.00,0.00,0.0,0.00,70635.00,87.0
76,0.00,460.00,460.0,88.69,0.00,452.00,452.0,54.65,17,10.2,4404,0.60,4493,49,4,0.00,0.00,0.0,0.00,0.00,0.0,1.00,67807.00,87.0
77,0.00,1028.00,1028.0,89.36,0.00,646.53,646.53,54.67,26,10.67,4406,0.60,4501,49,4,0.00,0.00,0.0,0.00,0.00,0.0,2.00,62454.00,87.1
78,0.00,716.00,716.0,91.23,0.00,641.00,641.0,54.65,48,10.67,4407,0.60,4520,49,4,0.00,0.00,0.0,0.00,0.00,0.0,1.00,71502.00,87.1
79,0.00,720.00,720.0,91.61,1.00,461.00,462.0,54.67,44,10.67,4409,0.60,4522,49,4,0.00,0.00,0.0,0.00,0.00,0.0,3.00,62517.00,87.3
80,0.00,124.00,124.0,92.12,0.00,285.00,285.0,54.68,58,10.67,4408,0.60,4526,49,4,0.00,0.00,0.0,0.00,0.00,0.0,0.00,60653.00,87.3
81,4.00,1028.00,1032.0,92.87,0.00,484.00,484.0,54.74,48,10.67,4408,0.60,4508,49,4,0.00,0.00,0.0,0.00,0.00,0.0,19.00,52712.00,87.4
82,0.00,1596.00,1596.0,94.12,0.00,502.00,502.0,54.79,47,14.46,4408,0.60,4500,49,4,0.00,0.00,0.0,0.00,0.00,0.0,1.00,42514.00,87.4
83,0.00,532.00,532.0,93.5,1.00,581.00,582.0,54.84,49,14.46,4407,0.60,4504,49,4,0.00,0.00,0.0,0.00,0.00,0.0,0.00,46780.00,87.3
84,0.00,248.00,248.0,93.74,0.00,716.00,716.0,54.87,36,14.46,4408,0.60,4506,49,4,0.00,0.00,0.0,0.00,0.00,0.0,2.00,45878.00,87.3
85,0.00,5796.00,5796.0,93.01,3.00,671.00,674.0,54.83,23,14.46,4409,0.60,4518,50,5,0.00,3.00,3.0,1.00,1.00,2.0,1.00,47389.00,87.3
86,0.00,140.00,140.0,94.5,1.00,427.00,428.0,54.85,27,14.46,4407,0.60,4497,50,5,0.00,1.00,1.0,0.00,0.00,0.0,0.00,39663.00,87.4
87,0.00,204.00,204.0,72.05,11.00,164.00,175.0,54.87,3,13.94,4407,0.60,4498,51,5,9.00,9.00,18.0,0.00,0.00,0.0,2.00,20038.00,87.0
88,0.00,448.00,448.0,8.32,2.00,2.00,4.0,54.81,3,13.94,4407,0.60,4495,51,5,2.00,4.00,6.0,0.00,0.00,0.0,0.00,11322.00,46.6
89,0.00,388.00,388.0,5.08,0.00,98.00,98.0,54.8,1,13.94,4405,0.60,4501,51,4,0.00,0.00,0.0,0.00,0.00,0.0,1.00,12980.00,39.3
90,0.00,8500.00,8500.0,2.81,7.00,131.00,138.0,54.78,1,13.94,4403,0.60,4491,50,4,3.00,3.00,6.0,4.00,4.00,8.0,0.00,11548.00,39.0
91,0.00,48.00,48.0,2.91,0.00,94.00,94.0,54.78,1,13.94,4401,0.60,4485,50,4,0.00,0.00,0.0,0.00,0.00,0.0,0.00,11463.00,38.7
92,0.00,48.00,48.0,14.89,20.00,347.00,367.0,54.78,1,12.91,4400,0.60,4473,50,4,20.00,0.00,20.0,0.00,0.00,0.0,0.00,17080.00,50.2
93,0.00,416.00,416.0,2.78,0.00,114.00,114.0,54.78,1,12.91,4400,0.60,4473,50,4,0.00,0.00,0.0,0.00,0.00,0.0,0.00,10868.00,36.1
94,0.00,408.00,408.0,4.57,0.00,132.00,132.0,54.78,1,12.91,4399,0.60,4471,50,4,0.00,0.00,0.0,0.00,0.00,0.0,1.00,14279.00,36.3
95,0.00,14740.00,14740.0,5.32,21.00,259.00,280.0,54.78,1,12.91,4398,0.60,4469,50,4,20.00,0.00,20.0,0.00,0.00,0.0,0.00,13434.00,36.8
96,0.00,88.00,88.0,2.82,0.00,133.00,133.0,54.79,1,12.91,4398,0.60,4469,50,4,0.00,0.00,0.0,0.00,0.00,0.0,0.00,10772.00,36.7
97,0.00,592.00,592.0,4.68,4.00,189.00,193.0,54.79,3,11.87,4398,0.60,4468,50,4,2.00,1.00,3.0,0.00,0.00,0.0,0.00,13411.00,37.2
98,0.00,68.00,68.0,6.72,4.00,220.00,224.0,54.79,3,11.87,4398,0.60,4465,49,5,2.00,0.00,2.0,1.00,0.00,1.0,3.00,13126.00,43.1
99,0.00,80.00,80.0,2.55,0.00,103.00,103.0,54.79,1,11.87,4398,0.60,4465,49,5,0.00,0.00,0.0,0.00,0.00,0.0,1.00,11908.00,36.4
100,0.00,84.00,84.0,18.15,4.00,447.00,451.0,54.8,11,11.87,4399,0.60,4464,49,5,0.00,0.00,0.0,4.00,4.00,8.0,1.00,27409.00,48.7
101,0.00,10268.00,10268.0,81.94,1.00,1322.00,1323.0,54.83,37,11.87,4401,0.60,4458,49,5,0.00,0.00,0.0,0.00,0.00,0.0,2.00,72363.00,85.5
102,0.00,404.00,404.0,91.48,0.00,634.00,634.0,54.87,57,13.16,4406,0.60,4481,49,5,0.00,0.00,0.0,0.00,0.00,0.0,5.00,68610.00,85.6
103,0.00,184.00,184.0,91.86,0.00,569.00,569.0,54.91,62,13.16,4407,0.60,4482,50,4,0.00,1.00,1.0,0.00,0.00,0.0,1.00,64283.00,85.8
104,0.00,92.00,92.0,91.77,0.00,361.00,361.0,54.94,48,13.16,4407,0.60,4500,50,4,0.00,0.00,0.0,0.00,0.00,0.0,1.00,72639.00,85.8
105,0.00,740.00,740.0,92.49,0.00,323.00,323.0,54.97,51,13.16,4406,0.60,4492,50,4,0.00,0.00,0.0,0.00,0.00,0.0,0.00,62621.00,85.9
106,0.00,9392.00,9392.0,91.62,0.00,365.00,365.0,55.03,39,13.16,4405,0.60,4491,50,4,0.00,0.00,0.0,0.00,0.00,0.0,0.00,59976.00,86.1
107,0.00,40.00,40.0,89.75,0.00,504.00,504.0,55.09,39,15.71,4405,0.60,4500,50,4,0.00,0.00,0.0,0.00,0.00,0.0,4.00,76138.00,86.2
108,0.00,84.00,84.0,91.49,0.00,623.00,623.0,55.1,32,15.71,4406,0.60,4485,50,4,0.00,0.00,0.0,0.00,0.00,0.0,1.00,71645.00,86.3
109,0.00,84.00,84.0,89.74,0.00,512.00,512.0,55.11,41,15.71,4406,0.60,4505,50,4,0.00,0.00,0.0,0.00,0.00,0.0,1.00,90508.00,86.4
110,0.00,404.00,404.0,87.78,4.00,290.00,294.0,55.09,41,15.71,4406,0.60,4500,50,4,0.00,0.00,0.0,4.00,4.00,8.0,0.00,90259.00,86.5
111,0.00,4360.00,4360.0,86.25,2.00,219.00,221.0,55.08,43,15.71,4407,0.60,4515,49,5,0.00,0.00,0.0,1.00,0.00,1.0,1.00,116851.00,86.6
112,4.00,868.00,872.0,88.99,0.00,278.00,278.0,55.11,42,17.58,4408,0.60,4527,49,5,0.00,0.00,0.0,0.00,0.00,0.0,21.00,85789.00,86.7
113,0.00,32.00,32.0,86.84,0.00,257.00,257.0,55.12,55,17.58,4408,0.60,4510,49,5,0.00,0.00,0.0,0.00,0.00,0.0,1.00,98583.00,86.7
114,0.00,384.00,384.0,88.61,0.00,329.00,329.0,55.14,47,17.58,4409,0.60,4495,49,5,0.00,0.00,0.0,0.00,0.00,0.0,2.00,95479.00,86.6
115,0.00,204.00,204.0,91.14,0.00,587.00,587.0,55.2,45,17.58,4410,0.60,4498,49,5,0.00,0.00,0.0,0.00,0.00,0.0,1.00,71910.00,86.5
116,0.00,4976.00,4976.0,91.89,2.00,459.00,461.0,55.23,38,17.58,4410,0.60,4497,49,5,0.00,1.00,1.0,1.00,0.00,1.0,1.00,72709.00,86.5
117,0.00,48.00,48.0,90.61,0.00,562.00,562.0,55.26,56,19.77,4409,0.60,4496,49,5,0.00,0.00,0.0,0.00,0.00,0.0,0.00,70595.00,86.4
118,0.00,112.00,112.0,91.5,0.00,505.00,505.0,55.26,42,19.77,4409,0.60,4486,49,5,0.00,0.00,0.0,0.00,0.00,0.0,1.00,59031.00,86.5
119,0.00,940.00,940.0,93.74,0.00,687.00,687.0,55.3,40,19.77,4411,0.60,4488,49,5,0.00,0.00,0.0,0.00,0.00,0.0,3.00,52838.00,86.7
120,0.00,156.00,156.0,93.26,4.00,654.00,658.0,55.33,58,19.77,4410,0.60,4481,49,5,0.00,0.00,0.0,4.00,4.00,8.0,0.00,61193.00,86.7
121,0.00,1236.00,1236.0,91.25,5.00,619.00,624.0,55.36,52,19.77,4411,0.60,4500,50,5,2.00,3.00,5.0,1.00,1.00,2.0,2.00,65743.00,86.7
122,0.00,300.00,300.0,92.25,1.00,414.00,415.0,55.4,42,22.04,4410,0.60,4490,50,5,0.00,1.00,1.0,0.00,0.00,0.0,0.00,55352.00,86.7
123,0.00,72.00,72.0,93.49,2.00,628.00,630.0,55.41,30,22.04,4408,0.60,4485,50,5,0.00,2.00,2.0,0.00,0.00,0.0,0.00,43917.00,86.9
124,0.00,672.00,672.0,92.49,3.00,655.00,658.0,55.46,19,22.04,4410,0.60,4490,50,5,0.00,2.00,2.0,0.00,0.00,0.0,4.00,46483.00,87.1
125,0.00,156.00,156.0,95.87,2.00,364.00,366.0,55.55,10,22.04,4410,0.60,4500,50,4,0.00,2.00,2.0,0.00,0.00,0.0,0.00,32232.00,87.3
126,0.00,132.00,132.0,57.25,0.00,191.00,191.0,55.57,1,22.04,4409,0.60,4494,50,4,0.00,0.00,0.0,0.00,0.00,0.0,0.00,12405.00,80.0
127,0.00,32.00,32.0,14.29,3.00,110.00,113.0,55.57,1,20.35,4407,0.60,4480,50,4,0.00,0.00,0.0,0.00,0.00,0.0,0.00,10558.00,55.1
128,0.00,76.00,76.0,31.76,18.00,321.00,339.0,55.57,2,20.35,4404,0.60,4471,50,4,18.00,0.00,18.0,0.00,0.00,0.0,0.00,14804.00,67.0
129,0.00,84.00,84.0,9.39,2.00,137.00,139.0,55.56,0,20.35,4400,0.60,4465,50,4,2.00,0.00,2.0,0.00,0.00,0.0,1.00,11995.00,47.5
130,0.00,332.00,332.0,3.84,5.00,122.00,127.0,55.49,1,20.35,4400,0.60,4465,50,4,0.00,0.00,0.0,4.00,4.00,8.0,0.00,12315.00,38.8
131,0.00,5476.00,5476.0,14.59,14.00,268.00,282.0,55.54,1,20.35,4398,0.60,4459,50,4,14.00,0.00,14.0,0.00,0.00,0.0,0.00,12142.00,55.1
132,0.00,40.00,40.0,5.56,0.00,128.00,128.0,55.58,0,18.72,4396,0.60,4455,50,4,0.00,0.00,0.0,0.00,0.00,0.0,0.00,11616.00,43.2
133,0.00,464.00,464.0,8.71,2.00,272.00,274.0,55.58,5,18.72,4397,0.60,4456,50,4,2.00,0.00,2.0,0.00,0.00,0.0,1.00,20493.00,43.0
134,0.00,112.00,112.0,33.58,18.00,473.00,491.0,55.59,3,18.72,4405,0.60,4484,50,4,18.00,0.00,18.0,0.00,0.00,0.0,9.00,45503.00,66.5
135,0.00,384.00,384.0,36.1,0.00,271.00,271.0,55.58,8,18.72,4406,0.60,4486,50,4,0.00,1.00,1.0,0.00,0.00,0.0,1.00,39849.00,66.2
136,0.00,34828.00,34828.0,44.23,9.00,725.00,734.0,55.6,5,18.72,4406,0.60,4483,50,4,8.00,1.00,9.0,0.00,0.00,0.0,0.00,74271.00,66.6
137,0.00,576.00,576.0,82.13,10.00,1398.00,1408.0,55.62,26,18.74,4410,0.60,4489,50,4,10.00,0.00,10.0,0.00,0.00,0.0,4.00,88708.00,86.0
138,0.00,1036.00,1036.0,87.64,0.00,761.00,761.0,55.65,36,18.74,4412,0.60,4496,50,4,0.00,0.00,0.0,0.00,0.00,0.0,2.00,94171.00,86.0
139,0.00,1136.00,1136.0,89.86,8.00,658.00,666.0,55.68,47,18.74,4414,0.60,4503,50,4,6.00,4.00,10.0,0.00,0.00,0.0,4.00,82558.00,86.0
140,0.00,112.00,112.0,88.01,5.00,554.00,559.0,55.65,33,18.74,4414,0.60,4504,50,4,5.00,7.00,12.0,0.00,0.00,0.0,0.00,87736.00,86.1
141,0.00,524.00,524.0,88.36,0.00,658.00,658.0,55.71,30,18.74,4414,0.60,4491,50,4,0.00,0.00,0.0,0.00,0.00,0.0,0.00,89867.00,86.2
142,0.00,13160.00,13160.0,87.5,3.00,835.00,838.0,55.72,28,19.64,4413,0.60,4492,49,4,3.00,3.00,6.0,0.00,0.00,0.0,20.00,87726.00,86.3
143,0.00,568.00,568.0,87.98,1.00,403.00,404.0,55.73,26,19.64,4411,0.60,4501,49,4,0.00,0.00,0.0,0.00,0.00,0.0,0.00,112902.00,86.3
144,0.00,112.00,112.0,87.22,2.00,300.00,302.0,55.7,31,19.64,4410,0.60,4492,49,4,2.00,0.00,2.0,0.00,0.00,0.0,2.97,112574.26,86.2
145,0.00,204.00,204.0,84.88,0.00,311.00,311.0,55.72,35,19.64,4409,0.60,4499,49,4,0.00,0.00,0.0,0.00,0.00,0.0,1.00,115249.00,86.2
146,0.00,336.00,336.0,86.34,2.00,538.00,540.0,55.72,25,19.64,4410,0.60,4487,49,4,2.00,0.00,2.0,0.00,0.00,0.0,1.00,119543.00,86.2
147,0.00,9204.00,9204.0,89.61,0.00,799.00,799.0,55.75,33,20.71,4411,0.60,4491,49,4,0.00,0.00,0.0,0.00,0.00,0.0,2.00,86259.00,86.1
148,0.00,780.00,780.0,89.24,0.00,559.00,559.0,55.81,38,20.71,4411,0.60,4476,49,4,0.00,0.00,0.0,0.00,0.00,0.0,1.00,79630.00,86.1
149,0.00,544.00,544.0,91.61,2.00,747.00,749.0,55.9,34,20.71,4410,0.60,4474,49,4,2.00,0.00,2.0,0.00,0.00,0.0,2.00,64214.00,86.3
150,0.00,484.00,484.0,92.62,4.00,826.00,830.0,55.97,37,20.71,4411,0.60,4488,49,4,0.00,0.00,0.0,4.00,4.00,8.0,1.00,61349.00,86.5
151,0.00,130.69,130.69,88.88,0.00,891.00,891.0,55.95,31,20.71,4410,0.60,4481,49,4,0.00,0.00,0.0,0.00,0.00,0.0,0.00,83374.00,86.5
152,0.00,2120.00,2120.0,93.25,4.00,997.00,1001.0,55.97,25,21.7,4412,0.60,4497,49,4,4.00,0.00,4.0,0.00,0.00,0.0,2.00,62787.00,86.5
153,0.00,480.00,480.0,92.49,1.00,715.00,716.0,56.03,24,21.7,4412,0.60,4492,49,4,0.00,0.00,0.0,0.00,0.00,0.0,1.00,54714.00,86.5
154,0.00,580.00,580.0,70.68,2.00,419.00,421.0,56.03,1,21.7,4412,0.60,4501,49,4,0.00,0.00,0.0,0.00,0.00,0.0,3.00,36093.00,85.9
155,0.00,260.00,260.0,37.74,6.00,337.00,343.0,55.97,10,21.7,4413,0.60,4511,49,4,8.00,0.00,8.0,0.00,0.00,0.0,2.00,70124.00,70.8
156,0.00,104.00,104.0,39.42,8.00,298.00,306.0,55.98,3,21.7,4413,0.60,4498,50,5,4.00,3.00,7.0,1.00,1.00,2.0,0.00,26138.00,71.1
157,0.00,800.00,800.0,33.63,9.00,350.00,359.0,55.99,1,20.12,4410,0.60,4488,50,5,8.00,0.00,8.0,0.00,0.00,0.0,1.00,34925.00,65.9
158,0.00,68.00,68.0,11.76,0.00,198.00,198.0,56.0,0,20.12,4411,0.60,4487,50,5,0.00,0.00,0.0,0.00,0.00,0.0,4.00,23371.00,46.7
159,0.00,44.00,44.0,2.69,2.00,3.00,5.0,56.0,0,20.12,4410,0.60,4487,50,5,0.00,1.00,1.0,0.00,0.00,0.0,1.00,15971.00,37.9
160,0.00,32.00,32.0,3.06,4.00,143.00,147.0,55.95,0,20.12,4409,0.60,4495,50,4,0.00,0.00,0.0,4.00,4.00,8.0,0.00,11449.00,37.7
161,0.00,84.00,84.0,2.68,0.00,95.00,95.0,55.94,0,20.12,4409,0.60,4495,50,4,0.00,0.00,0.0,0.00,0.00,0.0,0.00,12097.00,37.5
162,0.00,1056.00,1056.0,2.92,2.00,98.00,100.0,55.94,0,18.51,4406,0.60,4487,50,4,1.00,2.00,3.0,0.00,0.00,0.0,0.00,12098.00,37.4
163,0.00,24.00,24.0,11.24,8.00,392.00,400.0,55.94,7,18.51,4406,0.60,4483,50,4,8.00,0.00,8.0,0.00,0.00,0.0,1.00,22014.00,43.4
164,0.00,48.00,48.0,38.23,1.00,370.00,371.0,55.95,2,18.51,4408,0.60,4491,50,4,0.00,0.00,0.0,0.00,0.00,0.0,3.00,42474.00,65.6
165,0.00,468.00,468.0,35.83,0.00,264.00,264.0,55.97,14,18.51,4408,0.60,4491,50,4,0.00,0.00,0.0,0.00,0.00,0.0,1.00,62526.00,71.7
166,0.00,272.00,272.0,36.57,18.00,970.00,988.0,55.96,10,18.51,4408,0.60,4489,50,4,18.00,0.00,18.0,0.00,0.00,0.0,1.00,68417.00,64.2
167,0.00,20984.00,20984.0,72.7,0.00,816.00,816.0,55.98,5,18.07,4412,0.60,4488,50,4,0.00,0.00,0.0,0.00,0.00,0.0,5.00,97986.00,83.5
168,0.00,448.00,448.0,66.16,0.00,815.00,815.0,56.0,16,18.07,4414,0.60,4487,50,4,0.00,0.00,0.0,0.00,0.00,0.0,3.00,101736.00,83.1
169,0.00,88.00,88.0,84.3,13.00,870.00,883.0,56.02,17,18.07,4414,0.60,4481,50,4,10.00,3.00,13.0,0.00,0.00,0.0,3.00,116886.00,83.4
170,0.00,40.00,40.0,86.54,8.00,1038.00,1046.0,56.04,14,18.07,4414,0.60,4484,50,4,2.00,2.00,4.0,4.00,4.00,8.0,1.00,106839.00,83.7
171,0.00,384.00,384.0,84.3,2.00,1002.00,1004.0,56.06,33,18.07,4414,0.60,4492,50,4,0.00,2.00,2.0,0.00,0.00,0.0,0.00,118501.00,84.0
172,0.00,30268.00,30268.0,87.98,4.00,993.00,997.0,56.12,31,19.26,4414,0.60,4486,50,4,4.00,0.00,4.0,0.00,0.00,0.0,16.00,94116.00,84.3
173,8.00,648.00,656.0,88.38,0.00,856.00,856.0,56.14,24,19.26,4413,0.60,4499,50,4,0.00,0.00,0.0,0.00,0.00,0.0,2.00,101630.00,84.6
174,0.00,88.00,88.0,85.7,0.00,664.00,664.0,56.13,27,19.26,4413,0.60,4502,50,4,0.00,0.00,0.0,0.00,0.00,0.0,3.00,125773.00,84.7
175,0.00,316.00,316.0,85.71,2.00,589.00,591.0,56.15,25,19.26,4414,0.60,4499,50,4,2.00,0.00,2.0,0.00,0.00,0.0,2.00,108417.00,84.9
176,0.00,96.00,96.0,84.62,0.00,685.00,685.0,56.22,22,19.26,4415,0.60,4494,50,4,0.00,0.00,0.0,0.00,0.00,0.0,2.00,119502.00,84.9
177,0.00,408.00,408.0,83.85,2.00,892.00,894.0,56.24,19,18.68,4415,0.60,4483,50,4,2.00,0.00,2.0,0.00,0.00,0.0,3.00,91527.00,85.2
178,0.00,23012.00,23012.0,88.3,5.00,913.00,918.0,56.26,26,18.68,4414,0.60,4481,50,4,2.00,3.00,5.0,0.00,0.00,0.0,0.00,85008.00,85.6
179,0.00,900.00,900.0,90.31,4.00,1077.00,1081.0,56.29,4,18.68,4411,0.60,4475,50,4,2.00,2.00,4.0,0.00,0.00,0.0,2.00,63868.00,86.0
180,0.00,368.00,368.0,59.95,6.00,699.00,705.0,56.34,0,18.68,4410,0.60,4485,50,4,2.00,0.00,2.0,4.00,4.00,8.0,2.00,43872.00,77.8
181,0.00,764.00,764.0,13.4,6.00,388.00,394.0,56.34,6,18.68,4414,0.60,4503,50,4,6.00,0.00,6.0,0.00,0.00,0.0,5.00,39041.00,44.2
182,0.00,52.00,52.0,18.0,7.00,364.00,371.0,56.3,2,17.19,4413,0.60,4503,50,4,4.00,1.00,5.0,0.00,0.00,0.0,0.00,39888.00,54.3
183,0.00,2820.00,2820.0,27.27,12.00,372.00,384.0,56.3,0,17.19,4414,0.60,4505,50,4,8.00,2.00,10.0,0.00,0.00,0.0,1.00,65523.00,61.0
184,0.00,100.00,100.0,22.03,8.00,317.00,325.0,56.31,2,17.19,4413,0.60,4499,50,4,8.00,2.00,10.0,0.00,0.00,0.0,1.00,33657.00,54.6
185,0.00,648.00,648.0,18.35,5.00,505.00,510.0,56.31,2,17.19,4413,0.60,4498,50,4,2.00,2.00,4.0,0.00,0.00,0.0,0.00,31369.00,54.4
186,0.00,80.00,80.0,32.48,16.00,567.00,583.0,56.34,13,17.19,4413,0.60,4498,49,4,14.00,1.00,15.0,0.00,0.00,0.0,0.00,52169.00,65.1
187,0.00,28.00,28.0,35.24,4.00,688.00,692.0,56.31,7,16.77,4412,0.60,4497,49,4,4.00,0.00,4.0,0.00,0.00,0.0,0.00,60947.00,64.5
188,0.00,356.00,356.0,68.24,4.00,675.00,679.0,56.61,9,16.77,4412,0.60,4487,49,4,4.00,0.00,4.0,0.00,0.00,0.0,0.00,101307.00,82.3
189,0.00,416.00,416.0,62.48,9.00,634.00,643.0,56.64,2,16.77,4413,0.60,4492,49,4,8.00,0.00,8.0,0.00,0.00,0.0,2.00,85737.00,82.0
190,0.00,304.00,304.0,44.56,6.00,842.00,848.0,56.49,11,16.77,4412,0.60,4496,49,4,2.00,0.00,2.0,4.00,4.00,8.0,0.00,104612.00,70.5
191,0.00,412.00,412.0,70.74,10.00,1294.00,1304.0,56.49,26,16.77,4413,0.60,4489,50,5,8.00,2.00,10.0,1.00,1.00,2.0,1.00,98319.00,81.4
192,0.00,360.00,360.0,79.97,13.00,1475.00,1488.0,56.53,26,16.95,4415,0.60,4487,51,5,11.00,9.00,20.0,0.00,0.00,0.0,3.00,118319.00,81.9
193,0.00,1428.00,1428.0,79.5,6.00,998.00,1004.0,56.59,10,16.95,4415,0.60,4481,51,5,4.00,6.00,10.0,0.00,0.00,0.0,0.00,135075.00,82.5
194,0.00,116.00,116.0,77.96,2.00,838.00,840.0,56.61,16,16.95,4414,0.60,4494,51,5,0.00,2.00,2.0,0.00,0.00,0.0,0.99,128265.35,82.9
195,0.00,772.00,772.0,78.73,8.00,641.00,649.0,56.63,19,16.95,4414,0.60,4506,51,4,6.00,7.00,13.0,0.00,0.00,0.0,2.00,136493.00,83.1
196,0.00,716.00,716.0,59.26,10.00,1134.00,1144.0,56.65,13,16.95,4416,0.60,4510,51,4,9.00,10.00,19.0,0.00,0.00,0.0,2.00,105076.00,82.6
197,0.00,948.00,948.0,80.51,1.00,1142.00,1143.0,56.64,46,16.87,4415,0.60,4506,51,4,1.00,1.00,2.0,0.00,0.00,0.0,0.00,89192.00,83.0
198,0.00,25472.00,25472.0,81.95,8.00,1039.00,1047.0,56.7,33,16.87,4416,0.60,4508,51,4,8.00,0.00,8.0,0.00,0.00,0.0,1.00,51761.00,83.3
199,0.00,840.00,840.0,12.64,6.00,289.00,295.0,56.71,27,16.87,4413,0.60,4506,50,4,3.00,3.00,6.0,0.00,0.00,0.0,1.00,22865.00,51.4
200,0.00,20.00,20.0,4.43,8.00,153.00,161.0,56.7,24,16.87,4412,0.60,4503,50,4,4.00,2.00,6.0,4.00,4.00,8.0,0.00,13558.00,37.5
201,0.00,524.00,524.0,8.42,14.00,426.00,440.0,56.68,28,16.87,4410,0.60,4492,50,4,12.00,2.00,14.0,0.00,0.00,0.0,3.00,28527.00,43.4
202,0.00,428.00,428.0,28.48,6.00,439.00,445.0,56.69,24,15.68,4413,0.60,4504,50,4,4.00,2.00,6.0,0.00,0.00,0.0,3.00,40919.00,65.7
203,4.00,28136.00,28140.0,28.57,3.00,290.00,293.0,56.71,27,15.68,4411,0.60,4495,50,4,2.00,0.00,2.0,0.00,0.00,0.0,19.00,71165.00,65.5
204,4.00,4136.00,4140.0,9.31,13.00,363.00,376.0,56.71,19,15.68,4412,0.60,4496,50,4,12.00,1.00,13.0,0.00,0.00,0.0,2.00,28770.00,44.2
205,0.00,32.00,32.0,20.58,4.00,452.00,456.0,56.72,26,15.68,4415,0.60,4500,50,4,4.00,0.00,4.0,0.00,0.00,0.0,4.00,38477.00,56.3
206,0.00,104.00,104.0,20.48,4.00,321.00,325.0,56.75,27,15.68,4414,0.60,4499,50,4,4.00,0.00,4.0,0.00,0.00,0.0,0.00,23333.00,56.8
207,0.00,55.45,55.45,23.16,13.00,861.00,874.0,56.74,34,14.67,4413,0.60,4491,50,4,12.00,1.00,13.0,0.00,0.00,0.0,0.00,60039.00,56.8
208,0.00,600.00,600.0,68.69,2.00,973.00,975.0,56.89,40,14.67,4412,0.60,4490,50,4,2.00,0.00,2.0,0.00,0.00,0.0,0.00,82687.00,83.7
209,0.00,22112.00,22112.0,55.64,6.00,1076.00,1082.0,56.91,59,14.67,4412,0.60,4491,50,4,6.00,0.00,6.0,0.00,0.00,0.0,1.00,180388.00,78.4
210,0.00,324.00,324.0,70.24,6.00,1334.00,1340.0,56.93,54,14.67,4413,0.60,4484,50,4,6.00,0.00,6.0,0.00,0.00,0.0,1.00,148660.00,78.9
211,0.00,352.00,352.0,83.88,0.00,1174.00,1174.0,56.81,63,14.67,4412,0.60,4493,50,4,0.00,0.00,0.0,0.00,0.00,0.0,1.00,125759.00,85.8
212,0.00,344.00,344.0,84.17,3.00,1055.00,1058.0,56.84,44,15.89,4413,0.60,4481,50,4,2.00,0.00,2.0,0.00,0.00,0.0,1.00,133558.00,85.7
213,0.00,860.00,860.0,84.19,0.00,1201.00,1201.0,56.87,49,15.89,4414,0.60,4486,50,4,0.00,0.00,0.0,0.00,0.00,0.0,2.00,122125.00,85.8
214,0.00,584.00,584.0,85.86,2.00,732.00,734.0,56.88,42,15.89,4414,0.60,4484,50,4,2.00,0.00,2.0,0.00,0.00,0.0,2.00,125223.00,85.8
215,0.00,564.00,564.0,62.19,1.00,861.00,862.0,56.9,31,15.89,4414,0.60,4496,50,4,0.00,0.00,0.0,0.00,0.00,0.0,1.00,119727.00,79.6
216,0.00,412.00,412.0,50.19,2.00,1060.00,1062.0,56.89,33,15.89,4414,0.60,4502,50,4,2.00,0.00,2.0,0.00,0.00,0.0,2.00,95666.00,71.4
217,0.00,828.00,828.0,46.82,9.00,1301.00,1310.0,56.91,26,15.1,4414,0.60,4501,50,4,4.00,4.00,8.0,0.00,0.00,0.0,1.00,62847.00,71.5
218,0.00,256.00,256.0,30.14,1.00,681.00,682.0,56.92,18,15.1,4416,0.60,4511,50,4,0.00,0.00,0.0,0.00,0.00,0.0,5.00,59257.00,62.7
219,0.00,3312.00,3312.0,19.49,0.00,311.00,311.0,56.92,22,15.1,4415,0.60,4514,50,4,0.00,0.00,0.0,0.00,0.00,0.0,1.00,67329.00,50.4
220,0.00,92.00,92.0,21.58,5.00,295.00,300.0,56.99,17,15.1,4414,0.60,4512,49,4,0.00,0.00,0.0,4.00,4.00,8.0,0.00,30980.00,57.8
221,0.00,52.00,52.0,14.2,0.00,457.00,457.0,57.0,25,15.1,4415,0.60,4513,49,4,0.00,0.00,0.0,0.00,0.00,0.0,1.00,39511.00,47.5
222,0.00,76.00,76.0,23.37,0.00,358.00,358.0,57.0,17,14.05,4415,0.60,4507,49,4,0.00,0.00,0.0,0.00,0.00,0.0,0.00,21525.00,60.1
223,0.00,504.00,504.0,3.05,2.00,161.00,163.0,57.01,23,14.05,4414,0.60,4505,49,4,2.00,0.00,2.0,0.00,0.00,0.0,0.00,13247.00,38.7
224,0.00,4948.00,4948.0,5.04,6.00,177.00,183.0,57.01,16,14.05,4414,0.60,4505,49,4,6.00,0.00,6.0,0.00,0.00,0.0,1.00,12421.00,38.6
225,0.00,308.00,308.0,5.2,7.00,299.00,306.0,57.0,23,14.05,4414,0.60,4503,50,5,4.00,3.00,7.0,1.00,1.00,2.0,1.00,20807.00,38.6
226,0.00,572.00,572.0,21.15,4.00,674.00,678.0,57.02,26,14.05,4412,0.60,4498,50,5,4.00,0.00,4.0,0.00,0.00,0.0,0.00,60341.00,55.7
227,0.00,260.00,260.0,43.11,7.00,881.00,888.0,57.03,25,13.25,4411,0.60,4492,50,5,6.00,1.00,7.0,0.00,0.00,0.0,1.00,123649.00,67.6
228,0.00,340.00,340.0,42.62,5.00,882.00,887.0,57.05,16,13.25,4412,0.60,4491,50,5,4.00,1.00,5.0,0.00,0.00,0.0,2.00,124566.00,68.1
229,0.00,13692.00,13692.0,46.79,1.00,707.00,708.0,57.06,20,13.25,4413,0.60,4487,50,4,0.00,1.00,1.0,0.00,0.00,0.0,2.00,145952.00,68.7
230,0.00,460.00,460.0,47.14,5.00,947.00,952.0,57.08,24,13.25,4415,0.60,4497,50,4,0.00,1.00,1.0,4.00,4.00,8.0,3.00,78620.00,69.3
231,0.00,408.00,408.0,28.91,0.00,827.00,827.0,57.12,20,13.25,4415,0.60,4501,50,4,0.00,0.00,0.0,0.00,0.00,0.0,1.00,55808.00,60.9
232,20.00,512.00,532.0,12.31,4.00,729.00,733.0,57.12,11,12.27,4416,0.60,4503,50,4,4.00,0.00,4.0,0.00,0.00,0.0,2.00,46131.00,47.0
233,4.00,464.00,468.0,44.17,10.00,1228.00,1238.0,57.14,28,12.27,4415,0.60,4500,50,4,10.00,0.00,10.0,0.00,0.00,0.0,17.00,92799.00,68.3
234,0.00,20460.00,20460.0,84.38,2.00,1078.00,1080.0,57.15,21,12.27,4415,0.60,4493,50,4,2.00,0.00,2.0,0.00,0.00,0.0,1.00,96387.00,86.7
235,0.00,112.00,112.0,82.09,6.00,624.00,630.0,57.12,26,12.27,4415,0.60,4505,50,4,6.00,0.00,6.0,0.00,0.00,0.0,0.00,142918.00,86.7
236,0.00,52.00,52.0,69.79,2.00,877.00,879.0,57.17,31,12.27,4416,0.60,4503,50,4,2.00,0.00,2.0,0.00,0.00,0.0,1.00,152902.00,86.3
237,0.00,88.00,88.0,63.68,4.00,1065.00,1069.0,57.24,24,12.0,4415,0.60,4498,50,4,4.00,0.00,4.0,0.00,0.00,0.0,1.00,86522.00,79.0
238,0.00,580.00,580.0,86.34,2.00,1030.00,1032.0,57.26,47,12.0,4416,0.60,4495,50,4,2.00,0.00,2.0,0.00,0.00,0.0,1.00,118440.00,86.0
239,0.00,26960.00,26960.0,86.9,2.00,1021.00,1023.0,57.28,17,12.0,4416,0.60,4481,50,4,2.00,0.00,2.0,0.00,0.00,0.0,1.00,67010.00,86.0
240,0.00,116.00,116.0,29.26,4.00,617.00,621.0,57.31,8,12.0,4415,0.60,4491,50,4,4.00,1.00,5.0,0.00,0.00,0.0,0.00,50785.00,59.8
241,0.00,864.00,864.0,24.68,5.00,478.00,483.0,57.28,7,12.0,4417,0.60,4492,50,4,4.00,0.00,4.0,0.00,0.00,0.0,2.00,29490.00,59.4
242,0.00,152.00,152.0,45.89,7.00,562.00,569.0,57.32,5,11.44,4417,0.60,4502,50,4,6.00,0.00,6.0,0.00,0.00,0.0,1.98,47344.55,74.6
243,0.00,248.00,248.0,33.8,8.00,830.00,838.0,57.31,17,11.44,4416,0.60,4504,50,4,8.00,0.00,8.0,0.00,0.00,0.0,1.00,82728.00,68.3
244,0.00,24208.00,24208.0,48.19,6.00,939.00,945.0,57.31,17,11.44,4415,0.60,4496,50,4,3.00,1.00,4.0,0.00,0.00,0.0,1.00,127780.00,75.9
245,0.00,696.00,696.0,58.13,18.00,919.00,937.0,57.33,17,11.44,4418,0.60,4496,51,5,18.00,10.00,28.0,2.00,2.00,4.0,4.00,127062.00,76.3
246,0.00,124.00,124.0,50.64,4.00,943.00,947.0,57.34,17,11.44,4416,0.60,4498,51,5,4.00,0.00,4.0,0.00,0.00,0.0,0.00,112679.00,76.3
247,0.00,132.00,132.0,58.23,10.00,824.00,834.0,57.35,24,10.85,4416,0.60,4496,51,5,7.00,6.00,13.0,0.00,0.00,0.0,3.00,57904.00,76.4
248,0.00,152.00,152.0,63.11,9.00,656.00,665.0,57.35,8,10.85,4415,0.60,4497,51,5,6.00,0.00,6.0,0.00,0.00,0.0,0.00,41047.00,76.7
249,0.00,88.00,88.0,33.67,0.00,316.00,316.0,57.36,7,10.85,4415,0.60,4498,51,5,2.00,0.00,2.0,0.00,0.00,0.0,1.00,22222.00,69.4
250,0.00,476.00,476.0,20.7,14.00,362.00,376.0,57.39,5,10.85,4414,0.60,4496,51,4,4.00,2.00,6.0,6.00,6.00,12.0,1.00,22335.00,61.0
251,0.00,44.00,44.0,39.21,10.00,1140.00,1150.0,57.4,23,10.85,4415,0.60,4488,51,4,12.00,0.00,12.0,0.00,0.00,0.0,1.00,83761.00,61.5
252,0.00,276.00,276.0,84.32,4.00,1010.00,1014.0,57.53,27,11.26,4413,0.60,4488,51,4,4.00,0.00,4.0,0.00,0.00,0.0,1.00,112741.00,86.9
253,0.00,48.00,48.0,63.03,3.96,1090.10,1094.06,57.47,29,11.26,4412,0.60,4494,51,4,4.00,0.00,4.0,0.00,0.00,0.0,1.00,166745.00,80.8
254,0.00,752.00,752.0,64.65,3.00,981.00,984.0,57.5,15,11.26,4414,0.60,4501,51,4,2.00,1.00,3.0,0.00,0.00,0.0,3.00,161307.00,81.0
255,0.00,4316.00,4316.0,50.13,5.00,1311.00,1316.0,57.49,25,11.26,4415,0.60,4487,51,4,4.00,1.00,5.0,0.00,0.00,0.0,2.00,134036.00,71.2
256,0.00,1048.00,1048.0,64.71,2.00,1338.00,1340.0,57.51,3,11.26,4415,0.60,4492,51,4,2.00,0.00,2.0,0.00,0.00,0.0,1.00,89121.00,78.7
257,0.00,520.00,520.0,22.43,7.00,804.00,811.0,57.52,4,10.36,4417,0.60,4499,52,4,5.00,5.00,10.0,0.00,0.00,0.0,2.00,54909.00,55.4
258,0.00,672.00,672.0,18.8,6.00,500.00,506.0,57.52,2,10.36,4416,0.60,4499,51,4,6.00,3.00,9.0,0.00,0.00,0.0,0.00,33556.00,55.0
259,0.00,760.00,760.0,20.79,6.00,699.00,705.0,57.52,23,10.36,4416,0.60,4500,51,4,6.00,0.00,6.0,0.00,0.00,0.0,1.00,59014.00,54.9
260,0.00,20828.00,20828.0,31.19,16.00,969.00,985.0,57.52,10,10.36,4415,0.60,4493,50,5,10.00,0.00,10.0,5.00,5.00,10.0,0.00,108362.00,61.0
261,0.00,520.00,520.0,55.81,2.00,845.00,847.0,57.54,16,10.36,4415,0.60,4495,50,5,2.00,0.00,2.0,0.00,0.00,0.0,1.00,124065.00,78.2
262,0.00,808.00,808.0,61.14,6.00,733.00,739.0,57.58,24,10.09,4415,0.60,4500,51,5,4.00,3.00,7.0,0.00,0.00,0.0,1.00,127369.00,78.7
263,0.00,1284.00,1284.0,48.3,3.00,870.00,873.0,57.6,3,10.09,4416,0.60,4485,51,5,0.00,2.00,2.0,0.00,0.00,0.0,17.00,77863.00,78.5
264,0.00,480.00,480.0,34.68,1.00,837.00,838.0,57.62,2,10.09,4416,0.60,4498,51,4,0.00,1.00,1.0,0.00,0.00,0.0,1.00,66087.00,69.1
265,0.00,21360.00,21360.0,12.48,1.00,450.00,451.0,57.63,6,10.09,4415,0.60,4499,50,4,0.00,0.00,0.0,0.00,0.00,0.0,0.00,30678.00,47.6
266,0.00,28.00,28.0,4.31,2.00,158.00,160.0,57.63,3,10.09,4412,0.60,4492,50,4,2.00,0.00,2.0,0.00,0.00,0.0,0.00,12853.00,38.4
267,0.00,88.00,88.0,4.3,14.00,223.00,237.0,57.61,3,9.28,4412,0.60,4489,50,4,14.00,0.00,14.0,0.00,0.00,0.0,0.00,12138.00,38.3
268,0.00,540.00,540.0,4.59,4.00,151.00,155.0,57.61,3,9.28,4411,0.60,4485,50,4,4.00,0.00,4.0,0.00,0.00,0.0,0.00,13376.00,38.3
269,0.00,360.00,360.0,6.04,12.00,395.00,407.0,57.6,7,9.28,4410,0.60,4475,50,4,8.00,0.00,8.0,0.00,0.00,0.0,2.00,25004.00,38.6
270,0.00,10548.00,10548.0,20.05,7.00,663.00,670.0,57.61,11,9.28,4411,0.60,4486,51,4,8.00,3.00,11.0,0.00,0.00,0.0,3.00,75117.00,52.1
271,0.00,64.00,64.0,22.7,6.00,546.00,552.0,57.61,7,9.28,4410,0.60,4484,51,4,4.00,2.00,6.0,0.00,0.00,0.0,1.00,99304.00,52.2
272,0.00,48.00,48.0,28.9,14.00,861.00,875.0,57.62,5,8.54,4411,0.60,4486,51,4,12.00,2.00,14.0,0.00,0.00,0.0,2.00,83981.00,62.7
273,0.00,104.00,104.0,60.0,6.00,1442.00,1448.0,57.69,24,8.54,4414,0.60,4490,51,4,2.00,2.00,4.0,0.00,0.00,0.0,4.00,139413.00,80.6
274,0.00,1208.00,1208.0,46.97,3.00,1415.00,1418.0,57.72,40,8.54,4417,0.60,4494,51,4,2.00,1.00,3.0,0.00,0.00,0.0,4.00,110301.00,71.8
275,0.00,32400.00,32400.0,54.62,5.00,1009.00,1014.0,57.74,22,8.54,4417,0.60,4513,50,4,4.00,0.00,4.0,0.00,0.00,0.0,0.00,173260.00,72.2
276,0.00,716.00,716.0,47.64,8.00,1450.00,1458.0,57.74,33,8.54,4417,0.60,4497,51,4,4.00,4.00,8.0,0.00,0.00,0.0,0.00,128264.00,72.3
277,0.00,688.00,688.0,70.98,2.00,1765.00,1767.0,57.75,19,8.81,4417,0.60,4509,50,4,0.00,0.00,0.0,0.00,0.00,0.0,0.00,154953.00,82.6
278,0.00,876.00,876.0,47.56,0.00,1378.00,1378.0,57.78,16,8.81,4416,0.60,4504,50,4,0.00,0.00,0.0,0.00,0.00,0.0,3.00,131859.00,72.6
279,0.00,512.00,512.0,54.49,4.00,759.00,763.0,57.79,14,8.81,4418,0.60,4523,50,4,1.00,3.00,4.0,0.00,0.00,0.0,3.00,130677.00,78.1
280,0.00,5612.00,5612.0,38.76,4.00,1063.00,1067.0,57.81,29,8.81,4418,0.60,4527,50,4,0.00,0.00,0.0,4.00,4.00,8.0,0.00,72970.00,68.8
281,0.00,484.00,484.0,57.45,0.00,802.00,802.0,57.98,3,8.81,4418,0.60,4518,50,4,0.00,0.00,0.0,0.00,0.00,0.0,0.00,41551.00,79.3
282,0.00,40.00,40.0,10.87,0.00,361.00,361.0,57.93,2,8.11,4418,0.60,4519,50,4,0.00,0.00,0.0,0.00,0.00,0.0,0.00,25504.00,45.1
283,0.00,112.00,112.0,3.64,0.00,87.00,87.0,57.93,1,8.11,4417,0.60,4519,50,4,0.00,0.00,0.0,0.00,0.00,0.0,0.00,12921.00,37.0
284,0.00,0.00,0.0,4.41,0.00,182.00,182.0,57.87,2,8.11,4413,0.60,4515,50,4,0.00,0.00,0.0,0.00,0.00,0.0,1.00,13290.00,37.1
285,0.00,2856.00,2856.0,4.31,0.00,198.00,198.0,57.87,5,8.11,4410,0.60,4503,50,4,0.00,0.00,0.0,0.00,0.00,0.0,0.00,13602.00,37.3
286,0.00,648.00,648.0,2.94,0.00,110.00,110.0,57.87,2,8.11,4409,0.60,4495,50,4,0.00,0.00,0.0,0.00,0.00,0.0,0.00,14714.00,37.5
287,0.00,96.00,96.0,7.13,0.00,397.00,397.0,57.87,5,7.46,4405,0.60,4467,50,4,0.00,0.00,0.0,0.00,0.00,0.0,2.00,28653.00,38.0
288,0.00,76.00,76.0,25.81,0.00,738.00,738.0,57.9,19,7.46,4409,0.60,4477,50,4,0.00,0.00,0.0,0.00,0.00,0.0,6.00,74310.00,58.6
289,0.00,116.00,116.0,23.83,0.00,512.00,512.0,57.9,2,7.46,4409,0.60,4475,50,4,0.00,0.00,0.0,0.00,0.00,0.0,2.00,115019.00,58.1
290,0.00,13572.00,13572.0,11.0,5.00,457.00,462.0,57.9,3,7.46,4411,0.60,4481,49,5,0.00,0.00,0.0,5.00,4.00,9.0,2.00,51012.00,44.9
291,0.00,508.00,508.0,29.15,0.00,1309.00,1309.0,57.92,8,7.46,4415,0.60,4489,49,5,0.00,0.00,0.0,0.00,0.00,0.0,4.00,86904.00,59.7
292,0.00,596.00,596.0,58.81,0.00,1436.00,1436.0,57.94,9,7.74,4417,0.60,4497,49,5,0.00,0.00,0.0,0.00,0.00,0.0,2.00,130756.00,79.3
293,4.00,60.00,64.0,44.13,2.00,864.00,866.0,57.95,26,7.74,4417,0.60,4499,49,5,2.00,0.00,2.0,0.00,0.00,0.0,0.00,147322.00,69.1
294,0.00,780.20,780.2,66.92,9.00,1123.00,1132.0,57.99,11,7.74,4420,0.60,4489,50,5,9.00,7.00,16.0,0.00,0.00,0.0,25.00,139206.00,81.9
295,0.00,108.00,108.0,54.16,16.00,1732.00,1748.0,57.99,27,7.74,4420,0.60,4489,50,7,12.00,5.00,17.0,3.00,1.00,4.0,0.00,144256.00,74.4
296,4.00,10756.00,10760.0,80.73,0.00,1430.00,1430.0,58.07,22,7.74,4419,0.60,4471,50,7,0.00,0.00,0.0,0.00,0.00,0.0,1.00,142886.00,85.4
297,0.00,348.00,348.0,60.3,4.00,1105.00,1109.0,58.12,15,7.76,4417,0.60,4493,49,7,4.00,4.00,8.0,0.00,0.00,0.0,0.00,136963.00,79.4
298,0.00,152.00,152.0,40.91,0.00,857.00,857.0,58.14,4,7.76,4418,0.60,4488,49,7,0.00,0.00,0.0,0.00,0.00,0.0,1.00,116048.00,74.0
299,0.00,904.00,904.0,49.12,1.00,1116.00,1117.0,58.15,2,7.76,4417,0.60,4492,49,6,0.00,0.00,0.0,0.00,0.00,0.0,1.00,77815.00,73.9
300,0.00,752.00,752.0,11.94,6.00,565.00,571.0,58.14,18,7.76,4417,0.60,4498,50,5,0.00,2.00,2.0,5.00,4.00,9.0,1.00,35128.00,46.6
301,4.00,29536.00,29540.0,4.89,1.00,104.00,105.0,58.13,4,7.76,4415,0.60,4498,50,5,0.00,0.00,0.0,0.00,0.00,0.0,0.00,14000.00,38.5
302,0.00,264.00,264.0,4.19,11.00,268.00,279.0,58.11,5,7.14,4413,0.60,4488,50,5,10.00,0.00,10.0,0.00,0.00,0.0,0.00,14420.00,38.6
303,0.00,184.00,184.0,3.54,7.00,154.00,161.0,58.11,6,7.14,4410,0.60,4471,50,5,4.00,3.00,7.0,0.00,0.00,0.0,0.00,12708.00,38.5
304,0.00,0.00,0.0,2.94,3.00,138.00,141.0,58.11,2,7.14,4409,0.60,4464,50,5,2.00,1.00,3.0,0.00,0.00,0.0,1.00,13269.00,38.4
305,0.00,368.00,368.0,5.41,18.00,246.00,264.0,58.11,5,7.14,4407,0.60,4457,50,4,16.00,1.00,17.0,0.00,0.00,0.0,0.00,12617.00,38.4
306,0.00,28172.00,28172.0,2.81,2.00,140.00,142.0,58.11,3,7.14,4406,0.60,4455,50,4,2.00,0.00,2.0,0.00,0.00,0.0,0.00,12231.00,38.4
307,0.00,100.00,100.0,3.41,8.00,241.00,249.0,58.11,2,6.57,4405,0.60,4452,50,4,8.00,0.00,8.0,0.00,0.00,0.0,1.00,17310.00,38.4
308,0.00,104.00,104.0,16.01,11.00,626.00,637.0,58.12,2,6.57,4408,0.60,4469,50,4,10.00,0.00,10.0,0.00,0.00,0.0,7.00,54462.00,50.2
309,0.00,96.00,96.0,39.03,2.00,596.00,598.0,58.24,20,6.57,4409,0.60,4473,50,4,2.00,0.00,2.0,0.00,0.00,0.0,2.00,77382.00,69.8
310,0.00,540.00,540.0,35.07,8.00,937.00,945.0,58.26,13,6.57,4410,0.60,4472,50,4,8.00,0.00,8.0,0.00,0.00,0.0,1.00,124053.00,69.7
311,0.00,6296.00,6296.0,56.94,13.00,1933.00,1946.0,58.28,23,6.57,4414,0.60,4481,50,4,8.00,5.00,13.0,0.00,0.00,0.0,4.00,150291.00,78.1
312,0.00,336.00,336.0,65.94,2.00,2093.00,2095.0,58.29,34,6.04,4416,0.60,4480,50,4,2.00,0.00,2.0,0.00,0.00,0.0,2.00,168302.00,78.4
313,0.00,120.00,120.0,77.12,0.00,1047.00,1047.0,58.32,35,6.04,4415,0.60,4498,50,4,0.00,0.00,0.0,0.00,0.00,0.0,3.00,180252.00,84.9
314,0.00,620.00,620.0,53.71,0.00,1288.00,1288.0,58.32,9,6.04,4415,0.60,4486,50,4,0.00,0.00,0.0,0.00,0.00,0.0,1.00,195226.00,78.5
315,0.00,692.00,692.0,67.05,0.00,1492.00,1492.0,58.33,21,6.04,4415,0.60,4475,50,4,0.00,0.00,0.0,0.00,0.00,0.0,0.00,158363.00,78.9
316,0.00,5742.57,5742.57,69.02,2.00,1939.00,1941.0,58.35,25,6.04,4415,0.60,4482,50,4,2.00,0.00,2.0,0.00,0.00,0.0,1.00,101534.00,79.3
317,0.00,768.00,768.0,43.66,0.00,1145.00,1145.0,58.35,1,5.56,4414,0.60,4495,50,4,0.00,0.00,0.0,0.00,0.00,0.0,1.00,68818.00,68.6
318,0.00,488.00,488.0,9.41,2.00,280.00,282.0,58.36,0,5.56,4412,0.60,4496,50,4,0.00,2.00,2.0,0.00,0.00,0.0,0.00,19050.00,43.8
319,0.00,676.00,676.0,2.78,6.00,150.00,156.0,58.36,0,5.56,4412,0.60,4495,50,4,4.00,2.00,6.0,0.00,0.00,0.0,1.00,11901.00,43.2
320,0.00,64.00,64.0,3.82,15.00,264.00,279.0,58.36,3,5.56,4412,0.60,4489,50,4,10.00,1.00,11.0,4.00,4.00,8.0,0.00,13377.00,42.6
321,0.00,8676.00,8676.0,3.31,6.00,156.00,162.0,58.36,1,5.56,4412,0.60,4484,50,4,6.00,0.00,6.0,0.00,0.00,0.0,0.00,12227.00,41.9
322,0.00,460.00,460.0,2.68,4.00,153.00,157.0,58.37,2,5.11,4412,0.60,4483,50,4,4.00,0.00,4.0,0.00,0.00,0.0,0.00,12604.00,41.4
323,0.00,484.00,484.0,5.83,13.00,205.00,218.0,58.37,0,5.11,4409,0.60,4472,50,4,12.00,0.00,12.0,0.00,0.00,0.0,0.00,12431.00,41.4
324,4.00,520.00,524.0,5.06,5.00,303.00,308.0,58.37,0,5.11,4409,0.60,4463,50,4,4.00,0.00,4.0,0.00,0.00,0.0,20.00,26037.00,41.3
325,0.00,148.00,148.0,13.56,7.00,585.00,592.0,58.38,2,5.11,4415,0.60,4480,50,4,5.00,1.00,6.0,0.00,0.00,0.0,7.00,51524.00,41.9
326,0.00,13444.00,13444.0,28.06,10.00,629.00,639.0,58.39,8,5.11,4413,0.60,4475,50,4,12.00,0.00,12.0,0.00,0.00,0.0,1.00,92458.00,60.0
327,0.00,116.00,116.0,21.6,4.00,570.00,574.0,58.4,6,5.18,4413,0.60,4479,50,4,2.00,2.00,4.0,0.00,0.00,0.0,3.00,84943.00,54.9
328,0.00,932.00,932.0,27.49,12.00,1282.00,1294.0,58.4,8,5.18,4417,0.60,4478,50,4,10.00,2.00,12.0,0.00,0.00,0.0,5.00,97506.00,55.1
329,0.00,660.00,660.0,71.5,8.00,1818.00,1826.0,58.41,39,5.18,4416,0.60,4486,50,5,6.00,0.00,6.0,1.00,1.00,2.0,1.00,138299.00,83.4
330,0.00,696.00,696.0,76.68,4.00,1625.00,1629.0,58.43,15,5.18,4416,0.60,4476,50,5,0.00,0.00,0.0,4.00,4.00,8.0,3.00,158895.00,83.6
331,0.00,5596.00,5596.0,68.61,0.00,1152.00,1152.0,58.46,23,5.18,4417,0.60,4499,50,5,0.00,0.00,0.0,0.00,0.00,0.0,1.00,196239.00,83.5
332,0.00,72.00,72.0,73.32,1.00,959.00,960.0,58.49,7,5.97,4417,0.60,4480,50,5,0.00,0.00,0.0,0.00,0.00,0.0,0.00,181042.00,83.7
333,0.00,744.00,744.0,61.44,0.00,1600.00,1600.0,58.51,31,5.97,4416,0.60,4492,50,4,0.00,0.00,0.0,0.00,0.00,0.0,2.00,131452.00,83.3
334,0.00,1108.00,1108.0,70.24,0.00,1980.00,1980.0,58.55,2,5.97,4417,0.60,4472,50,4,0.00,0.00,0.0,0.00,0.00,0.0,2.00,110566.00,83.2
335,0.00,412.00,412.0,25.47,3.00,1017.00,1020.0,58.55,2,5.97,4416,0.60,4490,50,4,0.00,2.00,2.0,0.00,0.00,0.0,0.00,55841.00,61.2
336,0.00,320.00,320.0,15.04,2.00,187.00,189.0,58.56,2,5.97,4416,0.60,4487,50,4,2.00,0.00,2.0,0.00,0.00,0.0,0.00,11481.00,55.7
337,0.00,8124.00,8124.0,5.51,3.00,137.00,140.0,58.56,3,5.49,4414,0.60,4486,50,4,2.00,0.00,2.0,0.00,0.00,0.0,0.00,13039.00,41.4
338,0.00,280.00,280.0,4.56,6.00,245.00,251.0,58.55,1,5.49,4413,0.60,4480,50,4,4.00,2.00,6.0,0.00,0.00,0.0,3.00,12569.00,41.0
339,0.00,96.00,96.0,3.66,2.00,161.00,163.0,58.55,1,5.49,4411,0.60,4478,50,4,0.00,1.00,1.0,0.00,0.00,0.0,1.00,13516.00,40.5
340,0.00,84.00,84.0,2.03,4.00,121.00,125.0,58.55,1,5.49,4406,0.60,4456,50,4,0.00,0.00,0.0,4.00,4.00,8.0,0.00,11617.00,40.0
341,0.00,76.00,76.0,4.65,0.00,209.00,209.0,58.55,1,5.49,4404,0.60,4450,50,4,0.00,0.00,0.0,0.00,0.00,0.0,0.00,13883.00,39.7
342,0.00,54744.00,54744.0,4.7,1.00,163.00,164.0,58.55,2,5.05,4403,0.60,4447,49,4,0.00,0.00,0.0,0.00,0.00,0.0,0.00,12174.00,39.6
343,0.00,616.00,616.0,2.17,0.00,121.00,121.0,58.56,1,5.05,4400,0.60,4441,49,4,0.00,0.00,0.0,0.00,0.00,0.0,0.00,12109.00,39.3
344,0.00,0.00,0.0,4.19,0.00,188.00,188.0,58.56,1,5.05,4400,0.60,4441,49,4,0.00,0.00,0.0,0.00,0.00,0.0,1.00,13132.00,39.3
345,0.00,144.00,144.0,9.18,2.00,551.00,553.0,58.56,6,5.05,4402,0.60,4442,49,4,2.00,0.00,2.0,0.00,0.00,0.0,3.00,33429.00,39.8
346,0.00,840.00,840.0,24.52,2.00,948.00,950.0,58.58,25,5.05,4408,0.60,4460,49,4,2.00,0.00,2.0,0.00,0.00,0.0,6.00,97487.00,56.5
347,0.00,12344.00,12344.0,46.5,6.00,1414.00,1420.0,58.6,22,5.13,4410,0.60,4465,49,4,6.00,0.00,6.0,0.00,0.00,0.0,2.00,164861.00,72.6
348,0.00,112.00,112.0,74.59,11.00,1736.00,1747.0,58.62,9,5.13,4414,0.60,4481,50,4,11.00,10.00,21.0,0.00,0.00,0.0,4.00,160755.00,84.3
349,0.00,524.00,524.0,64.89,0.00,2095.00,2095.0,58.64,8,5.13,4417,0.60,4489,50,4,0.00,1.00,1.0,0.00,0.00,0.0,4.00,189135.00,83.9
350,0.00,404.00,404.0,70.01,0.00,1245.00,1245.0,58.67,36,5.13,4419,0.60,4504,50,4,0.00,0.00,0.0,0.00,0.00,0.0,2.00,199208.00,83.9
351,0.00,408.00,408.0,77.26,3.00,1142.00,1145.0,58.69,29,5.13,4418,0.60,4485,49,4,3.00,3.00,6.0,0.00,0.00,0.0,2.00,156910.00,84.1
352,0.00,848.00,848.0,64.21,0.00,1471.00,1471.0,58.7,11,6.16,4418,0.60,4491,49,4,0.00,0.00,0.0,0.00,0.00,0.0,0.00,118677.00,83.6
353,0.00,572.00,572.0,54.08,2.00,2012.00,2014.0,58.73,5,6.16,4418,0.60,4480,49,4,2.00,0.00,2.0,0.00,0.00,0.0,0.00,106200.00,75.0
354,0.00,392.00,392.0,13.61,2.00,712.00,714.0,58.74,1,6.16,4415,0.60,4493,49,4,2.00,0.00,2.0,0.00,0.00,0.0,18.00,45464.00,49.0
355,0.00,152.00,152.0,4.28,0.00,145.00,145.0,58.74,1,6.16,4411,0.60,4480,49,4,0.00,0.00,0.0,0.00,0.00,0.0,0.00,13486.00,37.6
356,0.00,36.00,36.0,4.35,6.00,187.00,193.0,58.74,1,6.16,4409,0.60,4475,49,4,6.00,0.00,6.0,0.00,0.00,0.0,0.00,14465.00,37.6
357,0.00,18224.00,18224.0,3.79,10.00,248.00,258.0,58.74,1,5.75,4407,0.60,4469,49,4,10.00,0.00,10.0,0.00,0.00,0.0,0.00,12995.00,37.6
358,0.00,68.00,68.0,2.55,3.00,117.00,120.0,58.74,1,5.75,4405,0.60,4459,49,4,2.00,0.00,2.0,0.00,0.00,0.0,0.00,12023.00,37.5
359,0.00,392.00,392.0,3.55,6.00,188.00,194.0,58.74,4,5.75,4405,0.60,4459,49,4,6.00,0.00,6.0,0.00,0.00,0.0,1.00,13547.00,37.5
360,0.00,392.00,392.0,3.55,16.00,204.00,220.0,58.74,1,5.75,4404,0.60,4457,49,4,12.00,0.00,12.0,4.00,4.00,8.0,0.00,13077.00,37.6
361,0.00,260.00,260.0,3.95,3.00,134.00,137.0,58.74,1,5.75,4399,0.60,4439,49,4,2.00,0.00,2.0,0.00,0.00,0.0,0.00,11702.00,37.6
362,0.00,10320.00,10320.0,7.27,14.00,494.00,508.0,58.75,6,5.29,4402,0.60,4441,49,4,14.00,0.00,14.0,0.00,0.00,0.0,3.00,32462.00,38.0
363,0.00,388.00,388.0,17.71,6.00,852.00,858.0,58.76,1,5.29,4408,0.60,4466,49,4,6.00,0.00,6.0,0.00,0.00,0.0,6.00,81314.00,51.0
364,0.00,16.00,16.0,31.25,1.00,732.00,733.0,58.77,7,5.29,4410,0.60,4477,49,4,0.00,0.00,0.0,0.00,0.00,0.0,3.00,141124.00,62.2
365,0.00,564.00,564.0,38.17,12.00,1451.00,1463.0,58.78,21,5.29,4413,0.60,4471,49,4,12.00,0.00,12.0,0.00,0.00,0.0,3.00,115444.00,62.7
366,0.00,312.00,312.0,72.21,2.00,1934.00,1936.0,58.82,26,5.29,4415,0.60,4477,49,4,2.00,0.00,2.0,0.00,0.00,0.0,2.00,174507.00,83.2
367,0.00,276.00,276.0,70.11,4.00,2104.00,2108.0,58.84,19,6.06,4417,0.60,4490,50,5,0.00,3.00,3.0,1.00,1.00,2.0,2.00,180298.00,83.2
368,0.00,136.00,136.0,75.73,0.00,1029.00,1029.0,58.86,25,6.06,4417,0.60,4501,50,5,0.00,0.00,0.0,0.00,0.00,0.0,2.00,196268.00,83.4
369,0.00,472.00,472.0,53.17,0.00,1238.00,1238.0,58.88,11,6.06,4417,0.60,4487,50,5,0.00,0.00,0.0,0.00,0.00,0.0,1.00,132053.00,74.9
370,0.00,612.00,612.0,52.87,4.00,1884.00,1888.0,58.91,20,6.06,4417,0.60,4490,50,5,0.00,0.00,0.0,4.00,4.00,8.0,1.00,138530.00,75.0
371,0.00,496.00,496.0,40.98,1.00,1535.00,1536.0,58.92,1,6.06,4417,0.60,4501,50,4,0.00,0.00,0.0,0.00,0.00,0.0,0.00,73064.00,74.3
372,0.00,9104.00,9104.0,5.56,0.00,176.00,176.0,58.92,0,5.66,4414,0.60,4499,50,4,0.00,0.00,0.0,0.00,0.00,0.0,0.00,13987.00,39.6
373,0.00,100.00,100.0,2.29,0.00,103.00,103.0,58.92,0,5.66,4413,0.60,4493,50,4,0.00,0.00,0.0,0.00,0.00,0.0,0.00,12095.00,39.2
374,0.00,344.00,344.0,5.13,12.00,277.00,289.0,58.92,0,5.66,4412,0.60,4477,50,4,12.00,0.00,12.0,0.00,0.00,0.0,1.00,15779.00,39.2
375,0.00,304.00,304.0,3.32,4.00,184.00,188.0,58.92,0,5.66,4409,0.60,4469,50,4,4.00,0.00,4.0,0.00,0.00,0.0,0.00,11987.00,39.0
376,0.00,260.00,260.0,2.94,1.00,118.00,119.0,58.93,0,5.66,4407,0.60,4465,50,4,1.00,1.00,2.0,0.00,0.00,0.0,0.00,12087.00,38.8
377,0.00,324.00,324.0,4.68,13.00,229.00,242.0,58.93,0,5.2,4405,0.60,4460,50,4,12.00,2.00,14.0,0.00,0.00,0.0,0.00,13363.00,38.7
378,0.00,57140.00,57140.0,2.04,4.00,153.00,157.0,58.93,0,5.2,4400,0.60,4440,50,4,4.00,0.00,4.0,0.00,0.00,0.0,0.00,11907.00,38.6
379,0.00,608.00,608.0,4.04,2.00,138.00,140.0,58.93,0,5.2,4399,0.60,4435,50,4,0.00,0.00,0.0,0.00,0.00,0.0,1.00,11926.00,38.8
380,0.00,348.00,348.0,3.94,18.00,246.00,264.0,58.93,0,5.2,4399,0.60,4435,50,4,14.00,2.00,16.0,4.00,4.00,8.0,0.00,13709.00,38.8
381,0.00,64.00,64.0,2.53,5.00,126.00,131.0,58.93,0,5.2,4399,0.60,4435,50,4,4.00,1.00,5.0,0.00,0.00,0.0,0.00,11371.00,38.6
382,0.00,284.00,284.0,6.12,5.00,398.00,403.0,58.94,0,4.79,4400,0.60,4434,50,4,4.00,1.00,5.0,0.00,0.00,0.0,1.00,28302.00,38.9
383,0.00,10788.00,10788.0,53.4,12.00,1670.00,1682.0,58.95,22,4.79,4408,0.60,4444,50,4,10.00,2.00,12.0,0.00,0.00,0.0,8.00,109298.00,74.1
384,4.00,1740.00,1744.0,80.03,2.00,1879.00,1881.0,59.08,21,4.79,4408,0.60,4467,50,4,2.00,0.00,2.0,0.00,0.00,0.0,20.00,129638.00,85.7
385,0.00,412.00,412.0,74.74,0.00,1643.00,1643.0,59.14,15,4.79,4410,0.60,4467,50,4,0.00,0.00,0.0,0.00,0.00,0.0,2.00,183624.00,85.5
386,0.00,76.00,76.0,73.39,0.00,928.00,928.0,59.17,31,4.79,4411,0.60,4485,50,4,0.00,0.00,0.0,0.00,0.00,0.0,1.00,192456.00,85.5
387,0.00,112.00,112.0,78.7,1.00,1144.00,1145.0,59.19,20,6.25,4415,0.60,4476,50,4,0.00,0.00,0.0,0.00,0.00,0.0,4.00,180295.00,85.4
388,0.00,2940.00,2940.0,70.45,0.00,1946.00,1946.0,59.16,39,6.25,4414,0.60,4478,50,4,0.00,0.00,0.0,0.00,0.00,0.0,1.00,140569.00,85.1
389,0.00,900.00,900.0,70.83,1.00,2112.00,2113.0,59.15,12,6.25,4416,0.60,4477,50,4,0.00,0.00,0.0,0.00,0.00,0.0,3.00,127609.00,84.9
390,0.00,816.00,816.0,44.26,5.00,1447.00,1452.0,59.16,1,6.25,4416,0.60,4491,50,4,0.00,0.00,0.0,4.00,4.00,8.0,0.00,71515.00,73.6
391,0.00,68.00,68.0,5.56,6.00,173.00,179.0,59.19,1,6.25,4418,0.60,4494,51,4,6.00,6.00,12.0,0.00,0.00,0.0,2.00,12389.00,41.3
392,0.00,0.00,0.0,4.2,10.00,172.00,182.0,59.19,1,5.75,4415,0.60,4491,51,4,10.00,5.00,15.0,0.00,0.00,0.0,0.00,13076.00,40.9
393,0.00,22876.00,22876.0,3.56,15.00,244.00,259.0,59.19,0,5.75,4412,0.60,4469,51,4,12.00,1.00,13.0,0.00,0.00,0.0,0.00,13646.00,40.5
394,0.00,596.00,596.0,3.82,4.00,145.00,149.0,59.17,0,5.75,4409,0.60,4465,51,4,4.00,7.00,11.0,0.00,0.00,0.0,1.00,13517.00,40.3
395,0.00,116.00,116.0,4.3,10.00,172.00,182.0,59.17,0,5.75,4407,0.60,4461,50,4,9.00,1.00,10.0,0.00,0.00,0.0,0.00,12523.00,40.0
396,0.00,260.00,260.0,3.4,12.00,190.00,202.0,59.17,0,5.75,4406,0.60,4453,50,4,12.00,0.00,12.0,0.00,0.00,0.0,0.00,12691.00,39.7
397,0.00,252.00,252.0,2.77,1.00,127.00,128.0,59.18,1,5.29,4404,0.60,4445,50,4,0.00,0.00,0.0,0.00,0.00,0.0,0.00,12803.00,39.3
398,0.00,9224.00,9224.0,3.17,3.00,155.00,158.0,59.18,0,5.29,4400,0.60,4437,50,4,2.00,1.00,3.0,0.00,0.00,0.0,3.00,11902.00,39.2
399,0.00,108.00,108.0,4.81,1.00,163.00,164.0,59.18,1,5.29,4399,0.60,4435,50,4,0.00,1.00,1.0,0.00,0.00,0.0,1.00,12804.00,39.1
400,0.00,72.00,72.0,7.28,1.00,286.00,287.0,59.18,3,5.29,4400,0.60,4435,50,4,0.00,1.00,1.0,0.00,0.00,0.0,1.00,21930.00,39.3
401,0.00,364.00,364.0,30.33,2.00,840.00,842.0,59.19,2,5.29,4407,0.60,4457,50,4,0.00,2.00,2.0,0.00,0.00,0.0,7.00,79570.00,64.5
402,0.00,32.00,32.0,35.91,2.00,1563.00,1565.0,59.2,25,5.98,4410,0.60,4466,51,4,2.00,2.00,4.0,0.00,0.00,0.0,3.00,133832.00,64.4
403,0.00,7468.00,7468.0,73.48,9.00,1972.00,1981.0,59.19,24,5.98,4412,0.60,4477,51,4,9.00,9.00,18.0,0.00,0.00,0.0,2.00,146649.00,83.5
404,0.00,308.00,308.0,73.68,1.00,1591.00,1592.0,59.21,20,5.98,4415,0.60,4473,51,4,0.00,1.00,1.0,0.00,0.00,0.0,4.00,163718.00,83.6
405,0.00,182.18,182.18,75.63,1.00,1513.00,1514.0,59.24,20,5.98,4417,0.60,4490,51,4,0.00,0.99,0.99,0.00,0.00,0.0,3.00,183867.00,83.7
406,0.00,936.00,936.0,74.81,4.00,1337.00,1341.0,59.26,21,5.98,4414,0.60,4458,50,5,3.00,2.00,5.0,1.00,1.00,2.0,1.00,177634.00,83.7
407,0.00,700.00,700.0,62.45,0.00,1893.00,1893.0,59.28,13,7.43,4415,0.60,4464,50,5,0.00,0.00,0.0,0.00,0.00,0.0,2.00,127785.00,83.3
408,0.00,1988.00,1988.0,54.69,0.00,1729.00,1729.0,59.3,13,7.43,4415,0.60,4470,50,5,0.00,0.00,0.0,0.00,0.00,0.0,0.00,93560.00,77.4
409,0.00,356.00,356.0,23.55,0.00,474.00,474.0,59.31,2,7.43,4415,0.60,4475,50,5,0.00,0.00,0.0,0.00,0.00,0.0,1.00,35610.00,60.7
410,0.00,76.00,76.0,18.25,4.00,126.00,130.0,59.31,2,7.43,4415,0.60,4483,50,4,0.00,0.00,0.0,4.00,4.00,8.0,0.00,11253.00,60.3
411,0.00,20.00,20.0,4.8,2.00,102.00,104.0,59.31,1,7.43,4412,0.60,4477,50,4,0.00,2.00,2.0,0.00,0.00,0.0,0.00,11932.00,38.5
412,0.00,336.00,336.0,2.4,1.00,97.00,98.0,59.31,1,6.91,4410,0.60,4475,50,4,0.00,1.00,1.0,0.00,0.00,0.0,0.00,11797.00,38.2
413,0.00,43004.00,43004.0,3.79,12.00,310.00,322.0,59.32,1,6.91,4409,0.60,4462,49,4,11.00,1.00,12.0,0.00,0.00,0.0,0.00,16137.00,38.2
414,0.00,400.00,400.0,3.68,0.00,152.00,152.0,59.32,1,6.91,4406,0.60,4454,49,4,0.00,0.00,0.0,0.00,0.00,0.0,17.00,14982.00,38.3
415,0.00,136.00,136.0,2.41,0.00,106.00,106.0,59.32,1,6.91,4403,0.60,4446,49,4,0.00,0.00,0.0,0.00,0.00,0.0,0.00,13278.00,38.1
416,0.00,44.00,44.0,5.93,17.00,283.00,300.0,59.32,2,6.91,4400,0.60,4434,49,4,16.00,0.00,16.0,0.00,0.00,0.0,0.00,13648.00,38.3
417,0.00,80.00,80.0,2.78,0.00,117.00,117.0,59.32,1,6.36,4399,0.60,4432,49,4,0.00,0.00,0.0,0.00,0.00,0.0,0.00,11136.00,38.1
418,0.00,21192.00,21192.0,2.54,4.00,138.00,142.0,59.32,1,6.36,4399,0.60,4432,49,4,4.00,0.00,4.0,0.00,0.00,0.0,0.00,14179.00,38.0
419,0.00,536.00,536.0,4.56,15.00,246.00,261.0,59.33,1,6.36,4399,0.60,4432,49,4,14.00,0.00,14.0,0.00,0.00,0.0,1.00,13946.00,38.1
420,0.00,412.00,412.0,2.29,4.00,127.00,131.0,59.33,2,6.36,4399,0.60,4432,49,4,0.00,0.00,0.0,4.00,4.00,8.0,0.00,11290.00,38.0
421,0.00,304.00,304.0,6.6,8.00,440.00,448.0,59.33,2,6.36,4400,0.60,4431,49,4,6.00,0.00,6.0,2.00,2.00,4.0,1.00,31202.00,38.3
422,0.00,412.00,412.0,45.65,11.00,1978.00,1989.0,59.35,22,6.49,4408,0.60,4441,49,4,10.00,0.00,10.0,0.00,0.00,0.0,8.00,141215.00,70.0
423,0.00,144.00,144.0,77.94,4.00,1827.00,1831.0,59.38,19,6.49,4410,0.60,4471,50,4,4.00,4.00,8.0,0.00,0.00,0.0,2.00,158503.00,84.9
424,0.00,6480.00,6480.0,80.98,5.00,1459.00,1464.0,59.41,27,6.49,4411,0.60,4478,50,4,5.00,7.00,12.0,0.00,0.00,0.0,2.00,161802.00,85.0
425,0.00,684.00,684.0,80.0,0.00,634.00,634.0,59.43,25,6.49,4414,0.60,4492,50,4,0.00,0.00,0.0,0.00,0.00,0.0,3.00,176389.00,85.1
426,0.00,76.00,76.0,80.48,3.00,852.00,855.0,59.5,25,6.49,4414,0.60,4470,50,4,2.00,3.00,5.0,0.00,0.00,0.0,2.00,180139.00,85.1
427,0.00,532.00,532.0,83.1,2.00,1463.00,1465.0,59.54,24,7.73,4414,0.60,4475,49,4,1.00,0.00,1.0,0.00,0.00,0.0,3.00,128561.00,85.1
428,0.00,544.00,544.0,80.51,0.00,1846.00,1846.0,59.58,20,7.73,4416,0.60,4476,49,4,0.00,0.00,0.0,0.00,0.00,0.0,2.00,136283.00,85.0
429,0.00,712.00,712.0,68.94,0.00,2261.00,2261.0,59.55,1,7.73,4416,0.60,4485,49,4,0.00,0.00,0.0,0.00,0.00,0.0,1.00,98571.00,84.5
430,0.00,252.00,252.0,27.4,0.00,589.00,589.0,59.56,1,7.73,4415,0.60,4498,49,4,0.00,0.00,0.0,0.00,0.00,0.0,0.00,35756.00,61.9
431,0.00,40.00,40.0,15.14,2.00,146.00,148.0,59.56,1,7.73,4413,0.60,4494,49,4,2.00,0.00,2.0,0.00,0.00,0.0,0.00,11285.00,54.9
432,0.00,20.00,20.0,9.6,4.00,194.00,198.0,59.56,0,7.19,4410,0.60,4478,49,4,4.00,0.00,4.0,0.00,0.00,0.0,0.00,14229.00,48.1
433,0.00,116.00,116.0,3.07,8.00,216.00,224.0,59.56,0,7.19,4410,0.60,4474,49,4,8.00,0.00,8.0,0.00,0.00,0.0,0.00,13298.00,37.2
434,0.00,31996.00,31996.0,2.8,2.00,143.00,145.0,59.57,1,7.19,4409,0.60,4470,49,4,2.00,0.00,2.0,0.00,0.00,0.0,1.00,12426.00,37.2
435,0.00,260.00,260.0,5.61,8.00,177.00,185.0,59.57,0,7.19,4407,0.60,4460,49,4,8.00,0.00,8.0,0.00,0.00,0.0,0.00,15771.00,37.4
436,0.00,44.00,44.0,2.8,12.00,181.00,193.0,59.57,0,7.19,4406,0.60,4454,49,4,12.00,0.00,12.0,0.00,0.00,0.0,0.00,11900.00,37.3
437,0.00,480.00,480.0,2.54,2.00,128.00,130.0,59.54,0,6.62,4401,0.60,4442,49,4,2.00,0.00,2.0,0.00,0.00,0.0,0.00,12421.00,37.3
438,0.00,220.00,220.0,4.04,8.00,188.00,196.0,59.54,1,6.62,4399,0.60,4438,49,4,8.00,0.00,8.0,0.00,0.00,0.0,0.00,13110.00,37.4
439,0.00,10744.00,10744.0,4.7,10.00,259.00,269.0,59.55,0,6.62,4400,0.60,4439,49,4,10.00,0.00,10.0,0.00,0.00,0.0,2.00,18461.00,37.6
440,0.00,1136.00,1136.0,9.8,6.00,551.00,557.0,59.55,2,6.62,4408,0.60,4466,49,4,2.00,0.00,2.0,4.00,4.00,8.0,8.00,51675.00,46.9
441,0.00,52.00,52.0,36.77,16.00,1623.00,1639.0,59.56,8,6.62,4409,0.60,4460,49,4,16.00,0.00,16.0,0.00,0.00,0.0,1.00,124137.00,67.0
442,0.00,820.00,820.0,59.39,0.00,2024.00,2024.0,59.59,35,7.77,4410,0.60,4481,49,4,0.00,0.00,0.0,0.00,0.00,0.0,1.00,179053.00,79.6
443,0.00,664.00,664.0,63.54,1.00,1729.00,1730.0,59.62,7,7.77,4414,0.60,4494,49,4,0.00,0.00,0.0,0.00,0.00,0.0,4.00,188242.00,79.6
444,0.00,1780.00,1780.0,63.09,0.00,1455.00,1455.0,59.65,13,7.77,4415,0.60,4501,49,4,0.00,0.00,0.0,0.00,0.00,0.0,20.00,213103.00,80.0
445,0.00,164.00,164.0,61.86,2.00,1824.00,1826.0,59.65,3,7.77,4418,0.60,4488,50,5,0.00,1.00,1.0,1.00,1.00,2.0,3.96,153944.55,80.1
446,0.00,796.00,796.0,53.59,0.00,2229.00,2229.0,59.68,10,7.77,4418,0.60,4485,50,5,0.00,0.00,0.0,0.00,0.00,0.0,0.00,145872.00,79.6
447,0.00,400.00,400.0,38.61,0.00,1621.00,1621.0,59.7,1,7.39,4418,0.60,4489,50,5,0.00,0.00,0.0,0.00,0.00,0.0,0.00,74872.00,70.0
448,0.00,24.00,24.0,7.93,2.00,2.00,4.0,59.7,0,7.39,4415,0.60,4489,50,5,0.00,1.00,1.0,0.00,0.00,0.0,0.00,11997.00,44.2
449,0.00,2724.00,2724.0,3.3,0.00,130.00,130.0,59.7,0,7.39,4414,0.60,4495,50,4,0.00,0.00,0.0,0.00,0.00,0.0,1.00,11479.00,38.2
450,0.00,468.00,468.0,2.16,0.00,117.00,117.0,59.7,0,7.39,4407,0.60,4471,50,4,0.00,0.00,0.0,0.00,0.00,0.0,0.00,12374.00,38.1
451,0.00,40.00,40.0,3.05,2.00,151.00,153.0,59.7,1,7.39,4406,0.60,4464,50,4,0.00,2.00,2.0,0.00,0.00,0.0,0.00,12725.00,38.0
452,0.00,20.00,20.0,4.18,22.00,309.00,331.0,59.7,0,6.79,4405,0.60,4455,50,4,20.00,1.00,21.0,0.00,0.00,0.0,0.00,14928.00,38.0
453,0.00,120.00,120.0,3.41,0.00,99.00,99.0,59.7,0,6.79,4404,0.60,4451,50,4,0.00,0.00,0.0,0.00,0.00,0.0,0.00,11807.00,37.9
454,0.00,248.00,248.0,3.56,4.00,170.00,174.0,59.71,0,6.79,4403,0.60,4449,50,4,4.00,0.00,4.0,0.00,0.00,0.0,1.00,14008.00,37.8
455,0.00,46216.00,46216.0,3.05,17.00,230.00,247.0,59.71,0,6.79,4399,0.60,4439,50,4,17.00,1.00,18.0,0.00,0.00,0.0,0.00,11444.00,37.9
456,0.00,500.00,500.0,2.04,0.00,101.00,101.0,59.71,0,6.79,4399,0.60,4439,50,4,0.00,0.00,0.0,0.00,0.00,0.0,0.00,12009.00,37.8
457,0.00,292.00,292.0,5.34,11.00,210.00,221.0,59.71,0,6.33,4401,0.60,4442,51,4,10.00,4.00,14.0,0.00,0.00,0.0,2.00,13665.00,38.1
458,0.00,276.00,276.0,2.9,7.00,176.00,183.0,59.72,0,6.33,4401,0.60,4443,51,4,7.00,7.00,14.0,0.00,0.00,0.0,3.00,11422.00,38.1
459,0.00,40.00,40.0,2.17,2.00,102.00,104.0,59.72,0,6.33,4401,0.60,4443,51,4,0.00,1.00,1.0,0.00,0.00,0.0,1.00,13227.00,37.9
460,0.00,16900.00,16900.0,6.75,7.00,617.00,624.0,59.72,2,6.33,4402,0.60,4435,50,4,3.00,3.00,6.0,4.00,4.00,8.0,2.00,43643.00,38.3
461,0.00,444.00,444.0,52.91,0.00,2356.00,2356.0,59.74,22,6.33,4409,0.60,4460,50,4,0.00,0.00,0.0,0.00,0.00,0.0,8.00,152159.00,74.6
462,0.00,48.00,48.0,69.66,0.00,2071.00,2071.0,59.76,11,6.62,4410,0.60,4463,50,4,0.00,0.00,0.0,0.00,0.00,0.0,1.00,192665.00,83.4
463,0.00,56.00,56.0,71.55,0.00,1167.00,1167.0,59.8,20,6.62,4411,0.60,4502,50,4,0.00,0.00,0.0,0.00,0.00,0.0,1.00,196075.00,83.4
464,0.00,288.00,288.0,57.95,0.00,1579.00,1579.0,59.83,5,6.62,4416,0.60,4497,50,4,0.00,0.00,0.0,0.00,0.00,0.0,5.00,168821.00,77.4
465,0.00,7780.00,7780.0,67.76,0.00,2166.00,2166.0,59.86,15,6.62,4418,0.60,4507,50,4,0.00,0.00,0.0,0.00,0.00,0.0,3.00,158149.00,77.9
466,0.00,640.00,640.0,58.08,0.00,2871.00,2871.0,59.88,4,6.62,4419,0.60,4519,50,4,0.00,0.00,0.0,0.00,0.00,0.0,1.00,115979.00,78.0
467,0.00,708.00,708.0,23.4,0.00,519.00,519.0,59.89,0,6.09,4419,0.60,4531,50,4,0.00,0.00,0.0,0.00,0.00,0.0,0.00,33767.00,58.3
468,0.00,60.00,60.0,2.3,0.00,104.00,104.0,59.89,0,6.09,4419,0.60,4531,50,4,0.00,0.00,0.0,0.00,0.00,0.0,0.00,11435.00,36.5
469,0.00,16.00,16.0,4.05,8.00,228.00,236.0,59.89,0,6.09,4419,0.60,4525,50,4,8.00,1.00,9.0,0.00,0.00,0.0,0.00,13986.00,36.6
470,0.00,7528.00,7528.0,3.57,17.00,246.00,263.0,59.89,0,6.09,4416,0.60,4519,49,5,12.00,0.00,12.0,5.00,4.00,9.0,1.00,14847.00,36.7
471,0.00,48.00,48.0,2.04,0.00,122.00,122.0,59.9,0,6.09,4410,0.60,4481,49,5,0.00,0.00,0.0,0.00,0.00,0.0,0.00,12868.00,36.7
472,0.00,516.00,516.0,4.05,10.00,196.00,206.0,59.9,0,6.25,4409,0.60,4471,49,5,10.00,0.00,10.0,0.00,0.00,0.0,0.00,12330.00,36.9
473,4.00,44.00,48.0,2.92,10.00,193.00,203.0,59.9,0,6.25,4408,0.60,4465,49,5,10.00,0.00,10.0,0.00,0.00,0.0,0.00,11487.00,36.9
474,0.00,0.00,0.0,2.8,1.00,131.00,132.0,59.9,0,6.25,4403,0.60,4445,49,5,0.00,0.00,0.0,0.00,0.00,0.0,0.00,13217.00,36.8
475,0.00,30760.00,30760.0,5.83,16.00,213.00,229.0,59.9,1,6.25,4402,0.60,4443,49,5,14.00,1.00,15.0,1.00,0.00,1.0,18.00,16826.00,37.2
476,0.00,20.00,20.0,3.94,6.00,172.00,178.0,59.9,0,6.25,4400,0.60,4439,49,5,6.00,0.00,6.0,0.00,0.00,0.0,0.00,12236.00,37.2
477,0.00,68.00,68.0,5.04,5.00,361.00,366.0,59.9,5,5.83,4402,0.60,4438,49,5,2.00,0.00,2.0,0.00,0.00,0.0,2.00,26275.00,37.5
478,0.00,84.00,84.0,35.53,12.00,1621.00,1633.0,59.91,8,5.83,4409,0.60,4453,49,5,14.00,0.00,14.0,0.00,0.00,0.0,7.00,109844.00,63.9
479,0.00,72.00,72.0,61.5,2.00,2238.00,2240.0,59.94,20,5.83,4410,0.60,4470,49,5,2.00,0.00,2.0,0.00,0.00,0.0,1.00,198255.00,81.6
480,0.00,3496.00,3496.0,58.83,6.00,1207.00,1213.0,59.96,13,5.83,4411,0.60,4467,49,5,1.00,1.00,2.0,4.00,4.00,8.0,2.00,154344.00,75.0
481,0.00,570.30,570.3,69.56,3.00,1375.00,1378.0,59.99,16,5.83,4414,0.60,4458,49,5,0.00,1.00,1.0,1.00,0.00,1.0,3.00,212688.00,84.3
482,0.00,564.00,564.0,62.24,2.00,1741.00,1743.0,60.02,17,5.76,4417,0.60,4465,49,5,0.00,0.00,0.0,0.00,0.00,0.0,3.00,183263.00,83.7
483,0.00,832.00,832.0,71.61,7.00,2291.00,2298.0,60.05,22,5.76,4417,0.60,4466,49,6,7.00,5.00,12.0,1.00,1.00,2.0,4.00,142884.00,83.7
484,0.00,472.00,472.0,48.18,0.00,2194.00,2194.0,60.08,4,5.76,4417,0.60,4467,49,6,0.00,0.00,0.0,0.00,0.00,0.0,0.00,103027.00,73.5
485,0.00,296.00,296.0,13.5,0.00,246.00,246.0,60.09,2,5.76,4417,0.60,4473,49,6,0.00,0.00,0.0,0.00,0.00,0.0,1.00,25012.00,45.8
486,0.00,20.00,20.0,2.41,4.00,4.00,8.0,60.09,1,5.76,4415,0.60,4473,50,5,0.00,5.00,5.0,0.00,0.00,0.0,0.00,11223.00,37.0
487,0.00,72.00,72.0,4.17,1.00,84.00,85.0,60.1,1,5.3,4412,0.60,4479,50,4,0.00,1.00,1.0,0.00,0.00,0.0,0.00,11331.00,37.0
488,0.00,68.00,68.0,2.54,2.00,127.00,129.0,60.09,1,5.3,4410,0.60,4471,50,4,0.00,2.00,2.0,0.00,0.00,0.0,0.00,12764.00,36.9
489,0.00,56.00,56.0,2.3,0.00,99.00,99.0,60.09,0,5.3,4409,0.60,4469,50,4,0.00,0.00,0.0,0.00,0.00,0.0,0.00,11685.00,36.9
490,0.00,17852.00,17852.0,5.32,22.00,341.00,363.0,60.1,0,5.3,4408,0.60,4452,50,4,16.00,0.00,16.0,4.00,4.00,8.0,1.00,15982.00,37.1
491,0.00,48.00,48.0,2.92,0.00,142.00,142.0,60.1,0,5.3,4407,0.60,4448,50,4,2.00,0.00,2.0,0.00,0.00,0.0,0.00,11618.00,37.1
492,0.00,24.00,24.0,3.68,0.00,104.00,104.0,60.1,0,4.87,4405,0.60,4444,50,4,0.00,0.00,0.0,0.00,0.00,0.0,0.00,12638.00,37.1
493,0.00,88.00,88.0,4.85,20.00,269.00,289.0,60.1,2,4.87,4400,0.60,4434,50,4,20.00,0.00,20.0,0.00,0.00,0.0,0.00,13186.00,37.3
494,0.00,348.00,348.0,2.55,0.00,115.00,115.0,60.1,0,4.87,4400,0.60,4434,50,4,0.00,0.00,0.0,0.00,0.00,0.0,0.00,11627.00,37.3
495,0.00,240.00,240.0,3.17,9.00,142.00,151.0,60.1,0,4.87,4402,0.60,4436,51,4,8.00,5.00,13.0,0.00,0.00,0.0,3.00,13207.00,37.2
496,0.00,55212.00,55212.0,4.19,19.00,259.00,278.0,60.11,1,4.87,4402,0.60,4437,51,4,18.00,7.00,25.0,0.00,0.00,0.0,0.00,13207.00,37.4
497,0.00,712.00,712.0,3.34,1.00,108.00,109.0,60.11,1,4.48,4402,0.60,4438,51,4,1.00,1.00,2.0,0.00,0.00,0.0,0.00,11877.00,37.4
498,0.00,268.00,268.0,6.34,8.00,482.00,490.0,60.11,0,4.48,4403,0.60,4436,51,4,8.00,0.00,8.0,0.00,0.00,0.0,1.00,34011.00,37.8
499,0.00,632.00,632.0,45.12,15.00,2076.00,2091.0,60.12,29,4.48,4409,0.60,4459,50,4,15.00,3.00,18.0,0.00,0.00,0.0,8.00,136831.00,68.8
500,0.00,1064.00,1064.0,78.06,4.00,1896.00,1900.0,60.14,11,4.48,4409,0.60,4458,50,4,0.00,0.00,0.0,4.00,4.00,8.0,1.00,165639.00,85.2
501,0.00,892.00,892.0,64.5,0.99,1627.72,1628.71,60.17,24,4.48,4410,0.60,4478,50,4,0.00,0.00,0.0,0.00,1.00,1.0,1.00,237370.00,84.9
502,0.00,616.00,616.0,68.56,0.00,1375.00,1375.0,60.2,8,5.49,4413,0.60,4489,50,4,0.00,0.00,0.0,0.00,0.00,0.0,3.00,182828.00,84.7
503,0.00,708.00,708.0,66.29,2.00,2018.00,2020.0,60.24,18,5.49,4417,0.60,4486,50,4,0.00,1.00,1.0,0.00,0.00,0.0,4.00,154565.00,84.4
504,0.00,1272.00,1272.0,76.51,1.00,2786.00,2787.0,60.27,9,5.49,4418,0.60,4487,50,4,0.00,0.00,0.0,0.00,0.00,0.0,2.00,126815.00,84.5
505,4.00,1160.00,1164.0,52.22,0.00,1110.00,1110.0,60.28,0,5.49,4418,0.60,4504,50,4,0.00,0.00,0.0,0.00,0.00,0.0,20.00,53965.00,71.8
506,0.00,480.00,480.0,3.17,0.00,131.00,131.0,60.29,0,5.49,4418,0.60,4504,50,4,0.00,0.00,0.0,0.00,0.00,0.0,0.00,12055.00,36.7
507,0.00,72.00,72.0,2.67,4.00,178.00,182.0,60.29,0,5.13,4418,0.60,4501,50,4,3.00,1.00,4.0,0.00,0.00,0.0,0.00,13104.00,36.7
508,0.00,68.00,68.0,6.36,14.00,278.00,292.0,60.29,0,5.13,4416,0.60,4492,50,4,14.00,0.00,14.0,0.00,0.00,0.0,0.00,14069.00,37.0
509,0.00,396.00,396.0,2.16,2.00,114.00,116.0,60.29,0,5.13,4409,0.60,4462,50,4,2.00,0.00,2.0,0.00,0.00,0.0,0.00,12557.00,37.0
510,0.00,372.00,372.0,2.55,9.00,157.00,166.0,60.29,0,5.13,4409,0.60,4462,50,4,4.00,0.00,4.0,4.00,4.00,8.0,1.00,12210.00,37.0
511,0.00,33940.00,33940.0,4.98,22.00,245.00,267.0,60.29,0,5.13,4410,0.60,4461,51,4,22.00,5.00,27.0,0.00,0.00,0.0,2.00,13620.00,37.4
512,0.00,24.00,24.0,3.05,7.00,142.00,149.0,60.3,0,4.8,4407,0.60,4452,51,4,7.00,6.00,13.0,0.00,0.00,0.0,0.00,13327.00,37.4
513,0.00,88.00,88.0,3.66,11.00,184.00,195.0,60.29,0,4.8,4402,0.60,4440,50,4,11.00,4.00,15.0,0.00,0.00,0.0,0.00,13590.00,37.4
514,0.00,352.00,352.0,4.46,11.00,191.00,202.0,60.29,1,4.8,4400,0.60,4435,49,4,10.00,0.00,10.0,0.00,0.00,0.0,0.00,11264.00,37.4
515,0.00,312.00,312.0,3.96,4.00,349.00,353.0,60.3,2,4.8,4402,0.60,4437,49,4,2.00,0.00,2.0,0.00,0.00,0.0,3.00,25939.00,37.6
516,0.00,4640.00,4640.0,20.53,10.00,1458.00,1468.0,60.31,7,4.8,4409,0.60,4460,49,4,12.00,0.00,12.0,0.00,0.00,0.0,7.00,106106.00,53.3
517,0.00,104.00,104.0,67.92,5.00,1736.00,1741.0,60.33,28,5.93,4410,0.60,4484,49,4,4.00,0.00,4.0,0.00,0.00,0.0,1.00,156265.00,80.6
518,0.00,1036.00,1036.0,79.82,0.00,1395.00,1395.0,60.35,15,5.93,4410,0.60,4463,49,4,0.00,0.00,0.0,0.00,0.00,0.0,3.00,160449.00,81.2
519,0.00,212.00,212.0,76.42,0.00,1383.00,1383.0,60.38,24,5.93,4414,0.60,4477,49,4,0.00,0.00,0.0,0.00,0.00,0.0,2.97,194327.72,81.6
520,0.00,152.00,152.0,67.97,0.00,1620.00,1620.0,60.41,5,5.93,4417,0.60,4483,49,4,0.00,0.00,0.0,0.00,0.00,0.0,5.00,172199.00,81.7
521,0.00,6688.00,6688.0,59.9,2.00,2099.00,2101.0,60.44,14,5.93,4419,0.60,4487,49,6,0.00,0.00,0.0,2.00,1.00,3.0,3.00,155237.00,81.5
522,0.00,684.00,684.0,63.01,0.00,2611.00,2611.0,60.48,3,6.34,4419,0.60,4487,49,6,0.00,0.00,0.0,0.00,0.00,0.0,0.00,121123.00,81.3
523,0.00,248.00,248.0,27.78,0.00,677.00,677.0,60.49,1,6.34,4419,0.60,4495,49,6,0.00,0.00,0.0,0.00,0.00,0.0,0.00,43832.00,63.9
524,0.00,0.00,0.0,14.14,0.00,0.00,0.0,60.5,2,6.34,4417,0.60,4495,49,6,0.00,0.00,0.0,0.00,0.00,0.0,0.00,10485.00,54.6
525,0.00,96.00,96.0,13.44,0.00,42.00,42.0,60.5,1,6.34,4415,0.60,4495,49,5,0.00,0.00,0.0,0.00,0.00,0.0,1.00,10835.00,54.5
526,0.00,32.00,32.0,4.32,1.00,155.00,156.0,60.5,2,6.34,4411,0.60,4477,50,4,0.00,1.00,1.0,0.00,0.00,0.0,0.00,11949.00,37.3
527,0.00,524.00,524.0,2.41,0.00,92.00,92.0,60.5,0,5.83,4410,0.60,4469,50,4,0.00,0.00,0.0,0.00,0.00,0.0,0.00,12272.00,37.2
528,0.00,76.00,76.0,4.44,11.00,291.00,302.0,60.5,0,5.83,4410,0.60,4459,50,4,11.00,2.00,13.0,0.00,0.00,0.0,0.00,14014.00,37.3
529,0.00,64.00,64.0,3.17,2.00,165.00,167.0,60.5,1,5.83,4408,0.60,4455,50,4,2.00,0.00,2.0,0.00,0.00,0.0,0.00,12881.00,37.3
530,0.00,80.00,80.0,2.8,4.00,116.00,120.0,60.5,0,5.83,4406,0.60,4447,50,4,0.00,0.00,0.0,4.00,4.00,8.0,1.00,11584.00,37.2
531,0.00,53116.00,53116.0,4.07,8.00,219.00,227.0,60.51,0,5.83,4401,0.60,4435,50,4,8.00,0.00,8.0,0.00,0.00,0.0,0.00,14274.00,37.3
532,0.00,632.00,632.0,3.03,6.00,170.00,176.0,60.5,1,5.36,4401,0.60,4435,50,4,6.00,0.00,6.0,0.00,0.00,0.0,0.00,11648.00,37.4
533,0.00,92.00,92.0,2.29,2.00,100.00,102.0,60.5,0,5.36,4401,0.60,4435,49,5,0.00,0.00,0.0,1.00,0.00,1.0,0.00,11885.00,37.3
534,0.00,0.00,0.0,5.2,15.00,237.00,252.0,60.51,0,5.36,4401,0.60,4435,49,5,14.00,0.00,14.0,0.00,0.00,0.0,0.00,14202.00,37.5
535,0.00,300.00,300.0,3.31,4.00,161.00,165.0,60.51,1,5.36,4401,0.60,4435,49,5,4.00,0.00,4.0,0.00,0.00,0.0,18.00,15153.00,37.5
536,0.00,17868.00,17868.0,3.94,0.00,220.00,220.0,60.51,2,5.36,4402,0.60,4435,49,5,0.00,0.00,0.0,0.00,0.00,0.0,1.00,17933.00,37.6
537,0.00,92.00,92.0,27.8,19.00,1395.00,1414.0,60.52,7,5.41,4409,0.60,4455,49,5,18.00,0.00,18.0,0.00,0.00,0.0,7.00,96164.00,62.1
538,0.00,536.00,536.0,69.77,2.00,2173.00,2175.0,60.54,16,5.41,4410,0.60,4473,49,5,2.00,0.00,2.0,0.00,0.00,0.0,1.00,166560.00,83.1
539,0.00,264.00,264.0,55.94,0.00,2001.00,2001.0,60.57,9,5.41,4412,0.60,4487,50,4,0.00,1.00,1.0,0.00,0.00,0.0,2.00,230246.00,82.6
540,0.00,336.00,336.0,72.0,6.00,1116.00,1122.0,60.6,28,5.41,4415,0.60,4489,50,4,0.00,0.00,0.0,4.00,4.00,8.0,4.00,224688.00,82.8
541,0.00,1056.00,1056.0,48.79,1.00,2240.00,2241.0,60.64,1,5.41,4419,0.60,4493,50,4,2.00,1.00,3.0,0.00,0.00,0.0,4.00,175049.00,74.0
542,0.00,3256.00,3256.0,47.39,1.00,2576.00,2577.0,60.66,5,5.7,4420,0.60,4502,50,4,0.00,0.00,0.0,0.00,0.00,0.0,1.00,156513.00,73.9
543,0.00,380.00,380.0,31.73,1.00,1722.00,1723.0,60.68,0,5.7,4419,0.60,4519,50,4,0.00,0.00,0.0,0.00,0.00,0.0,0.00,74115.00,63.0
544,0.00,0.00,0.0,3.04,0.00,138.00,138.0,60.68,1,5.7,4419,0.60,4519,50,4,0.00,0.00,0.0,0.00,0.00,0.0,0.00,11018.00,36.9
545,0.00,308.00,308.0,3.18,8.00,191.00,199.0,60.68,1,5.7,4419,0.60,4516,50,5,6.00,0.00,6.0,2.00,2.00,4.0,2.00,13622.00,36.8
546,0.00,24.00,24.0,3.55,14.00,252.00,266.0,60.68,0,5.7,4418,0.60,4508,50,5,14.00,0.00,14.0,0.00,0.00,0.0,0.00,13892.00,36.9
547,0.00,25412.00,25412.0,3.05,0.00,141.00,141.0,60.69,1,5.41,4413,0.60,4471,50,5,0.00,0.00,0.0,0.00,0.00,0.0,0.00,11803.00,36.9
548,0.00,76.00,76.0,5.18,8.00,176.00,184.0,60.69,1,5.41,4413,0.60,4472,50,5,8.00,0.00,8.0,0.00,0.00,0.0,0.00,18400.00,37.1
549,0.00,72.00,72.0,3.68,15.00,197.00,212.0,60.68,0,5.41,4410,0.60,4461,49,5,10.00,0.00,10.0,5.00,4.00,9.0,0.00,16999.00,37.1
550,0.00,304.00,304.0,3.07,6.00,157.00,163.0,60.68,0,5.41,4408,0.60,4456,50,5,2.00,1.00,3.0,4.00,4.00,8.0,1.00,12058.00,37.2
551,0.00,60.00,60.0,3.06,8.00,162.00,170.0,60.68,0,5.41,4404,0.60,4446,50,5,8.00,0.00,8.0,0.00,0.00,0.0,0.00,12350.00,37.2
552,0.00,13980.00,13980.0,3.84,10.00,197.00,207.0,60.68,0,4.97,4401,0.60,4440,50,5,10.00,0.00,10.0,0.00,0.00,0.0,0.00,13672.00,37.3
553,0.00,100.00,100.0,3.82,2.00,312.00,314.0,60.69,0,4.97,4402,0.60,4440,50,5,2.00,0.00,2.0,0.00,0.00,0.0,1.00,24059.00,37.4
554,0.00,620.00,620.0,31.17,4.00,1203.00,1207.0,60.7,9,4.97,4410,0.60,4462,51,4,4.00,1.00,5.0,0.00,0.00,0.0,8.00,94570.00,62.7
555,0.00,554.46,554.46,56.07,8.00,2080.00,2088.0,60.72,24,4.97,4411,0.60,4459,51,4,8.00,0.00,8.0,0.00,0.00,0.0,2.00,170760.00,78.8
556,0.00,240.00,240.0,77.69,0.00,1362.00,1362.0,60.74,25,4.97,4412,0.60,4474,51,4,0.00,0.00,0.0,0.00,0.00,0.0,1.00,189020.00,84.9
557,0.00,752.00,752.0,72.9,0.00,1565.00,1565.0,60.77,12,6.26,4414,0.60,4478,51,4,0.00,0.00,0.0,0.00,0.00,0.0,2.00,187821.00,84.7
558,0.00,636.00,636.0,75.22,0.00,1303.00,1303.0,60.8,13,6.26,4419,0.60,4484,51,4,0.00,0.00,0.0,0.00,0.00,0.0,5.00,196063.00,84.7
559,0.00,1160.00,1160.0,46.34,1.00,2057.00,2058.0,60.83,6,6.26,4419,0.60,4486,51,5,0.00,0.00,0.0,1.00,1.00,2.0,1.00,151787.00,72.0
560,0.00,908.00,908.0,45.9,0.00,2008.00,2008.0,60.87,2,6.26,4419,0.60,4499,51,5,0.00,0.00,0.0,0.00,0.00,0.0,1.00,131186.00,72.1
561,0.00,832.00,832.0,38.33,2.00,1432.00,1434.0,60.89,3,6.26,4419,0.60,4502,51,5,0.00,2.00,2.0,0.00,0.00,0.0,0.00,69156.00,72.1
562,0.00,8480.00,8480.0,3.82,8.00,45.00,53.0,60.88,1,6.0,4421,0.60,4507,52,5,7.00,8.00,15.0,0.00,0.00,0.0,2.00,12545.00,38.7
563,0.00,416.00,416.0,2.54,6.00,110.00,116.0,60.89,2,6.0,4418,0.60,4514,52,4,4.00,4.00,8.0,0.00,0.00,0.0,0.00,11957.00,38.5
564,0.00,0.00,0.0,3.05,0.00,114.00,114.0,60.89,1,6.0,4414,0.60,4488,52,4,0.00,0.00,0.0,0.00,0.00,0.0,0.00,11770.00,38.3
565,4.00,912.00,916.0,2.42,4.00,105.00,109.0,60.89,0,6.0,4411,0.60,4482,51,4,3.00,4.00,7.0,0.00,0.00,0.0,17.00,15335.00,38.5
566,0.00,28.00,28.0,5.7,13.00,322.00,335.0,60.89,1,6.0,4410,0.60,4468,51,4,10.00,2.00,12.0,0.00,0.00,0.0,0.00,15130.00,38.5
567,0.00,16360.00,16360.0,2.68,4.00,138.00,142.0,60.89,0,5.51,4408,0.60,4458,51,4,2.00,2.00,4.0,0.00,0.00,0.0,0.00,12604.00,38.3
568,0.00,84.00,84.0,2.54,0.00,110.00,110.0,60.89,1,5.51,4405,0.60,4452,51,4,0.00,0.00,0.0,0.00,0.00,0.0,0.00,12232.00,38.1
569,0.00,552.00,552.0,4.94,23.00,275.00,298.0,60.89,3,5.51,4401,0.60,4440,51,4,20.00,2.00,22.0,0.00,0.00,0.0,0.00,13916.00,38.3
570,0.00,472.00,472.0,4.03,7.00,121.00,128.0,60.89,1,5.51,4401,0.60,4440,51,4,1.00,3.00,4.0,4.00,4.00,8.0,1.00,11499.00,38.1
571,0.00,64.00,64.0,2.41,2.00,153.00,155.0,60.89,1,5.51,4401,0.60,4440,51,4,2.00,0.00,2.0,0.00,0.00,0.0,0.00,13236.00,38.0
572,0.00,48928.00,48928.0,4.9,18.00,242.00,260.0,60.9,0,5.07,4401,0.60,4440,51,4,18.00,0.00,18.0,0.00,0.00,0.0,0.00,13382.00,38.1
573,0.00,104.00,104.0,2.04,2.00,111.00,113.0,60.9,1,5.07,4401,0.60,4440,51,4,0.00,2.00,2.0,0.00,0.00,0.0,0.00,11812.00,37.9
574,0.00,548.00,548.0,9.86,8.00,871.00,879.0,60.9,1,5.07,4403,0.60,4440,51,4,8.00,0.00,8.0,0.00,0.00,0.0,2.00,47740.00,44.9
575,0.00,572.00,572.0,53.78,12.00,2342.00,2354.0,60.93,17,5.07,4413,0.60,4465,50,4,11.88,0.00,11.88,0.00,0.00,0.0,27.00,173158.00,76.4
576,0.00,580.00,580.0,61.12,3.96,2111.88,2115.84,60.96,12,5.07,4414,0.60,4485,50,4,0.00,4.00,4.0,0.00,0.00,0.0,1.00,209233.00,76.8
577,0.00,1480.00,1480.0,72.61,1.00,951.00,952.0,60.99,24,6.03,4415,0.60,4510,50,4,0.00,0.00,0.0,0.00,0.00,0.0,1.00,209540.00,84.7
578,0.00,1048.00,1048.0,72.38,0.00,1185.00,1185.0,61.02,25,6.03,4418,0.60,4501,50,4,0.00,0.00,0.0,0.00,0.00,0.0,6.00,171064.00,84.6
579,0.00,344.00,344.0,84.26,1.00,1768.00,1769.0,61.05,15,6.03,4420,0.60,4486,49,4,0.00,0.00,0.0,0.00,0.00,0.0,2.00,127935.00,84.6
580,0.00,716.00,716.0,84.98,4.00,2212.00,2216.0,61.1,25,6.03,4421,0.60,4503,49,4,0.00,0.00,0.0,4.00,4.00,8.0,2.00,134606.00,84.7
581,0.00,532.00,532.0,84.22,0.00,1938.00,1938.0,61.14,6,6.03,4423,0.60,4513,49,4,0.00,0.00,0.0,0.00,0.00,0.0,2.00,79421.00,84.8
582,0.00,164.00,164.0,22.7,0.00,306.00,306.0,61.16,0,5.63,4423,0.60,4523,49,4,0.00,0.00,0.0,0.00,0.00,0.0,0.00,20666.00,60.3
583,0.00,7248.00,7248.0,4.05,0.00,106.00,106.0,61.16,1,5.63,4422,0.60,4522,49,4,0.00,0.00,0.0,0.00,0.00,0.0,0.00,12824.00,37.2
584,0.00,0.00,0.0,3.54,0.00,172.00,172.0,61.16,4,5.63,4418,0.60,4511,49,4,0.00,0.00,0.0,0.00,0.00,0.0,0.00,13498.00,37.2
585,0.00,112.00,112.0,3.56,2.00,259.00,261.0,61.14,1,5.63,4413,0.60,4474,49,4,2.00,0.00,2.0,0.00,0.00,0.0,11.00,15386.00,37.2
586,0.00,28.00,28.0,2.29,1.00,104.00,105.0,61.11,0,5.63,4412,0.60,4472,49,4,0.00,0.00,0.0,0.00,0.00,0.0,0.00,11504.00,37.1
587,0.00,552.00,552.0,3.32,2.00,162.00,164.0,61.11,1,5.17,4411,0.60,4464,49,4,2.00,0.00,2.0,0.00,0.00,0.0,0.00,12957.00,37.2
588,0.00,26728.00,26728.0,3.93,0.00,218.00,218.0,61.11,1,5.17,4409,0.60,4458,49,4,0.00,0.00,0.0,0.00,0.00,0.0,0.00,13180.00,37.4
589,0.00,76.00,76.0,2.8,0.00,107.00,107.0,61.11,0,5.17,4409,0.60,4458,49,4,0.00,0.00,0.0,0.00,0.00,0.0,0.00,12124.00,37.3
590,0.00,92.00,92.0,2.69,6.00,170.00,176.0,61.12,1,5.17,4405,0.60,4442,49,4,2.00,0.00,2.0,4.00,4.00,8.0,1.00,12980.00,37.2
591,0.00,60.00,60.0,3.79,6.00,218.00,224.0,61.11,0,5.17,4403,0.60,4438,49,4,6.00,0.00,6.0,0.00,0.00,0.0,0.00,13331.00,37.2
592,0.00,492.00,492.0,3.46,1.00,115.00,116.0,61.11,1,4.76,4403,0.60,4438,49,4,0.00,0.00,0.0,0.00,0.00,0.0,0.00,12378.00,37.1
593,0.00,16764.00,16764.0,9.39,8.00,769.00,777.0,61.12,6,4.76,4406,0.60,4437,49,4,8.00,0.00,8.0,0.00,0.00,0.0,2.00,46217.00,43.2
594,0.00,340.00,340.0,58.7,10.00,2080.00,2090.0,61.14,14,4.76,4412,0.60,4457,49,4,10.00,0.00,10.0,0.00,0.00,0.0,7.00,152673.00,79.1
595,0.00,468.00,468.0,72.91,1.00,1929.00,1930.0,61.17,25,4.76,4413,0.60,4499,49,4,0.00,0.00,0.0,0.00,0.00,0.0,19.00,163197.00,79.6
596,0.00,52.00,52.0,70.53,0.00,1472.00,1472.0,61.21,21,4.76,4414,0.60,4466,49,4,0.00,0.00,0.0,0.00,0.00,0.0,1.00,196544.00,80.1
597,0.00,136.00,136.0,80.48,0.00,1146.00,1146.0,61.24,19,6.22,4417,0.60,4495,49,4,0.00,0.00,0.0,0.00,0.00,0.0,3.00,164144.00,80.7
598,0.00,504.00,504.0,76.01,1.00,1986.00,1987.0,61.26,9,6.22,4420,0.60,4474,49,4,0.00,0.00,0.0,0.00,0.00,0.0,3.00,151879.00,81.2
599,0.00,884.00,884.0,47.38,1.00,2551.00,2552.0,61.29,8,6.22,4422,0.60,4479,50,5,0.00,1.00,1.0,1.00,1.00,2.0,3.00,151334.00,72.9
600,0.00,456.00,456.0,21.21,4.00,1460.00,1464.0,61.3,0,6.22,4422,0.60,4483,50,5,0.00,0.00,0.0,4.00,4.00,8.0,1.00,69436.00,54.5
601,0.00,404.00,404.0,4.71,0.00,85.00,85.0,61.31,9,6.22,4422,0.60,4485,50,5,0.00,0.00,0.0,0.00,0.00,0.0,0.00,14133.00,40.8
602,0.00,352.00,352.0,3.28,0.00,0.00,0.0,61.3,0,5.72,4421,0.60,4485,50,5,0.00,0.00,0.0,0.00,0.00,0.0,0.00,12616.00,40.4
603,0.00,180.00,180.0,2.15,1.00,43.00,44.0,61.31,0,5.72,4417,0.60,4489,50,4,1.00,1.00,2.0,0.00,0.00,0.0,2.00,12238.00,39.9
604,0.00,0.00,0.0,2.67,5.00,165.00,170.0,61.31,0,5.72,4415,0.60,4478,51,4,5.00,6.00,11.0,0.00,0.00,0.0,1.00,10915.00,39.5
605,0.00,380.00,380.0,2.03,3.00,57.00,60.0,61.31,0,5.72,4414,0.60,4477,51,4,3.00,4.00,7.0,0.00,0.00,0.0,1.00,12101.00,39.1
606,0.00,104.00,104.0,2.29,0.00,66.00,66.0,61.32,0,5.72,4413,0.60,4475,51,4,0.00,0.00,0.0,0.00,0.00,0.0,0.00,11454.00,38.9
607,0.00,96.00,96.0,6.85,16.00,330.00,346.0,61.31,0,5.26,4409,0.60,4455,51,4,16.00,3.00,19.0,0.00,0.00,0.0,0.00,15702.00,38.9
608,0.00,54660.00,54660.0,2.17,1.00,129.00,130.0,61.31,0,5.26,4408,0.60,4453,50,4,1.00,0.00,1.0,0.00,0.00,0.0,0.00,10848.00,38.7
609,0.00,80.00,80.0,2.93,3.00,114.00,117.0,61.31,0,5.26,4403,0.60,4439,50,4,0.00,2.00,2.0,0.00,0.00,0.0,0.00,13129.00,38.5
610,0.00,92.00,92.0,4.19,18.00,280.00,298.0,61.31,0,5.26,4403,0.60,4439,50,4,20.00,0.00,20.0,0.00,0.00,0.0,1.00,12390.00,38.5
611,0.00,544.00,544.0,2.54,0.00,110.00,110.0,61.32,0,5.26,4403,0.60,4439,50,4,0.00,0.00,0.0,0.00,0.00,0.0,0.00,11705.00,38.3
612,0.00,32.00,32.0,3.19,4.00,132.00,136.0,61.32,1,5.08,4403,0.60,4439,50,4,0.00,2.00,2.0,0.00,0.00,0.0,0.00,13547.00,38.2
613,0.00,8936.00,8936.0,3.06,16.00,253.00,269.0,61.32,0,5.08,4403,0.60,4439,50,4,16.00,2.00,18.0,0.00,0.00,0.0,0.00,13144.00,38.1
614,0.00,332.00,332.0,2.28,0.00,107.00,107.0,61.32,0,5.08,4403,0.60,4439,50,4,0.00,0.00,0.0,0.00,0.00,0.0,0.00,11867.00,37.8
615,0.00,324.00,324.0,4.23,4.00,392.00,396.0,61.32,1,5.08,4404,0.60,4436,50,4,4.00,0.00,4.0,0.00,0.00,0.0,2.00,28563.00,38.1
616,0.00,232.00,232.0,35.74,14.00,2480.00,2494.0,61.34,18,5.08,4412,0.60,4463,50,4,14.00,0.00,14.0,0.00,0.00,0.0,8.00,148716.00,65.9
617,0.00,528.00,528.0,57.43,0.00,2195.00,2195.0,61.37,9,5.16,4413,0.60,4483,50,4,0.00,0.00,0.0,0.00,0.00,0.0,1.00,201668.00,77.9
618,0.00,8240.00,8240.0,68.03,0.00,1177.00,1177.0,61.4,18,5.16,4415,0.60,4494,50,4,0.00,0.00,0.0,0.00,0.00,0.0,2.00,231348.00,83.4
619,0.00,888.00,888.0,59.87,0.00,1677.00,1677.0,61.44,7,5.16,4420,0.60,4493,50,4,0.00,0.00,0.0,0.00,0.00,0.0,4.95,162821.78,83.1
620,0.00,704.00,704.0,63.15,10.00,2538.00,2548.0,61.47,11,5.16,4423,0.60,4503,51,4,2.00,2.00,4.0,4.00,4.00,8.0,4.00,170034.00,82.7
621,0.00,1192.00,1192.0,50.13,18.00,2879.00,2897.0,61.51,7,5.16,4427,0.60,4535,52,4,18.00,24.00,42.0,0.00,0.00,0.0,4.00,106707.00,76.7
622,0.00,184.00,184.0,10.2,2.00,377.00,379.0,61.51,0,4.74,4427,0.60,4549,52,4,0.00,1.00,1.0,0.00,0.00,0.0,1.00,24437.00,42.8
623,0.00,10880.00,10880.0,2.16,11.00,135.00,146.0,61.51,0,4.74,4423,0.60,4540,50,4,8.00,8.00,16.0,0.00,0.00,0.0,0.00,12896.00,37.6
624,0.00,7372.00,7372.0,3.79,9.00,242.00,251.0,61.51,0,4.74,4423,0.60,4533,50,4,6.00,2.00,8.0,0.00,0.00,0.0,0.00,14011.00,37.6
625,4.00,984.00,988.0,3.52,13.00,208.00,221.0,61.51,1,4.74,4422,0.60,4527,50,4,12.00,0.00,12.0,0.00,0.00,0.0,17.00,16121.00,37.7
626,0.00,156.00,156.0,3.07,4.00,138.00,142.0,61.52,0,4.74,4415,0.60,4485,50,4,4.00,0.00,4.0,0.00,0.00,0.0,1.00,13691.00,37.8
627,0.00,96.00,96.0,4.29,14.00,216.00,230.0,61.52,0,4.36,4415,0.60,4484,50,4,12.00,2.00,14.0,0.00,0.00,0.0,0.00,13690.00,37.8
628,0.00,88.00,88.0,2.66,6.00,164.00,170.0,61.52,0,4.36,4414,0.60,4477,50,4,4.00,0.00,4.0,0.00,1.00,1.0,0.00,12582.00,37.6
629,0.00,25596.00,25596.0,2.65,4.00,145.00,149.0,61.52,0,4.36,4409,0.60,4457,50,4,4.00,0.00,4.0,0.00,0.00,0.0,0.00,11198.00,37.6
630,0.00,264.00,264.0,3.82,16.00,224.00,240.0,61.52,0,4.36,4407,0.60,4453,50,4,16.00,0.00,16.0,0.00,0.00,0.0,1.00,14286.00,37.6
631,0.00,236.00,236.0,6.05,0.00,201.00,201.0,61.52,0,4.36,4406,0.60,4448,50,4,0.00,0.00,0.0,0.00,0.00,0.0,1.00,15906.00,38.0
632,0.00,160.00,160.0,13.69,8.00,731.00,739.0,61.53,2,4.65,4414,0.60,4471,50,4,8.00,0.00,8.0,0.00,0.00,0.0,8.00,59978.00,46.4
633,0.00,308.00,308.0,39.38,12.00,2203.00,2215.0,61.55,1,4.65,4415,0.60,4460,50,4,12.00,0.00,12.0,0.00,0.00,0.0,1.00,156280.00,67.4
634,0.00,5676.00,5676.0,65.45,1.00,1982.00,1983.0,61.58,34,4.65,4416,0.60,4479,50,4,0.00,1.00,1.0,0.00,0.00,0.0,1.00,208595.00,82.2
635,0.00,548.00,548.0,74.21,0.00,1322.00,1322.0,61.63,26,4.65,4418,0.60,4486,50,4,0.00,0.00,0.0,0.00,0.00,0.0,3.00,202909.00,82.4
636,0.00,524.00,524.0,75.79,0.00,1341.00,1341.0,61.66,18,4.65,4422,0.60,4482,50,4,0.00,0.00,0.0,0.00,0.00,0.0,4.00,191500.00,82.7
637,0.00,604.00,604.0,72.69,3.00,1900.00,1903.0,61.69,9,5.64,4422,0.60,4488,50,5,0.00,1.00,1.0,1.00,1.00,2.0,2.00,133710.00,82.7
638,0.00,1472.00,1472.0,42.82,0.00,2710.00,2710.0,61.72,8,5.64,4422,0.60,4487,50,5,0.00,0.00,0.0,0.00,0.00,0.0,4.00,158603.00,73.5
639,0.00,1636.00,1636.0,33.46,1.00,1273.00,1274.0,61.74,2,5.64,4422,0.60,4492,50,5,0.00,0.00,0.0,0.00,0.00,0.0,0.00,61554.00,65.4
640,0.00,88.00,88.0,3.03,8.00,48.00,56.0,61.74,0,5.64,4422,0.60,4495,50,5,0.00,4.00,4.0,4.00,4.00,8.0,1.00,13819.00,37.9
641,0.00,72.00,72.0,2.03,0.00,42.00,42.0,61.74,0,5.64,4420,0.60,4501,50,4,0.00,0.00,0.0,0.00,0.00,0.0,0.00,11486.00,37.7
642,0.00,32.00,32.0,2.81,0.00,118.00,118.0,61.73,0,5.19,4416,0.60,4485,50,4,0.00,0.00,0.0,0.00,0.00,0.0,0.00,12111.00,37.6
643,0.00,124.00,124.0,2.68,1.00,87.00,88.0,61.73,0,5.19,4416,0.60,4484,49,4,0.00,0.00,0.0,0.00,0.00,0.0,0.00,11947.00,37.4
644,0.00,668.00,668.0,2.54,0.00,163.00,163.0,61.73,1,5.19,4415,0.60,4479,49,4,0.00,0.00,0.0,0.00,0.00,0.0,0.00,12818.00,37.3
645,0.00,132.00,132.0,5.89,2.00,298.00,300.0,61.73,0,5.19,4413,0.60,4466,49,4,2.00,0.00,2.0,0.00,0.00,0.0,1.00,14962.00,37.3
646,0.00,32.00,32.0,2.28,0.00,106.00,106.0,61.73,0,5.19,4410,0.60,4462,49,4,0.00,0.00,0.0,0.00,0.00,0.0,0.00,11814.00,37.2
647,0.00,496.00,496.0,2.65,0.00,127.00,127.0,61.73,0,4.94,4406,0.60,4448,49,4,0.00,0.00,0.0,0.00,0.00,0.0,0.00,11873.00,37.2
648,0.00,96.00,96.0,3.57,10.00,256.00,266.0,61.73,0,4.94,4405,0.60,4446,49,4,10.00,0.00,10.0,0.00,0.00,0.0,0.00,13160.00,37.3
649,0.00,59568.00,59568.0,2.04,0.00,106.00,106.0,61.74,0,4.94,4405,0.60,4446,49,4,0.00,0.00,0.0,0.00,0.00,0.0,0.00,10894.00,37.3
650,0.00,84.00,84.0,5.28,10.00,159.00,169.0,61.74,0,4.94,4405,0.60,4446,49,4,6.00,1.00,7.0,4.00,4.00,8.0,1.00,13738.00,37.4
651,0.00,72.00,72.0,2.93,15.00,224.00,239.0,61.74,0,4.94,4405,0.60,4446,49,4,14.00,0.00,14.0,0.00,0.00,0.0,0.00,12891.00,37.5
652,0.00,32.00,32.0,2.42,0.00,109.00,109.0,61.74,0,4.62,4405,0.60,4446,49,4,0.00,0.00,0.0,0.00,0.00,0.0,0.00,12038.00,37.3
653,0.00,676.00,676.0,9.02,7.00,493.00,500.0,61.74,10,4.62,4407,0.60,4444,49,4,7.00,1.00,8.0,0.00,0.00,0.0,2.00,33173.00,43.2
654,0.00,16328.71,16328.71,44.59,14.00,2239.00,2253.0,61.76,9,4.62,4414,0.60,4468,49,4,13.00,1.00,14.0,0.00,0.00,0.0,7.00,153280.00,73.2
655,0.00,164.00,164.0,66.62,4.00,2222.00,2226.0,61.79,15,4.62,4418,0.60,4475,50,4,4.00,4.00,8.0,0.00,0.00,0.0,5.00,183844.00,83.1
656,4.00,568.00,572.0,78.06,4.00,1327.00,1331.0,61.81,21,4.62,4419,0.60,4505,50,4,3.96,5.94,9.9,0.00,0.00,0.0,20.00,148709.00,83.3
657,0.00,344.00,344.0,66.88,1.00,1525.00,1526.0,61.85,10,5.85,4423,0.60,4511,50,4,0.00,0.00,0.0,0.00,0.00,0.0,4.00,165785.00,83.1
658,0.00,688.00,688.0,69.97,3.00,2444.00,2447.0,61.88,21,5.85,4424,0.60,4499,49,4,3.00,3.00,6.0,0.00,0.00,0.0,3.00,154659.00,83.1
659,0.00,528.00,528.0,54.18,0.00,3054.00,3054.0,61.91,3,5.85,4425,0.60,4513,49,4,0.00,0.00,0.0,0.00,0.00,0.0,1.00,114563.00,77.1
660,0.00,264.00,264.0,23.86,0.00,517.00,517.0,61.92,0,5.85,4425,0.60,4523,49,4,0.00,0.00,0.0,0.00,0.00,0.0,1.00,32281.00,56.3
661,0.00,448.00,448.0,9.32,0.00,111.00,111.0,61.97,0,5.85,4425,0.60,4523,49,4,0.00,0.00,0.0,0.00,0.00,0.0,0.00,11823.00,47.8
662,0.00,432.00,432.0,3.93,10.00,219.00,229.0,61.95,1,5.38,4423,0.60,4518,49,4,10.00,0.00,10.0,0.00,0.00,0.0,0.00,13934.00,38.5
663,0.00,128.00,128.0,4.48,10.00,252.00,262.0,61.95,0,5.38,4421,0.60,4511,49,4,10.00,0.00,10.0,0.00,0.00,0.0,0.00,18641.00,38.4
664,0.00,0.00,0.0,2.93,0.00,118.00,118.0,61.95,0,5.38,4415,0.60,4475,49,4,0.00,0.00,0.0,0.00,0.00,0.0,0.00,13180.00,38.2
665,0.00,30648.00,30648.0,3.3,6.00,213.00,219.0,61.95,0,5.38,4414,0.60,4465,49,4,6.00,0.00,6.0,0.00,0.00,0.0,1.00,13125.00,38.2
666,0.00,380.00,380.0,2.68,2.00,176.00,178.0,61.95,0,5.38,4413,0.60,4463,49,4,2.00,0.00,2.0,0.00,0.00,0.0,0.00,11592.00,38.1
667,0.00,72.00,72.0,2.18,2.00,136.00,138.0,61.93,0,5.11,4411,0.60,4457,49,4,2.00,0.00,2.0,0.00,0.00,0.0,0.00,11963.00,38.0
668,0.00,80.00,80.0,5.08,11.00,221.00,232.0,61.93,0,5.11,4408,0.60,4449,49,4,11.00,1.00,12.0,0.00,0.00,0.0,0.00,13857.00,37.9
669,0.00,92.00,92.0,3.3,14.00,171.00,185.0,61.93,0,5.11,4408,0.60,4449,50,4,14.00,10.00,24.0,0.00,0.00,0.0,2.00,12092.00,37.8
670,0.00,10040.00,10040.0,5.3,6.00,421.00,427.0,61.94,2,5.11,4409,0.60,4447,50,4,2.00,0.00,2.0,4.00,4.00,8.0,2.00,28840.00,38.0
671,0.00,384.00,384.0,31.95,12.87,1757.43,1770.3,61.95,16,5.11,4415,0.60,4461,49,4,13.00,3.00,16.0,0.00,0.00,0.0,8.00,126186.00,62.2
672,0.00,72.00,72.0,62.94,6.00,2223.00,2229.0,61.96,16,6.14,4416,0.60,4472,49,4,6.00,0.00,6.0,0.00,0.00,0.0,1.00,172973.00,80.8
673,0.00,464.00,464.0,76.26,0.00,1197.00,1197.0,61.99,20,6.14,4417,0.60,4491,49,4,0.00,0.00,0.0,0.00,0.00,0.0,1.00,166525.00,81.2
674,0.00,28.00,28.0,80.55,0.00,1332.00,1332.0,62.06,13,6.14,4419,0.60,4496,49,4,0.00,0.00,0.0,0.00,0.00,0.0,2.00,143512.00,81.7
675,0.00,1596.00,1596.0,76.7,2.00,1680.00,1682.0,62.11,20,6.14,4424,0.60,4498,50,4,2.00,2.00,4.0,0.00,0.00,0.0,6.00,161554.00,82.0
676,0.00,572.00,572.0,78.47,12.00,2657.00,2669.0,62.16,19,6.14,4427,0.60,4497,51,5,9.00,12.00,21.0,1.00,1.00,2.0,3.00,109003.00,82.4
677,0.00,716.00,716.0,65.78,0.00,1768.00,1768.0,62.11,0,5.81,4427,0.60,4490,51,5,0.00,0.00,0.0,0.00,0.00,0.0,0.00,103469.00,82.0
678,0.00,504.00,504.0,18.45,0.00,659.00,659.0,62.12,0,5.81,4427,0.60,4497,51,5,0.00,0.00,0.0,0.00,0.00,0.0,0.00,38032.00,53.6
679,0.00,96.00,96.0,2.8,5.00,5.00,10.0,62.12,0,5.81,4425,0.60,4493,50,5,3.00,5.00,8.0,0.00,0.00,0.0,0.00,12122.00,36.9
680,0.00,6588.00,6588.0,3.04,1.00,43.00,44.0,62.12,0,5.81,4423,0.60,4499,50,4,0.00,0.00,0.0,0.00,0.00,0.0,1.00,12330.00,36.9
681,0.00,600.00,600.0,3.17,0.00,154.00,154.0,62.12,2,5.81,4416,0.60,4481,50,4,0.00,0.00,0.0,0.00,0.00,0.0,0.00,11451.00,37.1
682,0.00,0.00,0.0,3.44,0.00,93.00,93.0,62.12,1,5.43,4415,0.60,4479,50,4,0.00,0.00,0.0,0.00,0.00,0.0,0.00,11949.00,37.1
683,0.00,640.00,640.0,3.42,19.00,311.00,330.0,62.12,1,5.43,4414,0.60,4465,50,4,17.00,1.00,18.0,0.00,0.00,0.0,0.00,15380.00,37.3
