0,0.00,1896.00,1896.0,2.92,6.00,6.00,12.0,54.78,0,4.49,4324,0.61,3953,49,4,9.00,16.00,25.0,0.00,0.00,0.0,3.00,6091.00,35.0
1,0.00,432.00,432.0,1.9,0.00,0.00,0.0,54.77,0,4.49,4324,0.61,3953,49,4,0.00,0.00,0.0,0.00,0.00,0.0,0.00,4973.00,35.0
2,4.00,416.00,420.0,2.9,0.00,0.00,0.0,54.78,0,4.13,4325,0.61,3953,49,4,0.00,0.00,0.0,0.00,0.00,0.0,24.00,8171.00,35.0
3,0.00,100.00,100.0,1.53,0.00,0.00,0.0,54.78,0,4.13,4325,0.61,3953,49,4,0.00,0.00,0.0,0.00,0.00,0.0,0.00,5214.00,35.1
4,0.00,52.00,52.0,2.15,0.00,0.00,0.0,54.78,0,4.13,4325,0.61,3953,49,4,0.00,0.00,0.0,0.00,0.00,0.0,0.00,4991.00,35.0
5,0.00,76.00,76.0,2.53,10.00,10.00,20.0,54.78,1,4.13,4326,0.61,3956,50,4,10.00,10.00,20.0,0.00,0.00,0.0,2.00,4705.00,34.8
6,0.00,44.00,44.0,2.03,5.00,13.00,18.0,54.78,0,4.13,4326,0.61,3957,50,4,1.00,1.00,2.0,4.00,4.00,8.0,0.00,4936.00,34.8
7,0.00,484.00,484.0,2.67,5.00,5.00,10.0,54.79,0,3.8,4325,0.61,3953,49,4,3.00,3.00,6.0,0.00,0.00,0.0,27.00,7927.00,34.7
8,0.00,76.00,76.0,2.16,1.00,1.00,2.0,54.79,0,3.8,4325,0.61,3953,49,4,0.00,0.00,0.0,0.00,0.00,0.0,0.00,4999.00,34.8
9,356.00,32.00,388.0,4.53,0.00,5.00,5.0,54.8,5,3.8,4325,0.61,3955,49,4,0.00,0.00,0.0,0.00,0.00,0.0,0.00,5667.00,34.7
10,536.00,52.00,588.0,47.84,1.00,61.00,62.0,54.94,14,3.8,4325,0.61,3977,49,4,0.00,0.00,0.0,0.00,0.00,0.0,0.00,23750.00,68.2
11,412.00,32.00,444.0,84.75,0.00,96.00,96.0,55.06,16,3.8,4334,0.61,4008,49,4,0.00,0.00,0.0,0.00,0.00,0.0,12.00,22888.00,75.9
12,692.00,284.00,976.0,82.93,0.00,176.00,176.0,55.1,6,4.13,4341,0.61,4018,49,4,0.00,0.00,0.0,0.00,0.00,0.0,8.00,26870.00,83.8
13,172.00,340.00,512.0,72.26,1.00,256.00,257.0,55.16,27,4.13,4351,0.61,4028,49,4,0.00,0.00,0.0,0.00,0.00,0.0,33.00,41872.00,77.1
14,500.00,336.00,836.0,89.96,0.00,230.00,230.0,55.2,11,4.13,4357,0.61,4046,49,4,0.00,0.00,0.0,0.00,0.00,0.0,6.00,29120.00,85.7
15,236.00,10588.00,10824.0,65.43,0.00,204.00,204.0,55.22,2,4.13,4371,0.61,4068,49,4,0.00,0.00,0.0,0.00,0.00,0.0,14.00,25125.00,85.2
16,192.00,1068.00,1260.0,7.07,4.00,25.00,29.0,55.2,3,4.13,4373,0.61,4072,49,4,0.00,0.00,0.0,4.00,4.00,8.0,2.00,7302.00,53.4
17,792.00,1032.00,1824.0,20.75,0.00,0.00,0.0,55.27,2,4.04,4373,0.61,4078,49,4,0.00,0.00,0.0,0.00,0.00,0.0,1.00,10506.00,53.7
18,340.00,800.00,1140.0,70.57,0.00,433.00,433.0,55.34,9,4.04,4380,0.61,4118,49,4,0.00,0.00,0.0,0.00,0.00,0.0,29.00,46374.00,70.9
19,736.00,272.00,1008.0,63.49,0.00,251.00,251.0,55.44,2,4.04,4389,0.61,4150,49,4,0.00,0.00,0.0,0.00,0.00,0.0,9.00,37466.00,77.8
20,680.00,24.00,704.0,70.25,0.00,90.00,90.0,55.64,10,4.04,4397,0.61,4173,49,4,0.00,0.00,0.0,0.00,0.00,0.0,8.00,27139.00,78.1
21,608.00,32.00,640.0,75.63,0.00,10.00,10.0,55.68,18,4.04,4405,0.61,4214,49,4,0.00,0.00,0.0,0.00,0.00,0.0,10.00,33855.00,78.3
22,296.00,60.00,356.0,93.12,0.00,2.00,2.0,55.71,28,5.48,4409,0.61,4234,49,4,0.00,0.00,0.0,0.00,0.00,0.0,6.00,46646.00,86.0
23,280.00,444.00,724.0,93.0,0.00,154.00,154.0,55.76,20,5.48,4414,0.61,4243,49,4,0.00,0.00,0.0,0.00,0.00,0.0,29.00,37135.00,86.0
24,368.00,56.00,424.0,82.11,0.00,150.00,150.0,55.86,15,5.48,4423,0.61,4264,49,4,0.00,0.00,0.0,0.00,0.00,0.0,9.00,25806.00,85.8
25,640.00,424.00,1064.0,66.33,0.00,344.00,344.0,55.95,18,5.48,4428,0.61,4293,49,4,0.00,0.00,0.0,0.00,0.00,0.0,6.00,48772.00,85.2
26,568.00,460.00,1028.0,61.83,3.96,164.36,168.32000000000002,56.03,25,5.48,4438,0.61,4324,49,4,0.00,0.00,0.0,4.00,4.00,8.0,11.00,32013.00,74.1
27,376.00,340.00,716.0,84.43,0.00,482.00,482.0,56.1,10,6.48,4446,0.61,4353,49,4,0.00,0.00,0.0,0.00,0.00,0.0,9.00,36949.00,83.7
28,604.00,664.00,1268.0,61.16,0.00,312.00,312.0,56.21,4,6.48,4465,0.61,4404,49,4,0.00,0.00,0.0,0.00,0.00,0.0,43.00,42048.00,78.4
29,24.00,1196.00,1220.0,8.43,1.00,21.00,22.0,56.22,5,6.48,4467,0.61,4404,49,4,0.00,0.00,0.0,0.00,0.00,0.0,2.00,8949.00,56.5
30,796.00,860.00,1656.0,41.18,0.00,72.00,72.0,56.34,4,6.48,4468,0.61,4409,49,4,0.00,0.00,0.0,0.00,0.00,0.0,3.00,13157.00,64.4
31,124.00,372.00,496.0,90.66,0.00,720.00,720.0,56.4,29,6.48,4471,0.61,4427,49,4,0.00,0.00,0.0,0.00,0.00,0.0,6.00,45109.00,84.4
32,552.00,252.00,804.0,85.26,0.00,490.00,490.0,56.47,2,7.33,4487,0.61,4471,49,4,0.00,0.00,0.0,0.00,0.00,0.0,18.00,34534.00,84.8
33,48.00,1104.00,1152.0,23.61,0.00,132.00,132.0,56.48,1,7.33,4489,0.61,4471,49,4,0.00,0.00,0.0,0.00,0.00,0.0,25.00,17912.00,66.3
34,384.00,1188.00,1572.0,24.18,0.00,20.00,20.0,56.55,10,7.33,4487,0.61,4475,49,4,0.00,0.00,0.0,0.00,0.00,0.0,0.00,13199.00,48.3
35,124.00,740.00,864.0,77.54,0.00,251.00,251.0,56.61,15,7.33,4489,0.61,4496,49,4,0.00,0.00,0.0,0.00,0.00,0.0,5.00,38936.00,80.2
36,356.00,432.00,788.0,85.01,5.00,365.00,370.0,56.68,6,7.33,4502,0.61,4534,49,4,0.00,0.00,0.0,4.00,4.00,8.0,15.00,33803.00,87.5
37,556.00,72.00,628.0,35.73,3.00,3.00,6.0,56.75,1,6.74,4504,0.61,4537,50,5,0.00,2.97,2.97,1.00,1.00,2.0,4.00,12590.00,70.6
38,0.00,384.00,384.0,1.91,2.00,2.00,4.0,56.75,1,6.74,4502,0.61,4533,50,5,0.00,2.00,2.0,0.00,0.00,0.0,0.00,5592.00,35.6
39,0.00,224.00,224.0,3.04,3.00,3.00,6.0,56.74,1,6.74,4503,0.61,4533,50,5,0.00,2.00,2.0,0.00,0.00,0.0,23.00,7930.00,35.6
40,0.00,404.00,404.0,2.15,0.00,2.00,2.0,56.74,1,6.74,4502,0.61,4531,50,5,0.00,0.00,0.0,0.00,0.00,0.0,0.00,5523.00,35.6
41,0.00,224.00,224.0,6.09,0.00,96.00,96.0,56.74,6,6.74,4500,0.61,4535,50,4,0.00,0.00,0.0,0.00,0.00,0.0,0.00,8505.00,35.5
42,0.00,64.00,64.0,5.84,1.00,96.00,97.0,56.74,1,6.2,4499,0.61,4533,50,4,0.00,0.00,0.0,0.00,0.00,0.0,1.00,5920.00,41.0
43,8.00,336.00,344.0,3.9,0.00,97.00,97.0,56.74,1,6.2,4498,0.61,4531,50,4,0.00,0.00,0.0,0.00,0.00,0.0,0.00,5702.00,40.3
44,8.00,836.00,844.0,26.57,1.00,239.00,240.0,56.76,2,6.2,4498,0.61,4531,50,4,0.00,0.00,0.0,0.00,0.00,0.0,23.00,15707.00,47.8
45,0.00,68.00,68.0,4.07,0.00,200.00,200.0,56.76,2,6.2,4498,0.61,4531,50,4,0.00,0.00,0.0,0.00,0.00,0.0,0.00,5786.00,47.2
46,0.00,16360.00,16360.0,2.92,7.00,115.00,122.0,56.76,1,6.2,4495,0.61,4525,50,4,0.00,3.00,3.0,4.00,4.00,8.0,0.00,6033.00,35.6
47,0.00,72.00,72.0,8.33,8.00,204.00,212.0,56.77,8,5.7,4494,0.61,4522,50,4,6.00,2.00,8.0,0.00,0.00,0.0,1.00,8526.00,35.8
48,0.00,92.00,92.0,5.48,4.00,211.00,215.0,56.77,1,5.7,4494,0.61,4523,50,4,2.00,2.00,4.0,0.00,0.00,0.0,0.00,5660.00,42.3
49,4.00,452.00,456.0,4.07,2.00,121.00,123.0,56.75,1,5.7,4495,0.61,4523,50,4,0.00,2.00,2.0,0.00,0.00,0.0,23.00,8335.00,36.9
50,0.00,232.00,232.0,5.93,6.00,207.00,213.0,56.75,1,5.7,4495,0.61,4523,50,4,4.00,2.00,6.0,0.00,0.00,0.0,0.00,8398.00,36.8
51,0.00,4408.00,4408.0,3.95,9.00,177.00,186.0,56.76,7,5.7,4495,0.61,4523,50,4,6.00,2.00,8.0,0.00,0.00,0.0,0.00,5623.00,37.0
52,0.00,64.00,64.0,2.54,2.00,94.00,96.0,56.76,1,5.25,4495,0.61,4523,50,4,0.00,2.00,2.0,0.00,0.00,0.0,1.00,5454.00,36.7
53,356.00,1020.00,1376.0,30.59,8.00,400.00,408.0,56.79,10,5.25,4496,0.61,4531,50,4,6.00,1.00,7.0,0.00,0.00,0.0,1.00,21030.00,43.5
54,32.00,328.00,360.0,81.93,12.00,1031.00,1043.0,56.83,11,5.25,4506,0.61,4550,49,4,10.00,1.00,11.0,0.00,0.00,0.0,34.00,58830.00,85.5
55,560.00,1316.00,1876.0,70.87,0.00,502.00,502.0,56.88,6,5.25,4517,0.61,4581,49,4,0.00,0.00,0.0,0.00,0.00,0.0,11.00,32032.00,85.5
56,472.00,3400.00,3872.0,64.44,5.00,44.00,49.0,56.94,8,5.25,4518,0.61,4589,49,4,0.00,0.00,0.0,4.00,4.00,8.0,2.00,10715.00,85.1
57,652.00,1156.00,1808.0,68.97,0.00,104.00,104.0,56.98,4,5.39,4521,0.61,4615,49,4,0.00,0.00,0.0,0.00,0.00,0.0,4.00,18919.00,77.3
58,48.00,528.00,576.0,92.48,0.00,225.00,225.0,57.03,9,5.39,4528,0.61,4637,49,4,0.00,0.00,0.0,0.00,0.00,0.0,7.00,28366.00,85.8
59,300.00,132.00,432.0,91.88,0.00,323.00,323.0,57.13,32,5.39,4536,0.61,4651,49,4,0.00,0.00,0.0,0.00,0.00,0.0,28.00,32394.00,86.0
60,320.00,260.00,580.0,84.68,11.00,364.00,375.0,57.18,5,5.39,4542,0.61,4656,50,4,11.00,11.00,22.0,0.00,0.00,0.0,12.00,31122.00,86.1
61,804.00,2120.00,2924.0,77.22,0.00,118.00,118.0,57.31,10,5.39,4546,0.61,4690,50,4,0.00,0.00,0.0,0.00,0.00,0.0,4.00,25551.00,85.9
62,272.00,1108.00,1380.0,79.9,2.00,6.00,8.0,57.35,41,7.44,4553,0.61,4714,50,4,2.00,3.00,5.0,0.00,0.00,0.0,10.00,56582.00,78.1
63,96.00,276.00,372.0,93.37,1.00,142.00,143.0,57.4,43,7.44,4565,0.61,4712,49,4,1.00,0.00,1.0,0.00,0.00,0.0,12.00,49321.00,85.5
64,0.00,292.00,292.0,91.24,0.00,186.00,186.0,57.43,30,7.44,4571,0.61,4711,49,4,0.00,0.00,0.0,0.00,0.00,0.0,7.00,73036.00,85.4
65,0.00,348.00,348.0,92.99,1.00,209.00,210.0,57.49,14,7.44,4579,0.61,4708,49,4,1.00,1.00,2.0,0.00,0.00,0.0,31.00,40877.00,85.5
66,170.30,1401.98,1572.28,76.83,5.00,724.00,729.0,57.52,18,7.44,4582,0.61,4713,49,4,0.00,0.00,0.0,4.00,4.00,8.0,4.00,49199.00,85.3
67,104.00,388.00,492.0,81.16,0.99,943.56,944.55,57.54,23,7.16,4596,0.61,4724,49,4,0.00,0.00,0.0,0.00,0.00,0.0,19.00,51335.00,85.0
68,0.00,96.00,96.0,89.21,0.00,399.00,399.0,57.57,30,7.16,4601,0.61,4721,49,4,0.00,0.00,0.0,0.00,0.00,0.0,6.00,72723.00,84.9
69,340.00,4.00,344.0,92.33,1.00,276.00,277.0,57.63,5,7.16,4606,0.61,4722,49,4,0.00,0.00,0.0,0.00,0.00,0.0,4.00,43436.00,85.0
70,148.00,424.00,572.0,86.31,0.00,0.00,0.0,57.68,30,7.16,4613,0.61,4742,49,4,0.00,0.00,0.0,0.00,0.00,0.0,30.00,76973.00,84.8
71,0.00,40.00,40.0,90.99,0.00,15.00,15.0,57.71,47,7.16,4618,0.61,4739,49,4,0.00,0.00,0.0,0.00,0.00,0.0,7.00,78918.00,84.7
72,0.00,64.00,64.0,90.0,2.00,56.00,58.0,57.73,31,9.23,4626,0.61,4737,49,4,0.00,0.00,0.0,0.00,0.00,0.0,8.00,79375.00,84.7
73,0.00,84.00,84.0,91.48,0.00,41.00,41.0,57.78,24,9.23,4625,0.61,4737,49,4,0.00,0.00,0.0,0.00,0.00,0.0,1.00,67397.00,84.7
74,12.00,28.00,40.0,90.75,0.00,93.00,93.0,57.81,29,9.23,4622,0.61,4732,49,4,0.00,0.00,0.0,0.00,0.00,0.0,0.00,78312.00,84.7
75,32.00,496.00,528.0,88.02,0.00,552.00,552.0,57.85,25,9.23,4622,0.61,4709,49,4,0.00,0.00,0.0,0.00,0.00,0.0,25.00,80319.00,84.7
76,0.00,56.00,56.0,87.45,0.00,385.00,385.0,57.87,24,9.23,4621,0.61,4719,49,4,0.00,0.00,0.0,0.00,0.00,0.0,1.00,79702.00,84.7
77,0.00,15316.00,15316.0,92.35,0.00,469.00,469.0,57.89,23,9.37,4622,0.61,4722,49,4,0.00,0.00,0.0,0.00,0.00,0.0,2.00,49595.00,84.7
78,0.00,632.00,632.0,90.73,0.00,690.00,690.0,57.93,28,9.37,4627,0.61,4732,49,4,0.00,0.00,0.0,0.00,0.00,0.0,6.00,51783.00,85.0
79,120.00,16.00,136.0,92.49,0.00,521.00,521.0,57.95,38,9.37,4629,0.61,4735,49,4,0.00,0.00,0.0,0.00,0.00,0.0,2.00,60825.00,85.1
80,0.00,56.00,56.0,91.98,0.00,296.00,296.0,58.01,54,9.37,4644,0.61,4736,49,4,0.00,0.00,0.0,0.00,0.00,0.0,20.00,60932.00,85.0
81,0.00,588.00,588.0,94.12,0.00,387.00,387.0,58.0,34,9.37,4633,0.61,4741,49,4,0.00,0.00,0.0,0.00,0.00,0.0,10.00,50980.00,85.0
82,0.00,876.00,876.0,94.01,0.00,515.00,515.0,58.04,46,12.07,4633,0.61,4740,49,4,0.00,0.00,0.0,0.00,0.00,0.0,2.00,42373.00,84.9
83,0.00,140.00,140.0,94.38,0.00,626.00,626.0,58.07,44,12.07,4633,0.61,4740,49,4,0.00,0.00,0.0,0.00,0.00,0.0,2.00,42985.00,84.9
84,0.00,480.00,480.0,94.37,0.00,613.00,613.0,58.1,46,12.07,4633,0.61,4742,49,4,0.00,0.00,0.0,0.00,0.00,0.0,0.00,40240.00,84.8
85,0.00,316.00,316.0,94.12,5.00,636.00,641.0,58.13,32,12.07,4633,0.61,4747,50,5,0.00,5.00,5.0,1.00,1.00,2.0,1.00,39119.00,84.9
86,0.00,1128.00,1128.0,93.23,4.00,699.00,703.0,58.16,8,12.07,4633,0.61,4748,50,5,0.00,0.00,0.0,4.00,4.00,8.0,27.00,39846.00,85.1
87,0.00,5604.00,5604.0,74.66,0.00,271.00,271.0,58.18,1,12.22,4631,0.61,4743,50,5,0.00,0.00,0.0,0.00,0.00,0.0,0.00,26426.00,85.4
88,0.00,72.00,72.0,2.8,0.00,0.00,0.0,58.18,0,12.22,4628,0.61,4736,50,5,0.00,0.00,0.0,0.00,0.00,0.0,1.00,5746.00,51.6
89,0.00,324.00,324.0,4.03,0.00,122.00,122.0,58.17,1,12.22,4627,0.61,4739,50,4,0.00,0.00,0.0,0.00,0.00,0.0,0.00,6115.00,36.2
90,0.00,48.00,48.0,2.4,0.00,100.00,100.0,58.17,1,12.22,4625,0.61,4735,50,4,0.00,0.00,0.0,0.00,0.00,0.0,0.00,5196.04,36.0
91,0.00,196.00,196.0,3.41,2.00,117.00,119.0,58.18,0,12.22,4624,0.61,4732,50,4,2.00,0.00,2.0,0.00,0.00,0.0,23.00,9736.00,36.0
92,0.00,20708.00,20708.0,14.81,16.00,326.00,342.0,58.18,0,11.24,4621,0.61,4717,50,4,14.00,2.00,16.0,0.00,0.00,0.0,0.00,10179.00,49.2
93,0.00,628.00,628.0,2.28,1.00,113.00,114.0,58.18,0,11.24,4617,0.61,4709,50,4,0.00,1.00,1.0,0.00,0.00,0.0,1.00,5851.00,36.5
94,0.00,312.00,312.0,3.68,1.00,118.00,119.0,58.18,1,11.24,4615,0.61,4705,50,4,0.00,0.00,0.0,0.00,0.00,0.0,0.00,6216.00,36.3
95,0.00,76.00,76.0,6.69,11.00,273.00,284.0,58.18,0,11.24,4613,0.61,4703,50,4,10.00,0.00,10.0,0.00,0.00,0.0,0.00,7510.00,36.7
96,4.00,684.00,688.0,3.16,5.00,113.00,118.0,58.19,0,11.24,4611,0.61,4697,50,4,0.00,1.00,1.0,4.00,4.00,8.0,22.00,8719.00,36.6
97,0.00,5184.00,5184.0,4.92,4.00,195.00,199.0,58.19,2,10.34,4609,0.61,4687,50,4,2.00,1.00,3.0,0.00,0.00,0.0,0.00,6809.00,36.7
98,0.00,500.00,500.0,7.79,12.00,213.00,225.0,58.19,0,10.34,4609,0.61,4688,50,4,10.00,1.00,11.0,0.00,0.00,0.0,1.00,7311.00,44.6
99,0.00,20.00,20.0,1.9,0.00,103.00,103.0,58.19,0,10.34,4609,0.61,4688,50,4,0.00,0.00,0.0,0.00,0.00,0.0,0.00,5391.00,34.9
100,0.00,396.00,396.0,12.96,2.00,334.00,336.0,58.19,6,10.34,4609,0.61,4684,50,4,2.00,0.00,2.0,0.00,0.00,0.0,0.00,15251.00,34.8
101,0.00,364.00,364.0,78.24,7.92,1376.24,1384.16,58.25,24,10.34,4626,0.61,4689,50,4,6.00,1.00,7.0,0.00,0.00,0.0,19.00,72310.00,79.1
102,0.00,2840.00,2840.0,90.89,0.00,732.00,732.0,58.26,38,12.56,4615,0.61,4697,50,4,0.00,0.00,0.0,0.00,0.00,0.0,10.00,64776.00,87.8
103,0.00,592.00,592.0,90.0,0.00,587.00,587.0,58.29,49,12.56,4618,0.61,4701,50,4,0.00,0.00,0.0,0.00,0.00,0.0,4.00,72583.00,87.7
104,0.00,52.00,52.0,90.49,0.00,411.00,411.0,58.32,46,12.56,4624,0.61,4712,50,4,0.00,0.00,0.0,0.00,0.00,0.0,6.00,72327.00,87.6
105,0.00,1012.00,1012.0,91.1,0.00,392.00,392.0,58.34,36,12.56,4625,0.61,4711,50,4,0.00,0.00,0.0,0.00,0.00,0.0,1.00,74746.00,87.7
106,0.00,76.00,76.0,89.74,4.00,453.00,457.0,58.36,32,12.56,4625,0.61,4709,50,4,0.00,0.00,0.0,4.00,4.00,8.0,0.00,74784.00,87.7
107,4.00,3424.00,3428.0,91.5,0.00,708.00,708.0,58.4,33,14.03,4625,0.61,4704,50,4,0.00,0.00,0.0,0.00,0.00,0.0,25.00,71032.00,87.6
108,0.00,92.00,92.0,90.0,4.00,503.00,507.0,58.43,32,14.03,4626,0.61,4716,50,4,0.00,4.00,4.0,0.00,0.00,0.0,2.00,77811.00,87.7
109,0.00,20.00,20.0,90.73,0.00,367.00,367.0,58.46,22,14.03,4625,0.61,4717,50,4,0.00,0.00,0.0,0.00,0.00,0.0,0.00,72772.00,87.9
110,0.00,52.00,52.0,86.5,0.00,151.00,151.0,58.49,35,14.03,4625,0.61,4722,50,4,0.00,0.00,0.0,0.00,0.00,0.0,0.00,108281.00,87.9
111,0.00,724.00,724.0,93.49,8.00,130.00,138.0,58.52,22,14.03,4627,0.61,4722,51,4,6.00,7.00,13.0,0.00,0.00,0.0,1.98,47829.70,87.9
112,4.00,21928.00,21932.0,91.61,5.00,154.00,159.0,58.56,33,15.79,4625,0.61,4725,51,4,5.00,6.00,11.0,0.00,0.00,0.0,26.00,66013.00,87.9
113,0.00,1004.00,1004.0,89.01,1.00,239.00,240.0,58.58,30,15.79,4625,0.61,4720,51,4,0.00,0.00,0.0,0.00,0.00,0.0,2.00,101640.00,87.9
114,0.00,448.00,448.0,89.1,4.00,319.00,323.0,58.57,27,15.79,4623,0.61,4708,50,4,3.00,4.00,7.0,0.00,0.00,0.0,1.00,99458.00,87.9
115,0.00,1396.00,1396.0,89.88,2.00,590.00,592.0,58.62,36,15.79,4626,0.61,4709,50,4,0.00,2.00,2.0,0.00,0.00,0.0,3.00,75897.00,87.9
116,0.00,856.00,856.0,91.48,6.00,556.00,562.0,58.64,35,15.79,4633,0.61,4721,50,4,0.00,2.00,2.0,4.00,4.00,8.0,8.00,69224.00,87.8
117,8.00,504.00,512.0,92.12,1.00,583.00,584.0,58.7,45,17.49,4646,0.61,4724,50,4,0.00,1.00,1.0,0.00,0.00,0.0,17.00,54532.00,87.8
118,0.00,4760.00,4760.0,91.5,2.00,547.00,549.0,58.71,35,17.49,4633,0.61,4721,49,4,0.00,0.00,0.0,0.00,0.00,0.0,9.00,56898.00,87.8
119,0.00,628.00,628.0,92.49,0.00,641.00,641.0,58.74,49,17.49,4633,0.61,4710,49,4,0.00,0.00,0.0,0.00,0.00,0.0,0.00,56868.00,87.8
120,8.00,428.00,436.0,92.51,0.00,643.00,643.0,58.75,44,17.49,4634,0.61,4710,49,4,0.00,0.00,0.0,0.00,0.00,0.0,1.00,65403.00,87.7
121,4.00,48.00,52.0,92.62,2.00,562.00,564.0,58.77,39,17.49,4634,0.61,4704,50,5,0.00,2.00,2.0,1.00,1.00,2.0,0.00,59650.00,87.6
122,0.00,1012.00,1012.0,94.74,2.00,492.00,494.0,58.8,15,17.77,4635,0.61,4709,50,5,0.00,2.00,2.0,0.00,0.00,0.0,1.00,40046.00,87.7
123,0.00,704.00,704.0,93.22,1.00,818.00,819.0,58.81,22,17.77,4633,0.61,4706,50,5,0.00,1.00,1.0,0.00,0.00,0.0,25.00,42773.00,87.7
124,0.00,68.00,68.0,93.6,3.00,577.00,580.0,58.81,5,17.77,4632,0.61,4706,50,5,0.00,2.00,2.0,0.00,0.00,0.0,0.00,36648.00,87.8
125,0.00,276.00,276.0,59.47,2.00,332.00,334.0,58.82,4,17.77,4628,0.61,4714,50,4,0.00,2.00,2.0,0.00,0.00,0.0,1.00,20902.00,82.2
126,0.00,28.00,28.0,28.8,4.00,133.00,137.0,58.83,2,17.77,4627,0.61,4711,50,4,0.00,0.00,0.0,4.00,4.00,8.0,0.00,5509.00,69.5
127,0.00,72.00,72.0,14.45,1.00,127.00,128.0,58.83,3,16.43,4626,0.61,4703,50,4,0.00,0.00,0.0,0.00,0.00,0.0,3.00,5754.00,55.4
128,0.00,360.00,360.0,22.39,1.00,300.00,301.0,58.86,2,16.43,4625,0.61,4693,50,4,0.00,0.00,0.0,0.00,0.00,0.0,24.00,12156.00,55.9
129,0.00,92.00,92.0,8.83,0.00,80.00,80.0,58.85,1,16.43,4622,0.61,4687,50,4,0.00,0.00,0.0,0.00,0.00,0.0,0.00,5310.00,55.4
130,0.00,52.00,52.0,2.05,2.00,97.00,99.0,58.85,1,16.43,4618,0.61,4679,50,4,1.00,1.00,2.0,0.00,0.00,0.0,0.00,5142.00,34.3
131,0.00,20.00,20.0,4.3,1.00,193.00,194.0,58.85,1,16.43,4610,0.61,4662,50,4,0.00,0.00,0.0,0.00,0.00,0.0,0.00,8138.00,34.3
132,0.00,40.00,40.0,3.55,1.00,169.00,170.0,58.85,1,15.11,4609,0.61,4661,50,4,0.00,1.00,1.0,0.00,0.00,0.0,0.00,5970.00,34.6
133,0.00,31156.00,31156.0,1.66,0.00,85.00,85.0,58.83,1,15.11,4608,0.61,4659,50,4,0.00,0.00,0.0,0.00,0.00,0.0,1.00,5435.00,34.7
134,4.00,568.00,572.0,3.18,0.00,180.00,180.0,58.84,3,15.11,4607,0.61,4656,50,4,0.00,0.00,0.0,0.00,0.00,0.0,22.00,13719.00,34.9
135,0.00,88.00,88.0,19.04,2.00,433.00,435.0,58.84,9,15.11,4609,0.61,4660,50,4,0.00,2.00,2.0,0.00,0.00,0.0,2.00,22474.00,48.3
136,0.00,32.00,32.0,46.11,1.00,295.00,296.0,58.86,1,15.11,4620,0.61,4682,50,4,0.00,1.00,1.0,0.00,0.00,0.0,11.00,32715.00,69.5
137,0.00,76.00,76.0,33.63,0.00,241.00,241.0,58.86,3,14.62,4623,0.61,4686,50,4,0.00,0.00,0.0,0.00,0.00,0.0,3.00,64264.00,68.9
138,0.00,5324.00,5324.0,44.54,0.00,987.00,987.0,58.88,12,14.62,4625,0.61,4680,50,4,0.00,0.00,0.0,0.00,0.00,0.0,3.00,64215.00,68.4
139,12.00,572.00,584.0,86.67,0.00,1109.00,1109.0,58.93,25,14.62,4628,0.61,4684,50,4,0.00,0.00,0.0,0.00,0.00,0.0,30.00,83352.00,84.3
140,0.00,356.00,356.0,89.25,0.00,918.00,918.0,58.96,47,14.62,4629,0.61,4679,50,4,0.00,0.00,0.0,0.00,0.00,0.0,1.00,82031.00,84.7
141,0.00,40.00,40.0,90.0,0.00,684.00,684.0,58.97,42,14.62,4633,0.61,4693,50,4,0.00,0.00,0.0,0.00,0.00,0.0,4.00,80988.00,85.0
142,0.00,52.00,52.0,90.85,0.00,373.00,373.0,58.99,40,16.5,4633,0.61,4696,50,4,0.00,0.00,0.0,0.00,0.00,0.0,0.00,83261.00,85.4
143,0.00,19592.00,19592.0,92.24,1.00,279.00,280.0,59.04,26,16.5,4634,0.61,4696,50,4,0.00,1.00,1.0,0.00,0.00,0.0,2.00,78467.00,85.6
144,4.00,880.00,884.0,90.88,2.00,782.00,784.0,59.04,38,16.5,4634,0.61,4699,50,4,0.00,2.00,2.0,0.00,0.00,0.0,24.00,70785.00,85.9
145,0.00,236.00,236.0,89.88,2.00,658.00,660.0,59.07,32,16.5,4634,0.61,4696,50,4,0.00,2.00,2.0,0.00,0.00,0.0,0.00,96689.11,86.1
146,0.00,940.00,940.0,85.98,5.00,411.00,416.0,59.09,30,16.5,4633,0.61,4695,50,4,0.00,1.00,1.0,4.00,4.00,8.0,0.00,123547.00,86.2
147,0.00,460.00,460.0,84.8,2.00,366.00,368.0,59.11,37,17.26,4633,0.61,4705,50,4,0.00,2.00,2.0,0.00,0.00,0.0,0.00,116449.00,86.4
148,0.00,6448.00,6448.0,88.49,2.00,293.00,295.0,59.18,36,17.26,4634,0.61,4698,50,4,0.00,2.00,2.0,0.00,0.00,0.0,2.00,104309.00,86.5
149,4.00,720.00,724.0,89.11,1.00,565.00,566.0,59.22,47,17.26,4655,0.61,4694,50,4,0.00,1.00,1.0,0.00,0.00,0.0,25.00,82343.00,86.7
150,0.00,756.00,756.0,94.62,1.00,549.00,550.0,59.21,38,17.26,4637,0.61,4693,49,4,0.00,0.00,0.0,0.00,0.00,0.0,8.00,56919.00,86.9
151,0.00,44.00,44.0,88.49,0.00,674.00,674.0,59.23,33,17.26,4634,0.61,4687,49,4,0.00,0.00,0.0,0.00,0.00,0.0,2.00,73707.00,87.0
152,0.00,544.00,544.0,92.38,2.00,765.00,767.0,59.26,24,18.36,4634,0.61,4691,49,4,2.00,0.00,2.0,0.00,0.00,0.0,0.00,55764.00,87.2
153,0.00,2684.00,2684.0,91.12,0.00,797.00,797.0,59.26,29,18.36,4634,0.61,4691,49,4,0.00,0.00,0.0,0.00,0.00,0.0,1.00,68052.00,87.2
154,0.00,936.00,936.0,89.72,1.00,657.00,658.0,59.28,19,18.36,4634,0.61,4690,49,4,0.00,0.00,0.0,0.00,0.00,0.0,0.00,74432.00,87.3
155,0.00,528.00,528.0,91.86,6.00,1003.00,1009.0,59.3,28,18.36,4634,0.61,4688,50,5,4.00,1.00,5.0,1.00,1.00,2.0,22.00,51686.00,87.2
156,0.00,844.00,844.0,92.99,5.00,734.00,739.0,59.34,21,18.36,4634,0.61,4694,50,6,0.00,1.00,1.0,4.00,4.00,8.0,1.00,46596.00,87.2
157,0.00,232.00,232.0,41.83,4.00,352.00,356.0,59.35,2,16.89,4636,0.61,4685,50,5,2.00,1.00,3.0,0.00,0.00,0.0,3.00,39656.00,73.8
158,0.00,812.00,812.0,25.89,2.00,156.00,158.0,59.34,3,16.89,4636,0.61,4685,50,5,0.00,2.00,2.0,0.00,0.00,0.0,1.00,63118.00,51.9
159,0.00,36.00,36.0,15.11,1.00,236.00,237.0,59.34,3,16.89,4635,0.61,4690,50,4,0.00,1.00,1.0,0.00,0.00,0.0,0.00,26998.00,52.4
160,0.00,724.00,724.0,20.76,2.00,330.00,332.0,59.35,5,16.89,4635,0.61,4690,50,4,0.00,1.00,1.0,0.00,0.00,0.0,23.00,35086.00,52.6
161,0.00,336.00,336.0,15.55,0.00,290.00,290.0,59.36,1,16.89,4634,0.61,4690,50,4,0.00,0.00,0.0,0.00,0.00,0.0,1.00,16933.00,52.5
162,0.00,44.00,44.0,5.88,4.00,282.00,286.0,59.36,1,15.62,4634,0.61,4685,50,4,4.00,0.00,4.0,0.00,0.00,0.0,0.00,8644.00,38.5
163,0.00,400.00,400.0,2.15,2.00,112.00,114.0,59.36,1,15.62,4634,0.61,4685,50,4,0.00,2.00,2.0,0.00,0.00,0.0,1.00,5650.00,38.2
164,0.00,56.00,56.0,2.15,2.00,128.00,130.0,59.36,1,15.62,4634,0.61,4683,50,4,0.00,2.00,2.0,0.00,0.00,0.0,0.00,5514.00,37.7
165,0.00,820.00,820.0,6.49,16.00,248.00,264.0,59.37,1,15.62,4636,0.61,4686,51,4,15.00,8.00,23.0,0.00,0.00,0.0,24.00,11566.00,38.0
166,0.00,52.00,52.0,2.54,8.00,136.00,144.0,59.38,1,15.62,4630,0.61,4675,51,4,6.00,6.00,12.0,0.00,0.00,0.0,0.00,6151.00,37.7
167,0.00,84.00,84.0,3.32,7.00,145.00,152.0,59.37,2,14.36,4623,0.61,4661,50,4,7.00,3.00,10.0,0.00,0.00,0.0,0.00,6372.00,37.4
168,0.00,112.00,112.0,21.91,10.00,730.00,740.0,59.38,4,14.36,4620,0.61,4652,50,4,10.00,0.00,10.0,0.00,0.00,0.0,1.00,39332.00,45.1
169,4.00,37752.00,37756.0,77.42,5.00,713.00,718.0,59.4,18,14.36,4620,0.61,4650,50,4,2.00,3.00,5.0,0.00,0.00,0.0,5.00,84745.00,77.8
170,0.00,416.00,416.0,90.98,4.00,809.00,813.0,59.45,11,14.36,4622,0.61,4649,50,4,4.00,0.00,4.0,0.00,0.00,0.0,26.00,65970.00,87.6
171,0.00,616.00,616.0,84.64,0.00,979.00,979.0,59.45,30,14.36,4622,0.61,4649,50,4,0.00,0.00,0.0,0.00,0.00,0.0,4.00,105938.00,87.6
172,0.00,60.00,60.0,86.52,3.00,685.00,688.0,59.46,29,15.94,4624,0.61,4668,50,4,0.00,2.00,2.0,0.00,0.00,0.0,2.00,123138.00,87.6
173,0.00,624.00,624.0,86.11,4.00,618.00,622.0,59.49,31,15.94,4624,0.61,4665,50,4,2.00,1.00,3.0,0.00,0.00,0.0,1.00,121599.00,87.4
174,0.00,18404.00,18404.0,86.11,2.00,885.00,887.0,59.5,35,15.94,4626,0.61,4664,50,4,0.00,2.00,2.0,0.00,0.00,0.0,2.00,113247.00,87.4
175,0.00,1172.00,1172.0,87.27,0.00,900.00,900.0,59.52,28,15.94,4627,0.61,4664,50,4,0.00,0.00,0.0,0.00,0.00,0.0,1.00,108682.00,87.4
176,16.00,1144.00,1160.0,88.51,4.00,637.00,641.0,59.6,23,15.94,4629,0.61,4669,50,4,0.00,0.00,0.0,0.00,0.00,0.0,29.00,93992.00,87.4
177,0.00,582.18,582.18,86.09,3.00,504.00,507.0,59.75,35,17.14,4630,0.61,4684,49,4,0.00,2.00,2.0,4.00,4.00,8.0,1.00,124639.00,87.4
178,0.00,700.00,700.0,87.0,0.00,713.00,713.0,59.76,37,17.14,4634,0.61,4688,49,4,0.00,0.00,0.0,0.00,0.00,0.0,5.00,97816.00,87.3
179,0.00,8768.00,8768.0,87.48,0.00,755.00,755.0,59.71,31,17.14,4634,0.61,4690,49,4,0.00,0.00,0.0,0.00,0.00,0.0,1.00,101745.00,80.6
180,0.00,484.00,484.0,86.07,0.00,791.00,791.0,59.72,27,17.14,4637,0.61,4694,49,4,0.00,0.00,0.0,0.00,0.00,0.0,2.00,93055.00,81.1
181,0.00,444.00,444.0,91.36,0.00,761.00,761.0,59.74,27,17.14,4637,0.61,4696,49,4,0.00,0.00,0.0,0.00,0.00,0.0,23.00,67352.00,81.4
182,0.00,1544.00,1544.0,87.86,2.00,998.00,1000.0,59.75,22,17.45,4637,0.61,4693,49,4,2.00,0.00,2.0,0.00,0.00,0.0,1.00,85250.00,82.0
183,0.00,316.00,316.0,79.62,5.00,1173.00,1178.0,59.79,6,17.45,4637,0.61,4687,49,4,4.00,0.00,4.0,0.00,0.00,0.0,1.00,67048.00,82.5
184,0.00,10560.00,10560.0,19.57,2.00,529.00,531.0,59.75,2,17.45,4637,0.61,4691,49,4,2.00,0.00,2.0,0.00,0.00,0.0,1.00,30174.00,60.3
185,0.00,80.00,80.0,2.8,2.00,122.00,124.0,59.75,1,17.45,4635,0.61,4687,49,4,2.00,0.00,2.0,0.00,0.00,0.0,0.00,5345.00,39.7
186,4.00,500.00,504.0,4.17,6.00,184.00,190.0,59.71,1,17.45,4635,0.61,4684,49,4,6.00,0.00,6.0,0.00,0.00,0.0,23.00,10873.00,39.1
187,0.00,84.00,84.0,7.61,6.00,222.00,228.0,59.7,3,16.06,4634,0.61,4678,49,4,0.00,0.00,0.0,4.00,4.00,8.0,3.00,7363.00,39.5
188,0.00,112.00,112.0,2.66,1.00,97.00,98.0,59.7,1,16.06,4634,0.61,4678,49,4,0.00,0.00,0.0,0.00,0.00,0.0,1.00,5951.00,39.0
189,0.00,36.00,36.0,2.79,3.00,128.00,131.0,59.7,1,16.06,4632,0.61,4673,50,5,0.00,3.00,3.0,1.00,1.00,2.0,0.00,6695.00,38.6
190,0.00,64.00,64.0,2.8,2.00,103.00,105.0,59.7,1,16.06,4626,0.61,4656,50,5,0.00,1.00,1.0,0.00,0.00,0.0,0.00,6514.00,38.2
191,0.00,248.00,248.0,2.05,0.00,32.00,32.0,59.72,1,16.06,4627,0.61,4644,50,5,0.00,0.00,0.0,0.00,0.00,0.0,22.00,8339.00,37.8
192,0.00,188.00,188.0,5.34,0.00,165.00,165.0,59.7,1,14.77,4618,0.61,4641,50,5,0.00,0.00,0.0,0.00,0.00,0.0,1.00,15836.00,37.9
193,0.00,116.00,116.0,15.88,0.00,376.00,376.0,59.71,2,14.77,4618,0.61,4644,50,4,0.00,0.00,0.0,0.00,0.00,0.0,5.00,40982.00,44.9
194,0.00,52.00,52.0,19.13,0.00,215.00,215.0,59.71,9,14.77,4622,0.61,4652,50,4,0.00,0.00,0.0,0.00,0.00,0.0,5.00,54256.00,45.1
195,0.00,88.00,88.0,13.64,0.00,220.00,220.0,59.72,1,14.77,4625,0.61,4654,50,4,0.00,0.00,0.0,0.00,0.00,0.0,4.00,33166.00,51.8
196,0.00,76.00,76.0,36.21,2.00,558.00,560.0,59.73,4,14.77,4627,0.61,4656,50,4,2.00,0.00,2.0,0.00,0.00,0.0,3.00,41841.00,51.5
197,8.00,684.00,692.0,73.79,2.00,888.00,890.0,59.8,21,14.23,4632,0.61,4664,50,4,2.00,0.00,2.0,0.00,0.00,0.0,28.00,54772.00,82.9
198,0.00,604.00,604.0,61.41,0.00,804.00,804.0,59.81,6,14.23,4636,0.61,4671,50,4,0.00,0.00,0.0,0.00,0.00,0.0,4.00,79476.00,76.7
199,0.00,39464.00,39464.0,58.23,0.00,708.00,708.0,59.83,7,14.23,4636,0.61,4663,50,4,0.00,0.00,0.0,0.00,0.00,0.0,0.00,145278.00,76.5
200,0.00,584.00,584.0,61.22,3.00,1561.00,1564.0,59.84,20,14.23,4636,0.61,4657,50,4,0.00,4.00,4.0,0.00,0.00,0.0,0.00,110429.00,76.5
201,0.00,400.00,400.0,86.43,2.00,869.00,871.0,59.85,28,14.23,4636,0.61,4655,50,4,0.00,2.00,2.0,0.00,0.00,0.0,2.00,108762.00,84.4
202,0.00,732.00,732.0,82.62,2.00,1106.00,1108.0,59.87,22,14.69,4638,0.61,4662,50,4,0.00,2.00,2.0,0.00,0.00,0.0,27.00,120785.00,84.3
203,0.00,392.00,392.0,87.56,0.00,1279.00,1279.0,59.88,34,14.69,4638,0.61,4662,50,4,0.00,0.00,0.0,0.00,0.00,0.0,1.00,99510.00,84.5
204,0.00,64.00,64.0,83.83,0.00,445.00,445.0,59.9,18,14.69,4638,0.61,4677,50,4,0.00,0.00,0.0,0.00,0.00,0.0,0.00,132304.00,84.5
205,0.00,20064.00,20064.0,81.14,2.00,537.00,539.0,59.88,9,14.69,4638,0.61,4670,50,4,0.00,2.00,2.0,0.00,0.00,0.0,0.00,135519.00,84.5
206,0.00,716.00,716.0,64.36,1.00,848.00,849.0,59.89,11,14.69,4638,0.61,4669,50,4,1.00,1.00,2.0,0.00,0.00,0.0,1.00,90630.00,83.9
207,0.00,984.00,984.0,79.67,8.00,1189.00,1197.0,59.92,21,15.19,4637,0.61,4665,50,4,4.00,0.00,4.0,4.00,4.00,8.0,23.00,99451.00,83.6
208,0.00,672.00,672.0,80.78,1.00,1286.00,1287.0,59.95,6,15.19,4637,0.61,4669,50,4,0.00,1.00,1.0,0.00,0.00,0.0,2.00,59137.00,83.5
209,0.00,448.00,448.0,32.41,2.00,496.00,498.0,60.02,3,15.19,4636,0.61,4676,50,4,0.00,2.00,2.0,0.00,0.00,0.0,0.00,31307.00,70.0
210,0.00,7396.00,7396.0,6.05,7.00,300.00,307.0,60.02,2,15.19,4636,0.61,4675,50,4,6.00,1.00,7.0,0.00,0.00,0.0,0.00,16445.00,42.2
211,0.00,36.00,36.0,20.81,2.00,406.00,408.0,59.97,1,15.19,4638,0.61,4676,50,4,2.00,0.00,2.0,0.00,0.00,0.0,2.00,39921.00,52.4
212,0.00,448.00,448.0,36.25,9.00,404.00,413.0,59.99,0,14.3,4639,0.61,4662,50,4,8.00,0.00,8.0,0.00,0.00,0.0,25.00,64320.00,60.0
213,0.00,788.00,788.0,13.25,5.00,270.00,275.0,59.98,2,14.3,4637,0.61,4657,50,4,4.00,0.00,4.0,0.00,0.00,0.0,1.00,25410.00,59.6
214,0.00,412.00,412.0,20.48,4.00,387.00,391.0,59.98,3,14.3,4637,0.61,4657,50,4,2.00,0.00,2.0,0.00,0.00,0.0,0.00,34342.00,51.3
215,0.00,8456.00,8456.0,19.62,9.00,510.00,519.0,60.0,2,14.3,4637,0.61,4657,50,4,10.00,0.00,10.0,0.00,0.00,0.0,0.00,24795.00,51.3
216,0.00,704.00,704.0,20.41,4.00,608.00,612.0,59.99,2,14.3,4637,0.61,4654,50,4,4.00,0.00,4.0,0.00,0.00,0.0,1.00,55007.00,51.2
217,0.00,104.00,104.0,48.8,7.00,812.00,819.0,60.04,11,13.63,4637,0.61,4648,50,4,2.00,0.00,2.0,4.00,4.00,8.0,2.00,82528.00,70.1
218,0.00,1012.00,1012.0,49.87,20.00,667.00,687.0,60.05,14,13.63,4637,0.61,4644,51,4,15.00,10.00,25.0,0.00,0.00,0.0,26.00,101072.00,63.2
219,0.00,60.00,60.0,67.48,2.00,484.00,486.0,60.09,5,13.63,4637,0.61,4640,51,4,4.00,4.00,8.0,0.00,0.00,0.0,0.00,108937.00,82.5
220,0.00,1800.00,1800.0,54.84,5.00,1072.00,1077.0,60.1,12,13.63,4639,0.61,4640,51,4,4.00,0.00,4.0,0.00,0.00,0.0,2.00,73741.00,73.0
221,0.00,1248.00,1248.0,80.98,9.00,1427.00,1436.0,60.07,13,13.63,4638,0.61,4640,50,4,7.00,5.00,12.0,0.00,0.00,0.0,1.00,111850.00,82.6
222,0.00,256.00,256.0,86.39,1.00,1271.00,1272.0,60.08,37,14.62,4639,0.61,4641,50,4,0.00,1.00,1.0,0.00,0.00,0.0,1.98,105946.53,82.8
223,0.00,1076.00,1076.0,88.12,1.00,588.00,589.0,60.1,22,14.62,4639,0.61,4662,50,5,0.00,0.00,0.0,1.00,1.00,2.0,26.00,77673.00,83.1
224,0.00,60.00,60.0,86.06,0.00,780.00,780.0,60.21,20,14.62,4639,0.61,4662,50,5,0.00,0.00,0.0,0.00,0.00,0.0,0.00,121047.00,83.3
225,8.00,1044.00,1052.0,85.98,1.00,452.00,453.0,60.2,22,14.62,4639,0.61,4663,49,5,0.00,0.00,0.0,0.00,0.00,0.0,0.00,119698.00,83.5
226,0.00,224.00,224.0,85.41,0.00,580.00,580.0,60.22,5,14.62,4639,0.61,4659,49,5,0.00,0.00,0.0,0.00,0.00,0.0,0.00,118015.00,83.6
227,0.00,376.00,376.0,62.07,0.00,1191.00,1191.0,60.28,11,13.69,4639,0.61,4654,49,4,0.00,0.00,0.0,0.00,0.00,0.0,0.00,89263.00,83.2
228,4.00,1136.00,1140.0,62.22,1.00,1199.00,1200.0,60.26,4,13.69,4639,0.61,4655,49,4,1.00,1.00,2.0,0.00,0.00,0.0,24.00,91881.00,82.7
229,0.00,248.00,248.0,41.01,0.00,821.00,821.0,60.27,1,13.69,4639,0.61,4662,49,4,0.00,0.00,0.0,0.00,0.00,0.0,0.00,45559.00,69.7
230,4.00,51592.00,51596.0,14.63,2.00,245.00,247.0,60.23,3,13.69,4639,0.61,4660,49,4,2.00,0.00,2.0,0.00,0.00,0.0,0.00,13560.00,57.5
231,0.00,692.00,692.0,24.21,2.00,412.00,414.0,60.23,2,13.69,4637,0.61,4652,49,4,2.00,0.00,2.0,0.00,0.00,0.0,0.00,37672.00,50.8
232,0.00,64.00,64.0,12.21,0.00,390.00,390.0,60.24,1,12.68,4637,0.61,4648,49,4,0.00,0.00,0.0,0.00,0.00,0.0,3.00,28914.00,51.2
233,0.00,764.00,764.0,15.54,2.00,291.00,293.0,60.25,0,12.68,4637,0.61,4646,49,4,0.00,0.00,0.0,0.00,0.00,0.0,24.00,63446.00,51.0
234,0.00,372.00,372.0,11.35,0.00,317.00,317.0,60.25,0,12.68,4638,0.61,4647,49,4,0.00,0.00,0.0,0.00,0.00,0.0,1.00,30140.00,43.1
235,0.00,5908.00,5908.0,25.41,4.00,478.00,482.0,60.31,4,12.68,4640,0.61,4647,49,4,4.00,0.00,4.0,0.00,0.00,0.0,4.00,23066.00,51.4
236,0.00,1252.00,1252.0,47.64,2.00,301.00,303.0,60.38,1,12.68,4640,0.61,4647,49,4,2.00,0.00,2.0,0.00,0.00,0.0,1.00,15425.00,75.9
237,0.00,292.00,292.0,25.28,6.00,637.00,643.0,60.38,12,12.06,4640,0.61,4642,49,4,2.00,0.00,2.0,4.00,4.00,8.0,1.00,57559.00,64.2
238,0.00,524.00,524.0,24.94,0.00,602.97,602.97,60.4,1,12.06,4640,0.61,4640,49,4,0.00,0.00,0.0,0.00,0.00,0.0,25.00,58118.00,63.6
239,0.00,712.00,712.0,48.81,2.00,605.00,607.0,60.4,4,12.06,4640,0.61,4642,49,4,2.00,0.00,2.0,0.00,0.00,0.0,1.00,117794.00,68.9
240,0.00,16436.00,16436.0,48.3,0.00,863.00,863.0,60.42,11,12.06,4639,0.61,4638,49,4,0.00,0.00,0.0,0.00,0.00,0.0,1.00,78905.00,74.0
241,0.00,416.00,416.0,68.65,10.00,1562.00,1572.0,60.41,12,12.06,4639,0.61,4632,49,4,10.00,0.00,10.0,0.00,0.00,0.0,1.00,131956.00,80.5
242,0.00,1028.00,1028.0,83.0,2.00,1381.00,1383.0,60.43,16,14.3,4640,0.61,4637,49,4,2.00,0.00,2.0,0.00,0.00,0.0,2.00,124917.00,80.4
243,0.00,552.00,552.0,78.5,1.00,1144.00,1145.0,60.45,9,14.3,4640,0.61,4636,49,4,0.00,0.00,0.0,0.00,0.00,0.0,2.00,135071.00,81.0
244,4.00,540.00,544.0,80.13,0.00,858.00,858.0,60.47,9,14.3,4641,0.61,4644,49,4,0.00,0.00,0.0,0.00,0.00,0.0,21.00,127331.00,81.3
245,0.00,116.00,116.0,79.4,2.00,742.00,744.0,60.5,11,14.3,4641,0.61,4661,49,4,2.00,0.00,2.0,0.00,0.00,0.0,0.00,154065.35,81.6
246,0.00,13776.00,13776.0,66.62,1.00,986.00,987.0,60.46,8,14.3,4641,0.61,4659,49,4,0.00,0.00,0.0,0.00,0.00,0.0,0.00,90387.00,81.6
247,0.00,676.00,676.0,86.02,1.00,954.00,955.0,60.54,18,14.36,4641,0.61,4662,49,4,0.00,0.00,0.0,0.00,0.00,0.0,3.00,83234.00,81.4
248,0.00,528.00,528.0,85.41,1.00,1236.00,1237.0,60.63,9,14.36,4641,0.61,4661,49,4,0.00,0.00,0.0,0.00,0.00,0.0,1.00,67170.00,81.8
249,0.00,548.00,548.0,70.29,3.00,940.00,943.0,60.66,2,14.36,4641,0.61,4667,49,4,2.00,1.00,3.0,0.00,0.00,0.0,26.00,61838.00,81.6
250,0.00,72.00,72.0,26.26,0.00,255.00,255.0,60.65,2,14.36,4641,0.61,4662,49,4,0.00,0.00,0.0,0.00,0.00,0.0,0.00,58665.00,63.3
251,0.00,9360.00,9360.0,17.9,0.00,262.00,262.0,60.61,2,14.36,4641,0.61,4661,49,4,0.00,0.00,0.0,0.00,0.00,0.0,0.00,27196.00,62.8
252,0.00,368.00,368.0,26.42,0.00,402.00,402.0,60.6,2,13.45,4641,0.61,4658,49,4,0.00,0.00,0.0,0.00,0.00,0.0,0.00,33199.00,57.7
253,0.00,544.00,544.0,16.23,0.00,408.00,408.0,60.62,0,13.45,4641,0.61,4657,49,4,0.00,0.00,0.0,0.00,0.00,0.0,1.00,17840.00,57.1
254,0.00,224.00,224.0,2.67,0.00,112.00,112.0,60.62,0,13.45,4641,0.61,4657,49,4,0.00,0.00,0.0,0.00,0.00,0.0,22.00,8268.00,41.3
255,0.00,80.00,80.0,7.05,0.00,369.00,369.0,60.62,1,13.45,4640,0.61,4653,49,4,0.00,0.00,0.0,0.00,0.00,0.0,0.00,19293.00,40.8
256,0.00,5776.00,5776.0,28.06,0.00,640.00,640.0,60.63,3,13.45,4640,0.61,4655,49,4,0.00,0.00,0.0,0.00,0.00,0.0,0.00,52125.00,50.2
257,0.00,84.00,84.0,24.24,4.00,538.00,542.0,60.63,14,12.61,4639,0.61,4647,49,4,0.00,0.00,0.0,4.00,4.00,8.0,2.00,67909.00,59.4
258,0.00,572.00,572.0,33.92,3.00,509.00,512.0,60.63,5,12.61,4638,0.61,4642,50,5,0.00,3.00,3.0,1.00,1.00,2.0,1.00,79202.00,59.9
259,4.00,508.00,512.0,46.88,0.00,729.00,729.0,60.64,6,12.61,4639,0.61,4637,50,5,0.00,0.00,0.0,0.00,0.00,0.0,24.00,75848.00,65.1
260,0.00,368.00,368.0,42.58,0.00,980.00,980.0,60.65,18,12.61,4640,0.61,4641,50,5,0.00,0.00,0.0,0.00,0.00,0.0,1.00,67356.00,65.6
261,0.00,7712.00,7712.0,55.99,2.00,475.00,477.0,60.66,1,12.61,4640,0.61,4634,50,5,0.00,2.00,2.0,0.00,0.00,0.0,1.00,75004.00,78.4
262,0.00,72.00,72.0,35.69,1.00,455.00,456.0,60.63,7,12.16,4640,0.61,4638,50,4,0.00,1.00,1.0,0.00,0.00,0.0,0.00,77134.00,61.8
263,0.00,176.00,176.0,31.82,2.00,529.00,531.0,60.66,2,12.16,4640,0.61,4638,50,4,0.00,2.00,2.0,0.00,0.00,0.0,1.00,41923.00,69.5
264,0.00,656.00,656.0,28.41,2.00,453.00,455.0,60.69,1,12.16,4641,0.61,4642,50,4,0.00,2.00,2.0,0.00,0.00,0.0,24.00,35816.00,63.5
265,0.00,96.00,96.0,21.87,8.00,1008.00,1016.0,60.68,3,12.16,4641,0.61,4635,50,4,6.00,2.00,8.0,0.00,0.00,0.0,0.00,58661.00,52.8
266,0.00,35508.00,35508.0,63.36,0.00,961.00,961.0,60.67,18,12.16,4641,0.61,4637,50,4,0.00,0.00,0.0,0.00,0.00,0.0,0.00,91545.00,71.4
267,8.00,860.00,868.0,84.8,4.00,888.00,892.0,60.67,17,12.31,4641,0.61,4650,50,4,0.00,0.00,0.0,4.00,4.00,8.0,0.00,88545.00,82.9
268,0.00,138.61,138.61,74.75,4.00,750.00,754.0,60.68,15,12.31,4640,0.61,4649,50,4,2.00,2.00,4.0,0.00,0.00,0.0,1.00,143105.00,82.9
269,0.00,648.00,648.0,73.67,2.00,851.00,853.0,60.71,19,12.31,4649,0.61,4650,50,4,0.00,2.00,2.0,0.00,0.00,0.0,18.00,145910.00,83.0
270,0.00,612.00,612.0,47.85,2.00,1188.00,1190.0,60.78,12,12.31,4639,0.61,4638,50,4,2.00,0.00,2.0,0.00,0.00,0.0,7.00,105296.00,72.1
271,0.00,22560.00,22560.0,63.37,4.00,1546.00,1550.0,60.78,9,12.31,4640,0.61,4643,50,4,4.00,0.00,4.0,0.00,0.00,0.0,2.00,124723.00,77.4
272,0.00,112.00,112.0,28.32,4.00,795.00,799.0,60.74,2,11.32,4640,0.61,4650,50,4,0.00,3.00,3.0,0.00,0.00,0.0,2.00,54296.00,69.7
273,0.00,628.00,628.0,11.29,2.00,443.00,445.0,60.75,0,11.32,4640,0.61,4648,50,4,0.00,2.00,2.0,0.00,0.00,0.0,1.00,26834.00,45.8
274,0.00,572.00,572.0,13.56,19.00,521.00,540.0,60.76,5,11.32,4642,0.61,4650,51,4,17.00,9.00,26.0,0.00,0.00,0.0,2.00,27942.00,46.1
275,0.00,316.00,316.0,25.29,12.00,717.00,729.0,60.75,1,11.32,4643,0.61,4642,51,5,8.00,4.00,12.0,2.00,2.00,4.0,26.00,68928.00,55.7
276,0.00,10724.00,10724.0,41.4,0.00,697.00,697.0,60.76,3,11.32,4643,0.61,4635,51,5,0.00,1.00,1.0,0.00,0.00,0.0,0.00,100414.00,61.3
277,0.00,628.00,628.0,53.19,9.00,890.00,899.0,60.77,4,10.65,4639,0.61,4623,50,5,5.00,2.00,7.0,4.00,4.00,8.0,0.00,97555.00,74.6
278,0.00,604.00,604.0,61.38,5.00,881.00,886.0,60.78,2,10.65,4640,0.61,4623,50,5,4.00,0.00,4.0,0.00,0.00,0.0,2.00,116730.00,75.0
279,0.00,628.00,628.0,47.38,0.00,932.00,932.0,60.8,10,10.65,4641,0.61,4625,50,5,0.00,0.00,0.0,0.00,0.00,0.0,2.00,95858.00,74.9
280,4.00,460.00,464.0,55.71,4.00,578.00,582.0,60.82,2,10.65,4640,0.61,4622,51,4,2.00,1.00,3.0,2.00,2.00,4.0,24.00,47805.00,75.2
281,0.00,3468.00,3468.0,16.92,4.00,608.00,612.0,60.82,0,10.65,4641,0.61,4626,52,4,2.00,3.00,5.0,0.00,0.00,0.0,1.00,46487.00,56.5
282,0.00,4536.00,4536.0,14.23,1.00,485.00,486.0,60.84,1,9.8,4640,0.61,4623,51,4,0.00,0.00,0.0,0.00,0.00,0.0,0.00,25849.00,49.5
283,0.00,616.00,616.0,16.05,2.00,453.00,455.0,60.83,2,9.8,4639,0.61,4617,51,4,2.00,0.00,2.0,0.00,0.00,0.0,1.00,42577.00,49.5
284,0.00,72.00,72.0,27.87,6.00,1149.00,1155.0,60.84,11,9.8,4640,0.61,4616,52,4,4.00,3.00,7.0,0.00,0.00,0.0,1.00,72913.00,56.3
285,0.00,1028.00,1028.0,57.42,6.00,1192.00,1198.0,60.85,0,9.8,4641,0.61,4633,52,4,4.00,0.00,4.0,0.00,0.00,0.0,26.00,136269.00,79.1
286,0.00,560.00,560.0,58.99,2.00,855.00,857.0,60.86,22,9.8,4641,0.61,4635,52,4,4.00,0.00,4.0,0.00,0.00,0.0,0.00,152713.00,66.2
287,4.00,9000.00,9004.0,57.07,8.00,1028.00,1036.0,60.89,0,10.06,4641,0.61,4627,51,4,5.00,8.00,13.0,0.00,0.00,0.0,0.00,141130.00,78.5
288,0.00,84.00,84.0,41.92,3.00,1276.00,1279.0,60.91,15,10.06,4641,0.61,4626,51,4,2.00,1.00,3.0,0.00,0.00,0.0,1.00,116300.00,63.9
289,0.00,752.00,752.0,50.32,3.00,1422.00,1425.0,60.92,1,10.06,4640,0.61,4625,50,4,2.00,0.00,2.0,0.00,0.00,0.0,0.00,98223.00,72.6
290,0.00,436.00,436.0,20.38,2.00,462.00,464.0,60.97,4,10.06,4641,0.61,4633,50,4,0.00,2.00,2.0,0.00,0.00,0.0,23.00,43558.00,57.1
291,0.00,392.00,392.0,15.0,8.00,761.00,769.0,60.97,1,10.06,4641,0.61,4630,50,4,8.00,0.00,8.0,0.00,0.00,0.0,0.00,42213.00,49.9
292,0.00,9240.00,9240.0,35.93,1.00,730.00,731.0,60.95,2,9.33,4641,0.61,4631,50,5,0.00,0.00,0.0,1.00,1.00,2.0,0.00,71242.00,59.1
293,0.00,700.00,700.0,39.65,9.00,515.00,524.0,60.96,6,9.33,4641,0.61,4629,50,5,8.00,0.00,8.0,0.00,0.00,0.0,1.00,98550.00,68.5
294,0.00,680.00,680.0,41.76,5.00,773.00,778.0,60.99,2,9.33,4641,0.61,4621,50,5,4.00,0.00,4.0,0.00,0.00,0.0,0.00,89068.00,68.3
295,0.00,488.00,488.0,49.81,1.00,957.00,958.0,61.0,7,9.33,4641,0.61,4619,50,5,0.00,0.00,0.0,0.00,0.00,0.0,22.00,92525.00,68.9
296,0.00,1808.00,1808.0,71.27,0.00,774.00,774.0,61.16,3,9.33,4641,0.61,4623,50,4,0.00,0.00,0.0,0.00,0.00,0.0,1.00,102534.00,79.9
297,0.00,33264.00,33264.0,20.7,4.00,483.00,487.0,61.15,0,8.66,4640,0.61,4621,50,4,0.00,0.00,0.0,4.00,4.00,8.0,0.00,52443.00,57.2
298,0.00,368.00,368.0,23.36,2.00,653.00,655.0,61.16,0,8.66,4641,0.61,4622,51,4,0.00,3.00,3.0,0.00,0.00,0.0,2.00,59800.00,50.4
299,0.00,408.00,408.0,19.29,8.00,598.00,606.0,61.16,0,8.66,4641,0.61,4624,51,4,6.00,2.00,8.0,0.00,0.00,0.0,0.00,27404.00,56.3
300,0.00,372.00,372.0,2.42,6.00,181.00,187.0,61.16,0,8.66,4641,0.61,4624,51,4,6.00,0.00,6.0,0.00,0.00,0.0,0.00,5335.00,42.5
301,0.00,196.00,196.0,2.41,0.00,100.00,100.0,61.03,0,8.66,4641,0.61,4624,51,4,0.00,0.00,0.0,0.00,0.00,0.0,23.00,8092.00,36.2
302,0.00,29260.00,29260.0,4.88,13.00,234.00,247.0,61.03,0,7.97,4640,0.61,4618,50,4,10.00,1.00,11.0,0.00,0.00,0.0,0.00,8118.00,36.2
303,0.00,1004.00,1004.0,7.33,4.00,332.00,336.0,61.03,0,7.97,4639,0.61,4615,50,4,4.00,0.00,4.0,0.00,0.00,0.0,1.00,17993.00,41.9
304,0.00,64.00,64.0,12.55,0.00,370.00,370.0,61.03,1,7.97,4631,0.61,4599,50,4,0.00,0.00,0.0,0.00,0.00,0.0,3.00,40553.00,42.3
305,0.00,96.00,96.0,26.09,7.00,947.00,954.0,61.04,0,7.97,4633,0.61,4593,50,4,6.00,0.00,6.0,0.00,0.00,0.0,6.00,89564.00,53.7
306,0.00,632.00,632.0,59.59,4.00,1379.00,1383.0,61.06,10,7.97,4634,0.61,4598,50,4,1.00,4.00,5.0,0.00,0.00,0.0,29.00,137676.00,67.9
307,0.00,13744.00,13744.0,56.48,7.00,1340.00,1347.0,61.08,7,7.97,4636,0.61,4602,51,4,0.00,3.00,3.0,4.00,4.00,8.0,8.00,148728.00,78.1
308,0.00,792.00,792.0,73.09,3.00,968.00,971.0,61.12,1,7.97,4638,0.61,4612,50,4,1.00,1.00,2.0,0.00,0.00,0.0,3.00,167602.00,83.4
309,0.00,640.00,640.0,61.37,0.00,1333.00,1333.0,61.16,12,7.97,4640,0.61,4613,50,4,0.00,0.00,0.0,0.00,0.00,0.0,2.00,132882.00,83.0
310,4.00,440.00,444.0,68.34,0.00,1513.00,1513.0,61.19,18,7.97,4641,0.61,4621,50,4,0.00,0.00,0.0,0.00,0.00,0.0,1.00,124722.00,82.5
311,8.00,784.00,792.0,67.98,0.00,1426.00,1426.0,61.24,6,7.97,4641,0.61,4623,50,4,0.00,0.00,0.0,0.00,0.00,0.0,25.00,122554.00,82.5
312,0.00,5272.00,5272.0,42.39,0.00,899.00,899.0,61.26,8,8.22,4641,0.61,4625,50,4,0.00,0.00,0.0,0.00,0.00,0.0,0.00,77054.00,69.5
313,12.00,2848.00,2860.0,71.99,0.00,863.00,863.0,61.3,6,8.22,4641,0.61,4620,50,4,0.00,0.00,0.0,0.00,0.00,0.0,1.00,90464.00,79.9
314,0.00,568.00,568.0,54.41,6.00,913.00,919.0,61.32,3,8.22,4641,0.61,4621,51,4,0.00,6.00,6.0,0.00,0.00,0.0,0.00,122310.00,73.6
315,0.00,120.00,120.0,19.48,1.00,533.00,534.0,61.3,0,8.22,4641,0.61,4616,51,4,0.00,1.00,1.0,0.00,0.00,0.0,0.00,49103.00,64.4
316,0.00,540.00,540.0,18.07,1.00,674.00,675.0,61.26,0,8.22,4641,0.61,4613,50,4,0.00,0.00,0.0,0.00,0.00,0.0,24.00,47909.00,53.0
317,8.00,388.00,396.0,9.39,6.00,461.00,467.0,61.27,0,7.56,4641,0.61,4613,51,4,0.00,3.00,3.0,4.00,4.00,8.0,0.00,23483.00,43.7
318,0.00,13440.00,13440.0,3.68,3.00,197.00,200.0,61.26,0,7.56,4641,0.61,4613,51,4,2.00,1.00,3.0,0.00,0.00,0.0,1.00,6815.00,38.4
319,0.00,40.00,40.0,2.28,1.00,125.00,126.0,61.26,0,7.56,4639,0.61,4608,51,4,0.00,1.00,1.0,0.00,0.00,0.0,0.00,4945.00,38.0
320,0.00,20.00,20.0,2.91,4.00,129.00,133.0,61.26,0,7.56,4638,0.61,4603,51,4,2.00,2.00,4.0,0.00,0.00,0.0,0.00,6164.00,37.8
321,0.00,240.00,240.0,4.43,12.00,231.00,243.0,61.27,1,7.56,4634,0.61,4593,50,4,10.00,1.00,11.0,0.00,0.00,0.0,22.00,10667.00,37.5
322,0.00,76.00,76.0,7.62,1.00,349.00,350.0,61.27,2,6.95,4630,0.61,4585,50,4,0.00,1.00,1.0,0.00,0.00,0.0,1.00,23133.00,37.8
323,0.00,7152.00,7152.0,11.01,1.00,350.00,351.0,61.27,2,6.95,4632,0.61,4587,49,4,0.00,0.00,0.0,0.00,0.00,0.0,5.00,37983.00,45.5
324,0.00,68.00,68.0,40.79,8.00,935.00,943.0,61.28,7,6.95,4630,0.61,4579,49,4,8.00,0.00,8.0,0.00,0.00,0.0,0.00,91349.00,55.2
325,0.00,132.00,132.0,48.29,0.00,1507.00,1507.0,61.3,9,6.95,4631,0.61,4578,49,4,0.00,0.00,0.0,0.00,0.00,0.0,4.00,144188.00,67.9
326,0.00,776.00,776.0,50.19,0.00,1211.00,1211.0,61.29,14,6.95,4640,0.61,4598,49,4,0.00,0.00,0.0,0.00,0.00,0.0,14.00,150483.00,68.1
327,0.00,1844.00,1844.0,75.13,8.00,1146.00,1154.0,61.3,7,7.6,4635,0.61,4602,50,5,6.00,2.00,8.0,1.00,1.00,2.0,14.00,139806.00,83.2
328,0.00,19244.00,19244.0,60.33,0.00,1371.00,1371.0,61.31,7,7.6,4637,0.61,4598,50,5,0.00,0.00,0.0,0.00,0.00,0.0,3.00,143813.00,82.7
329,4.00,876.00,880.0,62.63,6.00,1684.00,1690.0,61.34,2,7.6,4641,0.61,4594,51,5,6.00,5.00,11.0,0.00,0.00,0.0,4.00,151995.00,82.2
330,0.00,912.00,912.0,41.87,9.00,1241.00,1250.0,61.35,0,7.6,4642,0.61,4600,51,5,7.00,8.00,15.0,0.00,0.00,0.0,1.00,96007.00,73.6
331,0.00,68.00,68.0,33.21,1.00,858.00,859.0,61.37,0,7.6,4642,0.61,4612,51,4,0.00,0.00,0.0,0.00,0.00,0.0,0.00,81807.00,62.5
332,4.00,596.00,600.0,33.2,3.00,864.00,867.0,61.37,4,7.15,4641,0.61,4608,50,4,3.00,3.00,6.0,0.00,0.00,0.0,24.00,88661.00,63.1
333,0.00,14612.00,14612.0,12.17,1.00,295.00,296.0,61.38,0,7.15,4641,0.61,4609,50,4,0.00,1.00,1.0,0.00,0.00,0.0,1.00,29310.00,49.0
334,0.00,1336.00,1336.0,20.58,13.00,811.00,824.0,61.38,1,7.15,4641,0.61,4604,50,4,12.00,0.00,12.0,0.00,0.00,0.0,0.00,48036.00,49.3
335,0.00,68.00,68.0,11.6,0.00,384.00,384.0,61.39,1,7.15,4641,0.61,4603,50,4,0.00,0.00,0.0,0.00,0.00,0.0,0.00,42657.00,49.6
336,0.00,64.00,64.0,12.99,0.00,239.00,239.0,61.39,0,7.15,4641,0.61,4601,50,4,0.00,0.00,0.0,0.00,0.00,0.0,0.00,59086.00,49.2
337,0.00,844.00,844.0,11.19,15.00,436.00,451.0,61.4,1,6.74,4641,0.61,4599,50,4,10.00,0.00,10.0,4.00,4.00,8.0,23.00,36047.00,42.6
338,0.00,35344.00,35344.0,12.19,0.00,444.00,444.0,61.4,1,6.74,4641,0.61,4598,50,4,0.00,0.00,0.0,0.00,0.00,0.0,1.00,23959.00,48.9
339,0.00,712.00,712.0,6.05,0.00,176.00,176.0,61.41,0,6.74,4641,0.61,4600,50,4,0.00,0.00,0.0,0.00,0.00,0.0,0.00,7854.00,41.0
340,0.00,44.00,44.0,4.07,4.00,197.00,201.0,61.41,0,6.74,4640,0.61,4598,50,4,4.00,0.00,4.0,0.00,0.00,0.0,0.00,6538.00,40.4
341,0.00,336.00,336.0,2.15,2.00,145.00,147.0,61.41,0,6.74,4639,0.61,4596,50,4,2.00,0.00,2.0,0.00,0.00,0.0,0.00,5829.00,39.8
342,4.00,400.00,404.0,2.92,4.00,140.00,144.0,61.41,0,6.2,4638,0.61,4593,50,4,4.00,0.00,4.0,0.00,0.00,0.0,22.00,9217.00,39.4
343,0.00,12960.00,12960.0,12.8,10.00,976.00,986.0,61.42,9,6.2,4634,0.61,4581,50,4,8.00,3.00,11.0,0.00,0.00,0.0,1.00,57051.00,39.7
344,0.00,452.00,452.0,68.07,1.00,1454.00,1455.0,61.43,7,6.2,4635,0.61,4587,50,4,0.00,1.00,1.0,0.00,0.00,0.0,4.00,133593.00,72.4
345,0.00,532.00,532.0,60.51,4.00,1255.00,1259.0,61.45,18,6.2,4634,0.61,4604,50,4,4.00,0.00,4.0,0.00,0.00,0.0,2.00,169575.00,72.7
346,0.00,680.00,680.0,74.5,4.00,1075.00,1079.0,61.48,3,6.2,4633,0.61,4608,50,4,2.00,0.00,2.0,0.00,0.00,0.0,2.00,179666.00,83.8
347,0.00,552.00,552.0,80.89,7.00,1410.00,1417.0,61.49,30,8.58,4632,0.61,4613,50,4,2.00,3.00,5.0,4.00,4.00,8.0,26.00,118106.00,83.6
348,0.00,1716.00,1716.0,82.66,3.00,1342.00,1345.0,61.53,19,8.58,4637,0.61,4622,50,4,2.00,1.00,3.0,0.00,0.00,0.0,8.00,134343.00,83.7
349,0.00,128.00,128.0,80.18,0.00,1487.00,1487.0,61.56,19,8.58,4638,0.61,4615,50,4,0.00,0.00,0.0,0.00,0.00,0.0,1.00,135777.00,83.7
350,0.00,532.00,532.0,59.37,0.00,1398.00,1398.0,61.58,2,8.58,4641,0.61,4630,50,4,0.00,0.00,0.0,0.00,0.00,0.0,3.00,117101.00,83.3
351,0.00,1108.00,1108.0,39.55,5.00,1109.00,1114.0,61.61,2,8.58,4641,0.61,4629,50,4,2.00,3.00,5.0,0.00,0.00,0.0,0.00,79135.00,62.9
352,0.00,356.00,356.0,33.76,2.00,956.00,958.0,61.66,0,7.98,4649,0.61,4628,50,4,0.00,2.00,2.0,0.00,0.00,0.0,23.00,63477.00,71.4
353,0.00,864.00,864.0,16.75,13.00,474.00,487.0,61.65,2,7.98,4641,0.61,4617,50,4,8.00,2.00,10.0,0.00,0.00,0.0,1.00,76356.00,51.0
354,0.00,13224.00,13224.0,11.67,5.00,308.00,313.0,61.63,1,7.98,4640,0.61,4614,50,4,4.00,2.00,6.0,0.00,0.00,0.0,0.00,26106.00,50.5
355,0.00,104.00,104.0,10.87,0.00,469.00,469.0,61.63,0,7.98,4639,0.61,4611,50,4,0.00,0.00,0.0,0.00,0.00,0.0,0.00,23879.00,50.0
356,0.00,968.00,968.0,6.57,14.00,305.00,319.0,61.63,1,7.98,4638,0.61,4610,50,4,14.00,0.00,14.0,0.00,0.00,0.0,0.00,12596.00,43.5
357,0.00,444.00,444.0,1.9,2.00,121.00,123.0,61.64,0,7.34,4638,0.61,4610,50,4,0.00,2.00,2.0,0.00,0.00,0.0,0.00,6493.00,36.9
358,12.00,248.00,260.0,3.82,3.00,164.00,167.0,61.64,1,7.34,4638,0.61,4608,49,4,2.00,0.00,2.0,0.00,0.00,0.0,23.00,9932.00,36.9
359,0.00,21076.00,21076.0,3.43,12.00,223.00,235.0,61.64,0,7.34,4634,0.61,4600,49,4,12.00,0.00,12.0,0.00,0.00,0.0,0.00,6667.00,36.9
360,0.00,592.00,592.0,2.53,0.00,120.00,120.0,61.64,0,7.34,4630,0.61,4592,49,4,0.00,0.00,0.0,0.00,0.00,0.0,0.00,5753.00,36.7
361,0.00,40.00,40.0,5.67,8.00,282.00,290.0,61.64,0,7.34,4627,0.61,4586,50,5,2.00,1.00,3.0,1.00,1.00,2.0,0.00,16104.00,36.6
362,0.00,88.00,88.0,23.23,12.00,1177.00,1189.0,61.65,10,6.75,4629,0.61,4585,50,5,14.00,2.00,16.0,0.00,0.00,0.0,3.00,89736.00,49.0
363,0.00,1864.00,1864.0,51.02,2.00,1618.00,1620.0,61.67,5,6.75,4629,0.61,4582,50,5,2.00,0.00,2.0,0.00,0.00,0.0,33.00,148075.00,73.0
364,0.00,16516.00,16516.0,62.15,1.00,1211.00,1212.0,61.7,16,6.75,4631,0.61,4596,50,5,0.00,0.00,0.0,0.00,0.00,0.0,2.00,203573.00,79.9
365,0.00,652.00,652.0,63.72,2.00,1005.00,1007.0,61.72,20,6.75,4630,0.61,4591,50,4,0.00,2.00,2.0,0.00,0.00,0.0,1.00,152031.00,80.0
366,0.00,140.00,140.0,80.4,1.00,1271.00,1272.0,61.75,21,6.75,4637,0.61,4604,50,4,0.00,1.00,1.0,0.00,0.00,0.0,7.00,123439.00,80.6
367,0.00,672.00,672.0,84.8,8.00,1448.00,1456.0,61.76,6,8.05,4638,0.61,4611,50,4,0.00,0.00,0.0,4.00,4.00,8.0,2.00,80969.00,86.4
368,0.00,700.00,700.0,40.15,0.00,1213.00,1213.0,61.77,3,8.05,4641,0.61,4626,50,4,0.00,2.00,2.0,0.00,0.00,0.0,26.00,72028.00,72.9
369,0.00,6368.00,6368.0,25.63,2.00,786.00,788.0,61.77,6,8.05,4641,0.61,4627,50,4,0.00,2.00,2.0,0.00,0.00,0.0,0.00,62038.00,62.9
370,0.00,56.00,56.0,14.05,1.00,565.00,566.0,61.78,2,8.05,4641,0.61,4623,50,4,0.00,1.00,1.0,0.00,0.00,0.0,0.00,59480.00,49.9
371,0.00,52.00,52.0,22.83,1.00,469.00,470.0,61.79,1,8.05,4641,0.61,4614,50,4,0.00,1.00,1.0,0.00,0.00,0.0,0.00,108540.00,50.5
372,0.00,104.00,104.0,16.56,0.00,757.00,757.0,61.79,1,7.73,4640,0.61,4607,50,4,0.00,0.00,0.0,0.00,0.00,0.0,0.00,60067.00,49.9
373,0.00,756.00,756.0,22.29,0.00,1013.00,1013.0,61.81,1,7.73,4641,0.61,4605,50,4,0.00,0.00,0.0,0.00,0.00,0.0,24.00,72015.00,56.8
374,0.00,29428.00,29428.0,13.81,4.00,413.00,417.0,61.81,2,7.73,4641,0.61,4609,50,4,1.00,3.00,4.0,0.00,0.00,0.0,0.00,65247.00,47.3
375,0.00,96.00,96.0,7.1,2.00,278.00,280.0,61.81,2,7.73,4641,0.61,4609,50,4,0.00,2.00,2.0,0.00,0.00,0.0,0.00,25934.00,46.7
376,0.00,496.00,496.0,10.22,0.00,441.00,441.0,61.81,1,7.73,4641,0.61,4609,50,4,0.00,0.00,0.0,0.00,0.00,0.0,1.00,30303.00,46.2
377,0.00,96.00,96.0,6.25,6.00,371.00,377.0,61.82,1,7.11,4641,0.61,4609,50,4,2.00,0.00,2.0,4.00,4.00,8.0,0.00,16769.00,41.0
378,4.00,592.00,596.0,3.26,1.00,158.00,159.0,61.82,0,7.11,4639,0.61,4605,50,4,0.00,1.00,1.0,0.00,0.00,0.0,23.00,10228.00,35.8
379,0.00,20956.00,20956.0,1.66,1.00,133.00,134.0,61.82,2,7.11,4639,0.61,4605,50,4,0.00,1.00,1.0,0.00,0.00,0.0,0.00,4993.00,35.9
380,0.00,48.00,48.0,7.14,6.00,348.00,354.0,61.82,0,7.11,4637,0.61,4598,50,4,4.00,2.00,6.0,0.00,0.00,0.0,0.00,18090.00,36.1
381,0.00,528.00,528.0,23.23,10.00,1215.00,1225.0,61.84,2,7.11,4637,0.61,4589,50,4,10.00,0.00,10.0,0.00,0.00,0.0,1.00,96247.00,50.2
382,0.00,68.00,68.0,53.76,2.00,1697.00,1699.0,61.86,18,6.7,4640,0.61,4601,50,4,2.00,0.00,2.0,0.00,0.00,0.0,4.00,152937.00,73.5
383,0.00,364.00,364.0,63.67,16.00,1267.00,1283.0,61.91,15,6.7,4650,0.61,4610,51,4,14.00,12.00,26.0,0.00,0.00,0.0,28.00,200662.00,82.6
384,0.00,5808.00,5808.0,60.96,2.00,1119.00,1121.0,61.92,2,6.7,4641,0.61,4600,51,4,1.00,2.00,3.0,0.00,0.00,0.0,0.00,189351.00,82.6
385,0.00,552.00,552.0,46.02,1.00,1776.00,1777.0,61.94,5,6.7,4642,0.61,4604,51,4,0.00,1.00,1.0,0.00,0.00,0.0,1.00,124982.00,72.3
386,0.00,852.00,852.0,51.99,8.00,1942.00,1950.0,61.95,3,6.7,4641,0.61,4605,49,4,7.00,3.00,10.0,0.00,0.00,0.0,2.00,105461.00,72.9
387,0.00,1292.00,1292.0,30.26,4.00,1155.00,1159.0,61.96,2,6.16,4641,0.61,4613,49,4,0.00,0.00,0.0,3.96,3.96,7.92,0.00,89700.00,67.4
388,0.00,76.00,76.0,40.86,0.00,392.00,392.0,61.98,7,6.16,4641,0.61,4611,49,4,0.00,0.00,0.0,0.00,0.00,0.0,1.00,106934.00,58.7
389,0.00,456.00,456.0,19.7,4.00,511.00,515.0,61.99,2,6.16,4641,0.61,4606,49,4,4.00,0.00,4.0,0.00,0.00,0.0,22.00,44012.00,59.2
390,0.00,512.00,512.0,33.04,5.00,923.00,928.0,62.02,1,6.16,4641,0.61,4601,49,4,4.00,0.00,4.0,0.00,0.00,0.0,0.00,57369.00,58.9
391,0.00,312.00,312.0,32.03,0.00,778.00,778.0,62.03,1,6.16,4641,0.61,4605,49,4,0.00,0.00,0.0,0.00,0.00,0.0,0.00,52393.00,67.1
392,0.00,8.00,8.0,14.05,2.00,319.00,321.0,62.03,1,5.75,4641,0.61,4601,49,4,2.00,0.00,2.0,0.00,0.00,0.0,0.00,69676.00,50.1
393,0.00,96.00,96.0,13.61,9.00,335.00,344.0,62.02,0,5.75,4640,0.61,4599,49,4,8.00,0.00,8.0,0.00,0.00,0.0,1.00,28527.00,42.8
394,0.00,40492.00,40492.0,12.37,2.00,525.00,527.0,62.02,1,5.75,4640,0.61,4597,49,4,2.00,0.00,2.0,0.00,0.00,0.0,22.00,27087.00,51.1
395,0.00,380.00,380.0,7.5,7.00,217.00,224.0,62.03,0,5.75,4640,0.61,4601,50,5,4.00,3.00,7.0,1.00,1.00,2.0,0.00,11185.00,42.9
396,0.00,72.00,72.0,2.92,6.00,115.00,121.0,62.03,0,5.75,4637,0.61,4592,50,5,4.00,1.00,5.0,0.00,0.00,0.0,0.00,5916.00,36.4
397,0.00,524.00,524.0,4.31,8.00,186.00,194.0,62.03,0,5.29,4634,0.61,4581,50,5,2.00,2.00,4.0,4.00,4.00,8.0,0.00,11471.00,36.5
398,0.00,96.00,96.0,10.49,8.00,446.00,454.0,62.03,0,5.29,4634,0.61,4581,50,5,6.00,2.00,8.0,0.00,0.00,0.0,3.00,44835.00,36.9
399,8.00,740.00,748.0,23.71,1.00,804.00,805.0,62.05,0,5.29,4635,0.61,4584,50,4,0.00,0.00,0.0,0.00,0.00,0.0,26.00,78218.00,54.5
400,0.00,17616.00,17616.0,31.16,0.00,711.00,711.0,62.06,0,5.29,4634,0.61,4592,50,4,0.00,1.00,1.0,0.00,0.00,0.0,1.00,135051.00,64.4
401,0.00,840.00,840.0,30.26,2.00,659.00,661.0,62.07,7,5.29,4633,0.61,4586,50,4,0.00,2.00,2.0,0.00,0.00,0.0,3.00,112820.00,59.1
402,0.00,632.00,632.0,32.42,4.00,1101.00,1105.0,62.08,3,5.34,4639,0.61,4594,50,4,4.00,0.00,4.0,0.00,0.00,0.0,6.00,61492.00,59.2
403,16.00,840.00,856.0,43.09,2.00,1447.00,1449.0,62.09,7,5.34,4641,0.61,4598,50,4,2.00,0.00,2.0,0.00,0.00,0.0,5.00,94826.00,72.9
404,0.00,412.00,412.0,39.01,3.00,1141.00,1144.0,62.1,1,5.34,4641,0.61,4603,50,4,0.00,3.00,3.0,0.00,0.00,0.0,24.00,99787.00,66.3
405,8.00,13792.00,13800.0,50.96,1.00,815.00,816.0,62.12,1,5.34,4641,0.61,4610,50,4,1.00,1.00,2.0,0.00,0.00,0.0,0.00,190838.00,76.5
406,0.00,1560.00,1560.0,47.2,4.00,1288.00,1292.0,62.14,11,5.34,4641,0.61,4601,50,4,4.00,0.00,4.0,0.00,0.00,0.0,0.00,115516.00,65.9
407,0.00,566.34,566.34,55.99,7.00,1646.00,1653.0,62.18,4,5.16,4641,0.61,4606,50,4,0.00,3.00,3.0,4.00,4.00,8.0,0.00,117626.00,82.5
408,0.00,388.00,388.0,43.42,0.00,1034.00,1034.0,62.2,4,5.16,4641,0.61,4609,50,4,0.00,0.00,0.0,0.00,0.00,0.0,1.00,123580.00,73.3
409,0.00,464.00,464.0,25.44,2.00,792.00,794.0,62.26,13,5.16,4641,0.61,4608,50,4,2.00,0.00,2.0,0.00,0.00,0.0,21.78,62175.25,55.2
410,0.00,7700.00,7700.0,39.23,0.00,985.00,985.0,62.37,0,5.16,4641,0.61,4606,50,4,0.00,0.00,0.0,0.00,0.00,0.0,0.00,65036.00,73.0
411,0.00,612.00,612.0,16.65,4.00,548.00,552.0,62.38,6,5.16,4641,0.61,4604,50,4,4.00,0.00,4.0,0.00,0.00,0.0,0.00,77581.00,50.5
412,0.00,48.00,48.0,6.85,3.00,279.00,282.0,62.26,0,4.74,4641,0.61,4602,50,4,2.00,0.00,2.0,0.00,0.00,0.0,0.00,27267.00,40.2
413,0.00,396.00,396.0,10.21,0.00,465.00,465.0,62.22,0,4.74,4641,0.61,4602,50,4,0.00,0.00,0.0,0.00,0.00,0.0,1.00,23798.00,40.6
414,4.00,620.00,624.0,6.78,13.00,384.00,397.0,62.22,0,4.74,4641,0.61,4601,50,4,10.00,3.00,13.0,0.00,0.00,0.0,8.00,20035.00,40.6
415,0.00,30676.00,30676.0,17.32,1.00,659.00,660.0,62.23,2,4.74,4641,0.61,4595,50,4,0.00,1.00,1.0,0.00,0.00,0.0,14.00,55721.00,41.0
416,0.00,988.00,988.0,19.47,2.00,805.00,807.0,62.23,10,4.74,4640,0.61,4590,50,4,2.00,0.00,2.0,0.00,0.00,0.0,0.00,84943.00,56.9
417,0.00,1348.00,1348.0,57.04,6.00,695.00,701.0,62.26,3,4.52,4639,0.61,4588,50,4,6.00,0.00,6.0,0.00,0.00,0.0,0.00,111530.00,74.1
418,0.00,124.00,124.0,38.13,2.00,662.00,664.0,62.27,14,4.52,4639,0.61,4588,50,4,2.00,0.00,2.0,0.00,0.00,0.0,1.00,104751.00,73.9
419,0.00,408.00,408.0,25.09,4.00,985.00,989.0,62.29,2,4.52,4640,0.61,4590,50,4,2.00,0.00,2.0,0.00,0.00,0.0,1.00,59672.00,59.8
420,4.00,3664.00,3668.0,23.74,6.00,1208.00,1214.0,62.28,10,4.52,4640,0.61,4588,50,4,6.00,0.00,6.0,0.00,0.00,0.0,23.00,64336.00,54.3
421,12.00,196.00,208.0,36.14,0.00,1236.00,1236.0,62.29,4,4.52,4642,0.61,4583,50,4,0.00,0.00,0.0,0.00,0.00,0.0,2.00,125214.00,65.3
422,0.00,336.00,336.0,54.86,3.00,845.00,848.0,62.31,12,4.56,4641,0.61,4592,50,4,2.00,0.00,2.0,0.00,0.00,0.0,0.00,154931.00,71.5
423,0.00,968.00,968.0,66.71,8.00,1007.00,1015.0,62.33,9,4.56,4641,0.61,4585,50,4,8.00,0.00,8.0,0.00,0.00,0.0,1.00,124095.00,84.3
424,0.00,472.00,472.0,45.2,0.00,1513.00,1513.0,62.35,12,4.56,4642,0.61,4584,50,4,0.00,0.00,0.0,0.00,0.00,0.0,1.00,130480.00,73.0
425,0.00,12196.00,12196.0,50.06,1.00,1494.00,1495.0,62.37,2,4.56,4642,0.61,4582,50,4,0.00,1.00,1.0,0.00,0.00,0.0,23.00,149430.00,73.4
426,0.00,536.00,536.0,36.36,5.00,995.00,1000.0,62.38,0,4.56,4642,0.61,4584,49,5,4.00,0.00,4.0,1.00,0.00,1.0,0.00,82777.00,73.2
427,0.00,628.00,628.0,18.86,6.00,995.00,1001.0,62.39,2,4.44,4642,0.61,4583,49,5,0.00,0.00,0.0,4.00,4.00,8.0,0.00,72517.00,52.2
428,0.00,352.00,352.0,23.52,0.00,417.00,417.0,62.39,0,4.44,4642,0.61,4587,49,5,0.00,0.00,0.0,0.00,0.00,0.0,1.00,61275.00,62.4
429,0.00,40.00,40.0,11.82,0.00,458.00,458.0,62.4,0,4.44,4642,0.61,4579,49,5,0.00,0.00,0.0,0.00,0.00,0.0,0.00,31971.00,41.4
430,4.00,29400.00,29404.0,7.2,1.00,427.00,428.0,62.41,1,4.44,4642,0.61,4580,49,6,0.00,0.00,0.0,1.00,1.00,2.0,23.00,23424.00,41.6
431,0.00,24.00,24.0,1.79,1.00,138.00,139.0,62.41,0,4.44,4642,0.61,4577,49,5,0.00,1.00,1.0,0.00,0.00,0.0,0.00,7868.00,41.1
432,0.00,52.00,52.0,10.36,0.00,590.00,590.0,62.41,11,4.24,4642,0.61,4571,49,5,0.00,0.00,0.0,0.00,0.00,0.0,0.00,38793.00,40.7
433,0.00,124.00,124.0,50.19,0.00,478.00,478.0,62.42,1,4.24,4642,0.61,4572,49,5,0.00,0.00,0.0,0.00,0.00,0.0,2.00,58186.00,70.9
434,0.00,64.00,64.0,29.14,0.00,350.00,350.0,62.43,4,4.24,4642,0.61,4582,49,4,0.00,0.00,0.0,0.00,0.00,0.0,0.00,120030.00,65.1
435,0.00,32768.00,32768.0,13.49,0.00,495.00,495.0,62.44,4,4.24,4642,0.61,4582,49,4,0.00,0.00,0.0,0.00,0.00,0.0,23.00,50068.00,47.5
436,0.00,464.00,464.0,13.81,6.00,797.00,803.0,62.44,2,4.24,4644,0.61,4585,50,4,6.00,4.00,10.0,0.00,0.00,0.0,3.00,47327.00,47.8
437,0.00,100.00,100.0,6.11,5.00,265.00,270.0,62.45,0,3.9,4644,0.61,4590,50,4,5.00,7.00,12.0,0.00,0.00,0.0,0.00,13863.00,47.3
438,0.00,464.00,464.0,7.29,0.00,390.00,390.0,62.45,0,3.9,4644,0.61,4588,50,4,0.00,0.00,0.0,0.00,0.00,0.0,1.00,19084.00,38.2
439,0.00,32.00,32.0,9.57,3.00,360.00,363.0,62.45,0,3.9,4642,0.61,4582,49,4,3.00,3.00,6.0,0.00,0.00,0.0,2.00,39242.00,38.7
440,0.00,456.00,456.0,32.18,0.00,298.00,298.0,62.46,1,3.9,4642,0.61,4576,49,4,0.00,0.00,0.0,0.00,0.00,0.0,25.00,65354.00,49.5
441,0.00,10000.00,10000.0,24.5,0.00,969.00,969.0,62.46,2,3.9,4642,0.61,4572,49,4,0.00,0.00,0.0,0.00,0.00,0.0,0.00,61525.00,65.0
442,0.00,100.00,100.0,38.77,0.00,1498.00,1498.0,62.48,1,4.07,4641,0.61,4570,49,4,0.00,0.00,0.0,0.00,0.00,0.0,4.00,136359.00,65.2
443,0.00,548.00,548.0,63.97,0.00,830.69,830.69,62.49,20,4.07,4641,0.61,4585,49,4,0.00,0.00,0.0,0.00,0.00,0.0,3.00,142605.00,76.1
444,0.00,88.00,88.0,76.47,0.00,922.00,922.0,62.51,8,4.07,4640,0.61,4581,49,4,0.00,0.00,0.0,0.00,0.00,0.0,0.00,123672.00,86.7
445,4.00,764.00,768.0,52.61,0.00,1391.00,1391.0,62.55,6,4.07,4653,0.61,4579,49,4,0.00,0.00,0.0,0.00,0.00,0.0,22.00,128041.00,77.9
446,0.00,13336.00,13336.0,39.65,0.00,1321.00,1321.0,62.54,4,4.07,4641,0.61,4582,49,4,0.00,0.00,0.0,0.00,0.00,0.0,1.00,108783.00,70.9
447,0.00,1304.00,1304.0,52.97,6.00,1084.00,1090.0,62.58,2,4.06,4642,0.61,4582,49,4,2.00,0.00,2.0,4.00,4.00,8.0,1.00,101431.00,76.2
448,0.00,208.00,208.0,30.69,0.00,851.00,851.0,62.59,0,4.06,4642,0.61,4580,49,4,0.00,0.00,0.0,0.00,0.00,0.0,1.00,86636.00,70.6
449,0.00,428.00,428.0,22.78,5.00,1052.00,1057.0,62.61,1,4.06,4642,0.61,4577,49,4,4.00,0.00,4.0,0.00,0.00,0.0,0.00,93382.00,57.2
450,0.00,574.26,574.26,20.1,2.00,989.00,991.0,62.62,4,4.06,4642,0.61,4577,49,4,2.00,0.00,2.0,0.00,0.00,0.0,0.00,93038.00,57.1
451,4.00,16056.00,16060.0,45.64,0.00,791.00,791.0,62.64,2,4.06,4642,0.61,4574,49,4,0.00,0.00,0.0,0.00,0.00,0.0,26.00,99439.00,62.5
452,0.00,176.00,176.0,20.13,5.00,666.00,671.0,62.64,1,3.9,4642,0.61,4576,49,4,4.00,0.00,4.0,0.00,0.00,0.0,0.00,83964.00,62.8
453,0.00,160.00,160.0,18.19,4.00,735.00,739.0,62.65,0,3.9,4642,0.61,4572,49,4,3.96,0.00,3.96,0.00,0.00,0.0,1.00,59750.00,50.5
454,0.00,648.00,648.0,10.93,0.00,612.00,612.0,62.65,2,3.9,4642,0.61,4575,49,4,0.00,0.00,0.0,0.00,0.00,0.0,0.00,29980.00,50.1
455,0.00,652.00,652.0,6.57,7.00,385.00,392.0,62.66,1,3.9,4642,0.61,4575,49,4,6.00,0.00,6.0,0.00,0.00,0.0,0.00,22941.00,40.7
456,0.00,9832.00,9832.0,10.53,10.00,440.00,450.0,62.66,0,3.9,4642,0.61,4573,49,4,10.00,0.00,10.0,0.00,0.00,0.0,22.00,40875.00,41.1
457,0.00,604.00,604.0,16.12,0.00,317.00,317.0,62.67,0,3.59,4641,0.61,4565,49,4,0.00,0.00,0.0,0.00,0.00,0.0,0.00,67656.00,50.4
458,0.00,124.00,124.0,7.49,4.00,425.00,429.0,62.67,5,3.59,4640,0.61,4562,49,4,4.00,0.00,4.0,0.00,0.00,0.0,2.00,35060.00,40.5
459,0.00,824.00,824.0,23.27,6.00,1406.00,1412.0,62.68,3,3.59,4640,0.61,4559,49,4,6.00,0.00,6.0,0.00,0.00,0.0,2.00,94119.00,50.1
460,0.00,300.00,300.0,33.21,2.00,1180.00,1182.0,62.69,14,3.59,4641,0.61,4576,49,4,2.00,0.00,2.0,0.00,0.00,0.0,1.00,140661.00,64.4
461,0.00,11124.00,11124.0,47.03,0.00,946.00,946.0,62.71,2,3.59,4640,0.61,4572,49,4,0.00,0.00,0.0,0.00,0.00,0.0,25.00,172411.00,70.6
462,0.00,1052.00,1052.0,43.65,0.00,1298.00,1298.0,62.73,5,3.7,4641,0.61,4570,49,4,0.00,0.00,0.0,0.00,0.00,0.0,1.00,140134.00,70.8
463,0.00,1080.00,1080.0,65.03,6.00,1630.00,1636.0,62.73,12,3.7,4641,0.61,4571,49,4,6.00,0.00,6.0,0.00,0.00,0.0,2.00,115553.00,75.9
464,8.00,460.00,468.0,56.97,0.00,1068.00,1068.0,62.75,4,3.7,4642,0.61,4572,49,4,0.00,0.00,0.0,0.00,0.00,0.0,1.00,111902.00,83.4
465,0.00,112.00,112.0,52.62,2.00,792.00,794.0,62.78,2,3.7,4642,0.61,4576,49,6,0.00,0.00,0.0,2.00,1.00,3.0,0.00,75931.00,72.6
466,8.00,38364.00,38372.0,24.74,2.00,1242.00,1244.0,62.78,0,3.7,4643,0.61,4573,49,6,2.00,0.00,2.0,0.00,0.00,0.0,23.00,103100.00,66.0
467,0.00,772.00,772.0,29.23,4.00,918.00,922.0,62.8,5,3.48,4643,0.61,4569,49,6,0.00,0.00,0.0,4.00,4.00,8.0,0.00,92159.00,66.0
468,0.00,144.00,144.0,36.33,0.00,721.00,721.0,62.8,1,3.48,4643,0.61,4571,49,6,0.00,0.00,0.0,0.00,0.00,0.0,1.00,129403.00,65.9
469,0.00,384.00,384.0,20.38,0.00,669.00,669.0,62.81,2,3.48,4643,0.61,4578,49,5,0.00,0.00,0.0,0.00,0.00,0.0,0.00,52788.00,65.6
470,0.00,312.00,312.0,14.63,0.00,761.00,761.0,62.82,3,3.48,4643,0.61,4580,50,4,0.00,1.00,1.0,0.00,0.00,0.0,0.00,57608.00,48.3
471,0.00,512.00,512.0,8.58,0.00,390.00,390.0,62.82,1,3.48,4643,0.61,4583,50,4,0.00,0.00,0.0,0.00,0.00,0.0,23.00,22479.00,48.0
472,0.00,20536.00,20536.0,3.67,9.00,236.00,245.0,62.82,0,3.2,4643,0.61,4580,50,4,8.00,0.00,8.0,0.00,0.00,0.0,0.00,6807.00,38.7
473,0.00,88.00,88.0,2.8,2.00,123.00,125.0,62.83,0,3.2,4642,0.61,4578,49,5,0.00,0.00,0.0,1.00,0.00,1.0,1.00,5665.00,38.3
474,0.00,664.00,664.0,3.81,4.00,261.00,265.0,62.83,0,3.2,4640,0.61,4571,49,5,4.00,0.00,4.0,0.00,0.00,0.0,0.00,12793.00,38.1
475,0.00,180.00,180.0,8.85,4.00,457.00,461.0,62.83,3,3.2,4639,0.61,4567,49,5,4.00,0.00,4.0,0.00,0.00,0.0,2.00,37932.00,38.3
476,0.00,392.00,392.0,7.73,0.00,315.00,315.0,62.83,4,3.2,4639,0.61,4561,49,5,0.00,0.00,0.0,0.00,0.00,0.0,11.00,40699.00,38.8
477,0.00,15096.00,15096.0,10.91,10.00,353.00,363.0,62.84,7,3.19,4636,0.61,4554,49,5,6.00,0.00,6.0,4.00,4.00,8.0,15.00,51393.00,47.0
478,0.00,132.00,132.0,28.39,13.00,972.00,985.0,62.85,3,3.19,4633,0.61,4547,50,4,12.00,1.00,13.0,0.00,0.00,0.0,2.00,74089.00,47.4
479,0.00,440.00,440.0,53.6,0.00,1183.00,1183.0,62.86,6,3.19,4635,0.61,4552,50,4,0.00,0.00,0.0,0.00,0.00,0.0,4.00,98879.00,75.0
480,0.00,936.00,936.0,61.1,8.00,871.00,879.0,62.87,9,3.19,4639,0.61,4566,50,4,6.00,0.00,6.0,0.00,0.00,0.0,4.00,144268.00,75.6
481,0.00,68.00,68.0,48.44,4.00,1584.00,1588.0,62.89,10,3.19,4639,0.61,4565,50,4,6.00,0.00,6.0,0.00,0.00,0.0,0.00,145066.00,75.6
482,4.00,15572.00,15576.0,41.48,1.00,1828.00,1829.0,62.92,9,3.97,4643,0.61,4569,50,4,0.00,0.00,0.0,0.00,0.00,0.0,25.00,171109.00,75.6
483,4.00,932.00,936.0,60.5,6.00,1532.00,1538.0,62.94,6,3.97,4643,0.61,4579,50,4,6.00,0.00,6.0,0.00,0.00,0.0,1.00,176824.00,76.0
484,0.00,988.00,988.0,48.17,0.00,1429.00,1429.0,62.96,0,3.97,4643,0.61,4580,50,4,0.00,0.00,0.0,0.00,0.00,0.0,0.00,129928.00,75.9
485,4.00,552.00,556.0,45.69,1.00,1669.00,1670.0,62.98,5,3.97,4643,0.61,4585,50,4,0.00,0.00,0.0,0.00,0.00,0.0,0.00,168014.00,75.4
486,0.00,360.00,360.0,23.39,4.00,932.00,936.0,62.99,1,3.97,4643,0.61,4588,50,4,4.00,0.00,4.0,0.00,0.00,0.0,0.00,62769.00,68.2
487,4.00,14384.00,14388.0,17.24,3.00,781.00,784.0,63.0,5,3.98,4644,0.61,4591,51,4,2.00,2.00,4.0,0.00,0.00,0.0,25.00,58451.00,48.6
488,0.00,412.00,412.0,11.59,11.00,394.00,405.0,63.0,0,3.98,4645,0.61,4597,50,5,9.00,10.00,19.0,1.00,0.00,1.0,1.00,22156.00,48.8
489,0.00,28.00,28.0,2.78,0.00,188.00,188.0,63.0,0,3.98,4645,0.61,4594,50,5,0.00,0.00,0.0,0.00,0.00,0.0,0.00,6875.00,36.7
490,0.00,68.00,68.0,2.79,4.00,138.00,142.0,63.0,0,3.98,4642,0.61,4588,49,5,3.00,3.00,6.0,0.00,0.00,0.0,0.00,5525.00,36.7
491,0.00,28.00,28.0,2.29,0.00,127.00,127.0,63.0,0,3.98,4638,0.61,4578,49,5,0.00,0.00,0.0,0.00,0.00,0.0,0.00,6091.00,36.4
492,0.00,10436.00,10436.0,5.04,0.00,322.00,322.0,63.0,0,3.66,4635,0.61,4571,49,5,0.00,0.00,0.0,0.00,0.00,0.0,0.00,16846.00,36.5
493,4.00,464.00,468.0,10.62,1.00,466.00,467.0,63.01,1,3.66,4638,0.61,4577,49,5,0.00,1.00,1.0,1.00,0.00,1.0,31.00,45454.00,43.4
494,0.00,312.00,312.0,10.77,0.00,285.00,285.0,63.01,0,3.66,4637,0.61,4573,49,5,0.00,0.00,0.0,0.00,0.00,0.0,2.00,64435.00,43.1
495,0.00,272.00,272.0,11.56,0.00,437.00,437.0,63.02,0,3.66,4635,0.61,4568,49,5,0.00,0.00,0.0,0.00,0.00,0.0,2.00,28214.00,43.0
496,0.00,344.00,344.0,30.19,0.00,1137.00,1137.0,63.02,5,3.66,4637,0.61,4568,49,5,0.00,0.00,0.0,0.00,0.00,0.0,2.00,80499.00,56.9
497,0.00,26568.00,26568.0,46.41,4.00,861.00,865.0,63.04,1,4.01,4639,0.61,4578,49,5,0.00,0.00,0.0,4.00,4.00,8.0,3.00,108159.00,63.3
498,0.00,1108.00,1108.0,28.68,0.00,788.00,788.0,63.05,4,4.01,4640,0.61,4577,49,5,0.00,0.00,0.0,0.00,0.00,0.0,24.00,121369.00,70.5
499,4.00,648.00,652.0,53.97,0.00,1617.00,1617.0,63.07,17,4.01,4641,0.61,4575,50,4,0.00,1.00,1.0,0.00,0.00,0.0,1.00,133697.00,70.5
500,0.00,128.00,128.0,80.98,3.00,1399.00,1402.0,63.11,6,4.01,4641,0.61,4592,50,5,2.00,0.00,2.0,1.00,1.00,2.0,0.00,128920.00,83.2
501,0.00,80.00,80.0,47.03,0.00,1649.00,1649.0,63.14,14,4.01,4643,0.61,4601,50,5,0.00,0.00,0.0,0.00,0.00,0.0,2.00,185376.00,82.7
502,12.00,4920.00,4932.0,52.87,1.00,1207.00,1208.0,63.14,2,4.0,4643,0.61,4602,49,6,0.00,0.00,0.0,1.00,0.00,1.0,0.00,146923.00,82.2
503,4.00,1068.00,1072.0,40.6,0.00,1376.00,1376.0,63.16,7,4.0,4643,0.61,4594,49,6,0.00,0.00,0.0,0.00,0.00,0.0,26.00,167403.00,63.8
504,0.00,680.00,680.0,35.8,0.00,1416.00,1416.0,63.17,11,4.0,4643,0.61,4600,49,5,0.00,0.00,0.0,0.00,0.00,0.0,0.00,78986.00,70.1
505,0.00,384.00,384.0,17.89,0.00,765.00,765.0,63.17,0,4.0,4643,0.61,4602,49,5,0.00,0.00,0.0,0.00,0.00,0.0,0.00,58944.00,55.9
506,0.00,272.00,272.0,10.92,0.00,557.00,557.0,63.18,0,4.0,4643,0.61,4606,49,5,0.00,0.00,0.0,0.00,0.00,0.0,0.00,24195.00,47.5
507,0.00,27856.00,27856.0,3.67,6.00,217.00,223.0,63.18,0,3.92,4643,0.61,4601,50,4,6.00,1.00,7.0,0.00,0.00,0.0,0.00,7744.00,36.4
508,0.00,612.00,612.0,3.18,5.00,185.00,190.0,63.19,0,3.92,4640,0.61,4593,50,4,4.00,0.00,4.0,0.00,0.00,0.0,23.00,9499.00,36.7
509,0.00,32.00,32.0,3.15,2.00,136.00,138.0,63.18,0,3.92,4638,0.61,4587,50,4,2.00,0.00,2.0,0.00,0.00,0.0,0.00,6039.00,36.6
510,0.00,348.00,348.0,2.81,7.00,204.00,211.0,63.19,0,3.92,4638,0.61,4587,50,4,6.00,1.00,7.0,0.00,0.00,0.0,0.00,7118.00,36.6
511,0.00,28.00,28.0,2.55,1.00,152.00,153.0,63.19,0,3.92,4636,0.61,4583,50,4,0.00,0.00,0.0,0.00,0.00,0.0,0.00,5539.00,36.5
512,0.00,10016.00,10016.0,2.41,2.00,125.00,127.0,63.19,0,3.61,4630,0.61,4571,50,4,2.00,0.00,2.0,0.00,0.00,0.0,0.00,5940.00,36.2
513,0.00,9276.00,9276.0,4.59,11.00,304.00,315.0,63.19,6,3.61,4623,0.61,4556,50,4,10.00,1.00,11.0,0.00,0.00,0.0,22.00,17030.00,36.2
514,0.00,308.00,308.0,16.62,11.00,434.00,445.0,63.2,1,3.61,4624,0.61,4554,50,4,8.00,2.00,10.0,0.00,0.00,0.0,4.00,36185.00,43.8
515,0.00,964.00,964.0,18.35,4.00,340.00,344.0,63.19,6,3.61,4626,0.61,4561,50,4,2.00,0.00,2.0,0.00,0.00,0.0,7.00,61666.00,52.2
516,0.00,84.00,84.0,20.03,8.00,1242.00,1250.0,63.21,16,3.61,4629,0.61,4561,50,4,10.00,0.00,10.0,0.00,0.00,0.0,4.00,80383.00,52.1
517,0.00,1096.00,1096.0,53.37,10.00,2116.00,2126.0,63.22,17,3.8,4634,0.61,4573,50,4,6.00,0.00,6.0,4.00,4.00,8.0,6.00,167400.00,66.7
518,0.00,12572.00,12572.0,75.75,0.00,1516.00,1516.0,63.28,23,3.8,4649,0.61,4592,50,4,0.00,0.00,0.0,0.00,0.00,0.0,26.00,153015.00,84.0
519,0.00,964.00,964.0,70.69,0.00,1385.00,1385.0,63.28,6,3.8,4639,0.61,4614,50,4,0.00,0.00,0.0,0.00,0.00,0.0,4.00,217948.00,84.0
520,0.00,580.00,580.0,44.01,0.00,1784.00,1784.0,63.33,18,3.8,4640,0.61,4611,50,4,0.00,0.00,0.0,0.00,0.00,0.0,1.00,189381.00,77.1
521,0.00,1032.00,1032.0,76.26,6.00,2149.00,2155.0,63.35,18,3.8,4643,0.61,4616,50,4,0.00,6.00,6.0,0.00,0.00,0.0,3.00,142070.00,77.5
522,0.00,1496.00,1496.0,67.47,0.00,1685.00,1685.0,63.36,2,3.9,4643,0.61,4624,50,4,0.00,0.00,0.0,0.00,0.00,0.0,0.00,86972.00,86.0
523,0.00,23900.00,23900.0,23.86,0.00,866.00,866.0,63.37,1,3.9,4643,0.61,4628,50,4,0.00,0.00,0.0,0.00,0.00,0.0,1.00,51586.00,68.3
524,0.00,888.00,888.0,6.93,4.00,319.00,323.0,63.38,1,3.9,4643,0.61,4630,50,4,2.00,3.00,5.0,0.00,0.00,0.0,23.00,15563.00,45.8
525,0.00,52.00,52.0,3.28,5.00,220.00,225.0,63.38,0,3.9,4643,0.61,4625,50,4,4.00,1.00,5.0,0.00,0.00,0.0,0.00,7479.00,36.5
526,0.00,300.00,300.0,3.31,2.00,197.00,199.0,63.38,0,3.9,4643,0.61,4622,50,4,2.00,0.00,2.0,0.00,0.00,0.0,0.00,6820.00,36.5
527,0.00,444.00,444.0,2.92,4.00,156.00,160.0,63.38,0,3.58,4642,0.61,4619,50,4,0.00,0.00,0.0,4.00,4.00,8.0,0.00,6459.00,36.4
528,0.00,22516.00,22516.0,3.54,9.00,185.00,194.0,63.38,0,3.58,4642,0.61,4618,49,4,8.00,0.00,8.0,0.00,0.00,0.0,1.00,7047.00,36.5
529,4.00,392.00,396.0,2.93,2.00,145.00,147.0,63.39,0,3.58,4637,0.61,4610,49,4,2.00,0.00,2.0,0.00,0.00,0.0,22.00,8890.00,36.5
530,0.00,76.00,76.0,3.31,2.00,247.00,249.0,63.39,0,3.58,4631,0.61,4595,49,4,2.00,0.00,2.0,0.00,0.00,0.0,1.00,14063.00,36.4
531,0.00,368.00,368.0,10.26,6.00,460.00,466.0,63.39,1,3.58,4630,0.61,4589,49,4,6.00,0.00,6.0,0.00,0.00,0.0,8.00,39195.00,36.8
532,0.00,60.00,60.0,17.09,2.00,346.00,348.0,63.43,6,3.7,4631,0.61,4591,49,4,2.00,0.00,2.0,0.00,0.00,0.0,5.00,62319.00,47.0
533,0.00,11776.00,11776.0,7.52,7.00,336.00,343.0,63.41,1,3.7,4630,0.61,4586,49,4,5.00,1.00,6.0,0.00,0.00,0.0,2.00,27113.00,47.3
534,4.00,672.00,676.0,33.66,10.00,1364.00,1374.0,63.43,10,3.7,4636,0.61,4593,49,4,8.00,0.00,8.0,0.00,0.00,0.0,34.00,83342.00,57.2
535,0.00,1232.00,1232.0,71.76,4.00,1850.00,1854.0,63.45,17,3.7,4640,0.61,4606,50,5,2.00,4.00,6.0,1.00,1.00,2.0,4.00,148270.00,75.9
536,0.00,628.00,628.0,68.49,0.00,1760.00,1760.0,63.47,21,3.7,4642,0.61,4621,50,5,0.00,0.00,0.0,0.00,0.00,0.0,2.00,184711.00,83.7
537,20.00,1060.00,1080.0,72.8,6.00,1150.00,1156.0,63.51,2,4.52,4643,0.61,4632,50,5,1.00,1.00,2.0,4.00,4.00,8.0,1.00,205266.00,83.8
538,0.00,2052.00,2052.0,57.86,2.00,1490.00,1492.0,63.53,18,4.52,4644,0.61,4633,50,5,0.00,2.00,2.0,0.00,0.00,0.0,2.00,197891.00,83.6
539,0.00,1156.00,1156.0,54.44,1.00,2166.00,2167.0,63.56,15,4.52,4644,0.61,4629,50,4,0.00,1.00,1.0,0.00,0.00,0.0,24.00,148359.00,77.8
540,0.00,1296.00,1296.0,70.46,12.00,1971.00,1983.0,63.58,8,4.52,4646,0.61,4642,51,4,9.00,9.00,18.0,0.00,0.00,0.0,3.00,95509.00,78.1
541,0.00,328.00,328.0,38.93,2.00,925.00,927.0,63.59,2,4.52,4646,0.61,4651,51,4,2.00,4.00,6.0,0.00,0.00,0.0,0.00,40956.00,78.1
542,0.00,68.00,68.0,12.12,3.00,186.00,189.0,63.59,0,4.24,4644,0.61,4647,51,4,2.00,3.00,5.0,0.00,0.00,0.0,0.00,7743.00,58.0
543,0.00,5956.00,5956.0,2.93,8.00,201.00,209.0,63.59,0,4.24,4644,0.61,4643,50,4,6.00,3.00,9.0,0.00,0.00,0.0,1.00,7441.00,38.1
544,4.00,556.00,560.0,2.53,9.00,204.00,213.0,63.59,0,4.24,4644,0.61,4639,50,4,8.00,0.00,8.0,0.00,0.00,0.0,22.00,10503.00,37.9
545,0.00,76.00,76.0,2.66,2.00,135.00,137.0,63.59,1,4.24,4643,0.61,4636,50,4,2.00,1.00,3.0,0.00,0.00,0.0,0.00,5557.00,37.8
546,0.00,76.00,76.0,3.69,2.00,159.00,161.0,63.6,0,4.24,4638,0.61,4626,50,4,2.00,0.00,2.0,0.00,0.00,0.0,0.00,6578.00,37.7
547,0.00,64.00,64.0,3.17,5.00,188.00,193.0,63.59,0,3.9,4632,0.61,4614,50,4,0.00,0.00,0.0,4.00,4.00,8.0,0.00,6280.00,37.5
548,0.00,44408.00,44408.0,2.79,1.00,123.00,124.0,63.6,0,3.9,4630,0.61,4610,50,4,0.00,1.00,1.0,0.00,0.00,0.0,1.00,6287.00,37.2
549,0.00,560.00,560.0,2.67,2.00,148.00,150.0,63.6,0,3.9,4622,0.61,4594,50,4,0.00,2.00,2.0,0.00,0.00,0.0,16.00,7685.00,37.0
550,0.00,212.00,212.0,3.82,0.00,139.00,139.0,63.6,1,3.9,4618,0.61,4586,50,4,0.00,0.00,0.0,0.00,0.00,0.0,7.00,7458.00,37.1
551,0.00,32.00,32.0,2.16,0.00,121.00,121.0,63.6,0,3.9,4614,0.61,4578,50,4,0.00,0.00,0.0,0.00,0.00,0.0,0.00,5828.00,36.9
552,0.00,68.00,68.0,9.23,1.00,567.00,568.0,63.6,4,3.83,4617,0.61,4581,50,4,0.00,1.00,1.0,0.00,0.00,0.0,3.00,33466.00,36.8
553,0.00,21724.00,21724.0,45.52,0.00,1492.08,1492.08,63.6,12,3.83,4624,0.61,4583,50,4,0.00,0.00,0.0,0.00,0.00,0.0,7.92,117670.30,56.8
554,0.00,76.00,76.0,79.75,0.00,1601.00,1601.0,63.68,34,3.83,4629,0.61,4593,50,4,0.00,0.00,0.0,0.00,0.00,0.0,6.00,145754.00,85.5
555,8.00,644.00,652.0,73.27,2.00,1683.00,1685.0,63.72,2,3.83,4631,0.61,4606,50,4,0.00,2.00,2.0,0.00,0.00,0.0,25.00,183501.00,85.6
556,0.00,656.00,656.0,63.52,2.00,1638.00,1640.0,63.75,16,3.83,4635,0.61,4612,50,4,0.00,1.00,1.0,0.00,0.00,0.0,4.00,226915.00,85.3
557,0.00,508.00,508.0,59.69,0.00,1824.00,1824.0,63.78,11,3.68,4640,0.61,4625,50,4,0.00,0.00,0.0,0.00,0.00,0.0,5.00,193991.00,85.1
558,0.00,848.00,848.0,55.98,0.00,2577.00,2577.0,63.77,13,3.68,4644,0.61,4637,50,4,0.00,0.00,0.0,0.00,0.00,0.0,5.00,147955.00,77.4
559,0.00,9820.00,9820.0,44.33,0.00,1835.00,1835.0,63.8,1,3.68,4644,0.61,4647,50,4,0.00,0.00,0.0,0.00,0.00,0.0,0.00,79046.00,77.2
560,4.00,484.00,488.0,10.77,0.00,375.00,375.0,63.81,0,3.68,4644,0.61,4654,50,4,0.00,0.00,0.0,0.00,0.00,0.0,22.00,22710.00,55.6
561,0.00,32.00,32.0,2.17,0.00,141.00,141.0,63.81,0,3.68,4644,0.61,4653,50,4,0.00,0.00,0.0,0.00,0.00,0.0,0.00,5863.00,35.6
562,0.00,64.00,64.0,3.67,4.00,211.00,215.0,63.81,0,3.47,4644,0.61,4646,50,4,4.00,0.00,4.0,0.00,0.00,0.0,1.00,7084.00,35.7
563,0.00,136.00,136.0,2.67,10.00,208.00,218.0,63.82,0,3.47,4640,0.61,4636,50,4,7.00,4.00,11.0,0.00,0.00,0.0,1.00,7417.00,35.7
564,0.00,21976.00,21976.0,1.66,3.00,120.00,123.0,63.82,0,3.47,4637,0.61,4628,50,4,2.00,1.00,3.0,0.00,0.00,0.0,0.00,5173.00,35.7
565,0.00,540.00,540.0,3.3,4.00,178.00,182.0,63.82,0,3.47,4636,0.61,4626,50,4,4.00,0.00,4.0,0.00,0.00,0.0,22.00,9201.00,35.6
566,0.00,28.00,28.0,2.17,3.00,167.00,170.0,63.82,0,3.47,4632,0.61,4618,50,4,2.00,0.00,2.0,0.00,0.00,0.0,0.00,6149.00,35.6
567,0.00,88.00,88.0,2.28,6.00,150.00,156.0,63.82,0,3.19,4625,0.61,4604,50,4,2.00,0.00,2.0,4.00,4.00,8.0,0.00,6032.00,35.6
568,0.00,812.00,812.0,3.16,4.00,188.00,192.0,63.82,0,3.19,4618,0.61,4590,50,4,4.00,0.00,4.0,0.00,0.00,0.0,1.00,7281.00,35.7
569,0.00,9836.00,9836.0,3.42,7.00,219.00,226.0,63.82,0,3.19,4616,0.61,4585,50,4,6.00,0.00,6.0,0.00,0.00,0.0,0.00,7985.00,35.7
570,4.00,748.00,752.0,6.73,2.00,438.00,440.0,63.83,5,3.19,4618,0.61,4588,50,4,2.00,0.00,2.0,0.00,0.00,0.0,26.00,32812.00,35.9
571,0.00,288.00,288.0,25.57,12.00,1469.00,1481.0,63.85,16,3.19,4629,0.61,4598,49,4,10.00,1.00,11.0,0.00,0.00,0.0,14.00,104421.00,49.8
572,0.00,88.00,88.0,80.35,1.00,1435.00,1436.0,63.89,14,3.58,4633,0.61,4603,49,4,0.00,0.00,0.0,0.00,0.00,0.0,1.00,162506.00,77.0
573,0.00,176.00,176.0,72.98,0.00,1797.00,1797.0,63.92,15,3.58,4634,0.61,4606,49,4,0.00,0.00,0.0,0.00,0.00,0.0,2.00,187937.00,84.7
574,0.00,3744.00,3744.0,68.24,0.00,1588.00,1588.0,63.95,11,3.58,4636,0.61,4625,49,4,0.00,0.00,0.0,0.00,0.00,0.0,2.00,214851.00,84.7
575,12.00,1720.00,1732.0,65.18,2.00,1611.00,1613.0,63.97,11,3.58,4644,0.61,4640,50,5,0.00,1.00,1.0,2.00,2.00,4.0,8.00,177433.00,84.4
576,0.00,1304.00,1304.0,56.75,2.00,2217.00,2219.0,64.01,7,3.58,4646,0.61,4638,51,6,0.00,2.00,2.0,1.00,1.00,2.0,25.00,152410.00,84.1
577,0.00,716.00,716.0,64.41,5.00,1845.00,1850.0,64.04,11,3.37,4646,0.61,4642,51,6,0.00,1.00,1.0,4.00,4.00,8.0,1.00,125331.00,83.6
578,0.00,976.00,976.0,46.58,1.00,989.00,990.0,64.06,2,3.37,4646,0.61,4642,50,6,0.00,0.00,0.0,0.00,0.00,0.0,1.00,68257.00,75.6
579,0.00,44.00,44.0,8.67,1.00,41.00,42.0,64.06,0,3.37,4646,0.61,4645,51,6,0.00,2.00,2.0,0.00,0.00,0.0,0.00,5659.00,60.1
580,0.00,328.00,328.0,2.41,3.00,136.00,139.0,64.06,0,3.37,4644,0.61,4650,51,4,0.00,1.00,1.0,2.00,2.00,4.0,0.00,5364.00,35.5
581,0.00,208.00,208.0,2.54,1.00,111.00,112.0,64.06,0,3.37,4642,0.61,4645,50,4,0.00,0.00,0.0,0.00,0.00,0.0,22.00,8190.00,35.6
582,0.00,548.00,548.0,1.78,0.00,140.00,140.0,64.06,0,3.1,4639,0.61,4638,50,4,0.00,0.00,0.0,0.00,0.00,0.0,0.00,6740.00,35.5
583,0.00,100.00,100.0,5.2,4.00,292.00,296.0,64.06,0,3.1,4638,0.61,4627,50,4,4.00,0.00,4.0,0.00,0.00,0.0,1.00,8326.00,35.8
584,4.00,52768.00,52772.0,1.91,0.00,103.00,103.0,64.06,0,3.1,4636,0.61,4623,50,4,0.00,0.00,0.0,0.00,0.00,0.0,0.00,5150.00,35.7
585,0.00,80.00,80.0,1.91,0.00,108.00,108.0,64.06,0,3.1,4627,0.61,4605,50,4,0.00,0.00,0.0,0.00,0.00,0.0,0.00,5963.00,35.8
586,0.00,684.00,684.0,3.8,9.00,266.00,275.0,64.07,2,3.1,4618,0.61,4587,50,4,6.00,3.00,9.0,0.00,0.00,0.0,23.00,10836.00,35.8
587,0.00,388.00,388.0,2.39,4.00,117.00,121.0,64.07,0,2.85,4616,0.61,4582,51,4,0.00,1.00,1.0,4.00,4.00,8.0,0.00,6043.00,35.9
588,0.00,32.00,32.0,2.03,1.00,117.00,118.0,64.07,0,2.85,4616,0.61,4582,51,4,1.00,2.00,3.0,0.00,0.00,0.0,1.00,5914.00,35.8
589,0.00,27172.00,27172.0,5.56,15.00,262.00,277.0,64.07,0,2.85,4616,0.61,4582,51,4,12.00,3.00,15.0,0.00,0.00,0.0,0.00,6813.00,36.2
590,0.00,64.00,64.0,1.91,0.00,106.00,106.0,64.07,0,2.85,4616,0.61,4582,51,4,0.00,0.00,0.0,0.00,0.00,0.0,0.00,5387.00,36.1
591,0.00,564.00,564.0,2.82,1.00,235.00,236.0,64.08,1,2.85,4616,0.61,4580,51,4,1.00,1.00,2.0,0.00,0.00,0.0,22.00,14590.00,36.1
592,0.00,229.70,229.7,39.29,11.88,1954.46,1966.3400000000001,64.12,21,3.5,4619,0.61,4587,51,4,12.00,0.00,12.0,0.00,0.00,0.0,3.00,101045.00,50.2
593,0.00,132.00,132.0,81.95,6.00,1389.00,1395.0,64.15,31,3.5,4628,0.61,4609,50,4,4.00,3.00,7.0,0.00,0.00,0.0,10.00,163088.00,81.9
594,0.00,10228.00,10228.0,82.58,2.00,1564.00,1566.0,64.2,20,3.5,4633,0.61,4616,51,4,2.00,2.00,4.0,0.00,0.00,0.0,5.00,139970.00,82.4
595,0.00,648.00,648.0,87.73,10.00,750.00,760.0,64.23,18,3.5,4634,0.61,4639,51,4,9.00,9.00,18.0,0.00,0.00,0.0,1.00,92415.00,87.5
596,0.00,68.00,68.0,83.6,3.00,509.00,512.0,64.26,29,3.5,4636,0.61,4638,51,4,0.00,3.00,3.0,0.00,0.00,0.0,26.00,150048.00,87.3
597,0.00,1128.00,1128.0,80.33,4.00,1084.00,1088.0,64.27,20,4.5,4632,0.61,4632,51,4,3.00,5.00,8.0,0.00,0.00,0.0,0.00,157219.00,87.3
598,0.00,2428.00,2428.0,53.91,0.00,2015.00,2015.0,63.4,0,4.5,4353,0.61,4584,50,4,0.00,0.00,0.0,0.00,0.00,0.0,51.00,153797.00,86.8
599,4.00,68504.00,68508.0,47.76,1.00,3100.00,3101.0,63.44,5,4.5,4350,0.61,4569,50,4,0.00,0.00,0.0,0.00,0.00,0.0,1.00,137604.00,76.5
600,0.00,11416.00,11416.0,25.92,2.00,1054.00,1056.0,63.45,1,4.5,4350,0.61,4593,50,4,0.00,2.00,2.0,0.00,0.00,0.0,0.00,46639.00,70.5
601,0.00,3248.00,3248.0,2.51,1.00,115.00,116.0,63.45,0,4.5,4350,0.61,4593,50,4,0.00,1.00,1.0,0.00,0.00,0.0,0.00,6677.00,39.4
602,0.00,132.00,132.0,2.54,2.00,148.00,150.0,63.45,4,4.22,4349,0.61,4590,49,4,0.00,0.00,0.0,0.00,0.00,0.0,0.00,7042.00,39.1
603,0.00,128.00,128.0,4.3,8.00,302.00,310.0,63.45,1,4.22,4349,0.61,4581,49,4,8.00,0.00,8.0,0.00,0.00,0.0,1.00,9271.00,38.8
604,0.00,644.00,644.0,2.03,0.00,123.00,123.0,63.45,1,4.22,4349,0.61,4581,49,4,0.00,0.00,0.0,0.00,0.00,0.0,0.00,5894.00,38.4
605,0.00,92.00,92.0,2.54,2.00,122.00,124.0,63.46,1,4.22,4349,0.61,4581,49,4,2.00,0.00,2.0,0.00,0.00,0.0,0.00,5377.00,38.0
606,0.00,52.00,52.0,4.06,8.00,246.00,254.0,63.46,2,4.22,4349,0.61,4581,49,4,8.00,0.00,8.0,0.00,0.00,0.0,0.00,6471.00,37.7
607,0.00,72.00,72.0,1.91,8.00,116.00,124.0,63.46,1,3.88,4349,0.61,4581,49,4,0.00,0.00,0.0,4.00,4.00,8.0,0.00,5364.00,37.5
608,0.00,84.00,84.0,1.78,1.00,130.00,131.0,63.46,2,3.88,4349,0.61,4581,50,4,0.00,3.00,3.0,0.00,0.00,0.0,1.00,5958.00,37.2
609,0.00,244.00,244.0,3.04,0.00,187.00,187.0,63.46,1,3.88,4349,0.61,4581,49,4,0.00,0.00,0.0,0.00,0.00,0.0,0.00,7161.00,37.0
610,0.00,72.00,72.0,1.9,0.00,89.00,89.0,63.46,1,3.88,4349,0.61,4581,49,4,0.00,0.00,0.0,0.00,0.00,0.0,0.00,4920.00,36.8
611,0.00,36.00,36.0,2.05,5.00,189.00,194.0,63.47,1,3.88,4349,0.61,4580,49,4,2.00,4.00,6.0,0.00,0.00,0.0,0.00,11655.00,36.6
612,0.00,80.00,80.0,9.3,1.00,439.00,440.0,63.47,1,3.88,4349,0.61,4577,50,4,0.00,2.00,2.0,0.00,0.00,0.0,0.00,44470.00,36.8
613,0.00,136.00,136.0,34.04,2.00,1700.00,1702.0,63.49,15,3.65,4349,0.61,4572,50,4,0.00,2.00,2.0,0.00,0.00,0.0,1.00,114303.00,50.5
614,0.00,408.00,408.0,72.14,1.00,1991.00,1992.0,63.53,17,3.65,4349,0.61,4572,50,4,0.00,1.00,1.0,0.00,0.00,0.0,0.00,170079.00,79.9
615,0.00,120.00,120.0,62.37,0.00,1643.00,1643.0,63.57,15,3.65,4349,0.61,4568,50,4,0.00,0.00,0.0,0.00,0.00,0.0,0.00,215999.00,80.0
616,0.00,544.00,544.0,73.54,0.00,1490.00,1490.0,63.6,15,3.65,4349,0.61,4573,50,4,0.00,0.00,0.0,0.00,0.00,0.0,0.00,200782.00,85.5
617,0.00,724.00,724.0,64.33,5.00,1744.00,1749.0,63.65,8,3.65,4349,0.61,4571,50,5,0.00,0.00,0.0,5.00,5.00,10.0,0.00,163462.00,85.3
618,0.00,692.00,692.0,60.85,1.00,2435.00,2436.0,63.66,17,4.24,4350,0.61,4578,50,5,1.00,1.00,2.0,0.00,0.00,0.0,2.00,144360.00,78.1
619,0.00,840.00,840.0,47.79,0.00,1838.00,1838.0,63.68,1,4.24,4350,0.61,4583,50,5,0.00,0.00,0.0,0.00,0.00,0.0,0.00,75600.00,77.7
620,0.00,32.00,32.0,20.28,2.00,172.00,174.0,63.68,1,4.24,4350,0.61,4583,50,5,0.00,2.00,2.0,0.00,0.00,0.0,0.00,15508.00,70.0
621,0.00,36.00,36.0,8.43,2.00,44.00,46.0,63.69,0,4.24,4350,0.61,4591,50,4,0.00,2.00,2.0,0.00,0.00,0.0,0.00,4935.00,53.3
622,0.00,72.00,72.0,2.92,0.00,118.00,118.0,63.68,0,4.24,4350,0.61,4591,50,4,0.00,0.00,0.0,0.00,0.00,0.0,0.00,5163.00,37.3
623,0.00,132.00,132.0,2.41,0.00,85.00,85.0,63.68,0,4.06,4350,0.61,4591,50,4,0.00,0.00,0.0,0.00,0.00,0.0,1.00,5298.00,36.9
624,0.00,268.00,268.0,1.92,1.00,150.00,151.0,63.69,0,4.06,4350,0.61,4589,50,4,1.00,1.00,2.0,0.00,0.00,0.0,0.00,6634.00,36.6
625,0.00,92.00,92.0,4.29,1.00,288.00,289.0,63.69,0,4.06,4350,0.61,4581,50,4,0.00,0.00,0.0,0.00,0.00,0.0,0.00,7059.00,36.6
626,0.00,56.00,56.0,2.03,0.00,87.00,87.0,63.69,0,4.06,4350,0.61,4581,50,4,0.00,0.00,0.0,0.00,0.00,0.0,0.00,5030.00,36.3
627,0.00,72.00,72.0,2.04,1.00,101.00,102.0,63.69,0,4.06,4350,0.61,4581,50,4,0.00,1.00,1.0,0.00,0.00,0.0,0.00,5352.00,36.0
628,0.00,828.00,828.0,3.02,2.00,249.00,251.0,63.7,1,3.98,4350,0.61,4580,49,4,0.00,0.00,0.0,0.00,0.00,0.0,1.00,8323.00,36.0
629,0.00,44.00,44.0,2.54,0.00,126.00,126.0,63.7,0,3.98,4350,0.61,4580,49,4,0.00,0.00,0.0,0.00,0.00,0.0,0.00,5014.00,36.1
630,0.00,236.00,236.0,1.41,0.00,93.00,93.0,63.7,0,3.98,4350,0.61,4580,49,4,0.00,0.00,0.0,0.00,0.00,0.0,0.00,5186.00,35.8
631,0.00,36.00,36.0,3.65,9.00,212.00,221.0,63.7,0,3.98,4350,0.61,4580,49,4,6.00,0.00,6.0,0.00,0.00,0.0,0.00,7032.00,35.7
632,0.00,25424.00,25424.0,2.53,0.00,123.00,123.0,63.7,0,3.98,4350,0.61,4579,49,4,2.00,0.00,2.0,0.00,0.00,0.0,0.00,5673.00,35.7
633,0.00,132.00,132.0,2.43,4.00,136.00,140.0,63.7,0,3.9,4350,0.61,4577,49,4,0.00,0.00,0.0,4.00,4.00,8.0,1.00,5589.00,35.7
634,0.00,64.00,64.0,9.68,20.00,999.00,1019.0,63.71,0,3.9,4350,0.61,4569,50,4,10.00,3.00,13.0,8.00,8.00,16.0,0.00,55843.00,35.7
635,0.00,1048.00,1048.0,56.98,9.00,2077.00,2086.0,63.74,5,3.9,4350,0.61,4556,49,4,4.00,0.00,4.0,4.00,4.00,8.0,0.00,173186.00,59.1
636,0.00,1052.00,1052.0,44.85,0.00,2084.00,2084.0,63.76,7,3.9,4350,0.61,4578,49,4,0.00,0.00,0.0,0.00,0.00,0.0,0.00,180470.00,75.2
637,0.00,756.00,756.0,71.93,4.00,1364.00,1368.0,63.8,18,3.9,4350,0.61,4575,49,4,0.00,0.00,0.0,4.00,4.00,8.0,0.00,174228.00,80.5
638,0.00,1464.00,1464.0,77.34,0.00,1453.00,1453.0,63.84,23,5.35,4350,0.61,4572,49,4,0.00,0.00,0.0,0.00,0.00,0.0,0.99,174428.71,81.1
639,0.00,612.00,612.0,80.78,0.00,1993.00,1993.0,63.92,18,5.35,4350,0.61,4578,49,4,0.00,0.00,0.0,0.00,0.00,0.0,0.00,143352.00,81.7
640,0.00,1292.00,1292.0,58.79,0.00,2900.00,2900.0,63.97,8,5.35,4350,0.61,4585,49,4,0.00,0.00,0.0,0.00,0.00,0.0,0.00,126155.00,81.9
641,0.00,224.00,224.0,27.26,2.00,872.00,874.0,63.95,0,5.35,4350,0.61,4597,49,4,0.00,2.00,2.0,0.00,0.00,0.0,0.00,36095.00,73.5
642,0.00,6272.00,6272.0,1.78,1.00,104.00,105.0,63.95,0,5.35,4350,0.61,4596,48,4,0.00,0.00,0.0,0.00,0.00,0.0,0.00,5586.00,44.0
643,0.00,140.00,140.0,2.79,6.00,164.00,170.0,63.95,1,5.08,4350,0.61,4592,48,4,5.94,0.00,5.94,0.00,0.00,0.0,1.00,6891.00,35.9
644,0.00,328.00,328.0,3.66,6.00,248.00,254.0,63.91,0,5.08,4350,0.61,4587,48,4,6.00,0.00,6.0,0.00,0.00,0.0,0.00,7067.00,36.0
645,0.00,52.00,52.0,1.78,0.00,113.00,113.0,63.91,4,5.08,4350,0.61,4587,48,4,0.00,0.00,0.0,0.00,0.00,0.0,0.00,5743.00,35.9
646,0.00,300.00,300.0,2.04,0.00,163.00,163.0,63.91,0,5.08,4350,0.61,4586,48,4,0.00,0.00,0.0,0.00,0.00,0.0,0.00,6504.00,35.7
647,0.00,80572.00,80572.0,3.31,12.00,214.00,226.0,63.91,0,5.08,4350,0.61,4586,48,4,12.00,0.00,12.0,0.00,0.00,0.0,0.00,6546.00,35.8
648,0.00,424.00,424.0,1.78,0.00,118.00,118.0,63.91,0,4.91,4350,0.61,4586,48,4,0.00,0.00,0.0,0.00,0.00,0.0,1.00,6103.00,36.0
649,0.00,44.00,44.0,2.15,0.00,151.00,151.0,63.91,1,4.91,4350,0.61,4586,48,4,0.00,0.00,0.0,0.00,0.00,0.0,0.00,5840.00,35.9
650,0.00,44.00,44.0,3.05,8.00,204.00,212.0,63.92,0,4.91,4352,0.61,4589,49,4,8.00,4.00,12.0,0.00,0.00,0.0,2.00,6663.00,35.9
651,0.00,36.00,36.0,1.53,5.00,110.00,115.0,63.92,0,4.91,4352,0.61,4590,49,4,5.00,7.00,12.0,0.00,0.00,0.0,0.00,4890.00,35.8
652,0.00,5128.00,5128.0,4.46,4.00,425.00,429.0,63.93,0,4.91,4352,0.61,4588,50,5,2.00,2.00,4.0,1.00,1.00,2.0,0.00,24882.00,35.7
653,0.00,172.00,172.0,39.06,16.00,2111.00,2127.0,63.93,8,4.52,4350,0.61,4578,49,5,7.00,2.00,9.0,8.00,8.00,16.0,1.00,141990.00,50.8
654,0.00,932.00,932.0,63.68,1.00,1935.00,1936.0,63.96,11,4.52,4350,0.61,4575,49,5,0.00,0.00,0.0,0.00,0.00,0.0,0.00,197936.00,78.1
655,0.00,876.00,876.0,69.62,0.00,1190.00,1190.0,64.0,16,4.52,4350,0.61,4576,49,5,0.00,0.00,0.0,0.00,0.00,0.0,0.00,205833.00,78.5
656,0.00,228.00,228.0,76.99,0.00,1091.00,1091.0,64.03,8,4.52,4350,0.61,4571,49,4,0.00,0.00,0.0,0.00,0.00,0.0,0.00,192879.00,86.0
657,0.00,1433.66,1433.66,61.69,8.91,2042.57,2051.48,64.1,3,4.52,4350,0.61,4563,49,4,0.00,0.00,0.0,8.00,8.00,16.0,0.00,140863.00,80.8
658,0.00,1388.00,1388.0,68.51,5.00,2520.00,2525.0,64.13,15,4.96,4350,0.61,4568,49,4,0.00,0.00,0.0,4.00,4.00,8.0,1.00,120043.00,81.1
659,0.00,712.00,712.0,48.37,2.00,1356.00,1358.0,64.15,1,4.96,4350,0.61,4578,49,4,2.00,0.00,2.0,0.00,0.00,0.0,0.00,65124.00,80.9
660,0.00,52.00,52.0,14.69,0.00,392.00,392.0,64.15,4,4.96,4350,0.61,4575,49,4,0.00,0.00,0.0,0.00,0.00,0.0,0.00,35378.00,67.6
661,0.00,332.00,332.0,15.28,3.00,299.00,302.0,64.14,0,4.96,4350,0.61,4569,49,4,2.00,0.00,2.0,0.00,0.00,0.0,0.00,66173.00,41.9
662,0.00,2376.00,2376.0,8.79,4.00,396.00,400.0,64.14,2,4.96,4350,0.61,4561,49,4,4.00,1.00,5.0,0.00,0.00,0.0,0.00,30091.00,42.2
663,0.00,128.00,128.0,9.08,4.00,550.00,554.0,64.14,0,4.88,4350,0.61,4560,49,4,0.00,0.00,0.0,4.00,4.00,8.0,1.00,23470.00,42.6
664,0.00,920.00,920.0,3.92,0.00,216.00,216.0,64.15,0,4.88,4350,0.61,4562,49,4,0.00,0.00,0.0,0.00,0.00,0.0,0.00,11810.00,42.4
665,0.00,168.00,168.0,2.91,4.00,201.00,205.0,64.15,0,4.88,4350,0.61,4562,49,4,2.00,2.00,4.0,0.00,0.00,0.0,0.00,6482.00,36.2
666,0.00,64.00,64.0,1.66,2.00,140.00,142.0,64.15,0,4.88,4350,0.61,4562,49,4,2.00,0.00,2.0,0.00,0.00,0.0,0.00,5054.00,36.1
667,0.00,33696.00,33696.0,4.24,7.00,156.00,163.0,64.15,0,4.88,4350,0.61,4547,49,4,2.00,0.00,2.0,4.00,4.00,8.0,0.00,5720.00,36.1
668,0.00,100.00,100.0,3.83,57.00,330.00,387.0,64.15,0,4.57,4350,0.61,4547,49,4,0.00,1.00,1.0,56.00,56.00,112.0,1.00,7735.00,36.2
669,0.00,0.00,0.0,2.17,0.00,135.00,135.0,64.15,1,4.57,4350,0.61,4547,49,4,0.00,0.00,0.0,0.00,0.00,0.0,0.00,4929.00,36.1
670,0.00,400.00,400.0,15.57,0.00,321.00,321.0,64.16,0,4.57,4350,0.61,4545,49,4,0.00,0.00,0.0,0.00,0.00,0.0,0.00,20267.00,36.4
671,0.00,56.00,56.0,13.21,4.00,733.00,737.0,64.17,2,4.57,4350,0.61,4537,49,4,0.00,0.00,0.0,4.00,4.00,8.0,0.00,70539.00,49.6
672,0.00,1852.00,1852.0,46.51,0.00,1536.00,1536.0,64.18,14,4.57,4350,0.61,4528,49,4,0.00,0.00,0.0,0.00,0.00,0.0,0.00,126915.00,50.0
673,0.00,148.00,148.0,71.52,4.00,1943.00,1947.0,64.2,11,5.73,4350,0.61,4550,49,4,0.00,0.00,0.0,4.00,4.00,8.0,1.00,197484.00,81.4
674,0.00,728.00,728.0,57.18,0.00,1737.00,1737.0,64.24,10,5.73,4350,0.61,4551,49,4,0.00,0.00,0.0,0.00,0.00,0.0,0.00,196255.00,81.1
675,0.00,560.00,560.0,78.84,5.00,1178.00,1183.0,64.29,20,5.73,4350,0.61,4552,49,4,0.00,0.00,0.0,4.00,4.00,8.0,0.00,178273.00,81.4
676,0.00,416.00,416.0,70.29,4.00,1550.00,1554.0,64.32,13,5.73,4350,0.61,4551,49,4,0.00,0.00,0.0,4.00,4.00,8.0,0.00,130730.00,81.7
677,0.00,752.00,752.0,75.22,0.00,1881.00,1881.0,64.33,2,5.73,4350,0.61,4546,49,4,0.00,0.00,0.0,0.00,0.00,0.0,0.00,119809.00,82.0
678,0.00,536.00,536.0,42.88,46.00,2180.00,2226.0,64.31,0,5.43,4350,0.61,4549,49,4,0.00,3.00,3.0,44.00,44.00,88.0,1.00,97449.00,81.9
679,0.00,332.00,332.0,17.12,5.00,457.00,462.0,64.32,0,5.43,4350,0.61,4546,49,4,0.00,1.00,1.0,4.00,4.00,8.0,0.00,62840.00,60.0
680,0.00,60.00,60.0,7.54,11.00,318.00,329.0,64.32,0,5.43,4350,0.61,4542,49,4,0.00,3.00,3.0,8.00,8.00,16.0,0.00,25159.00,44.9
681,0.00,296.00,296.0,9.13,17.00,513.00,530.0,64.34,0,5.43,4352,0.61,4537,50,4,15.00,15.00,30.0,0.00,0.00,0.0,3.00,33607.00,44.3
682,0.00,152.00,152.0,10.38,16.00,445.00,461.0,64.34,0,5.43,4352,0.61,4535,50,4,2.00,2.00,4.0,12.00,12.00,24.0,0.00,16598.00,44.5
683,0.00,19980.00,19980.0,2.42,15.00,139.00,154.0,64.35,0,4.99,4352,0.61,4535,50,4,13.00,15.00,28.0,0.00,0.00,0.0,3.00,5889.00,38.2
684,0.00,504.00,504.0,2.65,3.00,155.00,158.0,64.35,0,4.99,4352,0.61,4535,50,4,2.00,0.00,2.0,0.00,0.00,0.0,1.00,5946.00,37.8
685,0.00,80.00,80.0,3.17,0.00,183.00,183.0,64.35,0,4.99,4352,0.61,4534,50,4,0.00,0.00,0.0,0.00,0.00,0.0,0.00,5883.00,37.5
686,0.00,180.00,180.0,2.02,15.00,136.00,151.0,64.35,0,4.99,4352,0.61,4535,50,5,12.00,14.00,26.0,1.00,1.00,2.0,2.00,5362.00,37.2
687,0.00,84.00,84.0,3.57,19.00,264.00,283.0,64.36,0,4.99,4352,0.61,4530,50,5,12.00,12.00,24.0,4.00,4.00,8.0,2.00,12629.00,36.9
688,0.00,71196.00,71196.0,14.36,16.00,353.00,369.0,64.36,0,4.59,4352,0.61,4527,50,5,6.00,0.00,6.0,12.00,12.00,24.0,1.00,39229.00,36.9
689,0.00,500.00,500.0,10.31,13.00,273.00,286.0,64.36,4,4.59,4352,0.61,4524,50,5,2.00,3.00,5.0,8.00,8.00,16.0,0.00,58915.00,49.2
690,0.00,396.00,396.0,10.26,23.00,237.00,260.0,64.37,0,4.59,4352,0.61,4528,49,4,12.00,13.00,25.0,8.00,8.00,16.0,2.00,23199.00,48.9
691,0.00,236.00,236.0,9.69,4.00,426.00,430.0,64.37,0,4.59,4352,0.61,4528,49,4,0.00,0.00,0.0,4.00,4.00,8.0,0.00,32824.00,41.1
692,0.00,200.00,200.0,6.42,32.00,450.00,482.0,64.37,0,4.59,4352,0.61,4530,49,4,12.00,12.00,24.0,20.00,20.00,40.0,2.00,16571.00,41.3
693,0.00,2876.00,2876.0,10.51,6.00,678.00,684.0,64.38,5,4.22,4352,0.61,4525,49,4,2.00,0.00,2.0,4.00,4.00,8.0,1.00,34348.00,40.8
694,0.00,396.00,396.0,55.4,27.00,1868.00,1895.0,64.39,20,4.22,4352,0.61,4522,49,4,19.00,12.00,31.0,8.00,8.00,16.0,2.00,123024.00,55.1
695,0.00,680.00,680.0,61.08,7.00,1782.00,1789.0,64.42,12,4.22,4352,0.61,4538,49,4,1.00,1.00,2.0,4.00,4.00,8.0,0.00,168159.00,82.8
696,0.00,816.00,816.0,74.81,4.00,854.00,858.0,64.44,21,4.22,4352,0.61,4556,49,4,2.00,0.00,2.0,4.00,4.00,8.0,0.00,210829.00,82.2
697,0.00,372.00,372.0,54.65,18.00,1476.00,1494.0,64.47,8,4.22,4352,0.61,4545,49,4,14.00,12.00,26.0,4.00,4.00,8.0,2.00,155643.00,82.6
698,0.00,16424.00,16424.0,55.12,12.00,2511.00,2523.0,64.5,7,4.53,4352,0.61,4545,49,4,0.00,0.00,0.0,12.00,12.00,24.0,1.00,166728.00,73.2
699,0.00,1104.00,1104.0,52.36,28.00,2535.00,2563.0,64.52,15,4.53,4352,0.61,4544,49,4,12.00,12.00,24.0,16.00,16.00,32.0,2.00,128502.00,79.7
700,0.00,584.00,584.0,14.94,1.00,493.00,494.0,64.53,3,4.53,4352,0.61,4548,49,4,1.00,1.00,2.0,0.00,0.00,0.0,0.00,33242.00,70.5
701,0.00,44.00,44.0,8.03,20.00,476.00,496.0,64.53,9,4.53,4352,0.61,4546,49,4,12.00,12.00,24.0,8.00,8.00,16.0,2.00,32387.00,41.3
702,0.00,440.00,440.0,7.97,6.00,404.00,410.0,64.54,0,4.53,4352,0.61,4544,49,4,2.00,0.00,2.0,4.00,4.00,8.0,0.00,17632.00,41.2
703,0.00,17608.00,17608.0,2.79,20.00,257.00,277.0,64.54,0,4.56,4352,0.61,4540,49,4,16.00,12.00,28.0,4.00,4.00,8.0,3.00,6589.00,41.0
704,0.00,392.00,392.0,2.68,0.00,243.00,243.0,64.55,0,4.56,4352,0.61,4539,49,4,0.00,0.00,0.0,0.00,0.00,0.0,0.00,13045.00,35.8
705,0.00,292.00,292.0,8.34,28.00,511.00,539.0,64.56,0,4.56,4354,0.61,4539,50,4,24.00,16.00,40.0,4.00,4.00,8.0,4.00,39967.00,36.2
706,0.00,460.00,460.0,11.69,17.00,407.00,424.0,64.57,3,4.56,4354,0.61,4536,50,4,5.00,7.00,12.0,12.00,12.00,24.0,0.00,60527.00,36.8
707,0.00,72.00,72.0,7.07,16.00,296.00,312.0,64.57,0,4.56,4354,0.61,4536,50,4,12.00,12.00,24.0,4.00,4.00,8.0,2.00,25947.00,45.5
708,0.00,732.00,732.0,7.84,15.00,566.00,581.0,64.55,1,4.84,4352,0.61,4532,50,4,6.00,3.00,9.0,8.00,8.00,16.0,1.00,33859.00,44.8
709,0.00,7248.00,7248.0,6.24,33.00,380.00,413.0,64.55,0,4.84,4352,0.61,4534,49,4,18.00,12.00,30.0,16.00,16.00,32.0,2.00,12930.00,44.2
710,0.00,52.00,52.0,1.78,0.00,110.00,110.0,64.55,0,4.84,4352,0.61,4534,49,4,0.00,1.00,1.0,0.00,0.00,0.0,0.00,5229.00,37.5
711,0.00,24.00,24.0,10.59,16.00,827.00,843.0,64.55,3,4.84,4352,0.61,4530,49,4,16.00,12.00,28.0,0.00,0.00,0.0,2.00,45845.00,37.2
712,0.00,744.00,744.0,48.83,11.00,2192.00,2203.0,64.57,18,4.84,4352,0.61,4534,49,4,6.00,0.00,6.0,4.00,4.00,8.0,0.00,167382.00,59.5
713,4.00,128.00,132.0,63.62,5.00,1648.00,1653.0,64.59,6,5.57,4352,0.61,4537,49,4,0.00,0.00,0.0,4.00,4.00,8.0,1.00,214054.00,78.2
714,0.00,1572.00,1572.0,59.32,16.00,1525.00,1541.0,64.64,15,5.57,4352,0.61,4530,49,4,12.00,12.00,24.0,4.00,4.00,8.0,2.00,200540.00,78.6
715,0.00,864.00,864.0,52.3,15.00,2009.00,2024.0,64.67,10,5.57,4352,0.61,4532,49,4,3.00,1.00,4.0,12.00,12.00,24.0,0.00,146097.00,78.7
716,0.00,740.00,740.0,51.46,41.00,3022.00,3063.0,64.69,5,5.57,4352,0.61,4535,49,4,12.00,12.00,24.0,28.00,28.00,56.0,2.00,158961.00,78.2
717,0.00,608.00,608.0,24.23,12.00,994.00,1006.0,64.7,0,5.57,4352,0.61,4551,49,4,0.00,0.00,0.0,12.00,12.00,24.0,0.00,55396.00,77.6
718,0.00,768.00,768.0,7.53,18.00,502.00,520.0,64.71,0,5.21,4352,0.61,4551,49,4,14.00,12.00,26.0,4.00,4.00,8.0,3.00,32845.00,46.4
719,0.00,48740.00,48740.0,5.49,16.00,381.00,397.0,64.71,0,5.21,4352,0.61,4551,49,4,2.00,0.00,2.0,12.00,12.00,24.0,0.00,16215.00,40.0
720,0.00,260.00,260.0,3.28,17.00,256.00,273.0,64.71,0,5.21,4352,0.61,4547,50,5,14.00,15.00,29.0,1.00,1.00,2.0,2.00,7586.00,39.9
721,0.00,24.00,24.0,4.84,4.00,337.00,341.0,64.71,8,5.21,4352,0.61,4546,50,5,2.00,2.00,4.0,0.00,0.00,0.0,0.00,21082.00,39.6
722,0.00,664.00,664.0,7.06,12.00,410.00,422.0,64.72,1,5.21,4352,0.61,4536,50,5,2.00,2.00,4.0,8.00,8.00,16.0,0.00,36897.00,39.7
723,0.00,120.00,120.0,24.59,16.00,282.00,298.0,64.72,3,4.79,4352,0.61,4527,50,5,16.00,12.00,28.0,0.00,0.00,0.0,3.00,65046.00,40.1
724,0.00,27368.00,27368.0,17.47,9.00,245.00,254.0,64.73,2,4.79,4352,0.61,4534,50,4,0.00,0.00,0.0,8.00,8.00,16.0,0.00,26888.00,56.3
725,0.00,1056.00,1056.0,11.73,18.00,557.00,575.0,64.74,0,4.79,4352,0.61,4534,50,4,12.00,14.00,26.0,4.00,4.00,8.0,2.00,21768.00,56.5
726,0.00,220.00,220.0,4.2,9.00,207.00,216.0,64.74,0,4.79,4352,0.61,4536,50,4,0.00,1.00,1.0,8.00,8.00,16.0,0.00,10323.00,41.1
727,0.00,76.00,76.0,2.8,5.00,159.00,164.0,64.74,1,4.79,4352,0.61,4536,50,4,0.00,0.00,0.0,4.00,4.00,8.0,0.00,6008.00,35.3
728,0.00,96.00,96.0,4.42,13.00,213.00,226.0,64.74,0,4.49,4352,0.61,4536,50,4,12.00,12.00,24.0,0.00,0.00,0.0,3.00,7536.00,35.4
729,0.00,19080.00,19080.0,8.1,2.00,87.00,89.0,64.74,0,4.49,4352,0.61,4526,50,4,0.00,0.00,0.0,0.00,0.00,0.0,0.00,5632.00,35.4
730,0.00,56.00,56.0,2.8,50.00,240.00,290.0,64.74,0,4.49,4352,0.61,4526,50,4,12.00,14.00,26.0,36.00,36.00,72.0,2.00,7728.00,35.9
731,0.00,376.00,376.0,14.56,4.00,1120.00,1124.0,64.75,0,4.49,4352,0.61,4520,50,4,0.00,2.00,2.0,4.00,4.00,8.0,0.00,58909.00,36.0
732,0.00,312.00,312.0,47.72,29.00,2048.00,2077.0,64.77,8,4.49,4352,0.61,4523,50,4,12.00,13.00,25.0,16.00,16.00,32.0,2.00,164817.00,57.7
733,0.00,312.00,312.0,49.75,12.00,1327.00,1339.0,64.83,7,4.61,4352,0.61,4548,50,4,0.00,0.00,0.0,12.00,12.00,24.0,1.00,213667.00,77.0
734,0.00,5472.00,5472.0,41.89,24.00,1375.00,1399.0,64.87,10,4.61,4352,0.61,4547,50,4,12.00,11.00,23.0,12.00,12.00,24.0,2.00,158825.00,77.4
735,4.00,604.00,608.0,59.46,20.00,2331.00,2351.0,64.89,8,4.61,4352,0.61,4542,50,4,0.00,1.00,1.0,20.00,20.00,40.0,0.00,162359.00,70.0
736,0.00,824.00,824.0,41.79,21.00,2804.00,2825.0,64.85,7,4.61,4352,0.61,4548,50,4,0.00,0.00,0.0,20.00,20.00,40.0,0.00,128198.00,78.7
737,0.00,104.00,104.0,21.94,16.00,633.00,649.0,64.86,6,4.61,4352,0.61,4556,50,4,12.00,12.00,24.0,4.00,4.00,8.0,2.00,107091.00,68.0
738,0.00,120.00,120.0,13.61,0.00,501.00,501.0,64.86,5,4.24,4352,0.61,4556,50,4,0.00,0.00,0.0,0.00,0.00,0.0,1.00,51611.00,46.4
739,0.00,16352.00,16352.0,19.54,13.00,1059.00,1072.0,64.87,1,4.24,4352,0.61,4556,50,4,12.00,13.00,25.0,0.00,0.00,0.0,2.00,47298.00,46.6
740,0.00,332.00,332.0,19.29,13.00,648.00,661.0,64.9,0,4.24,4352,0.61,4550,50,4,0.00,1.00,1.0,12.00,12.00,24.0,0.00,42425.00,58.7
741,0.00,24.00,24.0,10.87,26.00,308.00,334.0,64.9,0,4.24,4352,0.61,4548,50,4,12.00,14.00,26.0,12.00,12.00,24.0,2.00,59361.00,50.4
742,0.00,56.00,56.0,5.16,6.00,315.00,321.0,64.91,0,4.24,4352,0.61,4548,50,4,0.00,2.00,2.0,4.00,4.00,8.0,0.00,24181.00,45.1
743,0.00,420.00,420.0,9.7,29.00,675.00,704.0,64.91,1,4.46,4352,0.61,4542,50,4,12.00,12.00,24.0,16.00,16.00,32.0,3.00,34162.00,39.0
744,0.00,8208.00,8208.0,4.56,0.00,247.00,247.0,64.9,0,4.46,4352,0.61,4544,50,4,0.00,0.00,0.0,0.00,0.00,0.0,0.00,11750.00,39.1
745,0.00,56.00,56.0,2.16,12.00,128.00,140.0,64.9,0,4.46,4352,0.61,4544,50,4,12.00,12.00,24.0,0.00,0.00,0.0,2.00,5557.00,38.9
746,0.00,56.00,56.0,3.3,6.00,202.00,208.0,64.91,0,4.46,4352,0.61,4544,50,4,5.00,1.00,6.0,0.00,0.00,0.0,0.00,6488.00,38.4
747,0.00,80.00,80.0,3.16,16.00,185.00,201.0,64.9,0,4.46,4352,0.61,4543,50,4,12.00,12.00,24.0,4.00,4.00,8.0,2.00,6009.00,38.0
748,0.00,96.00,96.0,3.69,2.00,271.00,273.0,64.91,0,4.1,4352,0.61,4542,50,4,2.00,0.00,2.0,0.00,0.00,0.0,1.00,16056.00,37.6
749,0.00,1116.00,1116.0,12.98,29.00,1107.00,1136.0,64.92,5,4.1,4352,0.61,4538,50,5,14.00,14.00,28.0,12.00,12.00,24.0,2.00,76771.00,37.7
750,0.00,9564.00,9564.0,44.74,30.00,1825.00,1855.0,64.93,6,4.1,4352,0.61,4534,49,4,4.00,1.00,5.0,23.76,23.76,47.52,0.00,167359.00,58.0
751,0.00,244.00,244.0,43.86,20.00,1699.00,1719.0,64.95,10,4.1,4352,0.61,4521,49,4,0.00,0.00,0.0,20.00,20.00,40.0,0.00,199150.00,74.1
752,4.00,112.00,116.0,54.94,24.00,1698.00,1722.0,64.94,0,4.1,4352,0.61,4518,49,4,12.00,12.00,24.0,12.00,12.00,24.0,2.00,215045.00,74.3
753,0.00,824.00,824.0,48.12,62.00,2455.00,2517.0,64.97,6,3.85,4352,0.61,4521,49,4,14.00,12.00,26.0,48.00,48.00,96.0,3.00,150683.00,74.3
754,0.00,456.00,456.0,52.87,4.00,1741.00,1745.0,65.0,5,3.85,4352,0.61,4519,49,4,0.00,0.00,0.0,4.00,4.00,8.0,0.00,136266.00,74.8
755,0.00,45180.00,45180.0,12.15,15.00,254.00,269.0,65.01,0,3.85,4352,0.61,4518,50,5,12.00,14.00,26.0,1.00,1.00,2.0,2.00,20050.00,74.3
756,0.00,56.00,56.0,2.67,3.00,167.00,170.0,65.0,0,3.85,4352,0.61,4514,50,5,2.00,1.00,3.0,0.00,0.00,0.0,0.00,11855.00,36.4
757,0.00,748.00,748.0,7.06,6.00,305.00,311.0,65.0,0,3.85,4352,0.61,4507,50,5,2.00,0.00,2.0,4.00,4.00,8.0,0.00,37917.00,36.5
758,0.00,108.00,108.0,8.38,12.00,233.00,245.0,65.0,1,3.54,4352,0.61,4509,50,5,12.00,12.00,24.0,0.00,0.00,0.0,3.00,58199.00,37.1
759,0.00,556.00,556.0,5.07,0.00,156.00,156.0,65.01,0,3.54,4352,0.61,4509,50,4,0.00,0.00,0.0,0.00,0.00,0.0,0.00,17412.00,42.2
760,0.00,23100.00,23100.0,2.53,12.00,76.00,88.0,65.01,0,3.54,4352,0.61,4509,50,4,12.00,12.00,24.0,0.00,0.00,0.0,2.00,5200.00,36.4
761,0.00,24.00,24.0,1.78,0.00,70.00,70.0,65.01,0,3.54,4352,0.61,4509,50,4,0.00,0.00,0.0,0.00,0.00,0.0,0.00,5468.00,36.3
762,0.00,44.00,44.0,7.31,8.00,188.00,196.0,65.01,2,3.54,4352,0.61,4506,50,4,1.00,1.00,2.0,0.00,0.00,0.0,2.00,7002.00,36.1
763,0.00,648.00,648.0,9.69,6.00,72.00,78.0,65.01,0,3.42,4352,0.61,4506,50,4,12.00,13.00,25.0,0.00,0.00,0.0,1.00,5833.00,49.0
764,0.00,296.00,296.0,2.52,12.00,72.00,84.0,65.02,0,3.42,4352,0.61,4506,50,4,12.00,12.00,24.0,0.00,0.00,0.0,2.00,5275.00,41.4
765,0.00,13352.00,13352.0,2.54,6.00,158.00,164.0,65.02,0,3.42,4352,0.61,4506,50,4,6.00,0.00,6.0,0.00,0.00,0.0,0.00,6538.00,35.5
766,0.00,392.00,392.0,1.91,15.00,74.00,89.0,65.02,0,3.42,4352,0.61,4506,50,4,12.00,15.00,27.0,0.00,0.00,0.0,2.00,5594.00,35.5
767,0.00,84.00,84.0,1.91,4.00,86.00,90.0,65.02,0,3.42,4352,0.61,4506,50,4,0.00,0.00,0.0,4.00,4.00,8.0,0.00,5458.00,35.4
768,0.00,708.00,708.0,9.39,24.00,703.00,727.0,65.02,5,3.15,4352,0.61,4504,50,4,12.00,12.00,24.0,8.00,8.00,16.0,3.00,39080.00,35.6
769,24.00,56.00,80.0,18.17,48.00,1050.00,1098.0,65.04,0,3.15,4352,0.61,4503,50,4,0.00,0.00,0.0,52.00,52.00,104.0,0.00,96700.00,48.3
