0,0.00,88.00,88.0,3.05,9.00,9.00,18.0,69.24,0,2.18,4320,0.65,3943,49,4,11.00,13.00,24.0,0.00,0.00,0.0,6.00,5599.00,35.1
1,0.00,24.00,24.0,1.66,0.00,0.00,0.0,69.24,1,2.18,4319,0.65,3943,49,4,0.00,0.00,0.0,0.00,0.00,0.0,0.00,4998.00,35.1
2,0.00,440.00,440.0,2.14,2.00,2.00,4.0,69.24,0,2.18,4319,0.65,3943,49,4,2.00,1.00,3.0,0.00,0.00,0.0,0.00,5229.00,35.0
3,4.00,236.00,240.0,2.93,0.00,0.00,0.0,69.24,1,2.08,4320,0.65,3943,49,4,0.00,0.00,0.0,0.00,0.00,0.0,23.00,8378.00,35.3
4,0.00,3600.00,3600.0,2.17,0.00,0.00,0.0,69.24,1,2.08,4319,0.65,3943,49,4,0.00,0.00,0.0,0.00,0.00,0.0,0.00,5053.00,35.3
5,0.00,20.00,20.0,2.41,1.00,1.00,2.0,69.24,0,2.08,4319,0.65,3943,49,4,1.00,1.00,2.0,0.00,0.00,0.0,1.00,5274.00,35.3
6,0.00,88.00,88.0,2.03,1.00,1.00,2.0,69.24,0,2.08,4318,0.65,3943,49,4,1.00,1.00,2.0,0.00,0.00,0.0,0.00,5077.00,35.2
7,0.00,72.00,72.0,4.2,1.00,1.00,2.0,69.24,1,2.08,4318,0.65,3943,49,4,1.00,1.00,2.0,0.00,0.00,0.0,0.00,5050.00,35.7
8,0.00,544.00,544.0,2.28,0.00,0.00,0.0,69.25,1,1.92,4319,0.65,3943,49,4,0.00,0.00,0.0,0.00,0.00,0.0,23.00,8797.00,35.8
9,368.00,232.00,600.0,5.83,0.00,5.00,5.0,69.26,5,1.92,4319,0.65,3945,49,4,0.00,0.00,0.0,0.00,0.00,0.0,0.00,5430.00,35.6
10,364.00,488.00,852.0,52.63,0.00,110.00,110.0,69.34,4,1.92,4330,0.65,3966,49,4,0.00,0.00,0.0,0.00,0.00,0.0,12.00,23217.00,75.9
11,540.00,28.00,568.0,66.07,0.00,120.00,120.0,69.48,13,1.92,4343,0.65,4008,49,4,0.00,0.00,0.0,0.00,0.00,0.0,13.00,34051.00,76.4
12,388.00,24.00,412.0,85.8,0.00,301.00,301.0,69.55,16,1.92,4351,0.65,4019,49,4,0.00,0.00,0.0,0.00,0.00,0.0,8.00,37703.00,86.4
13,292.00,488.00,780.0,86.72,1.00,352.00,353.0,69.64,28,2.88,4358,0.65,4028,49,4,1.00,1.00,2.0,0.00,0.00,0.0,30.00,44868.00,86.3
14,372.00,324.00,696.0,84.95,0.00,395.00,395.0,69.7,7,2.88,4366,0.65,4039,49,4,0.00,0.00,0.0,0.00,0.00,0.0,8.00,52969.00,86.5
15,244.00,160.00,404.0,87.34,0.00,367.00,367.0,69.78,14,2.88,4379,0.65,4062,49,4,0.00,0.00,0.0,0.00,0.00,0.0,15.00,40101.00,86.3
16,216.00,784.00,1000.0,38.66,0.00,424.00,424.0,69.86,0,2.88,4403,0.65,4104,49,4,0.00,0.00,0.0,0.00,0.00,0.0,24.00,29513.00,70.5
17,324.00,960.00,1284.0,25.06,4.00,25.00,29.0,69.9,3,2.88,4404,0.65,4106,49,4,0.00,0.00,0.0,4.00,4.00,8.0,1.00,8147.00,46.4
18,660.00,988.00,1648.0,19.78,0.00,0.00,0.0,69.98,4,2.89,4406,0.65,4112,49,4,0.00,0.00,0.0,0.00,0.00,0.0,24.00,12134.00,61.9
19,552.00,896.00,1448.0,34.05,0.00,30.00,30.0,70.04,3,2.89,4412,0.65,4123,49,4,0.00,0.00,0.0,0.00,0.00,0.0,6.00,13431.00,62.4
20,672.00,1148.00,1820.0,28.66,0.00,25.00,25.0,70.11,1,2.89,4418,0.65,4129,49,4,0.00,0.00,0.0,0.00,0.00,0.0,7.00,12793.00,68.9
21,604.00,836.00,1440.0,74.34,0.00,481.00,481.0,70.14,13,2.89,4434,0.65,4177,49,4,0.00,0.00,0.0,0.00,0.00,0.0,21.00,48668.00,74.4
22,360.00,28.00,388.0,91.05,0.00,573.00,573.0,70.23,24,2.89,4456,0.65,4213,49,4,0.00,0.00,0.0,0.00,0.00,0.0,24.00,49778.00,87.8
23,56.00,488.00,544.0,90.97,1.00,470.00,471.0,70.34,37,4.9,4487,0.65,4268,49,4,0.00,0.00,0.0,0.00,0.00,0.0,36.00,58162.00,87.7
24,296.00,300.00,596.0,93.88,0.00,30.00,30.0,70.36,35,4.9,4483,0.65,4288,49,4,0.00,0.00,0.0,0.00,0.00,0.0,17.00,46292.00,87.6
25,0.00,20.00,20.0,91.99,0.00,42.00,42.0,70.42,27,4.9,4487,0.65,4286,49,4,0.00,0.00,0.0,0.00,0.00,0.0,6.00,65138.00,87.6
26,252.00,96.00,348.0,91.11,1.00,202.00,203.0,70.5,38,4.9,4496,0.65,4303,49,4,0.00,0.00,0.0,0.00,0.00,0.0,10.00,57658.00,87.5
27,340.00,80.00,420.0,89.72,4.00,172.00,176.0,70.6,9,4.9,4509,0.65,4322,49,4,0.00,0.00,0.0,4.00,4.00,8.0,12.00,29904.00,87.4
28,36.00,552.00,588.0,84.73,0.00,390.00,390.0,70.64,30,5.79,4517,0.65,4336,49,4,0.00,0.00,0.0,0.00,0.00,0.0,8.00,47928.00,87.2
29,504.00,432.00,936.0,79.82,1.00,494.00,495.0,70.72,2,5.79,4531,0.65,4361,49,4,0.00,0.00,0.0,0.00,0.00,0.0,42.00,43261.00,86.9
30,540.00,708.00,1248.0,52.32,0.00,319.00,319.0,70.82,24,5.79,4546,0.65,4380,49,4,0.00,0.00,0.0,0.00,0.00,0.0,17.00,52814.00,77.1
31,200.00,952.00,1152.0,91.66,0.00,529.00,529.0,70.85,27,5.79,4559,0.65,4415,49,4,0.00,0.00,0.0,0.00,0.00,0.0,13.00,51824.00,86.1
32,512.00,176.00,688.0,84.36,0.00,1031.00,1031.0,70.98,3,5.79,4602,0.65,4494,49,4,0.00,0.00,0.0,0.00,0.00,0.0,43.00,49143.00,86.1
33,212.00,652.00,864.0,62.78,0.00,120.00,120.0,71.1,5,5.97,4624,0.65,4546,49,4,0.00,0.00,0.0,0.00,0.00,0.0,22.00,40436.00,79.7
34,0.00,1896.00,1896.0,9.89,0.00,0.00,0.0,71.11,0,5.97,4626,0.65,4544,49,4,0.00,0.00,0.0,0.00,0.00,0.0,26.00,9031.00,53.7
35,24.00,1248.00,1272.0,8.37,0.00,31.00,31.0,71.12,9,5.97,4625,0.65,4543,49,4,0.00,0.00,0.0,0.00,0.00,0.0,1.00,9390.00,38.2
36,428.00,1208.00,1636.0,52.51,0.99,38.61,39.6,71.16,10,5.97,4628,0.65,4547,49,4,0.00,0.00,0.0,0.00,0.00,0.0,4.00,11285.00,75.6
37,796.00,984.00,1780.0,33.71,0.00,45.00,45.0,71.21,5,5.97,4627,0.65,4547,49,4,0.00,0.00,0.0,0.00,0.00,0.0,3.00,11940.00,65.6
38,288.00,1576.00,1864.0,76.84,0.00,429.00,429.0,71.28,20,6.37,4630,0.65,4553,49,4,0.00,0.00,0.0,0.00,0.00,0.0,5.00,33481.00,82.8
39,328.00,716.00,1044.0,91.72,1.00,820.00,821.0,71.34,26,6.37,4643,0.65,4589,49,4,0.00,0.00,0.0,0.00,0.00,0.0,37.00,43324.00,87.9
40,128.00,18060.00,18188.0,93.62,0.00,717.00,717.0,71.33,34,6.37,4658,0.65,4628,49,4,0.00,0.00,0.0,0.00,0.00,0.0,18.00,47170.00,87.9
41,48.00,352.00,400.0,94.38,0.00,588.00,588.0,71.35,35,6.37,4677,0.65,4655,49,4,0.00,0.00,0.0,0.00,0.00,0.0,21.00,40001.00,87.9
42,76.00,36.00,112.0,92.7,0.00,726.00,726.0,71.39,37,6.37,4688,0.65,4684,49,4,0.00,0.00,0.0,0.00,0.00,0.0,11.00,46147.00,87.9
43,300.00,728.00,1028.0,92.12,0.00,378.00,378.0,71.45,30,7.86,4704,0.65,4713,49,4,0.00,0.00,0.0,0.00,0.00,0.0,17.00,47091.00,87.9
44,208.00,340.00,548.0,93.98,0.00,569.00,569.0,71.53,8,7.86,4734,0.65,4746,49,4,0.00,0.00,0.0,0.00,0.00,0.0,30.00,37424.00,87.8
45,672.00,5992.00,6664.0,49.62,1.00,41.00,42.0,71.62,0,7.86,4730,0.65,4749,50,5,0.00,1.00,1.0,1.00,1.00,2.0,20.00,13784.00,74.1
46,0.00,136.00,136.0,1.65,0.00,0.00,0.0,71.62,0,7.86,4730,0.65,4749,50,5,0.00,0.00,0.0,0.00,0.00,0.0,0.00,5170.00,35.0
47,0.00,83.17,83.17,2.03,4.00,12.00,16.0,71.58,2,7.86,4730,0.65,4749,50,5,0.00,0.00,0.0,4.00,4.00,8.0,0.00,5348.00,35.0
48,0.00,72.00,72.0,2.03,0.00,0.00,0.0,71.59,1,7.23,4729,0.65,4747,50,5,0.00,0.00,0.0,0.00,0.00,0.0,0.00,5300.00,34.9
49,0.00,28.00,28.0,6.6,0.00,82.00,82.0,71.58,1,7.23,4728,0.65,4763,50,4,0.00,0.00,0.0,0.00,0.00,0.0,0.00,5846.00,35.0
50,4.00,6564.00,6568.0,29.89,0.00,270.00,270.0,71.61,4,7.23,4726,0.65,4757,50,4,0.00,0.00,0.0,0.00,0.00,0.0,25.00,12049.00,53.3
51,0.00,28.00,28.0,26.94,0.00,608.00,608.0,71.62,1,7.23,4722,0.65,4751,50,4,0.00,0.00,0.0,0.00,0.00,0.0,0.00,13217.00,63.9
52,0.00,20.00,20.0,19.72,1.00,434.00,435.0,71.62,2,7.23,4721,0.65,4749,50,4,0.00,1.00,1.0,0.00,0.00,0.0,0.00,11699.00,48.9
53,0.00,100.00,100.0,8.72,1.00,386.00,387.0,71.62,2,6.66,4720,0.65,4747,50,4,0.00,0.00,0.0,0.00,0.00,0.0,0.00,7247.00,43.2
54,0.00,44.00,44.0,22.68,0.00,499.00,499.0,71.63,1,6.66,4720,0.65,4747,50,4,0.00,0.00,0.0,0.00,0.00,0.0,0.00,9419.00,60.6
55,384.00,3280.00,3664.0,62.41,0.00,1125.00,1125.0,71.69,10,6.66,4741,0.65,4761,50,4,0.00,0.00,0.0,0.00,0.00,0.0,48.00,56037.00,74.6
56,4.00,76.00,80.0,84.22,2.00,1622.00,1624.0,71.76,18,6.66,4755,0.65,4784,50,4,0.00,0.00,0.0,0.00,0.00,0.0,14.00,76580.00,86.3
57,332.00,1420.00,1752.0,84.19,4.00,1118.00,1122.0,71.83,13,6.66,4780,0.65,4835,50,4,0.00,0.00,0.0,4.00,4.00,8.0,25.00,63619.00,86.2
58,344.00,980.00,1324.0,86.06,0.00,294.00,294.0,71.9,15,6.92,4785,0.65,4848,50,4,0.00,0.00,0.0,0.00,0.00,0.0,5.00,22982.00,86.3
59,540.00,952.00,1492.0,65.24,1.00,106.00,107.0,71.97,22,6.92,4787,0.65,4884,50,4,0.00,0.00,0.0,0.00,0.00,0.0,3.00,22161.00,85.7
60,348.00,3644.00,3992.0,92.37,0.00,368.00,368.0,72.03,42,6.92,4806,0.65,4922,50,4,0.00,0.00,0.0,0.00,0.00,0.0,42.00,41778.00,85.7
61,340.00,400.00,740.0,92.87,0.00,111.00,111.0,72.1,21,6.92,4815,0.65,4945,50,4,0.00,0.00,0.0,0.00,0.00,0.0,11.00,33054.00,85.9
62,300.00,324.00,624.0,94.11,0.00,576.00,576.0,72.17,21,6.92,4830,0.65,4935,50,4,0.00,1.00,1.0,0.00,0.00,0.0,16.00,39421.00,86.0
63,88.00,104.00,192.0,90.83,0.00,752.00,752.0,72.26,20,7.89,4848,0.65,4941,50,4,0.00,0.00,0.0,0.00,0.00,0.0,19.00,44269.00,86.2
64,879.21,43.56,922.77,73.36,0.00,180.00,180.0,72.36,3,7.89,4860,0.65,4973,50,4,0.00,0.00,0.0,0.00,0.00,0.0,12.00,30746.00,86.0
65,276.00,2324.00,2600.0,85.12,2.00,2.00,4.0,72.43,24,7.89,4866,0.65,5001,50,4,0.00,2.00,2.0,0.00,0.00,0.0,7.00,59406.00,85.8
66,96.00,596.00,692.0,90.86,0.00,65.00,65.0,72.45,45,7.89,4868,0.65,4998,50,4,0.00,0.00,0.0,0.00,0.00,0.0,26.00,71657.00,86.1
67,0.00,52.00,52.0,90.01,0.00,179.00,179.0,72.5,38,7.89,4870,0.65,4994,50,4,0.00,0.00,0.0,0.00,0.00,0.0,1.98,72652.48,86.3
68,0.00,80.00,80.0,91.24,1.00,153.00,154.0,72.56,41,10.06,4870,0.65,4989,50,4,0.00,1.00,1.0,0.00,0.00,0.0,1.00,69950.00,86.5
69,0.00,28.00,28.0,90.38,0.00,207.00,207.0,72.6,39,10.06,4873,0.65,4992,50,4,0.00,0.00,0.0,0.00,0.00,0.0,3.00,71004.00,86.7
70,0.00,5284.00,5284.0,91.35,2.00,312.00,314.0,72.63,19,10.06,4877,0.65,4979,50,4,2.00,1.00,3.0,0.00,0.00,0.0,8.00,55995.00,86.8
71,112.00,572.00,684.0,92.36,0.00,634.00,634.0,72.69,16,10.06,4884,0.65,4995,50,4,0.00,0.00,0.0,0.00,0.00,0.0,33.00,49996.00,87.0
72,104.00,28.00,132.0,84.25,0.00,1227.00,1227.0,72.76,30,10.06,4905,0.65,4983,50,4,0.00,0.00,0.0,0.00,0.00,0.0,21.00,66046.00,87.0
73,108.00,108.00,216.0,89.29,0.00,1229.00,1229.0,72.8,27,11.02,4927,0.65,4983,50,4,0.00,0.00,0.0,0.00,0.00,0.0,23.00,64794.00,87.2
74,0.00,548.00,548.0,91.54,0.00,987.00,987.0,72.83,28,11.02,4943,0.65,4987,50,4,0.00,0.00,0.0,0.00,0.00,0.0,16.00,59032.00,87.3
75,12.00,16820.00,16832.0,89.2,0.00,294.00,294.0,72.87,27,11.02,4941,0.65,4982,50,4,0.00,0.00,0.0,0.00,0.00,0.0,1.00,80719.00,87.2
76,288.00,540.00,828.0,90.23,2.00,326.00,328.0,72.9,34,11.02,4942,0.65,4988,50,4,0.00,2.00,2.0,0.00,0.00,0.0,24.00,73703.00,87.3
77,168.00,60.00,228.0,90.55,6.00,327.00,333.0,72.96,12,11.02,4952,0.65,4992,50,4,0.00,2.00,2.0,4.00,4.00,8.0,10.00,55680.00,87.4
78,0.00,80.00,80.0,87.12,2.00,2.00,4.0,73.02,35,11.98,4953,0.65,5000,50,4,0.00,2.00,2.0,0.00,0.00,0.0,2.00,97125.00,87.4
79,0.00,28.00,28.0,86.97,0.00,0.00,0.0,73.03,27,11.98,4953,0.65,4998,50,4,0.00,0.00,0.0,0.00,0.00,0.0,0.00,108483.00,87.4
80,0.00,1104.00,1104.0,87.36,0.00,60.00,60.0,73.06,29,11.98,4953,0.65,4998,50,4,0.00,0.00,0.0,0.00,0.00,0.0,1.00,103605.00,87.4
81,0.00,1640.00,1640.0,87.39,2.00,98.00,100.0,73.09,24,11.98,4954,0.65,4996,50,4,0.00,2.00,2.0,0.00,0.00,0.0,6.00,92372.00,87.4
82,0.00,292.00,292.0,90.86,2.00,49.00,51.0,73.13,27,11.98,4952,0.65,4986,50,4,0.00,1.00,1.0,0.00,0.00,0.0,22.00,68080.00,87.4
83,0.00,72.00,72.0,88.46,2.00,59.00,61.0,73.15,18,12.38,4950,0.65,4972,50,4,0.00,2.00,2.0,0.00,0.00,0.0,0.00,90483.00,87.5
84,16.00,68.00,84.0,89.74,1.00,80.00,81.0,73.16,26,12.38,4949,0.65,4969,50,4,0.00,1.00,1.0,0.00,0.00,0.0,0.00,83698.00,87.6
85,128.00,32.00,160.0,88.86,0.00,454.00,454.0,73.2,26,12.38,4956,0.65,4965,50,4,0.00,0.00,0.0,0.00,0.00,0.0,9.00,95268.00,87.6
86,0.00,7416.00,7416.0,85.42,1.00,903.00,904.0,73.24,13,12.38,4961,0.65,4962,50,4,0.00,0.00,0.0,0.00,0.00,0.0,4.00,104661.00,87.6
87,0.00,312.00,312.0,88.99,4.00,393.00,397.0,73.25,52,12.38,4963,0.65,4968,50,4,0.00,0.00,0.0,4.00,4.00,8.0,27.00,83546.00,87.7
88,0.00,84.00,84.0,91.98,0.00,508.00,508.0,73.28,24,14.51,4967,0.65,4973,50,4,0.00,0.00,0.0,0.00,0.00,0.0,4.00,60752.00,87.7
89,120.00,724.00,844.0,94.62,1.00,371.00,372.0,73.3,36,14.51,4971,0.65,4968,50,4,0.00,0.00,0.0,0.00,0.00,0.0,4.00,46837.00,87.7
90,0.00,680.00,680.0,92.25,0.00,745.00,745.0,73.3,50,14.51,4974,0.65,4974,50,4,0.00,0.00,0.0,0.00,0.00,0.0,4.00,63164.00,87.7
91,0.00,7856.00,7856.0,91.75,3.00,736.00,739.0,73.33,57,14.51,4974,0.65,4980,50,4,0.00,3.00,3.0,0.00,0.00,0.0,1.00,61130.00,87.8
92,0.00,380.00,380.0,92.5,1.00,655.00,656.0,73.36,45,14.51,4974,0.65,4983,50,4,0.00,1.00,1.0,0.00,0.00,0.0,26.00,50285.00,87.8
93,0.00,756.00,756.0,94.0,0.00,448.00,448.0,73.38,66,17.75,4976,0.65,4989,50,4,0.00,0.00,0.0,0.00,0.00,0.0,2.00,51113.00,87.9
94,0.00,544.00,544.0,91.38,0.00,612.00,612.0,73.42,80,17.75,4976,0.65,4995,50,4,0.00,0.00,0.0,0.00,0.00,0.0,0.00,58479.00,87.9
95,0.00,52.00,52.0,93.25,0.00,468.00,468.0,73.44,70,17.75,4976,0.65,5002,50,4,0.00,0.00,0.0,0.00,0.00,0.0,2.00,58257.00,87.8
96,0.00,39756.00,39756.0,92.5,2.00,738.00,740.0,73.48,72,17.75,4975,0.65,5003,50,5,0.00,0.00,0.0,1.00,1.00,2.0,0.00,52706.00,87.9
97,0.00,1244.00,1244.0,90.62,0.00,606.00,606.0,73.54,73,17.75,4988,0.65,5007,50,5,0.00,0.00,0.0,0.00,0.00,0.0,20.00,63075.00,87.8
98,0.00,972.00,972.0,89.86,0.00,778.00,778.0,73.55,88,21.86,4974,0.65,5003,50,5,0.00,0.00,0.0,0.00,0.00,0.0,3.00,63766.00,87.8
99,0.00,672.00,672.0,93.26,2.00,401.00,403.0,73.59,69,21.86,4974,0.65,5007,50,5,1.00,2.00,3.0,0.00,0.00,0.0,0.00,62734.00,87.8
100,0.00,64.00,64.0,92.51,2.00,462.00,464.0,73.62,66,21.86,4974,0.65,5010,49,4,0.00,1.00,1.0,0.00,0.00,0.0,1.00,66869.00,87.8
101,0.00,4324.00,4324.0,93.73,0.00,875.00,875.0,73.63,47,21.86,4974,0.65,5007,49,4,0.00,0.00,0.0,0.00,0.00,0.0,0.00,57737.00,87.8
102,0.00,180.00,180.0,92.51,1.00,970.00,971.0,73.68,76,21.86,4973,0.65,5002,49,4,1.00,1.00,2.0,0.00,0.00,0.0,1.00,58134.00,87.8
103,0.00,1040.00,1040.0,91.39,0.00,948.00,948.0,73.71,67,25.71,4972,0.65,4999,49,4,0.00,0.00,0.0,0.00,0.00,0.0,22.00,58579.00,87.8
104,12.00,648.00,660.0,92.62,1.00,1106.00,1107.0,73.76,54,25.71,4972,0.65,5001,49,4,0.00,0.00,0.0,0.00,0.00,0.0,0.00,50655.00,87.8
105,0.00,416.00,416.0,92.99,4.00,1155.00,1159.0,73.75,36,25.71,4972,0.65,5004,49,4,4.00,0.00,4.0,0.00,0.00,0.0,1.00,55457.00,87.8
106,0.00,22828.00,22828.0,94.49,2.00,806.00,808.0,73.78,25,25.71,4972,0.65,4999,49,4,2.00,0.00,2.0,0.00,0.00,0.0,0.00,41841.00,88.1
107,0.00,460.00,460.0,93.38,4.00,760.00,764.0,73.81,7,25.71,4972,0.65,5010,49,4,0.00,0.00,0.0,4.00,4.00,8.0,0.00,35370.00,88.1
108,0.00,404.00,404.0,83.65,1.00,805.00,806.0,73.83,19,23.81,4973,0.65,5007,49,4,1.00,1.00,2.0,0.00,0.00,0.0,24.00,34801.00,88.0
109,0.00,36.00,36.0,91.57,0.00,695.00,695.0,73.87,16,23.81,4976,0.65,5007,49,4,0.00,0.00,0.0,0.00,0.00,0.0,5.00,63298.00,88.1
110,0.00,360.00,360.0,85.71,0.00,1016.00,1016.0,73.89,35,23.81,4974,0.65,5002,49,4,0.00,0.00,0.0,0.00,0.00,0.0,2.00,57347.00,88.0
111,0.00,1364.00,1364.0,90.74,1.00,974.00,975.0,73.91,34,23.81,4974,0.65,4991,49,4,0.00,0.00,0.0,0.00,0.00,0.0,1.00,77514.00,88.1
112,0.00,32.00,32.0,88.47,0.00,907.00,907.0,73.94,28,23.81,4973,0.65,4993,49,4,0.00,0.00,0.0,0.00,0.00,0.0,0.00,102774.00,88.1
113,0.00,516.00,516.0,91.0,0.00,989.00,989.0,73.98,52,25.67,4971,0.65,4987,49,4,0.00,0.00,0.0,0.00,0.00,0.0,22.00,77007.00,88.1
114,0.00,184.00,184.0,90.12,1.00,895.00,896.0,73.97,54,25.67,4970,0.65,4990,49,4,0.00,0.00,0.0,0.00,0.00,0.0,0.00,80618.00,88.1
115,0.00,40.00,40.0,88.11,0.00,784.00,784.0,73.97,72,25.67,4969,0.65,4990,49,4,0.00,0.00,0.0,0.00,0.00,0.0,1.00,108842.00,87.9
116,8.00,4060.00,4068.0,89.25,1.00,682.00,683.0,73.99,64,25.67,4969,0.65,4989,49,4,0.00,0.00,0.0,0.00,0.00,0.0,0.00,99135.00,87.8
117,0.00,1516.00,1516.0,89.5,4.00,786.00,790.0,74.01,67,25.67,4970,0.65,4988,49,4,0.00,0.00,0.0,4.00,4.00,8.0,1.00,87041.00,87.8
118,0.00,112.00,112.0,88.76,1.00,845.00,846.0,74.04,58,27.7,4972,0.65,4992,49,4,0.00,0.00,0.0,0.00,0.00,0.0,2.00,90727.00,87.8
119,0.00,476.00,476.0,89.88,0.00,619.00,619.0,74.06,39,27.7,4972,0.65,4995,49,4,0.00,0.00,0.0,0.00,0.00,0.0,26.00,85176.00,87.8
120,0.00,76.00,76.0,88.5,0.00,733.00,733.0,74.07,49,27.7,4973,0.65,4989,49,4,0.00,0.00,0.0,0.00,0.00,0.0,2.00,106665.00,87.8
121,0.00,21928.00,21928.0,89.25,0.00,596.00,596.0,74.08,45,27.7,4974,0.65,4984,49,4,0.00,0.00,0.0,0.00,0.00,0.0,1.00,90134.00,87.8
122,0.00,736.00,736.0,91.61,0.00,557.00,557.0,74.1,48,27.7,4975,0.65,4978,49,4,0.00,0.00,0.0,0.00,0.00,0.0,1.00,65045.00,87.9
123,4.00,468.00,472.0,88.11,0.00,793.00,793.0,74.14,61,29.49,4977,0.65,4980,49,4,0.00,0.00,0.0,0.00,0.00,0.0,2.00,77209.00,87.9
124,0.00,624.00,624.0,92.88,0.00,714.00,714.0,74.16,54,29.49,4979,0.65,4985,49,4,0.00,0.00,0.0,0.00,0.00,0.0,25.00,64582.00,87.9
125,0.00,36.00,36.0,90.12,0.00,592.00,592.0,74.18,55,29.49,4980,0.65,4986,49,4,0.00,0.00,0.0,0.00,0.00,0.0,2.00,79562.00,87.9
126,0.00,116.00,116.0,91.38,0.00,286.00,286.0,74.19,41,29.49,4980,0.65,4983,49,4,0.00,0.00,0.0,0.00,0.00,0.0,0.00,77029.00,87.9
127,0.00,21724.00,21724.0,90.38,4.00,478.00,482.0,74.21,45,29.49,4980,0.65,4988,49,4,0.00,0.00,0.0,4.00,4.00,8.0,0.00,96743.00,88.0
128,0.00,124.00,124.0,88.11,0.00,542.00,542.0,74.23,53,30.33,4980,0.65,4986,49,4,0.00,0.00,0.0,0.00,0.00,0.0,1.00,107611.00,88.0
129,0.00,532.00,532.0,92.38,3.00,400.00,403.0,74.26,59,30.33,4979,0.65,4985,49,4,3.00,1.00,4.0,0.00,0.00,0.0,24.00,65869.00,88.0
130,0.00,600.00,600.0,87.11,1.00,435.00,436.0,74.33,52,30.33,4979,0.65,4992,50,5,0.00,1.00,1.0,0.99,0.99,1.98,1.00,94498.00,88.0
131,0.00,676.00,676.0,89.75,2.00,409.00,411.0,74.36,41,30.33,4979,0.65,4988,50,5,2.00,0.00,2.0,0.00,0.00,0.0,0.00,87847.00,88.0
132,0.00,1220.00,1220.0,88.76,0.00,438.00,438.0,74.37,40,30.33,4980,0.65,4995,50,5,0.00,0.00,0.0,0.00,0.00,0.0,1.00,90093.00,88.0
133,0.00,112.00,112.0,88.12,2.00,180.00,182.0,74.39,35,30.78,4981,0.65,4995,50,5,0.00,2.00,2.0,0.00,0.00,0.0,1.00,105502.00,88.0
134,0.00,808.00,808.0,89.47,0.00,438.00,438.0,74.39,51,30.78,4986,0.65,4989,50,4,0.00,0.00,0.0,0.00,0.00,0.0,6.00,90686.00,87.9
135,0.00,432.00,432.0,89.76,1.00,566.00,567.0,74.39,51,30.78,4980,0.65,4985,50,4,0.00,1.00,1.0,0.00,0.00,0.0,19.00,75397.00,87.8
136,0.00,140.00,140.0,91.25,2.00,762.00,764.0,74.41,47,30.78,4981,0.65,4981,50,4,2.00,0.00,2.0,0.00,0.00,0.0,1.00,80268.00,87.7
137,0.00,15084.00,15084.0,91.12,6.00,780.00,786.0,74.45,44,30.78,4981,0.65,4979,50,4,2.00,0.00,2.0,4.00,4.00,8.0,0.00,68886.00,87.7
138,0.00,544.00,544.0,93.25,2.00,460.00,462.0,74.44,53,31.28,4981,0.65,4978,50,4,0.00,2.00,2.0,0.00,0.00,0.0,0.00,62475.00,87.7
139,0.00,56.00,56.0,89.38,6.00,617.00,623.0,74.47,47,31.28,4981,0.65,4977,50,4,4.00,2.00,6.0,0.00,0.00,0.0,0.00,87692.00,87.7
140,0.00,632.00,632.0,90.24,2.00,942.00,944.0,74.48,51,31.28,4981,0.65,4981,50,4,0.00,2.00,2.0,0.00,0.00,0.0,25.00,83292.00,87.7
141,0.00,1768.00,1768.0,89.14,3.00,916.00,919.0,74.5,80,31.28,4980,0.65,4977,50,4,0.00,2.00,2.0,0.00,0.00,0.0,3.00,85847.00,87.6
142,0.00,27308.00,27308.0,90.25,2.00,965.00,967.0,74.5,67,31.28,4980,0.65,4975,50,4,0.00,2.00,2.0,0.00,0.00,0.0,0.00,83660.00,87.7
143,0.00,496.00,496.0,91.12,0.00,895.00,895.0,74.52,85,34.86,4982,0.65,4977,50,4,0.00,0.00,0.0,0.00,0.00,0.0,2.00,72319.00,87.6
144,0.00,132.00,132.0,90.36,1.00,983.00,984.0,74.54,76,34.86,4982,0.65,4975,50,4,0.00,0.00,0.0,0.00,0.00,0.0,0.00,77223.00,87.6
145,0.00,756.00,756.0,89.39,2.00,895.00,897.0,74.56,78,34.86,4982,0.65,4978,50,4,0.00,2.00,2.0,0.00,0.00,0.0,23.00,80276.00,87.5
146,0.00,148.00,148.0,91.62,1.00,799.00,800.0,74.57,73,34.86,4982,0.65,4984,50,4,0.00,1.00,1.0,0.00,0.00,0.0,0.00,69709.00,87.5
147,4.00,7416.00,7420.0,90.36,7.00,869.00,876.0,74.59,57,34.86,4982,0.65,4977,50,4,0.00,2.00,2.0,4.00,4.00,8.0,0.00,80726.00,87.5
148,0.00,384.00,384.0,90.0,4.00,712.00,716.0,74.6,43,35.99,4982,0.65,4981,50,4,2.00,4.00,6.0,0.00,0.00,0.0,1.00,79656.00,87.5
149,0.00,700.00,700.0,90.89,3.00,954.00,957.0,74.63,46,35.99,4982,0.65,4983,50,4,1.00,3.00,4.0,0.00,0.00,0.0,0.00,90433.00,87.4
150,0.00,128.00,128.0,89.12,2.00,1182.00,1184.0,74.61,56,35.99,4987,0.65,4982,49,4,0.00,1.00,1.0,0.00,0.00,0.0,1.00,95557.00,87.4
151,0.00,2368.00,2368.0,90.75,0.00,1238.00,1238.0,74.65,38,35.99,4982,0.65,4980,49,4,0.00,0.00,0.0,0.00,0.00,0.0,24.00,83346.00,87.5
152,0.00,8504.00,8504.0,87.5,0.00,1115.00,1115.0,74.69,58,35.99,4981,0.65,4981,49,4,0.00,0.00,0.0,0.00,0.00,0.0,0.00,95904.00,87.5
153,0.00,1004.00,1004.0,91.62,0.00,988.00,988.0,74.7,50,38.08,4980,0.65,4976,49,4,0.00,0.00,0.0,0.00,0.00,0.0,0.00,89519.00,87.5
154,0.00,664.00,664.0,89.0,0.00,1004.00,1004.0,74.71,43,38.08,4981,0.65,4980,49,4,0.00,0.00,0.0,0.00,0.00,0.0,2.00,95058.00,87.5
155,0.00,268.00,268.0,88.36,0.00,862.00,862.0,74.76,43,38.08,4982,0.65,4975,49,4,0.00,0.00,0.0,0.00,0.00,0.0,2.00,92198.00,87.5
156,4.00,604.00,608.0,89.5,1.00,926.00,927.0,74.83,62,38.08,4981,0.65,4968,49,4,0.00,0.00,0.0,0.00,0.00,0.0,21.00,83376.00,87.7
157,0.00,34480.00,34480.0,86.73,0.00,1079.00,1079.0,74.92,30,38.08,4982,0.65,4967,49,4,0.00,0.00,0.0,0.00,0.00,0.0,2.00,100736.00,87.6
158,0.00,860.00,860.0,87.38,0.00,1105.00,1105.0,74.92,38,37.59,4982,0.65,4966,49,4,0.00,0.00,0.0,0.00,0.00,0.0,0.00,110202.00,87.7
159,0.00,920.00,920.0,85.23,0.00,1133.00,1133.0,74.96,43,37.59,4982,0.65,4975,49,4,0.00,0.00,0.0,0.00,0.00,0.0,0.00,115082.00,87.7
160,0.00,112.00,112.0,87.12,0.00,1062.00,1062.0,74.95,53,37.59,4982,0.65,4974,49,4,0.00,0.00,0.0,0.00,0.00,0.0,1.00,109649.00,87.8
161,0.00,616.00,616.0,90.25,1.00,919.00,920.0,74.94,36,37.59,4984,0.65,4967,49,4,0.00,0.00,0.0,0.00,0.00,0.0,24.00,95684.00,87.7
162,0.00,5116.00,5116.0,87.5,0.00,943.00,943.0,74.89,43,37.59,4982,0.65,4971,49,4,0.00,0.00,0.0,0.00,0.00,0.0,1.00,112813.00,87.7
163,0.00,560.00,560.0,86.11,0.00,1094.00,1094.0,74.88,42,38.26,4982,0.65,4967,49,4,0.00,0.00,0.0,0.00,0.00,0.0,0.00,114071.00,87.7
164,0.00,720.00,720.0,85.54,0.00,837.00,837.0,74.9,40,38.26,4982,0.65,4969,49,4,0.00,0.00,0.0,0.00,0.00,0.0,4.00,116274.00,87.7
165,0.00,268.00,268.0,84.09,3.00,791.00,794.0,74.91,30,38.26,4982,0.65,4963,50,5,0.00,3.00,3.0,1.00,1.00,2.0,1.00,121403.00,87.7
166,0.00,596.00,596.0,86.88,2.00,856.00,858.0,74.9,26,38.26,4982,0.65,4966,50,5,0.00,2.00,2.0,0.00,0.00,0.0,0.00,114205.00,87.8
167,4.00,108.00,112.0,86.62,5.00,949.00,954.0,74.88,46,38.26,4984,0.65,4969,50,5,0.00,1.00,1.0,4.00,4.00,8.0,25.00,98201.00,87.9
168,0.00,18352.00,18352.0,84.09,2.00,781.00,783.0,74.88,37,37.2,4982,0.65,4972,50,5,0.00,2.00,2.0,0.00,0.00,0.0,0.00,130383.00,88.0
169,0.00,212.00,212.0,85.88,0.00,777.00,777.0,74.9,50,37.2,4981,0.65,4974,50,4,0.00,0.00,0.0,0.00,0.00,0.0,0.00,113904.00,88.0
170,0.00,108.00,108.0,87.38,1.00,666.00,667.0,74.91,38,37.2,4982,0.65,4974,50,4,0.00,0.00,0.0,0.00,0.00,0.0,5.00,102403.00,88.0
171,0.00,60.00,60.0,85.11,3.00,660.00,663.0,74.92,36,37.2,4982,0.65,4972,50,4,0.00,3.00,3.0,0.00,0.00,0.0,0.00,114071.00,87.9
172,0.00,56.00,56.0,86.07,0.00,953.00,953.0,74.94,41,37.2,4981,0.65,4965,50,4,0.00,0.00,0.0,0.00,0.00,0.0,0.00,125049.00,87.9
173,0.00,30332.00,30332.0,86.86,2.00,1204.00,1206.0,74.98,46,36.7,4976,0.65,4963,50,4,1.00,1.00,2.0,0.00,0.00,0.0,21.00,98042.00,88.0
174,0.00,644.00,644.0,87.75,2.00,1192.00,1194.0,74.99,42,36.7,4972,0.65,4957,50,4,0.00,2.00,2.0,0.00,0.00,0.0,4.00,105798.00,87.9
175,0.00,80.00,80.0,89.11,2.00,1163.00,1165.0,75.01,20,36.7,4968,0.65,4951,50,4,0.00,1.00,1.0,0.00,0.00,0.0,5.00,103108.00,87.9
176,0.00,542.57,542.57,85.38,3.00,1259.00,1262.0,75.03,33,36.7,4967,0.65,4947,50,4,0.00,2.00,2.0,0.00,0.00,0.0,0.00,121287.00,87.8
177,0.00,1388.00,1388.0,87.77,0.00,1377.00,1377.0,75.05,51,36.7,4964,0.65,4944,50,4,0.00,0.00,0.0,0.00,0.00,0.0,0.00,107315.00,87.7
178,0.00,12108.00,12108.0,89.22,0.00,1452.00,1452.0,75.04,60,37.53,4962,0.65,4945,50,4,0.00,0.00,0.0,0.00,0.00,0.0,0.00,104533.00,87.7
179,4.00,500.00,504.0,88.14,2.00,1105.00,1107.0,75.05,58,37.53,4958,0.65,4944,50,4,0.00,2.00,2.0,0.00,0.00,0.0,24.00,84723.00,87.6
180,0.00,112.00,112.0,87.89,1.00,789.00,790.0,75.08,36,37.53,4954,0.65,4950,50,4,0.00,1.00,1.0,0.00,0.00,0.0,1.00,89296.00,87.6
181,0.00,352.00,352.0,89.11,2.00,1076.00,1078.0,75.13,46,37.53,4954,0.65,4950,50,4,0.00,2.00,2.0,0.00,0.00,0.0,0.00,98697.00,87.6
182,0.00,68.00,68.0,87.86,2.00,1284.00,1286.0,75.08,48,37.53,4954,0.65,4948,50,4,1.00,2.00,3.0,0.00,0.00,0.0,0.00,109539.00,87.6
183,0.00,15532.00,15532.0,85.64,0.00,1145.00,1145.0,75.09,45,39.01,4954,0.65,4956,50,4,0.00,0.00,0.0,0.00,0.00,0.0,0.00,112274.00,87.6
184,0.00,436.00,436.0,88.88,0.00,1058.00,1058.0,75.11,37,39.01,4954,0.65,4961,50,4,0.00,0.00,0.0,0.00,0.00,0.0,0.00,93834.00,87.5
185,0.00,124.00,124.0,90.11,0.00,707.00,707.0,74.21,23,39.01,4683,0.65,4890,49,4,0.00,0.00,0.0,0.00,0.00,0.0,45.00,72833.00,87.5
186,0.00,69636.00,69636.0,86.97,88.00,1370.00,1458.0,74.25,33,39.01,4684,0.65,4845,49,4,0.00,0.00,0.0,88.00,88.00,176.0,8.00,104640.00,87.6
187,0.00,1868.00,1868.0,86.98,4.00,1192.00,1196.0,74.33,23,39.01,4684,0.65,4850,49,4,0.00,0.00,0.0,4.00,4.00,8.0,0.00,116646.00,87.7
188,0.00,1864.00,1864.0,85.48,0.00,1019.00,1019.0,74.35,32,38.21,4684,0.65,4848,49,4,0.00,0.00,0.0,0.00,0.00,0.0,0.00,138050.00,87.7
189,0.00,464.00,464.0,85.52,3.00,1137.00,1140.0,74.37,30,38.21,4684,0.65,4848,48,4,0.00,2.00,2.0,0.00,0.00,0.0,0.00,124982.00,87.7
190,0.00,744.00,744.0,86.11,0.00,877.00,877.0,74.41,35,38.21,4684,0.65,4845,48,4,0.00,0.00,0.0,0.00,0.00,0.0,1.00,116837.00,87.6
191,0.00,676.00,676.0,84.5,0.00,1328.00,1328.0,74.48,35,38.21,4684,0.65,4839,48,4,0.00,0.00,0.0,0.00,0.00,0.0,0.00,131890.00,87.7
192,0.00,84.00,84.0,86.11,0.00,1102.00,1102.0,74.46,33,38.21,4684,0.65,4845,48,4,0.00,0.00,0.0,0.00,0.00,0.0,0.00,130651.00,87.7
193,0.00,144.00,144.0,85.77,0.00,809.00,809.0,74.47,31,37.31,4684,0.65,4848,48,4,0.00,0.00,0.0,0.00,0.00,0.0,0.00,129601.00,87.7
194,0.00,1376.00,1376.0,83.1,0.00,981.19,981.19,74.53,29,37.31,4684,0.65,4845,48,4,0.00,0.00,0.0,0.00,0.00,0.0,0.00,130815.00,87.7
195,0.00,76.00,76.0,84.12,0.00,1013.86,1013.86,74.56,40,37.31,4684,0.65,4844,48,4,0.00,0.00,0.0,0.00,0.00,0.0,1.00,130066.00,87.6
196,0.00,796.00,796.0,84.44,84.00,1507.00,1591.0,74.59,33,37.31,4684,0.65,4839,48,4,0.00,0.00,0.0,84.00,84.00,168.0,0.00,126927.00,87.6
197,0.00,124.00,124.0,85.62,8.00,1173.00,1181.0,74.62,32,37.31,4684,0.65,4833,48,4,0.00,0.00,0.0,8.00,8.00,16.0,0.00,143510.00,87.5
198,0.00,124.00,124.0,83.9,0.00,1149.00,1149.0,74.59,41,36.08,4684,0.65,4838,48,4,0.00,0.00,0.0,0.00,0.00,0.0,0.00,131215.00,87.7
199,0.00,88.00,88.0,85.75,4.00,1174.00,1178.0,74.6,41,36.08,4684,0.65,4836,49,5,0.00,3.00,3.0,1.00,1.00,2.0,0.00,119398.00,87.7
200,0.00,532.00,532.0,84.71,2.00,1331.00,1333.0,74.63,37,36.08,4684,0.65,4832,49,5,0.00,2.00,2.0,0.00,0.00,0.0,1.00,119519.00,87.7
201,0.00,2080.00,2080.0,87.23,0.00,1042.00,1042.0,74.67,26,36.08,4684,0.65,4829,49,5,0.00,0.00,0.0,0.00,0.00,0.0,3.00,108308.00,87.8
202,0.00,1100.00,1100.0,87.27,1.00,1089.00,1090.0,74.69,28,36.08,4684,0.65,4830,49,5,0.00,0.00,0.0,0.00,0.00,0.0,0.00,116223.00,87.9
203,0.00,200.00,200.0,88.74,0.00,1489.11,1489.11,74.72,23,35.04,4684,0.65,4839,49,4,0.00,0.00,0.0,0.00,0.00,0.0,0.00,114132.00,87.8
204,0.00,660.00,660.0,88.5,0.00,1086.00,1086.0,74.74,24,35.04,4684,0.65,4837,49,4,0.00,0.00,0.0,0.00,0.00,0.0,0.00,111786.00,87.8
205,0.00,224.00,224.0,87.47,1.00,1086.00,1087.0,74.73,17,35.04,4684,0.65,4841,49,4,0.00,0.00,0.0,0.00,0.00,0.0,1.00,100219.00,87.7
206,0.00,536.00,536.0,84.3,84.00,1656.00,1740.0,74.73,14,35.04,4684,0.65,4836,49,4,0.00,0.00,0.0,84.00,84.00,168.0,0.00,103540.00,87.6
207,0.00,132.00,132.0,80.35,7.00,1188.00,1195.0,74.7,5,35.04,4684,0.65,4829,49,4,0.00,3.00,3.0,4.00,4.00,8.0,0.00,82426.00,87.6
208,0.00,748.00,748.0,58.88,0.00,1266.00,1266.0,74.7,8,32.63,4684,0.65,4824,49,4,0.00,0.00,0.0,0.00,0.00,0.0,0.00,90275.00,81.1
209,0.00,384.00,384.0,44.73,0.00,1191.00,1191.0,74.71,1,32.63,4684,0.65,4818,49,4,0.00,0.00,0.0,0.00,0.00,0.0,0.00,94883.00,80.5
210,0.00,628.00,628.0,53.7,0.00,1045.00,1045.0,74.71,5,32.63,4684,0.65,4815,49,4,0.00,0.00,0.0,0.00,0.00,0.0,1.00,122626.00,67.9
211,0.00,1268.00,1268.0,48.99,0.00,1908.00,1908.0,74.73,20,32.63,4684,0.65,4811,49,4,0.00,0.00,0.0,0.00,0.00,0.0,0.00,123832.00,75.5
212,0.00,1472.00,1472.0,80.5,0.00,1584.00,1584.0,74.75,19,32.63,4684,0.65,4813,49,4,0.00,0.00,0.0,0.00,0.00,0.0,0.00,146033.00,86.3
213,0.00,1072.00,1072.0,83.42,0.00,1469.00,1469.0,74.77,26,31.62,4684,0.65,4812,49,4,0.00,0.00,0.0,0.00,0.00,0.0,0.00,140163.00,86.4
214,0.00,676.00,676.0,84.34,3.00,1642.00,1645.0,74.77,28,31.62,4684,0.65,4810,49,4,0.00,3.00,3.0,0.00,0.00,0.0,0.00,126424.00,86.5
215,0.00,232.00,232.0,83.23,2.00,1465.00,1467.0,74.79,30,31.62,4684,0.65,4816,49,4,0.00,2.00,2.0,0.00,0.00,0.0,1.00,143414.00,86.5
216,0.00,412.00,412.0,83.98,69.00,1489.00,1558.0,74.81,36,31.62,4684,0.65,4819,49,4,0.00,0.00,0.0,68.00,68.00,136.0,0.00,129808.00,86.6
217,0.00,724.00,724.0,86.23,12.00,1352.00,1364.0,74.83,32,31.62,4684,0.65,4832,49,4,0.00,0.00,0.0,12.00,12.00,24.0,0.00,124234.00,86.7
218,0.00,116556.00,116556.0,82.9,5.00,1083.00,1088.0,74.86,26,31.89,4684,0.65,4827,49,4,0.00,1.00,1.0,4.00,4.00,8.0,0.00,140002.00,86.7
219,0.00,22340.00,22340.0,81.6,4.00,1052.00,1056.0,74.88,38,31.89,4684,0.65,4831,49,4,0.00,0.00,0.0,4.00,4.00,8.0,0.00,152204.00,86.9
220,0.00,1036.00,1036.0,82.23,4.00,831.00,835.0,74.86,28,31.89,4684,0.65,4827,49,4,0.00,0.00,0.0,4.00,4.00,8.0,1.00,156060.00,87.0
221,0.00,68.00,68.0,83.73,0.00,884.00,884.0,74.88,28,31.89,4684,0.65,4828,49,4,0.00,0.00,0.0,0.00,0.00,0.0,0.00,156913.00,87.0
222,0.00,1132.00,1132.0,81.3,8.00,1133.00,1141.0,74.88,21,31.89,4684,0.65,4824,49,4,0.00,0.00,0.0,8.00,8.00,16.0,0.00,171378.00,87.1
223,0.00,448.00,448.0,81.7,1.00,1238.00,1239.0,74.91,34,32.54,4684,0.65,4823,49,4,0.00,0.00,0.0,0.00,0.00,0.0,0.00,158522.00,87.2
224,0.00,7952.00,7952.0,82.35,2.00,1385.00,1387.0,74.93,25,32.54,4684,0.65,4820,49,4,2.00,0.00,2.0,0.00,0.00,0.0,0.00,148403.00,87.3
225,0.00,407.92,407.92,83.6,0.00,1312.00,1312.0,74.94,41,32.54,4684,0.65,4820,49,4,0.00,0.00,0.0,0.00,0.00,0.0,1.00,144634.00,87.3
226,0.00,1176.00,1176.0,82.42,70.00,1910.00,1980.0,74.98,38,32.54,4684,0.65,4818,49,4,0.00,2.00,2.0,68.00,68.00,136.0,0.00,145582.00,87.3
227,0.00,652.00,652.0,81.7,14.00,2038.00,2052.0,75.0,27,32.54,4684,0.65,4819,49,4,0.00,2.00,2.0,12.00,12.00,24.0,0.00,154326.00,87.3
228,0.00,992.00,992.0,82.79,6.00,2123.00,2129.0,75.02,35,32.34,4684,0.65,4814,49,4,0.00,2.00,2.0,4.00,4.00,8.0,0.00,149134.00,87.2
229,0.00,384.00,384.0,81.41,6.00,2133.00,2139.0,75.04,30,32.34,4684,0.65,4820,49,4,0.00,1.00,1.0,4.00,4.00,8.0,0.00,140722.00,87.2
230,0.00,444.00,444.0,69.36,8.00,1733.00,1741.0,75.06,8,32.34,4685,0.65,4820,49,5,0.00,2.00,2.0,6.00,6.00,12.0,2.00,131330.00,87.2
231,0.00,620.00,620.0,63.64,2.00,1380.00,1382.0,75.09,3,32.34,4685,0.65,4813,50,5,0.00,3.00,3.0,0.00,0.00,0.0,0.00,109939.00,79.3
232,0.00,324.00,324.0,53.04,10.00,1231.00,1241.0,75.12,14,32.34,4685,0.65,4811,50,5,0.00,1.00,1.0,8.00,8.00,16.0,0.00,112761.00,79.3
233,0.00,164.00,164.0,61.34,1.00,992.00,993.0,75.17,1,29.75,4685,0.65,4804,50,6,0.00,0.00,0.0,1.00,1.00,2.0,0.00,75662.00,78.8
234,0.00,6796.00,6796.0,49.5,0.00,1472.00,1472.0,75.18,20,29.75,4685,0.65,4795,50,6,0.00,0.00,0.0,0.00,0.00,0.0,0.00,101187.00,72.6
235,0.00,508.00,508.0,65.01,3.00,1250.00,1253.0,75.18,8,29.75,4684,0.65,4793,50,5,0.00,0.00,0.0,2.00,2.00,4.0,0.00,102317.00,84.7
236,0.00,144.00,144.0,53.97,49.00,867.00,916.0,75.19,10,29.75,4684,0.65,4797,50,5,0.00,0.00,0.0,48.00,48.00,96.0,1.00,143399.00,77.9
237,0.00,872.00,872.0,49.62,4.00,727.00,731.0,75.2,6,29.75,4684,0.65,4811,50,4,0.00,0.00,0.0,4.00,4.00,8.0,0.00,105550.00,78.0
238,0.00,552.00,552.0,46.04,13.00,1417.00,1430.0,75.22,16,27.44,4684,0.65,4799,50,4,0.00,1.00,1.0,12.00,12.00,24.0,0.00,102234.00,70.8
239,0.00,7128.00,7128.0,63.27,18.00,2812.00,2830.0,75.24,16,27.44,4684,0.65,4800,50,4,0.00,2.00,2.0,16.00,16.00,32.0,0.00,122301.00,79.6
240,0.00,436.00,436.0,79.42,1.00,1584.00,1585.0,75.2,9,27.44,4684,0.65,4815,50,4,0.00,1.00,1.0,0.00,0.00,0.0,0.00,160916.00,87.3
241,0.00,180.00,180.0,79.92,0.00,2105.00,2105.0,75.24,23,27.44,4684,0.65,4816,50,4,0.00,0.00,0.0,0.00,0.00,0.0,1.00,136522.00,87.2
242,0.00,44.00,44.0,82.33,9.00,1384.00,1393.0,75.25,18,27.44,4684,0.65,4812,50,4,5.00,6.00,11.0,4.00,4.00,8.0,0.00,156158.00,87.3
243,0.00,872.00,872.0,80.13,0.00,1167.00,1167.0,75.27,29,27.25,4685,0.65,4825,50,4,0.00,0.00,0.0,0.00,0.00,0.0,0.00,167546.00,87.3
244,0.00,96.00,96.0,82.85,0.00,822.00,822.0,75.29,23,27.25,4685,0.65,4828,50,4,0.00,0.00,0.0,0.00,0.00,0.0,1.00,150925.00,87.3
245,0.00,3128.00,3128.0,84.73,4.00,924.00,928.0,75.31,24,27.25,4685,0.65,4825,50,4,0.00,0.00,0.0,4.00,4.00,8.0,0.00,149645.00,87.3
246,0.00,160.00,160.0,81.2,53.00,1600.00,1653.0,75.33,38,27.25,4685,0.65,4820,50,4,0.00,1.00,1.0,48.00,48.00,96.0,1.00,162930.00,87.3
247,0.00,472.00,472.0,83.52,11.00,1307.00,1318.0,75.36,31,27.25,4685,0.65,4808,50,4,0.00,3.00,3.0,12.00,12.00,24.0,0.00,151533.00,87.2
248,0.00,288.00,288.0,82.58,9.00,1081.00,1090.0,75.38,35,27.63,4685,0.65,4817,50,4,0.00,1.00,1.0,8.00,8.00,16.0,0.00,155306.00,87.2
249,0.00,580.00,580.0,80.6,21.00,1598.00,1619.0,75.38,23,27.63,4685,0.65,4811,49,4,0.00,0.00,0.0,20.00,20.00,40.0,0.00,165582.00,87.2
250,0.00,115052.00,115052.0,80.1,4.00,1432.00,1436.0,75.4,29,27.63,4685,0.65,4816,49,4,0.00,0.00,0.0,4.00,4.00,8.0,0.00,157853.00,87.2
251,0.00,24020.00,24020.0,78.31,1.00,1613.00,1614.0,75.37,23,27.63,4685,0.65,4822,49,4,1.00,1.00,2.0,0.00,0.00,0.0,1.00,186759.00,87.3
252,0.00,1140.00,1140.0,80.42,0.00,2038.00,2038.0,75.37,34,27.63,4685,0.65,4824,49,4,0.00,0.00,0.0,0.00,0.00,0.0,0.00,168739.00,87.3
253,0.00,792.00,792.0,82.58,0.00,2075.00,2075.0,75.36,18,27.9,4685,0.65,4810,49,4,0.00,0.00,0.0,0.00,0.00,0.0,0.00,157129.00,87.3
254,8.00,1068.00,1076.0,83.98,26.00,2188.00,2214.0,75.39,15,27.9,4685,0.65,4822,50,4,0.00,2.97,2.97,24.00,24.00,48.0,0.00,131507.00,87.3
255,0.00,1068.00,1068.0,73.33,6.00,1878.00,1884.0,75.41,19,27.9,4685,0.65,4823,50,4,0.00,2.00,2.0,4.00,4.00,8.0,0.00,124566.00,87.1
256,0.00,23748.00,23748.0,53.28,50.00,2166.00,2216.0,75.43,3,27.9,4686,0.65,4821,50,5,6.00,0.00,6.0,44.00,44.00,88.0,2.00,88205.00,86.5
257,0.00,252.00,252.0,29.07,16.00,1089.00,1105.0,75.44,3,27.9,4686,0.65,4811,50,4,0.00,0.00,0.0,16.00,16.00,32.0,0.00,110748.00,67.7
258,0.00,60.00,60.0,25.88,6.00,787.00,793.0,75.45,4,26.22,4686,0.65,4805,49,4,0.00,0.00,0.0,4.00,4.00,8.0,0.00,81716.00,52.8
259,0.00,72.00,72.0,31.61,16.00,1441.00,1457.0,75.47,18,26.22,4686,0.65,4801,49,4,0.00,0.00,0.0,16.00,16.00,32.0,0.00,85314.00,61.6
260,0.00,148.00,148.0,63.98,16.00,2207.00,2223.0,75.49,18,26.22,4686,0.65,4796,49,4,0.00,0.00,0.0,16.00,16.00,32.0,0.00,133780.00,79.3
261,0.00,6816.00,6816.0,80.48,1.00,2047.00,2048.0,75.51,27,26.22,4686,0.65,4806,49,4,0.00,0.00,0.0,0.00,0.00,0.0,4.00,157197.00,79.9
262,0.00,888.00,888.0,80.83,0.00,1383.00,1383.0,75.53,35,26.22,4686,0.65,4810,49,4,0.00,0.00,0.0,0.00,0.00,0.0,0.00,164611.00,87.5
263,0.00,356.00,356.0,80.35,0.00,1524.00,1524.0,75.56,22,26.77,4686,0.65,4814,49,4,0.00,0.00,0.0,0.00,0.00,0.0,0.00,169529.00,87.4
264,8.00,116.00,124.0,78.6,13.00,1857.00,1870.0,75.59,27,26.77,4686,0.65,4824,49,4,0.00,0.00,0.0,12.00,12.00,24.0,0.00,174289.00,87.3
265,0.00,48.00,48.0,83.17,4.00,1079.00,1083.0,75.61,32,26.77,4686,0.65,4825,49,4,0.00,0.00,0.0,4.00,4.00,8.0,0.00,164405.00,87.3
266,0.00,5821.78,5821.78,76.71,56.00,1396.00,1452.0,75.6,41,26.77,4686,0.65,4825,49,5,0.00,2.00,2.0,54.00,52.00,106.0,1.00,182691.00,87.3
267,0.00,160.00,160.0,81.3,23.00,1550.00,1573.0,75.62,44,26.77,4686,0.65,4822,48,7,0.00,0.00,0.0,22.00,21.00,43.0,0.00,162231.00,87.2
268,0.00,568.00,568.0,81.73,4.00,1130.00,1134.0,75.64,29,26.71,4686,0.65,4820,48,7,0.00,0.00,0.0,3.96,3.96,7.92,0.00,160672.00,87.2
269,0.00,396.00,396.0,80.73,16.00,1424.00,1440.0,75.7,30,26.71,4686,0.65,4812,48,7,0.00,0.00,0.0,16.00,16.00,32.0,0.00,166926.00,87.1
270,0.00,1108.00,1108.0,83.73,12.00,1132.00,1144.0,75.8,38,26.71,4686,0.65,4818,48,7,0.00,0.00,0.0,12.00,12.00,24.0,0.00,144513.00,87.1
271,0.00,13244.00,13244.0,83.73,6.00,1447.00,1453.0,75.81,36,26.71,4686,0.65,4822,48,6,0.00,1.00,1.0,5.00,4.00,9.0,1.00,150685.00,87.1
272,0.00,1508.00,1508.0,81.91,2.00,1827.00,1829.0,75.74,32,26.71,4686,0.65,4818,48,6,0.00,1.00,1.0,1.00,0.00,1.0,0.00,148551.00,87.1
273,0.00,912.00,912.0,80.7,0.00,2072.00,2072.0,75.78,37,26.57,4686,0.65,4815,48,6,0.00,0.00,0.0,0.00,0.00,0.0,0.00,149112.00,87.1
274,0.00,1724.00,1724.0,75.22,8.00,2287.00,2295.0,75.81,5,26.57,4686,0.65,4813,48,6,0.00,0.00,0.0,8.00,8.00,16.0,0.00,148218.00,87.1
275,0.00,120.00,120.0,57.39,8.00,2223.00,2231.0,75.82,5,26.57,4686,0.65,4815,48,6,0.00,0.00,0.0,8.00,8.00,16.0,0.00,108140.00,86.6
276,0.00,444.00,444.0,27.75,43.00,1133.00,1176.0,75.84,0,26.57,4686,0.65,4816,49,5,0.00,3.00,3.0,40.00,40.00,80.0,1.00,82996.00,66.0
277,0.00,3356.00,3356.0,17.21,13.00,1187.00,1200.0,75.85,8,26.57,4686,0.65,4806,49,4,0.00,1.00,1.0,12.00,12.00,24.0,0.00,62810.00,51.4
278,0.00,388.00,388.0,53.59,8.00,1712.00,1720.0,75.86,3,24.76,4686,0.65,4809,49,4,0.00,0.00,0.0,8.00,8.00,16.0,0.00,124978.00,68.0
279,0.00,60.00,60.0,58.58,6.00,1951.00,1957.0,75.88,15,24.76,4686,0.65,4811,50,4,0.00,3.00,3.0,4.00,4.00,8.0,0.00,129033.00,77.8
280,0.00,1148.00,1148.0,76.18,5.00,1436.00,1441.0,75.95,23,24.76,4686,0.65,4813,50,4,0.00,1.00,1.0,4.00,4.00,8.0,0.00,169185.00,87.5
281,0.00,380.00,380.0,79.16,0.00,2149.00,2149.0,75.96,28,24.76,4686,0.65,4805,50,4,0.00,0.00,0.0,0.00,0.00,0.0,1.00,181316.00,87.4
282,0.00,127424.00,127424.0,77.04,6.00,2186.00,2192.0,75.98,32,24.76,4686,0.65,4817,50,4,0.00,0.00,0.0,4.00,4.00,8.0,0.00,179747.00,87.3
283,0.00,1152.00,1152.0,81.68,13.00,1322.00,1335.0,76.0,18,25.74,4686,0.65,4816,49,4,0.00,0.00,0.0,12.00,12.00,24.0,0.00,159272.00,87.4
284,0.00,720.00,720.0,82.71,16.00,1739.00,1755.0,76.03,32,25.74,4686,0.65,4813,49,4,0.00,0.00,0.0,16.00,16.00,32.0,0.00,170472.00,87.4
285,0.00,348.00,348.0,79.75,20.00,2066.00,2086.0,76.06,34,25.74,4686,0.65,4818,49,4,0.00,0.00,0.0,20.00,20.00,40.0,0.00,158593.00,87.4
286,0.00,812.00,812.0,82.83,40.00,1444.00,1484.0,76.07,36,25.74,4686,0.65,4825,49,4,0.00,0.00,0.0,40.00,40.00,80.0,1.00,142137.00,87.5
287,4.00,39188.00,39192.0,83.85,16.00,1125.00,1141.0,76.09,27,25.74,4686,0.65,4823,49,4,0.00,0.00,0.0,16.00,16.00,32.0,0.00,149760.00,87.7
288,0.00,612.00,612.0,82.6,3.00,901.00,904.0,76.12,41,25.36,4686,0.65,4819,49,4,2.00,1.00,3.0,0.00,0.00,0.0,0.00,157260.00,87.6
289,0.00,88.00,88.0,82.12,13.00,1180.00,1193.0,76.15,17,25.36,4686,0.65,4820,49,4,0.00,2.00,2.0,10.00,8.00,18.0,0.00,163348.51,87.6
290,4.00,452.00,456.0,80.73,4.00,1512.00,1516.0,76.18,32,25.36,4686,0.65,4811,49,4,0.00,0.00,0.0,4.00,4.00,8.0,0.00,166641.00,87.6
291,0.00,628.00,628.0,82.12,1.00,1893.00,1894.0,76.21,17,25.36,4686,0.65,4811,49,4,0.00,0.00,0.0,0.00,0.00,0.0,1.00,131770.00,87.6
292,0.00,4988.00,4988.0,77.69,5.00,2309.00,2314.0,76.21,23,25.36,4686,0.65,4813,49,4,0.00,1.00,1.0,4.00,4.00,8.0,0.00,159752.00,87.5
293,0.00,1072.00,1072.0,81.83,19.00,3011.00,3030.0,76.23,8,24.29,4686,0.65,4816,49,4,1.00,3.00,4.0,16.00,16.00,32.0,0.00,143991.00,87.4
294,0.00,576.00,576.0,78.82,20.00,2169.00,2189.0,76.19,12,24.29,4686,0.65,4820,48,4,2.00,2.00,4.0,16.00,16.00,32.0,0.00,139817.00,87.3
295,0.00,416.00,416.0,74.72,13.00,1366.00,1379.0,76.18,23,24.29,4686,0.65,4819,48,4,0.00,0.00,0.0,12.00,12.00,24.0,0.00,110738.00,86.9
296,0.00,124.00,124.0,73.22,39.60,1358.42,1398.02,76.2,10,24.29,4686,0.65,4815,48,4,0.00,0.00,0.0,40.00,40.00,80.0,1.00,161262.00,86.8
297,0.00,10364.00,10364.0,63.16,21.00,1709.00,1730.0,76.22,10,24.29,4686,0.65,4807,48,4,0.00,0.00,0.0,20.00,20.00,40.0,0.00,142120.00,86.5
298,0.00,836.00,836.0,63.24,4.00,1903.00,1907.0,76.25,6,23.71,4686,0.65,4802,48,4,0.00,0.00,0.0,4.00,4.00,8.0,0.00,166129.00,81.1
299,0.00,396.00,396.0,61.01,12.00,2529.00,2541.0,76.24,22,23.71,4686,0.65,4801,48,4,4.00,0.00,4.0,8.00,8.00,16.0,0.00,156174.00,81.0
300,0.00,468.00,468.0,80.93,6.00,1814.00,1820.0,76.26,25,23.71,4686,0.65,4803,48,4,2.00,0.00,2.0,4.00,4.00,8.0,0.00,146686.00,87.2
301,0.00,584.00,584.0,81.58,3.00,2261.00,2264.0,76.25,28,23.71,4686,0.65,4801,49,5,0.00,3.00,3.0,1.00,1.00,2.0,1.00,164794.00,87.2
302,0.00,13736.00,13736.0,82.58,4.00,1740.00,1744.0,76.27,36,23.71,4686,0.65,4798,49,5,0.00,0.00,0.0,4.00,4.00,8.0,0.00,169531.00,87.2
303,0.00,700.00,700.0,80.12,18.00,1313.00,1331.0,76.32,26,23.33,4686,0.65,4803,49,5,2.00,0.00,2.0,15.84,15.84,31.68,0.00,167173.00,87.3
304,0.00,156.00,156.0,78.66,8.00,1395.00,1403.0,76.34,30,23.33,4686,0.65,4811,49,5,0.00,0.00,0.0,8.00,8.00,16.0,0.00,173399.00,87.3
305,0.00,424.00,424.0,79.49,12.00,1297.00,1309.0,76.35,21,23.33,4686,0.65,4811,49,4,0.00,0.00,0.0,12.00,12.00,24.0,0.00,183122.00,87.3
306,0.00,640.00,640.0,76.84,44.00,1467.00,1511.0,76.34,19,23.33,4686,0.65,4817,49,5,0.00,0.00,0.0,44.00,44.00,88.0,1.00,187309.00,87.2
307,4.00,896.00,900.0,79.4,16.00,1874.00,1890.0,76.36,23,23.33,4686,0.65,4801,49,4,0.00,0.00,0.0,16.00,16.00,32.0,0.00,160480.00,87.2
308,0.00,4224.00,4224.0,77.57,4.00,2505.00,2509.0,76.4,22,22.42,4686,0.65,4798,49,4,0.00,0.00,0.0,4.00,4.00,8.0,0.00,140668.00,87.1
309,0.00,692.00,692.0,73.11,13.00,2595.00,2608.0,76.41,21,22.42,4686,0.65,4809,49,4,0.00,1.00,1.0,12.00,12.00,24.0,0.00,143482.00,87.0
310,0.00,520.00,520.0,69.1,3.00,2515.00,2518.0,76.4,7,22.42,4686,0.65,4810,49,4,2.00,1.00,3.0,0.00,0.00,0.0,0.00,146847.00,87.0
311,0.00,240.00,240.0,52.96,6.00,1822.00,1828.0,76.43,14,22.42,4686,0.65,4818,49,4,0.00,2.00,2.0,4.00,4.00,8.0,1.00,171530.00,74.0
312,0.00,484.00,484.0,76.04,4.00,1257.00,1261.0,76.46,23,22.42,4686,0.65,4811,49,4,2.00,2.00,4.0,0.00,0.00,0.0,0.00,181222.00,86.3
313,0.00,129768.00,129768.0,70.34,13.00,1669.00,1682.0,76.48,10,20.87,4686,0.65,4803,49,4,0.00,1.00,1.0,12.00,12.00,24.0,0.00,119243.00,86.2
314,0.00,892.00,892.0,70.34,12.00,1703.00,1715.0,76.5,26,20.87,4686,0.65,4801,49,4,0.00,0.00,0.0,12.00,12.00,24.0,0.00,187345.00,86.1
315,0.00,1256.00,1256.0,77.44,16.00,2695.00,2711.0,76.53,11,20.87,4686,0.65,4795,49,4,0.00,0.00,0.0,16.00,16.00,32.0,0.00,149416.83,86.2
316,0.00,464.00,464.0,78.6,46.00,2455.00,2501.0,76.56,32,20.87,4686,0.65,4804,49,6,0.00,1.98,1.98,42.00,42.00,84.0,1.00,155999.00,86.2
317,0.00,740.00,740.0,79.92,21.00,2351.00,2372.0,76.52,25,20.87,4686,0.65,4807,49,5,0.00,0.00,0.0,22.00,22.00,44.0,0.00,178798.00,86.3
318,0.00,23744.00,23744.0,82.25,6.00,2075.00,2081.0,76.56,47,21.44,4686,0.65,4795,49,4,2.00,0.00,2.0,4.00,4.00,8.0,0.00,161242.00,86.5
319,0.00,344.55,344.55,83.1,3.00,988.00,991.0,76.59,20,21.44,4686,0.65,4816,49,4,2.00,1.00,3.0,0.00,0.00,0.0,0.00,161747.00,86.6
320,0.00,332.00,332.0,72.15,11.00,1771.00,1782.0,76.63,14,21.44,4686,0.65,4809,49,4,0.00,2.00,2.0,8.00,8.00,16.0,0.00,204313.00,86.7
321,0.00,948.00,948.0,76.37,5.00,1799.00,1804.0,76.65,22,21.44,4686,0.65,4807,49,4,0.00,1.00,1.0,4.00,4.00,8.0,1.00,174926.00,86.7
322,0.00,2180.00,2180.0,77.78,0.00,1751.00,1751.0,76.67,31,21.44,4686,0.65,4808,49,4,0.00,0.00,0.0,0.00,0.00,0.0,0.00,165201.00,86.7
323,4.00,16368.00,16372.0,82.29,9.00,2504.00,2513.0,76.69,33,21.48,4686,0.65,4806,49,4,0.00,0.00,0.0,8.00,8.00,16.0,0.00,145841.00,86.8
324,0.00,716.00,716.0,76.02,21.00,2695.00,2716.0,76.73,22,21.48,4686,0.65,4809,49,5,0.00,1.00,1.0,20.00,20.00,40.0,0.00,155569.00,86.9
325,0.00,296.00,296.0,77.29,13.00,1861.00,1874.0,76.74,12,21.48,4686,0.65,4811,49,4,0.00,1.00,1.0,12.00,12.00,24.0,0.00,158714.00,86.7
326,0.00,176.00,176.0,80.2,32.00,1746.00,1778.0,76.77,20,21.48,4686,0.65,4810,49,4,0.00,1.00,1.0,30.00,30.00,60.0,1.00,163267.00,86.8
327,0.00,420.00,420.0,68.28,33.00,1805.00,1838.0,76.79,2,21.48,4686,0.65,4805,49,4,0.00,0.00,0.0,34.00,34.00,68.0,0.00,158093.00,86.7
328,0.00,37400.00,37400.0,60.38,4.00,1909.00,1913.0,76.82,12,20.4,4686,0.65,4797,49,4,2.00,1.00,3.0,0.00,0.00,0.0,0.00,164553.00,80.6
329,0.00,508.00,508.0,66.92,5.00,2636.00,2641.0,76.78,9,20.4,4686,0.65,4789,49,4,2.00,1.00,3.0,4.00,4.00,8.0,0.00,165625.00,81.1
330,0.00,1444.00,1444.0,58.29,12.00,1977.00,1989.0,76.8,12,20.4,4686,0.65,4799,49,4,0.00,0.00,0.0,12.00,12.00,24.0,0.00,139007.00,81.4
331,0.00,1488.00,1488.0,68.58,4.00,2409.00,2413.0,76.8,20,20.4,4686,0.65,4791,49,4,0.00,0.00,0.0,4.00,4.00,8.0,1.00,169868.00,81.5
332,0.00,1832.00,1832.0,82.88,1.00,1618.00,1619.0,76.82,27,20.4,4686,0.65,4805,49,4,0.00,1.00,1.0,0.00,0.00,0.0,0.00,147853.00,86.6
333,0.00,19288.00,19288.0,70.1,12.00,2231.00,2243.0,76.84,3,19.57,4686,0.65,4808,49,4,8.00,0.00,8.0,4.00,4.00,8.0,0.00,190427.00,86.6
334,0.00,1660.00,1660.0,71.32,24.00,1673.00,1697.0,76.87,24,19.57,4686,0.65,4813,49,4,4.00,0.00,4.0,20.00,20.00,40.0,0.00,195927.00,86.3
335,0.00,320.00,320.0,79.12,13.00,2020.00,2033.0,76.89,21,19.57,4686,0.65,4799,49,4,0.00,0.00,0.0,12.00,12.00,24.0,0.00,178432.00,86.4
336,0.00,476.00,476.0,74.16,28.00,2690.00,2718.0,76.93,28,19.57,4686,0.65,4806,49,6,2.00,0.00,2.0,25.00,25.00,50.0,1.00,188866.00,86.5
337,0.00,900.00,900.0,74.31,40.00,1744.00,1784.0,76.96,30,19.57,4686,0.65,4812,49,5,0.00,0.00,0.0,40.00,40.00,80.0,0.00,189215.00,86.6
338,0.00,15956.00,15956.0,65.95,0.00,2620.00,2620.0,76.99,7,18.32,4686,0.65,4810,49,5,0.00,0.00,0.0,0.00,0.00,0.0,0.00,169437.00,86.2
339,0.00,744.00,744.0,75.6,4.00,1542.00,1546.0,76.98,21,18.32,4686,0.65,4818,49,5,0.00,0.00,0.0,4.00,4.00,8.0,0.00,182786.00,86.2
340,0.00,552.00,552.0,72.64,8.00,1872.00,1880.0,76.99,15,18.32,4686,0.65,4814,49,4,0.00,0.00,0.0,8.00,8.00,16.0,0.00,178306.00,86.3
341,0.00,1100.00,1100.0,61.32,7.00,1846.00,1853.0,77.02,2,18.32,4686,0.65,4809,49,4,2.00,0.00,2.0,4.00,4.00,8.0,1.00,108328.00,85.8
342,0.00,324.00,324.0,56.84,2.00,2199.00,2201.0,77.04,3,18.32,4686,0.65,4813,49,4,1.00,2.00,3.0,0.00,0.00,0.0,0.00,127881.00,85.3
343,4.00,109308.00,109312.0,50.77,6.00,1921.00,1927.0,77.06,4,16.94,4686,0.65,4821,49,4,2.00,0.00,2.0,4.00,4.00,8.0,0.00,111958.00,76.5
344,0.00,29644.00,29644.0,29.95,16.00,1066.00,1082.0,77.07,2,16.94,4686,0.65,4816,49,4,8.00,0.00,8.0,8.00,8.00,16.0,0.00,92077.00,76.2
345,0.00,716.00,716.0,50.52,25.00,1929.00,1954.0,77.09,17,16.94,4686,0.65,4797,48,4,2.00,2.00,4.0,20.00,20.00,40.0,0.00,156293.00,66.8
346,0.00,824.00,824.0,71.97,20.79,2491.09,2511.88,77.12,18,16.94,4686,0.65,4810,48,5,0.00,0.00,0.0,14.00,14.00,28.0,1.00,171981.00,83.7
347,0.00,600.00,600.0,82.65,52.00,2422.00,2474.0,77.14,27,16.94,4686,0.65,4806,48,4,0.00,0.00,0.0,58.00,58.00,116.0,0.00,144086.00,84.1
348,0.00,464.00,464.0,80.88,1.00,1890.00,1891.0,77.17,26,17.58,4686,0.65,4819,48,4,1.00,1.00,2.0,0.00,0.00,0.0,0.00,167650.00,84.5
349,0.00,21008.00,21008.0,78.29,1.00,1658.00,1659.0,77.2,27,17.58,4686,0.65,4827,48,4,0.00,0.00,0.0,0.00,0.00,0.0,0.00,195047.00,84.9
350,0.00,96.00,96.0,75.53,4.00,1642.00,1646.0,77.23,36,17.58,4686,0.65,4825,48,4,0.00,0.00,0.0,4.00,4.00,8.0,0.00,202602.00,85.2
351,0.00,636.00,636.0,81.95,0.00,1074.00,1074.0,77.26,22,17.58,4686,0.65,4813,48,4,0.00,0.00,0.0,0.00,0.00,0.0,1.00,173234.00,85.5
352,0.00,216.00,216.0,81.25,9.00,1603.00,1612.0,77.31,30,17.58,4686,0.65,4821,48,5,0.00,0.00,0.0,8.00,8.00,16.0,0.00,166328.00,85.7
353,0.00,216.00,216.0,78.25,4.00,1933.00,1937.0,77.36,26,18.42,4686,0.65,4811,48,4,0.00,0.00,0.0,4.00,4.00,8.0,0.00,183067.00,85.9
354,0.00,20000.00,20000.0,79.42,12.00,2305.00,2317.0,77.37,28,18.42,4686,0.65,4812,48,4,0.00,0.00,0.0,12.00,12.00,24.0,0.00,179622.00,86.1
355,0.00,448.00,448.0,80.05,26.00,2021.00,2047.0,77.41,38,18.42,4686,0.65,4812,48,4,2.00,0.00,2.0,23.76,23.76,47.52,0.00,169259.00,86.2
356,0.00,716.00,716.0,79.92,11.00,2274.00,2285.0,77.42,23,18.42,4686,0.65,4807,48,4,2.00,0.00,2.0,8.00,8.00,16.0,1.00,159861.00,86.4
357,0.00,668.00,668.0,78.41,65.00,2005.00,2070.0,77.4,6,18.42,4687,0.65,4802,48,4,0.00,0.00,0.0,64.00,64.00,128.0,1.00,138927.00,86.4
358,0.00,1572.00,1572.0,78.67,4.00,1583.00,1587.0,77.42,19,17.9,4687,0.65,4804,48,4,4.00,0.00,4.0,0.00,0.00,0.0,0.00,147983.00,86.6
359,0.00,26384.00,26384.0,82.14,8.00,1815.00,1823.0,77.47,15,17.9,4687,0.65,4805,48,4,8.00,0.00,8.0,0.00,0.00,0.0,0.00,130857.00,86.7
360,0.00,124.00,124.0,83.92,8.00,2186.00,2194.0,77.49,9,17.9,4688,0.65,4803,48,4,4.00,0.00,4.0,4.00,4.00,8.0,1.00,106355.00,86.2
361,0.00,624.00,624.0,76.76,2.00,1859.00,1861.0,77.51,17,17.9,4688,0.65,4803,48,4,2.00,0.00,2.0,0.00,0.00,0.0,1.00,123140.00,85.8
362,0.00,92.00,92.0,78.49,8.00,2350.00,2358.0,77.52,15,17.9,4688,0.65,4792,48,4,8.00,0.00,8.0,0.00,0.00,0.0,0.00,118892.00,85.6
363,0.00,1024.00,1024.0,74.87,4.00,1765.00,1769.0,77.54,27,18.39,4688,0.65,4797,48,4,4.00,0.00,4.0,0.00,0.00,0.0,0.00,180937.00,85.3
364,0.00,336.00,336.0,75.44,8.00,2048.00,2056.0,77.57,12,18.39,4688,0.65,4788,48,5,0.00,0.00,0.0,8.00,8.00,16.0,0.00,154053.00,85.1
365,0.00,28472.00,28472.0,79.85,24.00,1371.00,1395.0,77.56,29,18.39,4688,0.65,4801,48,4,0.00,0.00,0.0,24.00,24.00,48.0,0.00,170558.00,85.0
366,0.00,160.00,160.0,80.6,14.00,1642.00,1656.0,77.54,29,18.39,4688,0.65,4799,48,4,0.00,0.00,0.0,12.00,12.00,24.0,1.00,167546.00,85.0
367,0.00,556.00,556.0,79.92,68.00,2501.00,2569.0,77.52,37,18.39,4688,0.65,4798,48,4,2.00,0.00,2.0,68.00,68.00,136.0,0.00,176050.00,84.9
368,0.00,168.00,168.0,81.33,4.00,1799.00,1803.0,77.53,23,18.84,4688,0.65,4809,48,4,0.00,0.00,0.0,4.00,4.00,8.0,0.00,171782.00,84.9
369,0.00,604.00,604.0,80.75,0.00,1668.00,1668.0,77.55,22,18.84,4688,0.65,4801,48,4,0.00,0.00,0.0,0.00,0.00,0.0,0.00,163433.00,84.9
370,0.00,13672.00,13672.0,81.3,7.00,2521.00,2528.0,77.58,33,18.84,4688,0.65,4800,49,5,0.00,3.00,3.0,5.00,5.00,10.0,0.00,161318.00,84.8
371,0.00,428.00,428.0,81.2,0.00,2011.00,2011.0,77.59,19,18.84,4688,0.65,4798,49,5,0.00,0.00,0.0,0.00,0.00,0.0,1.00,160775.00,84.8
372,0.00,688.00,688.0,80.93,0.00,1602.00,1602.0,77.63,24,18.84,4688,0.65,4809,49,5,0.00,0.00,0.0,0.00,0.00,0.0,0.00,174224.00,84.8
373,0.00,970.30,970.3,83.75,0.00,902.00,902.0,77.65,23,21.34,4688,0.65,4793,49,5,0.00,0.00,0.0,0.00,0.00,0.0,0.00,151565.00,84.9
374,0.00,372.00,372.0,80.76,4.00,1284.00,1288.0,77.69,24,21.34,4688,0.65,4803,49,4,0.00,0.00,0.0,4.00,4.00,8.0,0.00,140455.00,84.9
375,4.00,132512.00,132516.0,76.45,16.00,1664.00,1680.0,77.76,13,21.34,4688,0.65,4795,49,4,0.00,0.00,0.0,16.00,16.00,32.0,0.00,118967.00,84.7
376,0.00,200.00,200.0,80.96,9.00,2096.00,2105.0,77.68,32,21.34,4688,0.65,4792,49,4,0.00,0.00,0.0,8.00,8.00,16.0,1.00,114199.00,84.7
377,0.00,1284.00,1284.0,87.36,60.00,2423.00,2483.0,77.72,10,21.34,4688,0.65,4796,49,4,0.00,0.00,0.0,60.00,60.00,120.0,0.00,80560.00,85.0
378,0.00,244.00,244.0,70.25,12.00,1162.00,1174.0,77.72,0,21.71,4688,0.65,4804,49,4,0.00,0.00,0.0,10.00,10.00,20.0,0.00,80862.00,84.9
379,0.00,488.00,488.0,18.31,22.00,1070.00,1092.0,77.71,15,21.71,4688,0.65,4798,49,4,0.00,0.00,0.0,22.00,22.00,44.0,0.00,85379.00,56.8
380,4.00,11876.00,11880.0,62.99,5.00,2104.00,2109.0,77.74,16,21.71,4688,0.65,4786,48,5,0.00,1.00,1.0,5.00,4.00,9.0,0.00,149716.00,70.8
381,0.00,932.00,932.0,80.25,0.00,1883.00,1883.0,77.77,19,21.71,4688,0.65,4789,48,5,0.00,0.00,0.0,0.00,0.00,0.0,2.00,137842.00,84.0
382,0.00,1468.00,1468.0,70.96,1.00,2155.00,2156.0,77.79,23,21.71,4688,0.65,4789,48,5,0.00,0.00,0.0,0.00,0.00,0.0,0.00,158583.00,84.0
383,0.00,440.00,440.0,82.1,0.00,1512.00,1512.0,77.81,30,21.33,4688,0.65,4799,48,5,0.00,0.00,0.0,0.00,0.00,0.0,0.00,166904.00,83.9
384,0.00,96.00,96.0,79.47,4.00,1216.00,1220.0,77.8,25,21.33,4688,0.65,4807,48,5,0.00,0.00,0.0,4.00,4.00,8.0,0.00,187445.00,84.0
385,0.00,644.00,644.0,79.28,10.00,2022.00,2032.0,77.82,31,21.33,4688,0.65,4806,48,5,0.00,1.00,1.0,9.00,8.00,17.0,0.00,182276.00,84.1
386,0.00,24284.00,24284.0,81.4,8.00,1840.00,1848.0,77.82,26,21.33,4689,0.65,4801,48,5,0.00,0.00,0.0,8.00,8.00,16.0,2.00,149456.00,84.2
387,0.00,140.00,140.0,83.6,40.00,1483.00,1523.0,77.84,25,21.33,4689,0.65,4799,48,5,0.00,0.00,0.0,40.00,40.00,80.0,0.00,162603.00,84.3
388,0.00,444.00,444.0,81.85,32.00,2043.00,2075.0,77.86,25,21.71,4689,0.65,4796,48,5,0.00,0.00,0.0,32.00,32.00,64.0,0.00,158254.00,84.3
389,0.00,844.00,844.0,81.9,20.00,2234.00,2254.0,77.9,29,21.71,4689,0.65,4799,48,5,0.00,0.00,0.0,20.00,20.00,40.0,0.00,154933.00,84.4
390,0.00,904.00,904.0,80.83,6.00,1749.00,1755.0,77.93,18,21.71,4689,0.65,4801,48,5,0.00,1.00,1.0,5.00,4.00,9.0,0.00,158286.00,84.4
391,0.00,19324.00,19324.0,76.9,0.00,1809.00,1809.0,77.96,4,21.71,4689,0.65,4803,48,5,0.00,0.00,0.0,0.00,0.00,0.0,1.00,172011.00,84.5
392,0.00,2088.00,2088.0,76.03,8.00,1851.00,1859.0,77.98,6,21.71,4689,0.65,4799,48,5,0.00,0.00,0.0,8.00,8.00,16.0,0.00,166705.00,84.5
393,8.00,1096.00,1104.0,59.46,1.00,2618.00,2619.0,78.0,17,21.41,4689,0.65,4792,48,5,0.00,0.00,0.0,0.00,0.00,0.0,0.00,144980.00,78.7
394,0.00,1448.00,1448.0,72.91,4.00,2024.00,2028.0,78.05,10,21.41,4689,0.65,4795,48,5,0.00,0.00,0.0,4.00,4.00,8.0,0.00,144332.00,89.2
395,0.00,552.00,552.0,48.22,9.00,2175.00,2184.0,78.07,0,21.41,4689,0.65,4800,49,4,0.00,2.00,2.0,8.00,8.00,16.0,0.00,130238.00,77.6
396,0.00,13872.00,13872.0,27.98,9.00,1848.00,1857.0,78.07,5,21.41,4689,0.65,4785,49,4,0.00,0.00,0.0,8.00,8.00,16.0,1.00,118466.00,67.9
397,0.00,564.00,564.0,50.83,32.00,2256.00,2288.0,78.08,15,21.41,4689,0.65,4784,49,4,0.00,0.00,0.0,32.00,32.00,64.0,0.00,157037.00,67.6
398,0.00,880.00,880.0,59.61,40.00,1961.00,2001.0,78.11,22,20.65,4689,0.65,4775,49,4,2.00,0.00,2.0,36.00,36.00,72.0,0.00,165502.00,80.2
399,0.00,252.00,252.0,67.77,21.00,1962.00,1983.0,78.11,14,20.65,4689,0.65,4771,49,4,1.00,3.00,4.0,20.00,20.00,40.0,0.00,196078.00,80.8
400,0.00,480.00,480.0,68.93,4.00,2434.00,2438.0,78.13,13,20.65,4689,0.65,4776,49,4,0.00,0.00,0.0,4.00,4.00,8.0,0.00,190562.00,81.2
401,0.00,30700.00,30700.0,76.04,2.00,2425.00,2427.0,78.13,18,20.65,4689,0.65,4767,49,4,2.00,1.00,3.0,0.00,0.00,0.0,0.99,168547.52,86.4
402,0.00,668.00,668.0,77.44,10.00,2423.00,2433.0,78.16,14,20.65,4689,0.65,4793,49,4,0.00,0.00,0.0,8.00,8.00,16.0,0.00,179463.00,86.4
403,0.00,524.00,524.0,74.44,0.00,2803.00,2803.0,78.19,4,20.2,4689,0.65,4791,49,4,0.00,0.00,0.0,0.00,0.00,0.0,0.00,190612.00,86.5
404,0.00,316.00,316.0,71.99,5.00,2126.00,2131.0,78.22,24,20.2,4689,0.65,4790,49,5,0.00,0.00,0.0,3.00,3.00,6.0,0.00,192239.00,86.3
405,0.00,1248.00,1248.0,71.79,11.00,1780.00,1791.0,78.25,6,20.2,4689,0.65,4797,49,7,2.00,0.00,2.0,10.00,10.00,20.0,0.00,208634.00,86.3
406,0.00,114760.00,114760.0,77.0,10.00,1802.00,1812.0,78.24,5,20.2,4689,0.65,4785,49,5,0.00,1.00,1.0,8.00,8.00,16.0,1.00,158620.00,86.3
407,0.00,140.00,140.0,71.36,37.62,1636.63,1674.25,78.24,3,20.2,4689,0.65,4784,49,5,1.00,3.00,4.0,36.00,36.00,72.0,0.00,168622.00,86.4
408,0.00,1248.00,1248.0,63.16,39.00,2790.00,2829.0,78.24,7,19.22,4689,0.65,4789,49,4,0.00,2.00,2.0,36.00,36.00,72.0,0.00,164345.00,86.2
409,0.00,488.00,488.0,44.88,14.00,2441.00,2455.0,78.27,4,19.22,4689,0.65,4791,49,4,0.00,2.00,2.0,12.00,12.00,24.0,0.00,121557.00,79.3
410,0.00,424.00,424.0,18.51,2.00,1324.00,1326.0,78.28,0,19.22,4689,0.65,4790,49,4,0.00,2.00,2.0,0.00,0.00,0.0,0.00,52063.00,62.1
411,0.00,29568.00,29568.0,15.16,2.00,786.00,788.0,78.29,1,19.22,4689,0.65,4784,49,4,0.00,1.00,1.0,0.00,0.00,0.0,1.00,47555.00,50.1
412,0.00,32.00,32.0,19.76,18.00,842.00,860.0,78.3,0,19.22,4689,0.65,4778,48,4,0.00,1.00,1.0,16.00,16.00,32.0,0.00,83980.00,43.7
413,0.00,528.00,528.0,36.56,6.00,1465.00,1471.0,78.31,6,17.92,4689,0.65,4771,48,4,2.00,0.00,2.0,4.00,4.00,8.0,0.00,83547.00,68.2
414,4.00,420.00,424.0,66.71,2.00,1626.00,1628.0,78.33,9,17.92,4689,0.65,4779,48,4,2.00,0.00,2.0,0.00,0.00,0.0,0.00,145079.00,77.0
415,0.00,80.00,80.0,65.23,12.00,3006.00,3018.0,78.35,25,17.92,4689,0.65,4773,48,4,0.00,0.00,0.0,6.00,6.00,12.0,0.00,174780.00,82.9
416,0.00,38584.00,38584.0,73.42,10.00,2159.00,2169.0,78.39,32,17.92,4689,0.65,4786,48,4,0.00,0.00,0.0,14.00,14.00,28.0,1.00,199241.00,83.2
417,0.00,164.00,164.0,77.9,38.00,2629.00,2667.0,78.43,19,17.92,4689,0.65,4781,48,4,2.00,0.00,2.0,36.00,36.00,72.0,0.00,192206.00,83.7
418,0.00,1852.00,1852.0,76.51,16.00,1944.00,1960.0,78.45,23,17.93,4689,0.65,4785,48,4,0.00,0.00,0.0,16.00,16.00,32.0,0.00,192313.00,84.1
419,0.00,120.00,120.0,75.66,28.00,2023.00,2051.0,78.47,9,17.93,4689,0.65,4789,48,4,0.00,0.00,0.0,28.00,28.00,56.0,0.00,201766.00,84.5
420,0.00,564.00,564.0,76.55,4.00,1328.00,1332.0,78.5,26,17.93,4689,0.65,4802,48,4,0.00,0.00,0.0,4.00,4.00,8.0,0.00,199338.00,84.8
421,0.00,18697.03,18697.03,77.12,0.00,2044.00,2044.0,78.54,36,17.93,4689,0.65,4796,48,4,0.00,0.00,0.0,0.00,0.00,0.0,1.00,188165.00,85.1
422,0.00,524.00,524.0,81.61,0.00,2212.00,2212.0,78.54,23,17.93,4689,0.65,4796,48,4,0.00,0.00,0.0,0.00,0.00,0.0,0.00,159426.00,85.4
423,0.00,860.00,860.0,71.23,14.00,2796.00,2810.0,78.57,4,17.22,4689,0.65,4806,48,4,0.00,0.00,0.0,12.00,12.00,24.0,0.00,161746.00,85.6
424,0.00,648.00,648.0,81.25,6.00,2607.00,2613.0,78.6,25,17.22,4689,0.65,4802,48,4,0.00,0.00,0.0,8.00,8.00,16.0,0.00,149548.00,85.6
425,0.00,876.00,876.0,83.61,4.00,2505.00,2509.0,78.56,16,17.22,4689,0.65,4808,48,4,0.00,0.00,0.0,4.00,4.00,8.0,0.00,128490.00,85.8
426,0.00,448.00,448.0,60.28,4.00,2093.00,2097.0,78.6,5,17.22,4689,0.65,4812,48,4,0.00,0.00,0.0,4.00,4.00,8.0,1.00,99291.00,85.8
427,0.00,7840.00,7840.0,29.7,40.00,1367.00,1407.0,78.61,1,17.22,4689,0.65,4804,48,4,0.00,0.00,0.0,40.00,40.00,80.0,0.00,121037.00,62.1
428,0.00,640.00,640.0,38.43,20.00,1509.00,1529.0,78.61,7,16.4,4689,0.65,4797,48,4,0.00,0.00,0.0,18.00,18.00,36.0,0.00,107856.00,61.6
429,0.00,332.00,332.0,55.86,8.00,1750.00,1758.0,78.6,11,16.4,4689,0.65,4794,48,4,0.00,0.00,0.0,10.00,10.00,20.0,0.00,122306.00,72.7
430,0.00,380.00,380.0,53.16,24.00,1955.00,1979.0,78.63,3,16.4,4688,0.65,4791,48,4,0.00,0.00,0.0,24.00,24.00,48.0,0.00,159716.00,73.3
431,0.00,392.00,392.0,57.61,0.00,2212.00,2212.0,78.65,11,16.4,4688,0.65,4788,48,4,0.00,0.00,0.0,0.00,0.00,0.0,1.00,178103.00,73.4
432,0.00,26808.00,26808.0,74.44,0.00,2624.00,2624.0,78.69,30,16.4,4688,0.65,4794,48,4,0.00,0.00,0.0,0.00,0.00,0.0,0.00,190825.00,83.7
433,0.00,1196.00,1196.0,73.65,12.00,2680.00,2692.0,78.71,20,16.77,4688,0.65,4800,48,4,0.00,0.00,0.0,12.00,12.00,24.0,0.00,193324.00,83.7
434,0.00,744.00,744.0,74.46,10.00,2611.00,2621.0,78.71,20,16.77,4688,0.65,4810,48,4,1.00,1.00,2.0,8.00,8.00,16.0,0.00,196803.00,83.7
435,0.00,104.00,104.0,75.76,5.00,1953.00,1958.0,78.68,24,16.77,4688,0.65,4809,48,4,0.99,0.99,1.98,4.00,4.00,8.0,0.00,201937.00,83.8
436,0.00,820.00,820.0,76.34,6.00,1518.00,1524.0,78.72,12,16.77,4688,0.65,4806,48,4,2.00,2.00,4.0,4.00,4.00,8.0,1.00,194011.00,83.9
437,12.00,130048.00,130060.0,69.8,41.00,1930.00,1971.0,78.75,23,16.77,4688,0.65,4796,48,4,0.00,0.00,0.0,40.00,40.00,80.0,0.00,203633.00,84.0
438,12.00,852.00,864.0,69.08,17.00,2678.00,2695.0,78.79,22,16.22,4688,0.65,4798,49,5,0.00,1.00,1.0,17.00,17.00,34.0,0.00,169554.00,83.8
439,0.00,1584.00,1584.0,71.72,16.00,3009.00,3025.0,78.83,21,16.22,4688,0.65,4791,49,5,0.00,0.00,0.0,16.00,16.00,32.0,0.00,167630.69,89.5
440,0.00,832.00,832.0,82.04,25.00,2707.00,2732.0,78.88,18,16.22,4688,0.65,4790,49,5,0.00,0.00,0.0,24.00,24.00,48.0,0.00,137368.00,89.1
441,0.00,628.00,628.0,75.0,1.00,1431.00,1432.0,78.89,2,16.22,4688,0.65,4794,49,5,0.00,0.00,0.0,0.00,0.00,0.0,1.00,109643.00,88.9
442,0.00,19308.00,19308.0,26.64,0.00,594.00,594.0,78.91,1,16.22,4688,0.65,4805,49,4,0.00,1.00,1.0,0.00,0.00,0.0,0.00,55450.00,75.2
443,0.00,1400.00,1400.0,12.12,1.00,759.00,760.0,78.89,0,15.41,4688,0.65,4805,49,4,0.00,1.00,1.0,0.00,0.00,0.0,0.00,42258.00,51.8
444,0.00,108.00,108.0,6.38,0.00,456.00,456.0,78.89,0,15.41,4688,0.65,4799,49,4,0.00,0.00,0.0,0.00,0.00,0.0,0.00,20648.00,43.4
445,0.00,32.00,32.0,8.35,0.00,898.00,898.0,78.9,0,15.41,4688,0.65,4790,49,4,0.00,0.00,0.0,0.00,0.00,0.0,0.00,35573.00,43.1
446,0.00,168.00,168.0,28.32,12.00,1199.00,1211.0,78.91,0,15.41,4688,0.65,4795,49,4,0.00,0.00,0.0,12.00,12.00,24.0,1.00,95442.00,51.4
447,0.00,18668.00,18668.0,35.41,32.00,1211.00,1243.0,78.93,2,15.41,4688,0.65,4797,49,4,0.00,0.00,0.0,32.00,32.00,64.0,0.00,148494.00,59.8
448,0.00,640.00,640.0,33.92,12.00,1308.00,1320.0,78.95,3,14.49,4688,0.65,4791,49,4,0.00,0.00,0.0,12.00,12.00,24.0,0.00,115724.00,73.2
449,0.00,96.00,96.0,44.11,26.00,1550.00,1576.0,78.96,2,14.49,4688,0.65,4792,49,4,0.00,0.00,0.0,26.00,26.00,52.0,0.00,154248.00,64.5
450,0.00,772.00,772.0,49.61,35.00,3441.00,3476.0,78.99,18,14.49,4688,0.65,4784,49,4,0.00,1.00,1.0,34.00,34.00,68.0,0.00,158482.00,73.3
451,0.00,988.00,988.0,71.55,6.00,2794.00,2800.0,79.02,19,14.49,4688,0.65,4801,49,4,0.00,2.00,2.0,4.00,4.00,8.0,1.00,184226.00,84.1
452,0.00,30668.00,30668.0,76.28,2.00,2392.00,2394.0,79.05,17,14.49,4688,0.65,4812,49,4,0.00,2.00,2.0,0.00,0.00,0.0,0.00,184169.00,84.4
453,0.00,2996.00,2996.0,81.76,1.00,1499.00,1500.0,79.08,23,15.81,4688,0.65,4810,49,4,0.00,1.00,1.0,0.00,0.00,0.0,0.00,155591.00,84.7
454,0.00,720.00,720.0,78.28,2.00,1297.00,1299.0,79.11,19,15.81,4688,0.65,4818,49,4,0.00,2.00,2.0,0.00,0.00,0.0,0.00,185889.00,85.1
455,0.00,476.00,476.0,74.81,2.00,835.00,837.0,79.09,26,15.81,4688,0.65,4821,49,4,0.00,2.00,2.0,0.00,0.00,0.0,0.00,218112.00,85.4
456,0.00,180.00,180.0,72.16,6.00,1461.00,1467.0,79.12,22,15.81,4688,0.65,4808,49,4,2.00,1.00,3.0,0.00,0.00,0.0,1.00,207524.00,85.5
457,0.00,684.00,684.0,77.09,34.00,2809.00,2843.0,79.14,23,15.81,4688,0.65,4804,49,4,2.00,2.00,4.0,32.00,32.00,64.0,0.00,179353.00,85.6
458,0.00,30984.00,30984.0,75.06,22.00,2652.00,2674.0,79.16,3,17.03,4688,0.65,4806,49,4,2.00,0.00,2.0,20.00,20.00,40.0,0.00,164889.00,85.9
459,0.00,496.00,496.0,72.27,29.00,3346.00,3375.0,79.2,31,17.03,4688,0.65,4802,49,4,0.00,0.00,0.0,28.00,28.00,56.0,0.00,172455.00,85.8
460,0.00,828.00,828.0,80.75,42.00,3041.00,3083.0,79.24,29,17.03,4688,0.65,4804,49,4,0.00,4.00,4.0,36.00,36.00,72.0,0.00,166603.00,86.0
461,0.00,864.00,864.0,77.58,8.00,2559.00,2567.0,79.28,15,17.03,4688,0.65,4810,49,4,2.00,0.00,2.0,8.00,8.00,16.0,1.00,158353.00,86.2
462,0.00,720.00,720.0,80.88,0.00,1294.00,1294.0,79.3,5,17.03,4688,0.65,4821,49,4,0.00,0.00,0.0,0.00,0.00,0.0,0.00,127466.00,86.4
463,0.00,14012.00,14012.0,31.74,4.00,1770.00,1774.0,79.33,5,15.91,4688,0.65,4804,49,4,0.00,3.00,3.0,0.00,0.00,0.0,0.00,112591.00,78.4
464,0.00,340.00,340.0,33.12,2.00,1905.00,1907.0,79.32,0,15.91,4688,0.65,4804,49,4,0.00,1.00,1.0,0.00,0.00,0.0,0.00,104742.00,63.2
465,8.00,536.00,544.0,16.22,0.00,1193.00,1193.0,79.33,2,15.91,4688,0.65,4806,49,4,0.00,0.00,0.0,0.00,0.00,0.0,0.00,58795.00,55.2
466,0.00,972.00,972.0,19.41,0.00,857.00,857.0,79.34,1,15.91,4688,0.65,4805,49,4,0.00,0.00,0.0,0.00,0.00,0.0,1.00,93818.00,55.1
467,0.00,376.00,376.0,27.24,30.00,1842.00,1872.0,79.36,3,15.91,4688,0.65,4796,48,4,0.00,0.00,0.0,28.00,28.00,56.0,0.00,124547.00,54.8
468,0.00,744.00,744.0,56.47,20.00,2770.00,2790.0,79.38,20,15.11,4688,0.65,4780,48,4,0.00,0.00,0.0,20.00,20.00,40.0,0.00,181273.00,75.8
469,0.00,125972.00,125972.0,74.66,21.00,2259.00,2280.0,79.4,27,15.11,4688,0.65,4810,48,4,0.00,0.00,0.0,20.00,20.00,40.0,0.00,196962.00,84.1
470,0.00,760.00,760.0,73.67,21.00,2042.00,2063.0,79.44,22,15.11,4688,0.65,4809,48,4,1.00,1.00,2.0,20.00,20.00,40.0,0.00,205181.00,84.5
471,0.00,76.00,76.0,74.94,24.00,2646.00,2670.0,79.48,16,15.11,4688,0.65,4804,48,4,0.00,0.00,0.0,24.00,24.00,48.0,0.99,202207.92,84.7
472,4.00,680.00,684.0,74.72,8.00,1992.00,2000.0,79.51,32,15.11,4688,0.65,4806,48,4,0.00,0.00,0.0,8.00,8.00,16.0,0.00,194237.00,84.2
473,0.00,804.00,804.0,83.9,2.00,2815.00,2817.0,79.52,26,16.23,4688,0.65,4799,49,5,0.00,2.00,2.0,1.00,1.00,2.0,0.00,116445.00,84.3
474,0.00,14964.00,14964.0,80.83,2.00,2697.00,2699.0,79.56,20,16.23,4688,0.65,4794,49,5,0.00,2.00,2.0,0.00,0.00,0.0,0.00,137268.00,84.4
475,0.00,588.00,588.0,76.01,2.00,2092.00,2094.0,79.6,18,16.23,4688,0.65,4799,49,5,0.00,2.00,2.0,0.00,0.00,0.0,0.00,194809.00,84.4
476,0.00,1144.00,1144.0,77.83,2.00,3124.00,3126.0,79.57,31,16.23,4688,0.65,4794,49,5,0.00,0.00,0.0,0.00,0.00,0.0,1.00,156459.00,84.4
477,0.00,668.00,668.0,80.38,32.00,2218.00,2250.0,79.6,9,16.23,4688,0.65,4812,49,4,0.00,0.00,0.0,32.00,32.00,64.0,0.00,106783.00,84.4
478,0.00,852.00,852.0,48.99,9.00,1715.00,1724.0,79.62,3,15.73,4688,0.65,4818,49,4,0.00,1.00,1.0,8.00,8.00,16.0,0.00,80118.00,83.9
479,0.00,27780.00,27780.0,26.25,2.00,1141.00,1143.0,79.63,1,15.73,4688,0.65,4812,49,4,0.00,2.00,2.0,0.00,0.00,0.0,0.00,46611.00,67.0
480,0.00,88.00,88.0,15.35,26.00,724.00,750.0,79.64,0,15.73,4688,0.65,4806,49,4,0.00,2.00,2.0,24.00,24.00,48.0,0.00,39953.00,58.6
481,0.00,32.00,32.0,13.15,4.00,594.00,598.0,79.65,0,15.73,4688,0.65,4796,49,4,0.00,0.00,0.0,4.00,4.00,8.0,1.00,68779.00,45.2
482,8.00,44.00,52.0,11.21,8.00,901.00,909.0,79.66,4,15.73,4688,0.65,4799,49,4,0.00,0.00,0.0,8.00,8.00,16.0,0.00,43024.00,45.1
483,0.00,936.00,936.0,29.53,26.00,2726.00,2752.0,79.68,14,14.55,4688,0.65,4782,49,4,2.00,4.00,6.0,20.00,20.00,40.0,0.00,132235.00,53.6
484,0.00,14788.00,14788.0,69.72,28.00,2974.00,3002.0,79.71,37,14.55,4688,0.65,4800,49,4,0.00,0.00,0.0,28.00,28.00,56.0,0.00,185532.00,74.4
485,0.00,324.75,324.75,71.61,0.00,3533.00,3533.0,79.74,19,14.55,4688,0.65,4798,49,4,0.00,0.00,0.0,0.00,0.00,0.0,0.00,170377.00,87.2
486,0.00,192.00,192.0,71.88,2.00,1820.00,1822.0,79.75,11,14.55,4688,0.65,4807,49,4,2.00,0.00,2.0,0.00,0.00,0.0,1.00,228120.00,86.9
487,0.00,540.00,540.0,73.89,32.00,1270.00,1302.0,79.78,34,14.55,4688,0.65,4805,49,4,0.00,0.00,0.0,32.00,32.00,64.0,0.00,214795.05,86.8
488,0.00,228.00,228.0,78.29,10.00,1610.00,1620.0,79.82,26,15.7,4688,0.65,4809,49,4,2.00,0.00,2.0,8.00,8.00,16.0,0.00,138545.00,86.8
489,12.00,456.00,468.0,77.86,0.00,2400.00,2400.0,79.84,12,15.7,4688,0.65,4800,49,4,0.00,0.00,0.0,0.00,0.00,0.0,0.00,134968.00,86.9
490,0.00,40804.00,40804.0,76.37,12.87,3526.73,3539.6,79.9,34,15.7,4688,0.65,4802,49,4,0.00,0.00,0.0,12.00,12.00,24.0,0.00,177546.00,86.7
491,0.00,388.00,388.0,80.35,14.00,2943.00,2957.0,79.94,24,15.7,4689,0.65,4804,49,4,0.00,2.00,2.0,12.00,12.00,24.0,2.00,179405.00,86.8
492,0.00,572.00,572.0,85.02,7.00,3619.00,3626.0,79.98,27,15.7,4689,0.65,4808,49,4,0.00,3.00,3.0,4.00,4.00,8.0,0.00,125728.00,86.9
493,0.00,1356.00,1356.0,74.97,13.00,2582.00,2595.0,80.03,8,15.81,4689,0.65,4826,49,4,0.00,0.00,0.0,12.00,12.00,24.0,0.00,131500.00,87.1
494,0.00,192.00,192.0,17.96,22.00,948.00,970.0,80.04,0,15.81,4689,0.65,4831,49,4,2.00,0.00,2.0,20.00,20.00,40.0,0.00,45361.00,67.4
495,0.00,30844.00,30844.0,16.45,18.00,1159.00,1177.0,80.05,1,15.81,4689,0.65,4816,49,4,6.00,3.00,9.0,8.00,8.00,16.0,0.00,63288.00,49.2
496,0.00,400.00,400.0,15.49,31.00,861.00,892.0,80.06,1,15.81,4685,0.65,4811,48,4,12.00,1.00,13.0,16.00,16.00,32.0,1.00,70845.00,48.8
497,0.00,84.00,84.0,8.14,32.00,640.00,672.0,80.06,1,15.81,4685,0.65,4812,48,4,8.00,0.00,8.0,24.00,24.00,48.0,0.00,29050.00,48.4
498,0.00,116.00,116.0,18.45,12.00,1183.00,1195.0,80.07,4,14.62,4685,0.65,4803,48,4,0.00,0.00,0.0,12.00,12.00,24.0,0.00,60770.00,48.3
499,0.00,1424.00,1424.0,40.75,1.00,3234.00,3235.0,80.06,16,14.62,4685,0.65,4796,48,4,0.00,0.00,0.0,0.00,0.00,0.0,0.00,163410.00,60.6
500,4.00,127192.00,127196.0,76.17,12.00,2750.00,2762.0,80.05,31,14.62,4685,0.65,4820,48,4,0.00,0.00,0.0,12.00,12.00,24.0,0.00,153119.00,83.2
501,0.00,904.00,904.0,81.58,12.00,2759.00,2771.0,80.09,28,14.62,4685,0.65,4820,48,4,0.00,0.00,0.0,12.00,12.00,24.0,1.00,115699.00,83.8
502,0.00,400.00,400.0,77.66,4.00,1879.00,1883.0,80.09,24,14.62,4685,0.65,4826,48,4,0.00,0.00,0.0,4.00,4.00,8.0,0.00,147002.00,84.1
503,0.00,1496.00,1496.0,76.35,8.00,1581.00,1589.0,80.14,33,16.41,4685,0.65,4824,48,4,0.00,0.00,0.0,8.00,8.00,16.0,0.00,130169.00,84.5
504,0.00,1212.00,1212.0,78.39,16.00,2433.00,2449.0,80.16,26,16.41,4685,0.65,4817,48,4,0.00,0.00,0.0,16.00,16.00,32.0,0.00,134506.00,84.7
505,0.00,24672.00,24672.0,79.07,16.00,3222.00,3238.0,80.19,27,16.41,4685,0.65,4818,48,4,0.00,0.00,0.0,16.00,16.00,32.0,0.00,129407.00,84.9
506,0.00,932.00,932.0,78.44,16.00,3359.00,3375.0,80.24,41,16.41,4685,0.65,4822,48,4,0.00,0.00,0.0,16.00,16.00,32.0,1.00,172623.00,85.2
507,0.00,744.00,744.0,81.05,28.00,2938.00,2966.0,80.3,15,16.41,4685,0.65,4819,48,4,0.00,0.00,0.0,28.00,28.00,56.0,0.00,164051.00,85.4
508,0.00,744.00,744.0,84.6,18.00,3315.00,3333.0,80.34,1,17.58,4685,0.65,4820,49,6,0.00,6.00,6.0,13.00,13.00,26.0,0.00,112490.00,85.7
509,0.00,232.00,232.0,40.68,0.00,1203.00,1203.0,80.36,0,17.58,4685,0.65,4824,49,5,0.00,0.00,0.0,0.00,0.00,0.0,0.00,100442.00,85.4
510,0.00,27712.00,27712.0,9.91,12.00,345.00,357.0,80.34,0,17.58,4685,0.65,4825,49,5,0.00,0.00,0.0,12.00,12.00,24.0,0.00,35439.00,50.2
511,0.00,560.00,560.0,7.13,2.00,421.00,423.0,80.35,2,17.58,4685,0.65,4825,49,5,0.00,2.00,2.0,0.00,0.00,0.0,1.00,22058.00,41.7
512,0.00,812.00,812.0,5.18,0.00,332.00,332.0,80.35,0,17.58,4685,0.65,4844,49,4,0.00,0.00,0.0,0.00,0.00,0.0,0.00,10830.00,41.8
513,0.00,384.00,384.0,7.82,0.00,823.00,823.0,80.36,0,16.17,4685,0.65,4828,49,4,0.00,0.00,0.0,0.00,0.00,0.0,0.00,22041.00,41.5
514,0.00,804.00,804.0,11.21,14.00,705.00,719.0,80.36,0,16.17,4685,0.65,4827,49,4,0.00,2.00,2.0,12.00,12.00,24.0,0.00,45042.00,41.9
515,0.00,7896.00,7896.0,16.01,6.00,661.00,667.0,80.37,1,16.17,4686,0.65,4823,49,4,0.00,2.00,2.0,4.00,4.00,8.0,1.00,63576.00,42.1
516,0.00,140.00,140.0,21.73,11.00,1375.00,1386.0,80.38,4,16.17,4686,0.65,4821,49,4,0.00,2.00,2.0,8.00,8.00,16.0,1.00,83368.00,48.0
517,0.00,672.00,672.0,43.9,48.00,3743.00,3791.0,80.41,14,16.17,4686,0.65,4796,49,4,0.00,0.00,0.0,48.00,48.00,96.0,0.00,179313.00,71.2
518,0.00,996.00,996.0,76.26,28.00,2486.00,2514.0,80.43,33,17.6,4686,0.65,4833,49,4,0.00,0.00,0.0,24.00,24.00,48.0,0.00,196278.00,82.3
519,0.00,52.00,52.0,75.59,14.00,1748.00,1762.0,80.43,19,17.6,4686,0.65,4839,49,4,0.00,2.00,2.0,16.00,16.00,32.0,0.00,208173.00,82.2
520,0.00,43276.00,43276.0,75.63,11.88,2871.29,2883.17,80.44,17,17.6,4686,0.65,4836,49,4,0.00,0.00,0.0,12.00,12.00,24.0,0.00,160561.00,82.4
521,0.00,760.00,760.0,76.89,0.00,1577.00,1577.0,80.45,29,17.6,4686,0.65,4850,49,4,0.00,0.00,0.0,0.00,0.00,0.0,1.00,135987.00,82.8
522,0.00,1360.00,1360.0,79.92,5.00,2122.00,2127.0,80.49,49,17.6,4686,0.65,4842,49,4,0.00,2.00,2.0,0.00,0.00,0.0,0.00,123669.00,83.0
523,0.00,520.00,520.0,83.54,2.00,2442.00,2444.0,80.54,24,18.28,4686,0.65,4832,49,4,0.00,2.00,2.0,0.00,0.00,0.0,0.00,110535.00,83.3
524,0.00,656.00,656.0,78.17,0.00,2934.00,2934.0,80.61,23,18.28,4686,0.65,4844,49,4,0.00,0.00,0.0,0.00,0.00,0.0,0.00,132036.00,83.4
525,4.00,736.00,740.0,79.47,3.00,3270.00,3273.0,80.66,15,18.28,4686,0.65,4840,49,4,2.00,0.00,2.0,0.00,0.00,0.0,0.00,168538.00,83.6
526,0.00,16036.00,16036.0,65.03,19.00,3796.00,3815.0,80.71,11,18.28,4686,0.65,4849,49,4,2.00,1.00,3.0,16.00,16.00,32.0,1.00,138781.00,83.5
527,0.00,572.00,572.0,64.44,44.00,2201.00,2245.0,80.72,0,18.28,4686,0.65,4858,49,4,2.00,2.00,4.0,36.00,36.00,72.0,0.00,118019.00,83.4
528,0.00,456.00,456.0,10.23,8.00,627.00,635.0,80.71,0,16.81,4686,0.65,4848,49,4,2.00,1.00,3.0,8.00,8.00,16.0,0.00,30360.00,58.3
529,0.00,56.00,56.0,11.73,12.00,1103.00,1115.0,80.71,0,16.81,4686,0.65,4841,49,4,0.00,0.00,0.0,12.00,12.00,24.0,0.00,53267.00,46.6
530,0.00,124.00,124.0,21.97,38.00,1577.00,1615.0,80.72,2,16.81,4686,0.65,4842,49,5,0.00,0.00,0.0,38.00,38.00,76.0,1.00,104895.00,47.0
531,0.00,111408.00,111408.0,26.38,13.00,1512.00,1525.0,80.7,6,16.81,4686,0.65,4835,49,5,1.00,1.00,2.0,12.00,12.00,24.0,1.00,135822.00,54.0
532,0.00,72.00,72.0,55.76,0.00,1764.00,1764.0,80.7,12,16.81,4686,0.65,4835,49,5,0.00,0.00,0.0,0.00,0.00,0.0,0.00,173213.00,70.3
533,0.00,1212.00,1212.0,60.21,0.00,2774.00,2774.0,80.7,10,16.83,4686,0.65,4820,49,5,0.00,0.00,0.0,0.00,0.00,0.0,0.00,194789.00,70.8
534,0.00,628.00,628.0,76.68,0.00,3538.00,3538.0,80.76,38,16.83,4686,0.65,4832,49,5,0.00,0.00,0.0,0.00,0.00,0.0,0.00,141728.00,84.1
535,0.00,356.00,356.0,76.23,4.00,2952.00,2956.0,80.8,28,16.83,4685,0.65,4829,49,4,0.00,2.00,2.0,2.00,2.00,4.0,0.00,134615.00,84.1
536,0.00,51176.00,51176.0,54.53,10.00,2145.00,2155.0,80.83,23,16.83,4685,0.65,4836,50,4,0.00,3.00,3.0,8.00,8.00,16.0,1.00,134158.00,83.9
537,0.00,156.00,156.0,78.26,37.00,1991.00,2028.0,80.87,29,16.83,4685,0.65,4843,50,4,0.00,0.00,0.0,36.00,36.00,72.0,0.00,143093.00,83.4
538,0.00,1108.91,1108.91,80.6,18.00,2170.00,2188.0,80.92,15,17.08,4685,0.65,4835,50,4,2.00,0.00,2.0,16.00,16.00,32.0,0.00,135595.00,83.2
539,0.00,1320.00,1320.0,67.43,19.00,3009.00,3028.0,80.94,24,17.08,4685,0.65,4830,49,4,2.00,0.00,2.0,16.00,16.00,32.0,0.00,156965.00,83.1
540,0.00,800.00,800.0,75.35,36.00,3001.00,3037.0,80.97,14,17.08,4685,0.65,4832,49,4,0.00,0.00,0.0,36.00,36.00,72.0,0.00,177996.00,83.2
541,0.00,4248.00,4248.0,77.55,14.00,3989.00,4003.0,81.03,15,17.08,4685,0.65,4825,49,4,2.00,0.00,2.0,12.00,12.00,24.0,1.00,125764.00,83.4
542,0.00,720.00,720.0,58.84,11.00,2043.00,2054.0,81.04,0,17.08,4685,0.65,4830,49,5,9.00,6.00,15.0,1.00,1.00,2.0,0.00,141585.00,83.4
543,0.00,928.00,928.0,32.48,0.00,1083.00,1083.0,81.03,4,15.79,4685,0.65,4821,49,5,0.00,0.00,0.0,0.00,0.00,0.0,0.00,141952.00,64.5
544,0.00,112.00,112.0,27.95,0.00,716.00,716.0,81.02,4,15.79,4685,0.65,4813,49,5,0.00,0.00,0.0,0.00,0.00,0.0,0.00,144979.00,63.9
545,0.00,420.00,420.0,28.64,0.00,1085.00,1085.0,81.04,6,15.79,4685,0.65,4809,49,5,0.00,0.00,0.0,0.00,0.00,0.0,0.00,86766.00,63.3
546,0.00,23868.00,23868.0,27.56,11.00,1477.00,1488.0,81.02,10,15.79,4685,0.65,4825,48,5,1.00,2.00,3.0,7.00,4.00,11.0,1.00,67472.00,62.7
547,0.00,476.00,476.0,23.49,32.00,1241.00,1273.0,81.04,1,15.79,4685,0.65,4817,48,5,0.00,0.00,0.0,32.00,32.00,64.0,0.00,41614.00,62.9
548,0.00,108.00,108.0,19.11,20.00,1166.00,1186.0,81.05,0,14.61,4685,0.65,4817,48,5,4.00,0.00,4.0,16.00,16.00,32.0,0.00,64928.00,62.4
549,0.00,40.00,40.0,29.01,16.00,1236.00,1252.0,81.06,3,14.61,4685,0.65,4816,48,5,0.00,0.00,0.0,16.00,16.00,32.0,0.00,124110.00,47.5
550,0.00,124.00,124.0,24.67,20.00,1442.00,1462.0,81.07,3,14.61,4685,0.65,4818,48,5,0.00,0.00,0.0,20.00,20.00,40.0,0.00,105822.00,60.4
551,0.00,25000.00,25000.0,51.14,9.00,2415.00,2424.0,81.1,10,14.61,4685,0.65,4809,48,5,0.00,0.00,0.0,8.00,8.00,16.0,1.00,188657.00,66.0
552,0.00,628.00,628.0,75.95,16.00,3207.00,3223.0,81.14,25,14.61,4685,0.65,4802,49,4,0.00,1.00,1.0,16.00,16.00,32.0,0.00,166841.00,84.1
553,0.00,1412.00,1412.0,84.07,12.00,2688.00,2700.0,81.17,40,15.36,4685,0.65,4821,49,4,0.00,0.00,0.0,12.00,12.00,24.0,0.00,118985.00,84.4
554,0.00,380.00,380.0,83.25,0.00,2353.00,2353.0,81.2,19,15.36,4685,0.65,4826,49,4,0.00,0.00,0.0,0.00,0.00,0.0,0.00,102463.00,84.8
555,0.00,236.00,236.0,76.73,2.00,2153.00,2155.0,81.24,25,15.36,4685,0.65,4836,48,5,0.00,0.00,0.0,1.00,0.00,1.0,0.00,141359.00,85.0
556,0.00,51352.00,51352.0,77.04,4.00,1764.00,1768.0,81.26,25,15.36,4685,0.65,4832,48,5,0.00,0.00,0.0,4.00,4.00,8.0,1.00,136748.00,85.3
557,0.00,960.00,960.0,72.34,32.00,3301.00,3333.0,81.31,16,15.36,4685,0.65,4819,48,5,0.00,0.00,0.0,32.00,32.00,64.0,0.00,170584.16,85.5
558,0.00,568.00,568.0,69.96,5.00,3505.00,3510.0,81.36,23,15.25,4685,0.65,4828,48,5,0.00,0.00,0.0,4.00,4.00,8.0,0.00,174116.00,85.6
559,0.00,1520.00,1520.0,75.75,12.00,4029.00,4041.0,81.35,12,15.25,4685,0.65,4818,48,5,0.00,0.00,0.0,12.00,12.00,24.0,0.00,147373.00,85.7
560,0.00,884.00,884.0,69.37,21.00,2833.00,2854.0,81.39,5,15.25,4685,0.65,4828,48,5,0.00,1.00,1.0,21.00,20.00,41.0,0.00,125291.00,79.7
561,4.00,95984.00,95988.0,29.67,12.00,1114.00,1126.0,81.44,8,15.25,4685,0.65,4831,48,5,0.00,0.00,0.0,12.00,12.00,24.0,1.00,97909.00,71.8
562,0.00,31304.00,31304.0,23.66,4.00,898.00,902.0,81.45,0,15.25,4685,0.65,4821,48,5,0.00,0.00,0.0,4.00,4.00,8.0,0.00,119712.00,54.5
563,0.00,676.00,676.0,25.58,0.00,1082.00,1082.0,81.46,2,14.03,4685,0.65,4814,48,5,0.00,0.00,0.0,0.00,0.00,0.0,0.00,114925.00,54.9
564,0.00,2020.00,2020.0,23.89,21.00,1447.00,1468.0,81.49,2,14.03,4685,0.65,4810,48,5,0.00,0.00,0.0,20.00,20.00,40.0,0.00,111752.00,55.0
565,0.00,80.00,80.0,28.15,19.00,1124.00,1143.0,81.48,0,14.03,4685,0.65,4810,49,4,2.00,4.00,6.0,16.00,16.00,32.0,0.00,58450.00,62.7
566,0.00,400.00,400.0,9.04,2.00,671.00,673.0,81.48,1,14.03,4685,0.65,4811,49,4,0.00,2.00,2.0,0.00,0.00,0.0,1.00,22983.00,54.8
567,0.00,45136.00,45136.0,4.88,18.00,408.00,426.0,81.49,1,14.03,4685,0.65,4810,49,4,0.00,2.00,2.0,16.00,16.00,32.0,0.00,18061.00,40.4
568,0.00,68.00,68.0,13.98,5.00,1062.00,1067.0,81.5,7,12.99,4685,0.65,4807,49,4,0.00,1.00,1.0,4.00,4.00,8.0,0.00,65020.00,40.8
569,0.00,48.00,48.0,25.73,18.00,1321.00,1339.0,81.51,4,12.99,4685,0.65,4807,49,4,0.00,2.00,2.0,16.00,16.00,32.0,0.00,133515.00,52.5
570,0.00,148.00,148.0,45.49,26.00,2137.00,2163.0,81.53,4,12.99,4685,0.65,4799,49,4,0.00,2.00,2.0,24.00,24.00,48.0,0.00,194749.00,64.7
571,0.00,1754.46,1754.46,69.08,16.00,2735.00,2751.0,81.56,19,12.99,4685,0.65,4804,49,4,0.00,0.00,0.0,16.00,16.00,32.0,1.00,199066.00,80.6
572,0.00,8564.00,8564.0,76.26,12.00,2566.00,2578.0,81.59,23,12.99,4685,0.65,4813,49,4,0.00,0.00,0.0,12.00,12.00,24.0,0.00,197902.00,85.7
573,0.00,748.00,748.0,78.77,2.00,1838.00,1840.0,81.59,20,13.47,4685,0.65,4811,49,4,0.00,2.00,2.0,0.00,0.00,0.0,0.00,172464.00,85.8
574,0.00,1420.00,1420.0,77.51,14.00,2061.00,2075.0,81.62,23,13.47,4685,0.65,4821,48,4,0.00,1.00,1.0,12.00,12.00,24.0,0.00,180076.00,85.9
575,0.00,1204.00,1204.0,77.9,20.00,2020.00,2040.0,81.65,19,13.47,4685,0.65,4821,48,4,0.00,0.00,0.0,20.00,20.00,40.0,0.00,191433.00,86.0
576,0.00,312.00,312.0,78.29,6.00,1554.00,1560.0,81.68,30,13.47,4685,0.65,4824,49,5,0.00,1.00,1.0,5.00,5.00,10.0,1.00,189002.00,86.1
577,0.00,31748.00,31748.0,81.41,19.00,2584.00,2603.0,81.67,12,13.47,4685,0.65,4813,49,5,1.00,2.00,3.0,16.00,16.00,32.0,0.00,107904.00,86.1
578,0.00,1116.00,1116.0,77.19,8.00,2832.00,2840.0,81.69,29,13.51,4685,0.65,4814,49,5,2.00,4.00,6.0,4.00,4.00,8.0,0.00,164767.00,86.3
579,0.00,492.00,492.0,77.07,17.00,2222.00,2239.0,81.69,16,13.51,4685,0.65,4798,49,5,0.00,1.00,1.0,16.00,16.00,32.0,0.00,191677.00,86.5
580,0.00,788.00,788.0,54.5,13.00,3078.00,3091.0,81.74,15,13.51,4685,0.65,4812,49,4,0.00,0.00,0.0,12.00,12.00,24.0,0.00,133294.00,86.2
581,0.00,832.00,832.0,64.33,14.00,1736.00,1750.0,81.75,3,13.51,4685,0.65,4813,49,4,6.00,0.00,6.0,8.00,8.00,16.0,1.00,99841.00,80.8
582,0.00,32248.00,32248.0,38.85,10.00,1634.00,1644.0,81.79,8,13.51,4685,0.65,4812,49,4,0.00,1.00,1.0,8.00,8.00,16.0,0.00,58112.00,80.2
583,0.00,788.00,788.0,6.26,1.00,544.00,545.0,81.78,0,12.67,4685,0.65,4810,49,4,0.00,1.00,1.0,0.00,0.00,0.0,0.00,15723.00,51.9
584,0.00,100.00,100.0,9.73,1.00,710.00,711.0,81.78,0,12.67,4685,0.65,4805,49,4,0.00,0.00,0.0,0.00,0.00,0.0,0.00,43223.00,38.8
585,0.00,392.00,392.0,16.17,22.00,1073.00,1095.0,81.79,6,12.67,4685,0.65,4802,49,4,2.00,0.00,2.0,20.00,20.00,40.0,0.00,62954.00,45.7
586,0.00,1236.00,1236.0,38.69,8.00,1959.00,1967.0,81.8,13,12.67,4685,0.65,4792,49,4,2.00,2.00,4.0,4.00,4.00,8.0,1.00,141583.00,67.9
587,0.00,568.00,568.0,66.92,17.00,2661.00,2678.0,81.8,20,12.67,4685,0.65,4799,49,4,0.00,0.00,0.0,16.00,16.00,32.0,0.00,207794.00,73.5
588,0.00,39548.00,39548.0,67.71,20.00,2774.00,2794.0,81.8,24,13.34,4685,0.65,4797,49,4,0.00,0.00,0.0,20.00,20.00,40.0,0.00,187219.00,86.3
589,0.00,296.00,296.0,75.22,36.00,2474.00,2510.0,81.8,27,13.34,4685,0.65,4810,49,4,2.00,2.00,4.0,32.00,32.00,64.0,0.00,211540.00,86.1
590,0.00,588.00,588.0,78.28,17.00,2655.00,2672.0,81.81,27,13.34,4685,0.65,4811,49,4,0.00,1.00,1.0,16.00,16.00,32.0,0.00,129333.00,86.2
591,0.00,484.00,484.0,80.73,9.00,2289.00,2298.0,81.86,28,13.34,4685,0.65,4807,49,4,0.00,1.00,1.0,8.00,8.00,16.0,1.00,127835.00,86.3
592,0.00,668.00,668.0,80.93,8.00,2289.00,2297.0,81.9,30,13.34,4685,0.65,4809,49,4,0.00,0.00,0.0,8.00,8.00,16.0,0.00,117600.00,86.4
593,4.00,118732.00,118736.0,62.44,0.00,2583.00,2583.0,81.88,19,14.35,4685,0.65,4804,49,4,0.00,0.00,0.0,0.00,0.00,0.0,0.00,129198.00,86.5
594,0.00,208.00,208.0,73.42,0.00,3551.00,3551.0,81.93,15,14.35,4685,0.65,4798,49,4,0.00,0.00,0.0,0.00,0.00,0.0,0.00,174921.00,79.6
595,0.00,1156.00,1156.0,59.11,0.00,3685.00,3685.0,81.98,5,14.35,4685,0.65,4805,49,4,0.00,0.00,0.0,0.00,0.00,0.0,0.00,142922.00,80.2
596,0.00,1132.00,1132.0,47.58,1.00,2696.00,2697.0,81.98,2,14.35,4685,0.65,4813,49,4,0.00,0.00,0.0,0.00,0.00,0.0,1.00,101492.00,80.0
597,0.00,116.00,116.0,33.08,31.00,1141.00,1172.0,81.99,0,14.35,4685,0.65,4814,49,4,2.00,0.00,2.0,28.00,28.00,56.0,0.00,60784.00,74.9
598,0.00,9492.00,9492.0,19.36,10.00,1124.00,1134.0,82.0,4,13.44,4685,0.65,4805,49,4,0.00,1.00,1.0,9.00,9.00,18.0,0.00,103760.00,55.2
599,0.00,968.00,968.0,20.89,20.00,1086.00,1106.0,82.02,1,13.44,4685,0.65,4801,49,4,0.00,0.00,0.0,20.00,20.00,40.0,0.00,108700.00,55.0
600,0.00,168.00,168.0,26.36,28.00,1684.00,1712.0,82.0,1,13.44,4685,0.65,4798,49,4,0.00,0.00,0.0,28.00,28.00,56.0,0.00,132451.00,55.1
601,0.00,496.00,496.0,43.86,24.00,2689.00,2713.0,82.03,17,13.44,4685,0.65,4789,49,4,0.00,0.00,0.0,24.00,24.00,48.0,1.00,153102.00,67.7
602,0.00,560.00,560.0,66.08,12.00,2822.00,2834.0,82.06,13,13.44,4685,0.65,4797,49,4,0.00,0.00,0.0,12.00,12.00,24.0,0.00,206246.00,78.1
603,4.00,16224.00,16228.0,69.59,0.00,2937.00,2937.0,82.07,6,13.17,4685,0.65,4801,49,4,0.00,0.00,0.0,0.00,0.00,0.0,0.00,221965.00,85.8
604,0.00,14684.00,14684.0,65.95,0.00,2341.00,2341.0,82.11,21,13.17,4685,0.65,4805,49,4,0.00,0.00,0.0,0.00,0.00,0.0,0.00,205584.00,85.4
605,0.00,360.00,360.0,77.57,1.00,2429.00,2430.0,82.13,22,13.17,4685,0.65,4811,49,4,0.00,0.00,0.0,0.00,0.00,0.0,0.00,144943.00,85.6
606,0.00,528.00,528.0,80.3,0.00,2336.00,2336.0,82.17,23,13.17,4685,0.65,4805,49,4,0.00,1.00,1.0,0.00,0.00,0.0,1.00,125449.00,85.8
607,0.00,716.00,716.0,83.16,21.00,2594.00,2615.0,82.22,29,13.17,4685,0.65,4800,49,4,0.00,1.00,1.0,20.00,20.00,40.0,0.00,114466.00,86.0
608,0.00,1000.00,1000.0,81.89,4.00,3123.00,3127.0,82.26,31,13.79,4685,0.65,4802,49,4,0.00,0.00,0.0,4.00,4.00,8.0,0.00,156471.00,86.2
609,0.00,22596.00,22596.0,76.72,28.00,3852.00,3880.0,82.34,13,13.79,4685,0.65,4804,49,4,0.00,0.00,0.0,28.00,28.00,56.0,0.00,165103.00,86.4
610,0.00,864.00,864.0,71.3,34.00,3366.00,3400.0,82.34,15,13.79,4685,0.65,4807,49,5,0.00,0.00,0.0,33.00,33.00,66.0,0.00,148125.00,86.4
611,0.00,432.00,432.0,55.29,24.00,1494.00,1518.0,82.34,0,13.79,4685,0.65,4796,49,5,0.00,0.00,0.0,24.00,24.00,48.0,1.00,128688.00,86.0
612,0.00,48.00,48.0,19.07,8.00,632.00,640.0,82.35,1,13.79,4685,0.65,4787,49,5,0.00,0.00,0.0,8.00,8.00,16.0,0.00,99324.00,60.6
613,0.00,1008.00,1008.0,21.36,9.00,1045.00,1054.0,82.34,7,12.77,4685,0.65,4790,49,5,0.00,0.00,0.0,8.00,8.00,16.0,0.00,61772.00,54.5
614,0.00,13264.00,13264.0,21.35,3.00,785.00,788.0,82.35,1,12.77,4685,0.65,4806,49,4,2.00,2.00,4.0,0.00,0.00,0.0,0.00,42311.00,63.8
615,0.00,36.00,36.0,7.89,2.00,600.00,602.0,82.36,1,12.77,4685,0.65,4799,49,4,0.00,2.00,2.0,0.00,0.00,0.0,0.00,24086.00,48.0
616,0.00,128.00,128.0,12.48,1.00,919.00,920.0,82.36,3,12.77,4685,0.65,4792,49,4,0.00,0.00,0.0,0.00,0.00,0.0,1.00,54917.00,42.6
617,0.00,444.00,444.0,14.87,20.00,1101.00,1121.0,82.37,2,12.77,4685,0.65,4786,49,4,0.00,0.00,0.0,20.00,20.00,40.0,0.00,67738.00,48.4
618,0.00,112.00,112.0,25.79,4.00,1074.00,1078.0,82.36,0,12.07,4685,0.65,4788,49,4,0.00,0.00,0.0,4.00,4.00,8.0,0.00,143153.00,55.2
619,0.00,79756.00,79756.0,35.91,24.00,1789.00,1813.0,82.39,8,12.07,4685,0.65,4783,49,4,0.00,0.00,0.0,24.00,24.00,48.0,0.00,137027.00,55.0
620,0.00,768.00,768.0,46.11,36.00,3458.00,3494.0,82.42,9,12.07,4685,0.65,4774,49,4,0.00,0.00,0.0,36.00,36.00,72.0,0.00,165201.00,75.8
621,0.00,1024.00,1024.0,73.74,25.00,2296.00,2321.0,82.45,24,12.07,4685,0.65,4784,49,4,1.00,1.00,2.0,24.00,24.00,48.0,1.00,185464.00,76.2
622,0.00,224.00,224.0,79.97,4.00,1471.00,1475.0,82.47,26,12.07,4685,0.65,4804,49,4,0.00,0.00,0.0,3.96,3.96,7.92,0.00,173760.00,86.4
623,0.00,816.00,816.0,82.81,4.00,1543.00,1547.0,82.5,20,13.1,4685,0.65,4803,49,4,0.00,0.00,0.0,4.00,4.00,8.0,0.00,174113.00,86.4
624,4.00,120332.00,120336.0,73.76,0.00,2848.00,2848.0,82.53,22,13.1,4685,0.65,4801,49,4,0.00,0.00,0.0,0.00,0.00,0.0,0.00,202702.00,86.5
625,0.00,76.00,76.0,74.14,9.00,1535.00,1544.0,82.54,22,13.1,4685,0.65,4802,49,4,0.00,2.00,2.0,8.00,8.00,16.0,0.00,211100.00,86.6
626,0.00,1944.00,1944.0,72.83,0.00,1717.00,1717.0,82.54,19,13.1,4685,0.65,4800,49,4,0.00,0.00,0.0,0.00,0.00,0.0,0.99,189824.75,86.7
627,0.00,860.00,860.0,73.2,20.00,2313.00,2333.0,82.6,25,13.1,4685,0.65,4789,49,5,0.00,0.00,0.0,20.00,20.00,40.0,0.00,195467.00,86.7
628,0.00,980.00,980.0,58.21,3.96,3212.87,3216.83,82.6,16,12.05,4685,0.65,4799,49,4,0.00,0.00,0.0,4.00,4.00,8.0,0.00,162425.00,86.3
629,0.00,128.00,128.0,76.74,16.00,3041.00,3057.0,82.61,14,12.05,4685,0.65,4797,49,4,0.00,0.00,0.0,14.00,14.00,28.0,0.00,163428.00,86.0
630,0.00,14839.60,14839.6,78.58,33.00,4081.00,4114.0,82.67,19,12.05,4685,0.65,4796,49,4,0.00,0.00,0.0,34.00,34.00,68.0,0.00,121808.00,86.2
631,0.00,712.00,712.0,85.23,24.00,1358.00,1382.0,82.71,15,12.05,4685,0.65,4799,49,4,0.00,0.00,0.0,24.00,24.00,48.0,1.00,104835.00,86.3
632,0.00,900.00,900.0,60.87,10.00,1137.00,1147.0,82.73,2,12.05,4685,0.65,4808,49,4,0.00,2.00,2.0,8.00,8.00,16.0,0.00,121178.00,86.4
633,0.00,788.00,788.0,30.92,14.00,1142.00,1156.0,82.73,3,11.97,4685,0.65,4798,49,4,2.00,0.00,2.0,12.00,12.00,24.0,0.00,89366.00,67.3
634,0.00,996.00,996.0,31.62,0.00,1945.00,1945.0,82.74,10,11.97,4685,0.65,4788,49,4,0.00,0.00,0.0,0.00,0.00,0.0,0.00,119360.00,67.3
635,0.00,36456.00,36456.0,35.13,4.00,1865.00,1869.0,82.75,13,11.97,4685,0.65,4795,49,4,0.00,0.00,0.0,4.00,4.00,8.0,0.00,127538.00,67.2
636,0.00,176.00,176.0,46.87,5.00,1984.00,1989.0,82.75,11,11.97,4685,0.65,4799,49,4,0.00,0.00,0.0,4.00,4.00,8.0,1.00,171418.00,67.6
637,0.00,492.00,492.0,51.8,20.00,2102.00,2122.0,82.78,11,11.97,4685,0.65,4791,49,4,0.00,0.00,0.0,20.00,20.00,40.0,0.00,188597.00,75.2
638,0.00,1504.00,1504.0,56.57,4.00,2919.00,2923.0,82.82,18,11.65,4685,0.65,4793,49,4,0.00,0.00,0.0,4.00,4.00,8.0,0.00,206743.00,75.7
639,0.00,588.00,588.0,72.65,12.00,3285.00,3297.0,82.85,29,11.65,4685,0.65,4795,49,4,0.00,0.00,0.0,12.00,12.00,24.0,0.00,200943.00,84.0
640,0.00,18676.00,18676.0,75.45,39.00,2903.00,2942.0,82.85,24,11.65,4685,0.65,4799,49,4,2.00,0.00,2.0,36.00,36.00,72.0,0.00,195666.00,84.4
641,8.00,1024.00,1032.0,77.39,24.00,2356.00,2380.0,82.89,23,11.65,4685,0.65,4804,49,4,0.00,0.00,0.0,24.00,24.00,48.0,0.99,183394.06,84.6
642,0.00,1096.00,1096.0,72.18,13.00,1504.00,1517.0,82.93,29,11.65,4685,0.65,4810,48,4,0.00,0.00,0.0,10.00,8.00,18.0,0.00,199790.00,84.9
643,0.00,860.00,860.0,76.57,13.00,1902.00,1915.0,82.93,23,11.68,4685,0.65,4801,48,4,0.00,0.00,0.0,12.00,12.00,24.0,0.00,188832.00,85.1
644,0.00,592.00,592.0,82.32,1.00,2271.00,2272.0,82.96,18,11.68,4685,0.65,4794,49,5,0.00,1.00,1.0,1.00,1.00,2.0,0.00,155323.00,85.3
645,0.00,11076.00,11076.0,80.4,4.00,2352.00,2356.0,82.97,25,11.68,4685,0.65,4798,49,5,0.00,0.00,0.0,4.00,4.00,8.0,0.00,145590.00,85.6
646,0.00,896.00,896.0,81.68,6.00,2437.00,2443.0,83.01,14,11.68,4685,0.65,4800,49,5,0.00,0.00,0.0,4.00,4.00,8.0,1.00,141100.00,85.8
647,0.00,1408.00,1408.0,73.08,13.00,2929.00,2942.0,83.07,4,11.68,4685,0.65,4796,49,5,0.00,1.00,1.0,12.00,12.00,24.0,0.00,127825.00,85.9
648,0.00,464.00,464.0,37.42,9.00,1306.00,1315.0,83.07,2,11.46,4685,0.65,4816,49,4,0.00,1.00,1.0,8.00,8.00,16.0,0.00,63638.00,85.3
649,0.00,496.00,496.0,30.26,12.00,747.00,759.0,83.08,1,11.46,4685,0.65,4817,49,4,0.00,0.00,0.0,12.00,12.00,24.0,0.00,37798.00,67.9
650,0.00,67096.00,67096.0,25.69,4.00,1455.00,1459.0,83.1,3,11.46,4685,0.65,4804,49,4,0.00,0.00,0.0,4.00,4.00,8.0,0.00,63368.00,67.3
651,0.00,56.00,56.0,20.61,34.00,1440.00,1474.0,83.11,8,11.46,4685,0.65,4802,49,4,0.00,2.00,2.0,32.00,32.00,64.0,1.00,104702.00,59.8
652,0.00,584.00,584.0,42.05,4.00,1313.00,1317.0,83.13,2,11.46,4685,0.65,4800,49,4,0.00,0.00,0.0,4.00,4.00,8.0,0.00,192045.00,59.5
653,0.00,144.00,144.0,27.27,4.00,1563.00,1567.0,83.15,9,10.55,4685,0.65,4805,49,4,0.00,0.00,0.0,4.00,4.00,8.0,0.00,129879.00,60.1
654,0.00,608.00,608.0,54.6,24.00,3262.00,3286.0,83.15,17,10.55,4685,0.65,4790,49,4,0.00,0.00,0.0,24.00,24.00,48.0,0.00,172690.00,70.6
655,8.00,74512.00,74520.0,77.23,8.00,2958.00,2966.0,83.15,18,10.55,4685,0.65,4807,49,4,0.00,0.00,0.0,8.00,8.00,16.0,0.00,192860.00,83.2
656,24.00,55692.00,55716.0,56.35,12.00,1674.00,1686.0,83.17,23,10.55,4685,0.65,4805,49,4,0.00,0.00,0.0,12.00,12.00,24.0,1.00,134202.00,83.7
657,0.00,612.00,612.0,70.1,17.00,3679.00,3696.0,83.22,16,10.55,4685,0.65,4832,49,4,0.00,0.00,0.0,16.00,16.00,32.0,0.00,185198.00,77.4
658,0.00,696.00,696.0,70.71,10.00,1667.00,1677.0,83.25,15,10.82,4685,0.65,4840,49,4,0.00,2.00,2.0,8.00,8.00,16.0,0.00,221627.00,86.9
659,0.00,820.00,820.0,74.81,13.00,2220.00,2233.0,83.3,5,10.82,4685,0.65,4833,49,4,0.00,1.00,1.0,12.00,12.00,24.0,0.00,152914.00,86.8
660,0.00,888.00,888.0,65.14,6.00,3068.00,3074.0,83.36,17,10.82,4685,0.65,4830,49,4,0.00,1.00,1.0,4.00,4.00,8.0,0.00,177009.00,86.7
661,0.00,33116.00,33116.0,69.86,16.00,2838.00,2854.0,83.37,17,10.82,4685,0.65,4831,49,4,2.00,2.00,4.0,12.00,12.00,24.0,1.00,144988.00,86.5
662,0.00,732.00,732.0,82.27,2.00,3842.00,3844.0,83.45,17,10.82,4685,0.65,4836,49,4,0.00,2.00,2.0,0.00,0.00,0.0,0.00,135005.00,86.3
663,0.00,464.00,464.0,78.09,17.00,3487.00,3504.0,83.42,13,11.56,4685,0.65,4834,49,4,0.00,1.00,1.0,16.00,16.00,32.0,0.00,147134.00,86.5
664,0.00,876.00,876.0,40.36,6.00,1666.00,1672.0,83.45,10,11.56,4685,0.65,4842,49,4,0.00,2.00,2.0,4.00,4.00,8.0,0.00,151682.00,80.9
665,0.00,260.00,260.0,33.07,8.00,1295.00,1303.0,83.47,3,11.56,4685,0.65,4831,49,4,0.00,0.00,0.0,8.00,8.00,16.0,0.00,141052.00,68.2
666,4.00,22044.00,22048.0,32.7,32.00,1626.00,1658.0,83.5,2,11.56,4685,0.65,4822,49,4,0.00,0.00,0.0,32.00,32.00,64.0,1.00,143768.00,61.0
667,0.00,436.00,436.0,31.31,22.00,2094.00,2116.0,83.53,3,11.56,4685,0.65,4817,49,4,0.00,2.00,2.0,20.00,20.00,40.0,0.00,108414.00,61.5
668,0.00,164.00,164.0,24.52,13.00,1513.00,1526.0,83.53,1,10.79,4685,0.65,4820,49,4,0.00,1.00,1.0,12.00,12.00,24.0,0.00,90308.00,61.6
669,0.00,476.00,476.0,28.08,13.00,2031.00,2044.0,83.51,10,10.79,4687,0.65,4812,49,4,0.00,0.00,0.0,12.00,12.00,24.0,19.00,127049.00,61.2
670,0.00,396.00,396.0,45.74,4.00,2395.00,2399.0,83.53,9,10.79,4687,0.65,4807,49,4,0.00,0.00,0.0,4.00,4.00,8.0,0.00,184628.00,67.0
671,0.00,33100.00,33100.0,68.49,9.00,2748.00,2757.0,83.56,15,10.79,4687,0.65,4828,49,4,0.00,0.00,0.0,8.00,8.00,16.0,1.00,214364.00,81.4
672,0.00,100.00,100.0,72.97,3.00,2744.00,2747.0,83.6,18,10.79,4687,0.65,4830,49,4,0.00,1.00,1.0,0.00,0.00,0.0,0.00,211955.00,87.0
673,0.00,844.00,844.0,73.4,12.00,2193.00,2205.0,83.62,20,11.85,4687,0.65,4828,49,4,0.00,2.00,2.0,12.00,12.00,24.0,0.00,201940.00,86.9
674,0.00,816.00,816.0,75.75,0.00,1950.00,1950.0,83.65,33,11.85,4687,0.65,4836,49,4,0.00,0.00,0.0,0.00,0.00,0.0,0.00,172906.00,86.9
675,0.00,724.75,724.75,82.38,17.00,3258.00,3275.0,83.67,12,11.85,4687,0.65,4823,49,4,0.00,0.00,0.0,16.00,16.00,32.0,0.00,132227.00,86.9
676,0.00,22548.00,22548.0,67.34,38.00,3186.00,3224.0,83.71,18,11.85,4687,0.65,4824,49,4,0.00,2.00,2.0,36.00,36.00,72.0,1.00,163034.00,86.9
677,0.00,156.00,156.0,78.62,21.00,2487.00,2508.0,83.72,18,11.85,4687,0.65,4835,48,5,0.00,0.00,0.0,20.00,20.00,40.0,0.00,171905.00,86.6
678,0.00,804.00,804.0,65.98,17.00,2135.00,2152.0,83.72,4,11.86,4687,0.65,4823,49,5,0.00,1.00,1.0,17.00,17.00,34.0,0.00,135169.00,86.7
679,0.00,64.00,64.0,24.52,9.00,424.00,433.0,83.76,1,11.86,4687,0.65,4817,49,5,0.00,1.00,1.0,8.00,8.00,16.0,0.00,73848.00,74.0
680,0.00,396.00,396.0,6.13,5.00,288.00,293.0,83.77,4,11.86,4688,0.65,4816,49,5,0.00,1.00,1.0,4.00,4.00,8.0,1.00,19475.00,42.9
681,0.00,30068.00,30068.0,6.77,12.00,300.00,312.0,83.77,6,11.86,4688,0.65,4816,49,5,0.00,0.00,0.0,12.00,12.00,24.0,1.00,36011.00,42.7
682,0.00,292.00,292.0,12.2,0.00,181.00,181.0,83.78,3,11.86,4688,0.65,4823,49,4,0.00,0.00,0.0,0.00,0.00,0.0,0.00,63537.00,42.8
683,0.00,348.00,348.0,2.65,3.00,122.00,125.0,83.75,1,10.91,4688,0.65,4823,49,4,1.00,3.00,4.0,0.00,0.00,0.0,0.00,5361.00,42.4
